故障ID,故障代码,故障现象,车型,行驶里程(km),故障发生时间
F001,P0301,1缸失火，发动机抖动,丰田卡罗拉,25092,2024-12-28 12:49
F002,C0045,右前轮速传感器故障,大众朗逸,102969,2024-06-28 11:23
F003,P0171,燃油系统过稀,本田思域,28656,2024-09-07 11:47
F004,B1234,空调压缩机不工作,比亚迪汉,49077,2025-11-22 16:34
F005,P0420,催化转化器效率低,宝马3系,82589,2024-05-13 08:41
F006,P0299,涡轮增压器压力不足,福特蒙迪欧,32976,2024-12-08 10:20
F007,C0121,刹车压力传感器信号异常,吉利星越L,76273,2025-01-09 11:51
F008,B0081,主驾驶安全带传感器故障,奥迪A4L,145233,2024-02-06 15:05
F009,P0521,机油压力传感器电路范围故障,长城哈弗H6,44409,2025-11-01 10:34
F010,C0561,ABS系统控制模块故障,奔驰C级,87221,2024-10-22 09:28
F011,P0340,凸轮轴位置传感器电路故障,丰田凯美瑞,27789,2024-11-24 10:39
F012,B0100,空气囊控制模块故障,大众帕萨特,121619,2025-05-22 10:24
F013,P0122,节气门位置传感器电压低,本田CR-V,54458,2024-06-03 15:06
F014,C0035,左前轮速传感器电路故障,比亚迪宋PLUS,102556,2024-12-21 10:31
F015,P0442,燃油蒸发系统泄漏（小泄漏）,宝马5系,143671,2024-06-27 15:46
F016,B0200,右前安全气囊传感器故障,奥迪Q5L,95345,2025-04-27 16:53
F017,P0606,ECM内部控制模块处理器故障,福特锐界,72395,2024-09-05 16:49
F018,C0051,右后轮速传感器电路故障,吉利博越,144907,2024-10-28 12:08
F019,B0016,驾驶员侧安全气囊模块故障,长城魏派VV7,56446,2025-02-16 15:04
F020,P0113,进气温度传感器电压高,奔驰E级,72865,2024-06-14 17:26
F021,P0301,1缸失火，发动机抖动,丰田卡罗拉,96127,2024-04-04 12:08
F022,C0045,右前轮速传感器故障,大众朗逸,30352,2025-12-12 08:39
F023,P0171,燃油系统过稀,本田思域,52868,2024-01-24 17:33
F024,B1234,空调压缩机不工作,比亚迪汉,98956,2025-05-08 14:29
F025,P0420,催化转化器效率低,宝马3系,139287,2024-04-05 14:24
F026,P0299,涡轮增压器压力不足,福特蒙迪欧,144287,2024-03-22 09:20
F027,C0121,刹车压力传感器信号异常,吉利星越L,53959,2024-06-13 08:00
F028,B0081,主驾驶安全带传感器故障,奥迪A4L,116624,2025-08-03 17:10
F029,P0521,机油压力传感器电路范围故障,长城哈弗H6,34226,2024-02-14 17:52
F030,C0561,ABS系统控制模块故障,奔驰C级,22597,2024-12-31 13:59
F031,P0340,凸轮轴位置传感器电路故障,丰田凯美瑞,91499,2024-05-07 17:55
F032,B0100,空气囊控制模块故障,大众帕萨特,81679,2025-05-02 14:05
F033,P0122,节气门位置传感器电压低,本田CR-V,39980,2025-06-25 11:37
F034,C0035,左前轮速传感器电路故障,比亚迪宋PLUS,65959,2025-02-07 15:34
F035,P0442,燃油蒸发系统泄漏（小泄漏）,宝马5系,99619,2025-06-14 10:24
F036,B0200,右前安全气囊传感器故障,奥迪Q5L,37387,2025-07-01 08:33
F037,P0606,ECM内部控制模块处理器故障,福特锐界,122887,2025-10-02 13:15
F038,C0051,右后轮速传感器电路故障,吉利博越,145972,2024-05-14 09:42
F039,B0016,驾驶员侧安全气囊模块故障,长城魏派VV7,51346,2025-12-01 12:56
F040,P0113,进气温度传感器电压高,奔驰E级,87083,2025-12-25 15:54
F041,P0301,1缸失火，发动机抖动,丰田卡罗拉,65069,2024-06-07 12:39
F042,C0045,右前轮速传感器故障,大众朗逸,122761,2025-08-31 09:08
F043,P0171,燃油系统过稀,本田思域,126847,2025-06-15 08:55
F044,B1234,空调压缩机不工作,比亚迪汉,83802,2025-04-27 09:38
F045,P0420,催化转化器效率低,宝马3系,73015,2025-05-24 08:21
F046,P0299,涡轮增压器压力不足,福特蒙迪欧,44594,2025-10-22 08:55
F047,C0121,刹车压力传感器信号异常,吉利星越L,68651,2024-03-01 08:54
F048,B0081,主驾驶安全带传感器故障,奥迪A4L,82239,2025-03-24 16:39
F049,P0521,机油压力传感器电路范围故障,长城哈弗H6,79381,2025-05-29 17:05
F050,C0561,ABS系统控制模块故障,奔驰C级,116844,2024-11-14 13:30
F051,P0340,凸轮轴位置传感器电路故障,丰田凯美瑞,95888,2025-11-26 08:11
F052,B0100,空气囊控制模块故障,大众帕萨特,92609,2025-10-24 13:23
F053,P0122,节气门位置传感器电压低,本田CR-V,37960,2025-01-02 10:12
F054,C0035,左前轮速传感器电路故障,比亚迪宋PLUS,50123,2024-07-27 13:01
F055,P0442,燃油蒸发系统泄漏（小泄漏）,宝马5系,34868,2025-05-05 12:52
F056,B0200,右前安全气囊传感器故障,奥迪Q5L,76264,2024-07-05 12:00
F057,P0606,ECM内部控制模块处理器故障,福特锐界,31413,2024-04-11 09:58
F058,C0051,右后轮速传感器电路故障,吉利博越,130256,2024-08-01 15:16
F059,B0016,驾驶员侧安全气囊模块故障,长城魏派VV7,123209,2024-11-27 16:05
F060,P0113,进气温度传感器电压高,奔驰E级,73627,2024-12-27 16:49
F061,P0301,1缸失火，发动机抖动,丰田卡罗拉,101434,2025-09-21 08:32
F062,C0045,右前轮速传感器故障,大众朗逸,92860,2025-04-25 16:20
F063,P0171,燃油系统过稀,本田思域,100834,2025-09-30 09:09
F064,B1234,空调压缩机不工作,比亚迪汉,144659,2024-05-30 10:47
F065,P0420,催化转化器效率低,宝马3系,116695,2025-01-23 15:34
F066,P0299,涡轮增压器压力不足,福特蒙迪欧,128179,2025-08-07 13:57
F067,C0121,刹车压力传感器信号异常,吉利星越L,61522,2025-06-12 15:48
F068,B0081,主驾驶安全带传感器故障,奥迪A4L,20124,2024-02-26 16:35
F069,P0521,机油压力传感器电路范围故障,长城哈弗H6,20489,2024-06-27 17:43
F070,C0561,ABS系统控制模块故障,奔驰C级,61421,2024-03-19 11:59
F071,P0340,凸轮轴位置传感器电路故障,丰田凯美瑞,108228,2025-01-11 17:30
F072,B0100,空气囊控制模块故障,大众帕萨特,37476,2024-04-05 08:37
F073,P0122,节气门位置传感器电压低,本田CR-V,50087,2025-03-03 09:36
F074,C0035,左前轮速传感器电路故障,比亚迪宋PLUS,88541,2024-05-28 10:06
F075,P0442,燃油蒸发系统泄漏（小泄漏）,宝马5系,65763,2025-05-04 10:05
F076,B0200,右前安全气囊传感器故障,奥迪Q5L,148967,2024-10-29 09:56
F077,P0606,ECM内部控制模块处理器故障,福特锐界,70306,2025-06-02 11:48
F078,C0051,右后轮速传感器电路故障,吉利博越,61308,2025-07-22 09:53
F079,B0016,驾驶员侧安全气囊模块故障,长城魏派VV7,40379,2024-06-01 13:43
F080,P0113,进气温度传感器电压高,奔驰E级,86964,2024-08-13 13:19
F081,P0301,1缸失火，发动机抖动,丰田卡罗拉,53046,2025-05-09 09:49
F082,C0045,右前轮速传感器故障,大众朗逸,146763,2024-10-07 14:03
F083,P0171,燃油系统过稀,本田思域,133308,2024-02-28 09:06
F084,B1234,空调压缩机不工作,比亚迪汉,100629,2024-06-21 08:27
F085,P0420,催化转化器效率低,宝马3系,149651,2025-07-27 08:25
F086,P0299,涡轮增压器压力不足,福特蒙迪欧,26903,2024-02-03 11:48
F087,C0121,刹车压力传感器信号异常,吉利星越L,27710,2025-05-09 13:10
F088,B0081,主驾驶安全带传感器故障,奥迪A4L,138152,2024-08-10 11:55
F089,P0521,机油压力传感器电路范围故障,长城哈弗H6,51954,2025-08-24 13:15
F090,C0561,ABS系统控制模块故障,奔驰C级,119449,2025-12-03 14:52
F091,P0340,凸轮轴位置传感器电路故障,丰田凯美瑞,122577,2025-05-15 10:15
F092,B0100,空气囊控制模块故障,大众帕萨特,50982,2025-02-06 11:47
F093,P0122,节气门位置传感器电压低,本田CR-V,123413,2024-07-24 13:48
F094,C0035,左前轮速传感器电路故障,比亚迪宋PLUS,25485,2025-11-20 16:02
F095,P0442,燃油蒸发系统泄漏（小泄漏）,宝马5系,59158,2025-09-05 12:51
F096,B0200,右前安全气囊传感器故障,奥迪Q5L,66987,2025-11-23 10:57
F097,P0606,ECM内部控制模块处理器故障,福特锐界,25910,2025-04-09 10:25
F098,C0051,右后轮速传感器电路故障,吉利博越,79338,2025-10-04 14:53
F099,B0016,驾驶员侧安全气囊模块故障,长城魏派VV7,84589,2024-10-25 14:05
F100,P0113,进气温度传感器电压高,奔驰E级,101608,2024-12-12 11:56
F101,P0301,1缸失火，发动机抖动,丰田卡罗拉,62976,2025-07-04 11:51
F102,C0045,右前轮速传感器故障,大众朗逸,110039,2025-10-06 10:21
F103,P0171,燃油系统过稀,本田思域,116573,2024-07-30 10:17
F104,B1234,空调压缩机不工作,比亚迪汉,28482,2025-04-18 10:05
F105,P0420,催化转化器效率低,宝马3系,108423,2024-03-27 17:24
F106,P0299,涡轮增压器压力不足,福特蒙迪欧,34857,2025-11-15 17:39
F107,C0121,刹车压力传感器信号异常,吉利星越L,128907,2024-07-02 08:33
F108,B0081,主驾驶安全带传感器故障,奥迪A4L,34583,2024-03-14 10:06
F109,P0521,机油压力传感器电路范围故障,长城哈弗H6,72662,2025-07-26 14:29
F110,C0561,ABS系统控制模块故障,奔驰C级,87650,2024-05-25 08:17
F111,P0340,凸轮轴位置传感器电路故障,丰田凯美瑞,136176,2025-09-29 11:28
F112,B0100,空气囊控制模块故障,大众帕萨特,30980,2025-05-19 17:32
F113,P0122,节气门位置传感器电压低,本田CR-V,42902,2024-08-04 15:49
F114,C0035,左前轮速传感器电路故障,比亚迪宋PLUS,72009,2024-07-25 17:14
F115,P0442,燃油蒸发系统泄漏（小泄漏）,宝马5系,48385,2025-09-04 11:17
F116,B0200,右前安全气囊传感器故障,奥迪Q5L,77714,2025-01-04 12:59
F117,P0606,ECM内部控制模块处理器故障,福特锐界,70302,2025-03-16 17:00
F118,C0051,右后轮速传感器电路故障,吉利博越,27277,2024-03-29 15:52
F119,B0016,驾驶员侧安全气囊模块故障,长城魏派VV7,138529,2025-04-19 13:10
F120,P0113,进气温度传感器电压高,奔驰E级,126998,2024-04-20 17:54
F121,P0301,1缸失火，发动机抖动,丰田卡罗拉,62522,2025-08-01 10:37
F122,C0045,右前轮速传感器故障,大众朗逸,82124,2025-02-04 13:58
F123,P0171,燃油系统过稀,本田思域,146298,2024-09-26 16:38
F124,B1234,空调压缩机不工作,比亚迪汉,59862,2024-10-06 17:51
F125,P0420,催化转化器效率低,宝马3系,95308,2024-07-31 15:09
F126,P0299,涡轮增压器压力不足,福特蒙迪欧,131099,2024-01-07 10:46
F127,C0121,刹车压力传感器信号异常,吉利星越L,63013,2024-07-18 15:45
F128,B0081,主驾驶安全带传感器故障,奥迪A4L,69733,2024-08-21 13:18
F129,P0521,机油压力传感器电路范围故障,长城哈弗H6,113244,2025-05-31 10:52
F130,C0561,ABS系统控制模块故障,奔驰C级,88735,2024-06-19 13:42
F131,P0340,凸轮轴位置传感器电路故障,丰田凯美瑞,95681,2024-06-12 08:11
F132,B0100,空气囊控制模块故障,大众帕萨特,66650,2025-01-24 15:21
F133,P0122,节气门位置传感器电压低,本田CR-V,149969,2025-07-23 13:07
F134,C0035,左前轮速传感器电路故障,比亚迪宋PLUS,35483,2024-11-30 17:29
F135,P0442,燃油蒸发系统泄漏（小泄漏）,宝马5系,91564,2025-10-06 08:46
F136,B0200,右前安全气囊传感器故障,奥迪Q5L,123839,2024-01-09 10:06
F137,P0606,ECM内部控制模块处理器故障,福特锐界,113885,2024-03-11 14:50
F138,C0051,右后轮速传感器电路故障,吉利博越,117718,2025-06-01 11:42
F139,B0016,驾驶员侧安全气囊模块故障,长城魏派VV7,64242,2025-07-30 11:11
F140,P0113,进气温度传感器电压高,奔驰E级,137034,2025-12-22 16:30
F141,P0301,1缸失火，发动机抖动,丰田卡罗拉,64309,2024-01-11 08:46
F142,C0045,右前轮速传感器故障,大众朗逸,132873,2024-02-17 16:11
F143,P0171,燃油系统过稀,本田思域,63388,2024-11-24 13:32
F144,B1234,空调压缩机不工作,比亚迪汉,115006,2024-07-09 16:32
F145,P0420,催化转化器效率低,宝马3系,130739,2024-10-17 09:41
F146,P0299,涡轮增压器压力不足,福特蒙迪欧,119701,2025-10-27 14:39
F147,C0121,刹车压力传感器信号异常,吉利星越L,86713,2024-07-08 17:55
F148,B0081,主驾驶安全带传感器故障,奥迪A4L,136683,2024-07-20 11:17
F149,P0521,机油压力传感器电路范围故障,长城哈弗H6,98636,2025-05-21 12:59
F150,C0561,ABS系统控制模块故障,奔驰C级,121236,2024-12-13 16:42
F151,P0340,凸轮轴位置传感器电路故障,丰田凯美瑞,137852,2025-05-09 17:01
F152,B0100,空气囊控制模块故障,大众帕萨特,70400,2025-10-22 13:00
F153,P0122,节气门位置传感器电压低,本田CR-V,20421,2024-10-29 10:21
F154,C0035,左前轮速传感器电路故障,比亚迪宋PLUS,107769,2024-06-12 12:13
F155,P0442,燃油蒸发系统泄漏（小泄漏）,宝马5系,28384,2025-06-07 17:47
F156,B0200,右前安全气囊传感器故障,奥迪Q5L,114722,2025-02-21 13:36
F157,P0606,ECM内部控制模块处理器故障,福特锐界,125734,2025-08-18 17:28
F158,C0051,右后轮速传感器电路故障,吉利博越,148327,2024-04-14 16:38
F159,B0016,驾驶员侧安全气囊模块故障,长城魏派VV7,74156,2024-01-27 09:30
F160,P0113,进气温度传感器电压高,奔驰E级,69126,2024-06-19 17:08
F161,P0301,1缸失火，发动机抖动,丰田卡罗拉,46796,2024-10-20 16:38
F162,C0045,右前轮速传感器故障,大众朗逸,109808,2025-09-12 15:18
F163,P0171,燃油系统过稀,本田思域,128673,2025-11-06 17:22
F164,B1234,空调压缩机不工作,比亚迪汉,84941,2025-06-08 09:33
F165,P0420,催化转化器效率低,宝马3系,100123,2024-09-14 14:04
F166,P0299,涡轮增压器压力不足,福特蒙迪欧,142150,2025-11-11 14:07
F167,C0121,刹车压力传感器信号异常,吉利星越L,38393,2024-12-18 11:19
F168,B0081,主驾驶安全带传感器故障,奥迪A4L,131317,2024-08-18 15:19
F169,P0521,机油压力传感器电路范围故障,长城哈弗H6,145882,2025-06-11 17:01
F170,C0561,ABS系统控制模块故障,奔驰C级,26697,2024-06-24 15:57
F171,P0340,凸轮轴位置传感器电路故障,丰田凯美瑞,53069,2025-12-21 14:58
F172,B0100,空气囊控制模块故障,大众帕萨特,124414,2024-05-19 10:41
F173,P0122,节气门位置传感器电压低,本田CR-V,23208,2025-03-19 08:45
F174,C0035,左前轮速传感器电路故障,比亚迪宋PLUS,73943,2024-09-28 15:47
F175,P0442,燃油蒸发系统泄漏（小泄漏）,宝马5系,100775,2024-03-02 11:00
F176,B0200,右前安全气囊传感器故障,奥迪Q5L,116408,2024-05-02 11:54
F177,P0606,ECM内部控制模块处理器故障,福特锐界,102794,2024-05-03 10:56
F178,C0051,右后轮速传感器电路故障,吉利博越,130987,2024-09-13 16:27
F179,B0016,驾驶员侧安全气囊模块故障,长城魏派VV7,126831,2024-10-12 11:14
F180,P0113,进气温度传感器电压高,奔驰E级,55356,2024-10-24 13:16
F181,P0301,1缸失火，发动机抖动,丰田卡罗拉,44778,2025-02-16 17:22
F182,C0045,右前轮速传感器故障,大众朗逸,38582,2025-09-09 14:59
F183,P0171,燃油系统过稀,本田思域,88004,2025-08-03 08:38
F184,B1234,空调压缩机不工作,比亚迪汉,107652,2025-11-30 08:02
F185,P0420,催化转化器效率低,宝马3系,33471,2024-03-20 17:19
F186,P0299,涡轮增压器压力不足,福特蒙迪欧,76698,2024-02-13 09:29
F187,C0121,刹车压力传感器信号异常,吉利星越L,125890,2025-05-31 11:29
F188,B0081,主驾驶安全带传感器故障,奥迪A4L,139963,2024-03-27 16:04
F189,P0521,机油压力传感器电路范围故障,长城哈弗H6,64519,2024-04-12 13:22
F190,C0561,ABS系统控制模块故障,奔驰C级,44854,2024-08-25 16:24
F191,P0340,凸轮轴位置传感器电路故障,丰田凯美瑞,40986,2024-10-24 14:24
F192,B0100,空气囊控制模块故障,大众帕萨特,50526,2025-07-29 13:58
F193,P0122,节气门位置传感器电压低,本田CR-V,132573,2025-09-14 09:52
F194,C0035,左前轮速传感器电路故障,比亚迪宋PLUS,67394,2025-02-13 10:54
F195,P0442,燃油蒸发系统泄漏（小泄漏）,宝马5系,126615,2025-06-02 11:43
F196,B0200,右前安全气囊传感器故障,奥迪Q5L,63647,2025-09-16 15:48
F197,P0606,ECM内部控制模块处理器故障,福特锐界,110985,2024-07-25 10:28
F198,C0051,右后轮速传感器电路故障,吉利博越,137407,2024-12-25 14:08
F199,B0016,驾驶员侧安全气囊模块故障,长城魏派VV7,121453,2024-02-19 11:31
F200,P0113,进气温度传感器电压高,奔驰E级,109512,2024-10-21 16:40
F201,P0301,1缸失火，发动机抖动,丰田卡罗拉,125052,2024-08-30 10:35
F202,C0045,右前轮速传感器故障,大众朗逸,103394,2025-09-10 17:43
F203,P0171,燃油系统过稀,本田思域,116170,2025-03-22 15:37
F204,B1234,空调压缩机不工作,比亚迪汉,63065,2025-05-12 08:47
F205,P0420,催化转化器效率低,宝马3系,132805,2024-08-16 14:13
F206,P0299,涡轮增压器压力不足,福特蒙迪欧,80035,2025-08-15 17:05
F207,C0121,刹车压力传感器信号异常,吉利星越L,67452,2025-10-27 11:11
F208,B0081,主驾驶安全带传感器故障,奥迪A4L,77758,2025-10-28 11:42
F209,P0521,机油压力传感器电路范围故障,长城哈弗H6,103539,2025-11-06 15:42
F210,C0561,ABS系统控制模块故障,奔驰C级,78289,2025-10-13 16:36
F211,P0340,凸轮轴位置传感器电路故障,丰田凯美瑞,26156,2025-10-15 11:45
F212,B0100,空气囊控制模块故障,大众帕萨特,47593,2025-08-18 13:54
F213,P0122,节气门位置传感器电压低,本田CR-V,63727,2024-07-26 13:34
F214,C0035,左前轮速传感器电路故障,比亚迪宋PLUS,143869,2024-06-18 16:19
F215,P0442,燃油蒸发系统泄漏（小泄漏）,宝马5系,41503,2024-11-17 09:32
F216,B0200,右前安全气囊传感器故障,奥迪Q5L,131403,2025-12-08 15:16
F217,P0606,ECM内部控制模块处理器故障,福特锐界,149160,2024-04-24 08:39
F218,C0051,右后轮速传感器电路故障,吉利博越,109931,2024-05-21 15:33
F219,B0016,驾驶员侧安全气囊模块故障,长城魏派VV7,121094,2025-05-09 14:46
F220,P0113,进气温度传感器电压高,奔驰E级,63818,2025-10-13 16:08
F221,P0301,1缸失火，发动机抖动,丰田卡罗拉,92826,2025-03-01 09:58
F222,C0045,右前轮速传感器故障,大众朗逸,145746,2024-05-09 08:59
F223,P0171,燃油系统过稀,本田思域,39585,2025-05-22 16:50
F224,B1234,空调压缩机不工作,比亚迪汉,71592,2025-02-03 09:05
F225,P0420,催化转化器效率低,宝马3系,55398,2025-09-06 13:14
F226,P0299,涡轮增压器压力不足,福特蒙迪欧,33148,2025-01-21 17:52
F227,C0121,刹车压力传感器信号异常,吉利星越L,37838,2024-08-24 12:43
F228,B0081,主驾驶安全带传感器故障,奥迪A4L,39877,2024-09-23 15:31
F229,P0521,机油压力传感器电路范围故障,长城哈弗H6,107793,2025-10-15 17:26
F230,C0561,ABS系统控制模块故障,奔驰C级,95860,2024-04-10 08:10
F231,P0340,凸轮轴位置传感器电路故障,丰田凯美瑞,42023,2025-11-26 08:52
F232,B0100,空气囊控制模块故障,大众帕萨特,142881,2025-02-11 08:39
F233,P0122,节气门位置传感器电压低,本田CR-V,98464,2025-08-29 14:28
F234,C0035,左前轮速传感器电路故障,比亚迪宋PLUS,134514,2025-04-21 08:29
F235,P0442,燃油蒸发系统泄漏（小泄漏）,宝马5系,73264,2025-11-17 12:46
F236,B0200,右前安全气囊传感器故障,奥迪Q5L,82374,2024-05-30 11:48
F237,P0606,ECM内部控制模块处理器故障,福特锐界,88692,2025-01-10 11:20
F238,C0051,右后轮速传感器电路故障,吉利博越,98256,2024-04-09 11:47
F239,B0016,驾驶员侧安全气囊模块故障,长城魏派VV7,47951,2025-07-19 14:56
F240,P0113,进气温度传感器电压高,奔驰E级,116845,2024-11-03 13:36
F241,P0301,1缸失火，发动机抖动,丰田卡罗拉,78310,2025-02-14 10:06
F242,C0045,右前轮速传感器故障,大众朗逸,25912,2024-02-09 13:37
F243,P0171,燃油系统过稀,本田思域,63204,2025-11-16 15:24
F244,B1234,空调压缩机不工作,比亚迪汉,114681,2024-03-24 08:00
F245,P0420,催化转化器效率低,宝马3系,27815,2025-12-30 13:41
F246,P0299,涡轮增压器压力不足,福特蒙迪欧,141130,2024-12-05 08:37
F247,C0121,刹车压力传感器信号异常,吉利星越L,103729,2025-04-02 09:26
F248,B0081,主驾驶安全带传感器故障,奥迪A4L,64816,2025-02-13 15:21
F249,P0521,机油压力传感器电路范围故障,长城哈弗H6,110152,2024-08-26 09:27
F250,C0561,ABS系统控制模块故障,奔驰C级,146386,2024-01-15 16:45
F251,P0340,凸轮轴位置传感器电路故障,丰田凯美瑞,55620,2025-10-26 09:03
F252,B0100,空气囊控制模块故障,大众帕萨特,43564,2025-06-08 10:40
F253,P0122,节气门位置传感器电压低,本田CR-V,31948,2025-02-04 10:24
F254,C0035,左前轮速传感器电路故障,比亚迪宋PLUS,113527,2025-10-17 11:56
F255,P0442,燃油蒸发系统泄漏（小泄漏）,宝马5系,110844,2025-05-10 16:42
F256,B0200,右前安全气囊传感器故障,奥迪Q5L,109831,2024-12-11 09:24
F257,P0606,ECM内部控制模块处理器故障,福特锐界,139807,2025-11-29 17:05
F258,C0051,右后轮速传感器电路故障,吉利博越,110713,2024-02-28 10:49
F259,B0016,驾驶员侧安全气囊模块故障,长城魏派VV7,76414,2024-05-30 12:35
F260,P0113,进气温度传感器电压高,奔驰E级,140618,2024-07-30 08:07
F261,P0301,1缸失火，发动机抖动,丰田卡罗拉,126667,2024-06-20 17:24
F262,C0045,右前轮速传感器故障,大众朗逸,109339,2025-04-15 13:35
F263,P0171,燃油系统过稀,本田思域,82345,2024-03-30 16:49
F264,B1234,空调压缩机不工作,比亚迪汉,28699,2025-01-29 10:56
F265,P0420,催化转化器效率低,宝马3系,141931,2025-12-11 16:04
F266,P0299,涡轮增压器压力不足,福特蒙迪欧,39940,2025-03-02 17:36
F267,C0121,刹车压力传感器信号异常,吉利星越L,52838,2024-02-01 11:23
F268,B0081,主驾驶安全带传感器故障,奥迪A4L,69239,2024-05-10 12:33
F269,P0521,机油压力传感器电路范围故障,长城哈弗H6,59014,2025-08-23 12:32
F270,C0561,ABS系统控制模块故障,奔驰C级,58826,2025-04-28 11:46
F271,P0340,凸轮轴位置传感器电路故障,丰田凯美瑞,90795,2024-09-04 08:50
F272,B0100,空气囊控制模块故障,大众帕萨特,118025,2025-06-08 08:04
F273,P0122,节气门位置传感器电压低,本田CR-V,60662,2024-11-08 14:00
F274,C0035,左前轮速传感器电路故障,比亚迪宋PLUS,140105,2025-02-27 11:53
F275,P0442,燃油蒸发系统泄漏（小泄漏）,宝马5系,110393,2024-03-31 16:30
F276,B0200,右前安全气囊传感器故障,奥迪Q5L,128609,2024-06-06 13:13
F277,P0606,ECM内部控制模块处理器故障,福特锐界,96457,2024-04-03 11:32
F278,C0051,右后轮速传感器电路故障,吉利博越,124978,2025-07-25 17:48
F279,B0016,驾驶员侧安全气囊模块故障,长城魏派VV7,26844,2024-11-08 10:26
F280,P0113,进气温度传感器电压高,奔驰E级,111093,2024-12-20 15:33
F281,P0301,1缸失火，发动机抖动,丰田卡罗拉,74049,2025-06-04 13:01
F282,C0045,右前轮速传感器故障,大众朗逸,55375,2025-02-05 09:58
F283,P0171,燃油系统过稀,本田思域,26197,2024-03-13 16:33
F284,B1234,空调压缩机不工作,比亚迪汉,56150,2025-11-24 12:47
F285,P0420,催化转化器效率低,宝马3系,34392,2025-12-04 11:35
F286,P0299,涡轮增压器压力不足,福特蒙迪欧,25293,2024-10-25 10:41
F287,C0121,刹车压力传感器信号异常,吉利星越L,74548,2025-11-04 12:25
F288,B0081,主驾驶安全带传感器故障,奥迪A4L,95217,2025-03-13 15:52
F289,P0521,机油压力传感器电路范围故障,长城哈弗H6,132771,2025-03-24 08:57
F290,C0561,ABS系统控制模块故障,奔驰C级,148787,2025-08-13 16:27
F291,P0340,凸轮轴位置传感器电路故障,丰田凯美瑞,73621,2024-09-11 17:00
F292,B0100,空气囊控制模块故障,大众帕萨特,123867,2025-01-19 17:56
F293,P0122,节气门位置传感器电压低,本田CR-V,48019,2024-03-18 10:08
F294,C0035,左前轮速传感器电路故障,比亚迪宋PLUS,136680,2024-03-25 12:40
F295,P0442,燃油蒸发系统泄漏（小泄漏）,宝马5系,77254,2024-03-11 12:22
F296,B0200,右前安全气囊传感器故障,奥迪Q5L,109576,2024-03-23 14:35
F297,P0606,ECM内部控制模块处理器故障,福特锐界,92953,2024-03-14 11:29
F298,C0051,右后轮速传感器电路故障,吉利博越,45074,2025-04-24 16:10
F299,B0016,驾驶员侧安全气囊模块故障,长城魏派VV7,121052,2024-12-29 15:10
F300,P0113,进气温度传感器电压高,奔驰E级,64091,2024-06-12 16:02
F301,P0301,1缸失火，发动机抖动,丰田卡罗拉,35687,2024-05-11 11:27
F302,C0045,右前轮速传感器故障,大众朗逸,80874,2025-04-29 13:22
F303,P0171,燃油系统过稀,本田思域,124326,2025-12-23 17:03
F304,B1234,空调压缩机不工作,比亚迪汉,131678,2024-02-29 15:02
F305,P0420,催化转化器效率低,宝马3系,22481,2025-09-21 10:14
F306,P0299,涡轮增压器压力不足,福特蒙迪欧,144051,2024-10-06 16:44
F307,C0121,刹车压力传感器信号异常,吉利星越L,116669,2025-04-30 16:44
F308,B0081,主驾驶安全带传感器故障,奥迪A4L,104294,2025-07-28 13:05
F309,P0521,机油压力传感器电路范围故障,长城哈弗H6,112299,2024-12-04 13:53
F310,C0561,ABS系统控制模块故障,奔驰C级,103465,2025-12-07 10:06
F311,P0340,凸轮轴位置传感器电路故障,丰田凯美瑞,45096,2025-04-16 13:58
F312,B0100,空气囊控制模块故障,大众帕萨特,145854,2024-08-25 14:33
F313,P0122,节气门位置传感器电压低,本田CR-V,52741,2024-03-21 08:33
F314,C0035,左前轮速传感器电路故障,比亚迪宋PLUS,26657,2025-04-27 12:31
F315,P0442,燃油蒸发系统泄漏（小泄漏）,宝马5系,20813,2025-09-16 12:59
F316,B0200,右前安全气囊传感器故障,奥迪Q5L,139118,2025-06-28 17:46
F317,P0606,ECM内部控制模块处理器故障,福特锐界,67979,2025-01-05 17:51
F318,C0051,右后轮速传感器电路故障,吉利博越,82029,2024-05-16 17:17
F319,B0016,驾驶员侧安全气囊模块故障,长城魏派VV7,138739,2024-12-05 16:27
F320,P0113,进气温度传感器电压高,奔驰E级,105167,2024-01-31 11:56
F321,P0301,1缸失火，发动机抖动,丰田卡罗拉,127995,2024-12-09 09:00
F322,C0045,右前轮速传感器故障,大众朗逸,132189,2025-01-26 10:55
F323,P0171,燃油系统过稀,本田思域,20839,2024-05-09 14:06
F324,B1234,空调压缩机不工作,比亚迪汉,93362,2024-03-09 15:45
F325,P0420,催化转化器效率低,宝马3系,44208,2024-10-17 12:18
F326,P0299,涡轮增压器压力不足,福特蒙迪欧,36134,2024-02-05 12:38
F327,C0121,刹车压力传感器信号异常,吉利星越L,64035,2024-10-25 10:39
F328,B0081,主驾驶安全带传感器故障,奥迪A4L,122117,2025-03-26 09:55
F329,P0521,机油压力传感器电路范围故障,长城哈弗H6,68785,2025-07-09 14:26
F330,C0561,ABS系统控制模块故障,奔驰C级,104059,2025-10-21 17:18
F331,P0340,凸轮轴位置传感器电路故障,丰田凯美瑞,28892,2024-02-06 10:13
F332,B0100,空气囊控制模块故障,大众帕萨特,62826,2024-01-09 11:31
F333,P0122,节气门位置传感器电压低,本田CR-V,93902,2024-01-01 08:17
F334,C0035,左前轮速传感器电路故障,比亚迪宋PLUS,107883,2025-03-11 17:27
F335,P0442,燃油蒸发系统泄漏（小泄漏）,宝马5系,79306,2024-08-01 15:59
F336,B0200,右前安全气囊传感器故障,奥迪Q5L,96762,2024-04-22 09:44
F337,P0606,ECM内部控制模块处理器故障,福特锐界,105059,2025-08-07 17:59
F338,C0051,右后轮速传感器电路故障,吉利博越,141351,2024-01-04 08:16
F339,B0016,驾驶员侧安全气囊模块故障,长城魏派VV7,46796,2025-10-28 17:49
F340,P0113,进气温度传感器电压高,奔驰E级,134730,2025-08-04 17:30
F341,P0301,1缸失火，发动机抖动,丰田卡罗拉,92230,2025-09-21 09:05
F342,C0045,右前轮速传感器故障,大众朗逸,147024,2025-04-11 14:30
F343,P0171,燃油系统过稀,本田思域,87166,2024-05-01 11:15
F344,B1234,空调压缩机不工作,比亚迪汉,130808,2024-06-21 13:15
F345,P0420,催化转化器效率低,宝马3系,52446,2024-11-17 17:39
F346,P0299,涡轮增压器压力不足,福特蒙迪欧,88990,2025-07-07 16:56
F347,C0121,刹车压力传感器信号异常,吉利星越L,103449,2025-05-21 11:20
F348,B0081,主驾驶安全带传感器故障,奥迪A4L,61679,2024-01-05 17:24
F349,P0521,机油压力传感器电路范围故障,长城哈弗H6,133914,2025-10-25 14:53
F350,C0561,ABS系统控制模块故障,奔驰C级,25186,2024-02-21 09:02
F351,P0340,凸轮轴位置传感器电路故障,丰田凯美瑞,143038,2024-03-28 10:42
F352,B0100,空气囊控制模块故障,大众帕萨特,89183,2025-11-24 12:56
F353,P0122,节气门位置传感器电压低,本田CR-V,26375,2024-12-25 16:11
F354,C0035,左前轮速传感器电路故障,比亚迪宋PLUS,51759,2024-06-01 16:48
F355,P0442,燃油蒸发系统泄漏（小泄漏）,宝马5系,66529,2025-11-12 08:14
F356,B0200,右前安全气囊传感器故障,奥迪Q5L,63615,2024-08-26 10:14
F357,P0606,ECM内部控制模块处理器故障,福特锐界,126554,2024-07-16 13:52
F358,C0051,右后轮速传感器电路故障,吉利博越,34127,2025-06-05 15:57
F359,B0016,驾驶员侧安全气囊模块故障,长城魏派VV7,105668,2024-01-20 16:33
F360,P0113,进气温度传感器电压高,奔驰E级,120804,2024-10-26 16:26
F361,P0301,1缸失火，发动机抖动,丰田卡罗拉,115540,2024-04-14 13:43
F362,C0045,右前轮速传感器故障,大众朗逸,66087,2024-10-09 16:37
F363,P0171,燃油系统过稀,本田思域,49221,2024-08-06 10:14
F364,B1234,空调压缩机不工作,比亚迪汉,52832,2024-04-10 14:53
F365,P0420,催化转化器效率低,宝马3系,43841,2024-03-26 15:56
F366,P0299,涡轮增压器压力不足,福特蒙迪欧,65331,2024-03-22 08:42
F367,C0121,刹车压力传感器信号异常,吉利星越L,25715,2024-11-05 13:01
F368,B0081,主驾驶安全带传感器故障,奥迪A4L,33543,2025-09-10 11:38
F369,P0521,机油压力传感器电路范围故障,长城哈弗H6,129076,2025-04-28 16:47
F370,C0561,ABS系统控制模块故障,奔驰C级,137671,2025-09-24 14:15
F371,P0340,凸轮轴位置传感器电路故障,丰田凯美瑞,144057,2025-04-30 16:39
F372,B0100,空气囊控制模块故障,大众帕萨特,57496,2024-06-03 11:23
F373,P0122,节气门位置传感器电压低,本田CR-V,29774,2025-08-27 12:39
F374,C0035,左前轮速传感器电路故障,比亚迪宋PLUS,68150,2024-06-06 12:20
F375,P0442,燃油蒸发系统泄漏（小泄漏）,宝马5系,20589,2024-12-07 13:00
F376,B0200,右前安全气囊传感器故障,奥迪Q5L,43795,2025-11-25 11:32
F377,P0606,ECM内部控制模块处理器故障,福特锐界,39369,2024-12-27 11:18
F378,C0051,右后轮速传感器电路故障,吉利博越,68406,2024-10-07 12:29
F379,B0016,驾驶员侧安全气囊模块故障,长城魏派VV7,36819,2024-10-18 09:26
F380,P0113,进气温度传感器电压高,奔驰E级,81271,2025-12-08 17:09
F381,P0301,1缸失火，发动机抖动,丰田卡罗拉,40883,2025-04-28 09:53
F382,C0045,右前轮速传感器故障,大众朗逸,116977,2025-12-18 12:21
F383,P0171,燃油系统过稀,本田思域,81155,2025-12-02 11:30
F384,B1234,空调压缩机不工作,比亚迪汉,52021,2025-07-09 08:07
F385,P0420,催化转化器效率低,宝马3系,138417,2024-06-04 15:40
F386,P0299,涡轮增压器压力不足,福特蒙迪欧,101131,2024-10-01 14:05
F387,C0121,刹车压力传感器信号异常,吉利星越L,64942,2024-06-19 12:15
F388,B0081,主驾驶安全带传感器故障,奥迪A4L,100634,2024-12-28 16:21
F389,P0521,机油压力传感器电路范围故障,长城哈弗H6,51911,2025-03-31 15:25
F390,C0561,ABS系统控制模块故障,奔驰C级,149205,2025-03-04 16:57
F391,P0340,凸轮轴位置传感器电路故障,丰田凯美瑞,118692,2025-01-09 08:49
F392,B0100,空气囊控制模块故障,大众帕萨特,86220,2025-05-23 10:26
F393,P0122,节气门位置传感器电压低,本田CR-V,84301,2024-06-03 17:42
F394,C0035,左前轮速传感器电路故障,比亚迪宋PLUS,149556,2025-02-16 14:00
F395,P0442,燃油蒸发系统泄漏（小泄漏）,宝马5系,24124,2025-08-04 16:11
F396,B0200,右前安全气囊传感器故障,奥迪Q5L,89268,2025-06-05 12:41
F397,P0606,ECM内部控制模块处理器故障,福特锐界,53749,2024-11-23 10:20
F398,C0051,右后轮速传感器电路故障,吉利博越,49565,2024-09-25 11:34
F399,B0016,驾驶员侧安全气囊模块故障,长城魏派VV7,66226,2025-08-09 09:02
F400,P0113,进气温度传感器电压高,奔驰E级,132438,2025-10-18 08:59
F401,P0301,1缸失火，发动机抖动,丰田卡罗拉,32711,2024-04-02 15:59
F402,C0045,右前轮速传感器故障,大众朗逸,43133,2025-08-31 17:15
F403,P0171,燃油系统过稀,本田思域,137969,2024-12-21 14:23
F404,B1234,空调压缩机不工作,比亚迪汉,143150,2024-06-19 10:10
F405,P0420,催化转化器效率低,宝马3系,61561,2024-08-16 13:49
F406,P0299,涡轮增压器压力不足,福特蒙迪欧,141523,2024-12-25 11:55
F407,C0121,刹车压力传感器信号异常,吉利星越L,49991,2024-02-28 17:55
F408,B0081,主驾驶安全带传感器故障,奥迪A4L,43785,2024-09-19 14:08
F409,P0521,机油压力传感器电路范围故障,长城哈弗H6,33241,2025-01-11 10:29
F410,C0561,ABS系统控制模块故障,奔驰C级,146311,2024-11-28 11:42
F411,P0340,凸轮轴位置传感器电路故障,丰田凯美瑞,52960,2025-02-13 12:44
F412,B0100,空气囊控制模块故障,大众帕萨特,34732,2024-01-23 14:46
F413,P0122,节气门位置传感器电压低,本田CR-V,126828,2025-07-27 12:35
F414,C0035,左前轮速传感器电路故障,比亚迪宋PLUS,104067,2025-09-29 15:32
F415,P0442,燃油蒸发系统泄漏（小泄漏）,宝马5系,145954,2025-01-14 13:26
F416,B0200,右前安全气囊传感器故障,奥迪Q5L,127767,2025-06-28 16:20
F417,P0606,ECM内部控制模块处理器故障,福特锐界,33885,2025-11-11 14:52
F418,C0051,右后轮速传感器电路故障,吉利博越,111556,2025-08-22 10:04
F419,B0016,驾驶员侧安全气囊模块故障,长城魏派VV7,119622,2025-12-11 16:34
F420,P0113,进气温度传感器电压高,奔驰E级,77233,2025-08-20 14:22
F421,P0301,1缸失火，发动机抖动,丰田卡罗拉,138634,2025-06-10 15:42
F422,C0045,右前轮速传感器故障,大众朗逸,33554,2025-02-15 16:59
F423,P0171,燃油系统过稀,本田思域,54151,2024-03-20 15:45
F424,B1234,空调压缩机不工作,比亚迪汉,139165,2025-11-20 17:58
F425,P0420,催化转化器效率低,宝马3系,132977,2024-05-27 11:14
F426,P0299,涡轮增压器压力不足,福特蒙迪欧,85686,2024-07-22 08:06
F427,C0121,刹车压力传感器信号异常,吉利星越L,46158,2024-04-22 08:21
F428,B0081,主驾驶安全带传感器故障,奥迪A4L,22792,2025-07-21 10:03
F429,P0521,机油压力传感器电路范围故障,长城哈弗H6,37925,2024-11-12 17:22
F430,C0561,ABS系统控制模块故障,奔驰C级,38756,2025-04-08 17:09
F431,P0340,凸轮轴位置传感器电路故障,丰田凯美瑞,93328,2025-01-19 13:54
F432,B0100,空气囊控制模块故障,大众帕萨特,126887,2024-08-26 16:21
F433,P0122,节气门位置传感器电压低,本田CR-V,102965,2025-06-02 08:45
F434,C0035,左前轮速传感器电路故障,比亚迪宋PLUS,140544,2024-02-15 10:37
F435,P0442,燃油蒸发系统泄漏（小泄漏）,宝马5系,38384,2025-02-21 15:57
F436,B0200,右前安全气囊传感器故障,奥迪Q5L,108513,2024-03-15 15:17
F437,P0606,ECM内部控制模块处理器故障,福特锐界,26539,2024-12-13 17:48
F438,C0051,右后轮速传感器电路故障,吉利博越,118477,2024-10-25 08:12
F439,B0016,驾驶员侧安全气囊模块故障,长城魏派VV7,117374,2025-02-02 09:08
F440,P0113,进气温度传感器电压高,奔驰E级,137678,2025-10-06 11:13
F441,P0301,1缸失火，发动机抖动,丰田卡罗拉,124122,2024-05-07 17:36
F442,C0045,右前轮速传感器故障,大众朗逸,90460,2024-05-21 10:00
F443,P0171,燃油系统过稀,本田思域,96656,2025-04-29 08:18
F444,B1234,空调压缩机不工作,比亚迪汉,113785,2024-09-16 15:37
F445,P0420,催化转化器效率低,宝马3系,39682,2024-04-29 15:36
F446,P0299,涡轮增压器压力不足,福特蒙迪欧,38557,2024-03-06 16:08
F447,C0121,刹车压力传感器信号异常,吉利星越L,110590,2025-02-20 16:24
F448,B0081,主驾驶安全带传感器故障,奥迪A4L,63450,2025-02-26 12:09
F449,P0521,机油压力传感器电路范围故障,长城哈弗H6,56336,2024-08-03 09:54
F450,C0561,ABS系统控制模块故障,奔驰C级,123056,2025-09-25 17:34
F451,P0340,凸轮轴位置传感器电路故障,丰田凯美瑞,73231,2025-06-27 13:46
F452,B0100,空气囊控制模块故障,大众帕萨特,145933,2025-01-13 15:08
F453,P0122,节气门位置传感器电压低,本田CR-V,133140,2024-01-16 17:53
F454,C0035,左前轮速传感器电路故障,比亚迪宋PLUS,131761,2024-11-13 15:27
F455,P0442,燃油蒸发系统泄漏（小泄漏）,宝马5系,149083,2024-04-02 09:38
F456,B0200,右前安全气囊传感器故障,奥迪Q5L,60659,2024-11-25 10:46
F457,P0606,ECM内部控制模块处理器故障,福特锐界,77201,2025-08-11 11:09
F458,C0051,右后轮速传感器电路故障,吉利博越,43914,2025-12-08 14:41
F459,B0016,驾驶员侧安全气囊模块故障,长城魏派VV7,86376,2025-09-20 09:14
F460,P0113,进气温度传感器电压高,奔驰E级,66649,2025-05-22 12:56
F461,P0301,1缸失火，发动机抖动,丰田卡罗拉,24108,2024-06-12 09:56
F462,C0045,右前轮速传感器故障,大众朗逸,91824,2025-08-26 14:54
F463,P0171,燃油系统过稀,本田思域,111788,2025-05-13 12:36
F464,B1234,空调压缩机不工作,比亚迪汉,98669,2024-06-13 08:25
F465,P0420,催化转化器效率低,宝马3系,143842,2025-05-07 12:22
F466,P0299,涡轮增压器压力不足,福特蒙迪欧,104046,2024-05-16 14:58
F467,C0121,刹车压力传感器信号异常,吉利星越L,106480,2025-07-10 15:59
F468,B0081,主驾驶安全带传感器故障,奥迪A4L,94398,2024-09-17 10:23
F469,P0521,机油压力传感器电路范围故障,长城哈弗H6,55801,2025-10-26 11:48
F470,C0561,ABS系统控制模块故障,奔驰C级,111915,2025-03-01 09:27
F471,P0340,凸轮轴位置传感器电路故障,丰田凯美瑞,73512,2025-12-20 12:31
F472,B0100,空气囊控制模块故障,大众帕萨特,54175,2024-04-20 17:01
F473,P0122,节气门位置传感器电压低,本田CR-V,64656,2024-12-05 15:58
F474,C0035,左前轮速传感器电路故障,比亚迪宋PLUS,101793,2024-12-24 10:09
F475,P0442,燃油蒸发系统泄漏（小泄漏）,宝马5系,112553,2024-03-29 14:59
F476,B0200,右前安全气囊传感器故障,奥迪Q5L,56325,2025-03-06 16:47
F477,P0606,ECM内部控制模块处理器故障,福特锐界,83296,2025-06-12 16:57
F478,C0051,右后轮速传感器电路故障,吉利博越,127213,2024-02-18 08:31
F479,B0016,驾驶员侧安全气囊模块故障,长城魏派VV7,108394,2025-02-13 14:31
F480,P0113,进气温度传感器电压高,奔驰E级,148230,2024-05-06 14:25
F481,P0301,1缸失火，发动机抖动,丰田卡罗拉,96460,2024-07-04 09:32
F482,C0045,右前轮速传感器故障,大众朗逸,45636,2025-08-06 08:26
F483,P0171,燃油系统过稀,本田思域,125085,2024-05-24 10:28
F484,B1234,空调压缩机不工作,比亚迪汉,87088,2024-12-27 12:58
F485,P0420,催化转化器效率低,宝马3系,92645,2024-12-17 11:54
F486,P0299,涡轮增压器压力不足,福特蒙迪欧,141133,2025-06-26 15:55
F487,C0121,刹车压力传感器信号异常,吉利星越L,49525,2024-08-22 15:42
F488,B0081,主驾驶安全带传感器故障,奥迪A4L,31879,2024-09-08 17:54
F489,P0521,机油压力传感器电路范围故障,长城哈弗H6,67743,2025-01-15 12:09
F490,C0561,ABS系统控制模块故障,奔驰C级,114418,2024-10-29 08:02
F491,P0340,凸轮轴位置传感器电路故障,丰田凯美瑞,59022,2024-03-30 16:40
F492,B0100,空气囊控制模块故障,大众帕萨特,34261,2024-11-25 16:10
F493,P0122,节气门位置传感器电压低,本田CR-V,77627,2024-08-27 09:47
F494,C0035,左前轮速传感器电路故障,比亚迪宋PLUS,33117,2024-08-29 09:20
F495,P0442,燃油蒸发系统泄漏（小泄漏）,宝马5系,136296,2024-04-26 17:34
F496,B0200,右前安全气囊传感器故障,奥迪Q5L,108575,2025-05-12 09:21
F497,P0606,ECM内部控制模块处理器故障,福特锐界,47207,2025-12-25 12:32
F498,C0051,右后轮速传感器电路故障,吉利博越,26026,2024-12-09 14:20
F499,B0016,驾驶员侧安全气囊模块故障,长城魏派VV7,117526,2025-06-30 17:44
F500,P0113,进气温度传感器电压高,奔驰E级,54176,2025-05-02 11:44
F501,P0301,1缸失火，发动机抖动,丰田卡罗拉,91656,2025-04-20 14:46
F502,C0045,右前轮速传感器故障,大众朗逸,137959,2025-08-20 17:03
F503,P0171,燃油系统过稀,本田思域,94975,2025-08-03 13:11
F504,B1234,空调压缩机不工作,比亚迪汉,100088,2025-09-02 13:41
F505,P0420,催化转化器效率低,宝马3系,29980,2025-12-22 12:32
F506,P0299,涡轮增压器压力不足,福特蒙迪欧,123128,2025-05-16 12:35
F507,C0121,刹车压力传感器信号异常,吉利星越L,51574,2025-09-12 17:04
F508,B0081,主驾驶安全带传感器故障,奥迪A4L,117426,2025-12-29 16:07
F509,P0521,机油压力传感器电路范围故障,长城哈弗H6,73822,2025-12-05 14:08
F510,C0561,ABS系统控制模块故障,奔驰C级,138421,2025-11-02 08:00
F511,P0340,凸轮轴位置传感器电路故障,丰田凯美瑞,95810,2024-02-14 17:58
F512,B0100,空气囊控制模块故障,大众帕萨特,64434,2025-01-03 13:43
F513,P0122,节气门位置传感器电压低,本田CR-V,117119,2024-04-08 08:57
F514,C0035,左前轮速传感器电路故障,比亚迪宋PLUS,69238,2025-10-03 14:13
F515,P0442,燃油蒸发系统泄漏（小泄漏）,宝马5系,69252,2024-11-18 13:34
F516,B0200,右前安全气囊传感器故障,奥迪Q5L,38871,2025-08-09 15:44
F517,P0606,ECM内部控制模块处理器故障,福特锐界,95128,2025-03-05 17:51
F518,C0051,右后轮速传感器电路故障,吉利博越,38195,2024-12-09 09:10
F519,B0016,驾驶员侧安全气囊模块故障,长城魏派VV7,83416,2025-12-14 12:37
F520,P0113,进气温度传感器电压高,奔驰E级,87368,2025-02-15 09:18
F521,P0301,1缸失火，发动机抖动,丰田卡罗拉,127757,2024-05-24 10:17
F522,C0045,右前轮速传感器故障,大众朗逸,148193,2025-01-19 12:56
F523,P0171,燃油系统过稀,本田思域,144912,2024-04-18 12:41
F524,B1234,空调压缩机不工作,比亚迪汉,141855,2024-05-15 11:20
F525,P0420,催化转化器效率低,宝马3系,128850,2025-10-01 16:34
F526,P0299,涡轮增压器压力不足,福特蒙迪欧,112651,2024-04-04 17:22
F527,C0121,刹车压力传感器信号异常,吉利星越L,92484,2024-09-09 17:45
F528,B0081,主驾驶安全带传感器故障,奥迪A4L,33336,2025-12-23 14:45
F529,P0521,机油压力传感器电路范围故障,长城哈弗H6,58569,2024-04-18 08:08
F530,C0561,ABS系统控制模块故障,奔驰C级,32411,2024-01-16 17:35
F531,P0340,凸轮轴位置传感器电路故障,丰田凯美瑞,93806,2024-05-15 13:44
F532,B0100,空气囊控制模块故障,大众帕萨特,95557,2024-09-03 12:43
F533,P0122,节气门位置传感器电压低,本田CR-V,77413,2024-10-08 11:47
F534,C0035,左前轮速传感器电路故障,比亚迪宋PLUS,74687,2024-07-21 09:25
F535,P0442,燃油蒸发系统泄漏（小泄漏）,宝马5系,65533,2024-12-23 15:17
F536,B0200,右前安全气囊传感器故障,奥迪Q5L,33288,2025-11-28 10:04
F537,P0606,ECM内部控制模块处理器故障,福特锐界,25218,2024-07-08 14:39
F538,C0051,右后轮速传感器电路故障,吉利博越,20734,2024-10-10 16:12
F539,B0016,驾驶员侧安全气囊模块故障,长城魏派VV7,27715,2024-03-27 09:23
F540,P0113,进气温度传感器电压高,奔驰E级,93357,2024-12-16 10:53
F541,P0301,1缸失火，发动机抖动,丰田卡罗拉,24133,2025-02-17 17:57
F542,C0045,右前轮速传感器故障,大众朗逸,55481,2024-02-06 14:38
F543,P0171,燃油系统过稀,本田思域,138153,2025-12-17 13:08
F544,B1234,空调压缩机不工作,比亚迪汉,52198,2024-06-04 10:56
F545,P0420,催化转化器效率低,宝马3系,128361,2025-02-17 08:06
F546,P0299,涡轮增压器压力不足,福特蒙迪欧,35687,2025-02-24 17:56
F547,C0121,刹车压力传感器信号异常,吉利星越L,91641,2024-02-25 08:16
F548,B0081,主驾驶安全带传感器故障,奥迪A4L,29999,2024-06-13 17:15
F549,P0521,机油压力传感器电路范围故障,长城哈弗H6,47028,2025-12-26 12:21
F550,C0561,ABS系统控制模块故障,奔驰C级,93291,2024-03-21 17:42
F551,P0340,凸轮轴位置传感器电路故障,丰田凯美瑞,22522,2024-09-09 09:02
F552,B0100,空气囊控制模块故障,大众帕萨特,62198,2024-07-12 13:13
F553,P0122,节气门位置传感器电压低,本田CR-V,114099,2024-08-19 14:37
F554,C0035,左前轮速传感器电路故障,比亚迪宋PLUS,61212,2025-04-11 12:15
F555,P0442,燃油蒸发系统泄漏（小泄漏）,宝马5系,51705,2024-08-15 11:32
F556,B0200,右前安全气囊传感器故障,奥迪Q5L,117093,2024-02-23 11:35
F557,P0606,ECM内部控制模块处理器故障,福特锐界,52903,2024-10-26 11:25
F558,C0051,右后轮速传感器电路故障,吉利博越,144144,2025-05-20 16:58
F559,B0016,驾驶员侧安全气囊模块故障,长城魏派VV7,141266,2024-12-07 16:14
F560,P0113,进气温度传感器电压高,奔驰E级,95934,2024-01-23 13:33
F561,P0301,1缸失火，发动机抖动,丰田卡罗拉,93865,2024-08-30 08:37
F562,C0045,右前轮速传感器故障,大众朗逸,42961,2024-09-14 14:00
F563,P0171,燃油系统过稀,本田思域,110366,2024-09-11 16:04
F564,B1234,空调压缩机不工作,比亚迪汉,34721,2024-04-16 08:26
F565,P0420,催化转化器效率低,宝马3系,80311,2025-07-17 10:02
F566,P0299,涡轮增压器压力不足,福特蒙迪欧,84739,2025-09-26 15:11
F567,C0121,刹车压力传感器信号异常,吉利星越L,71240,2024-06-16 17:23
F568,B0081,主驾驶安全带传感器故障,奥迪A4L,140581,2024-05-14 17:01
F569,P0521,机油压力传感器电路范围故障,长城哈弗H6,43481,2024-04-25 09:13
F570,C0561,ABS系统控制模块故障,奔驰C级,105217,2024-11-11 10:19
F571,P0340,凸轮轴位置传感器电路故障,丰田凯美瑞,59027,2025-07-12 12:25
F572,B0100,空气囊控制模块故障,大众帕萨特,135567,2024-02-10 12:55
F573,P0122,节气门位置传感器电压低,本田CR-V,128243,2025-03-04 12:32
F574,C0035,左前轮速传感器电路故障,比亚迪宋PLUS,137005,2024-04-10 09:55
F575,P0442,燃油蒸发系统泄漏（小泄漏）,宝马5系,130349,2025-06-06 14:42
F576,B0200,右前安全气囊传感器故障,奥迪Q5L,82866,2024-05-12 10:02
F577,P0606,ECM内部控制模块处理器故障,福特锐界,139497,2025-07-04 11:21
F578,C0051,右后轮速传感器电路故障,吉利博越,104819,2025-09-08 10:00
F579,B0016,驾驶员侧安全气囊模块故障,长城魏派VV7,125601,2025-09-14 16:53
F580,P0113,进气温度传感器电压高,奔驰E级,82299,2024-04-16 14:32
F581,P0301,1缸失火，发动机抖动,丰田卡罗拉,135308,2025-02-25 15:13
F582,C0045,右前轮速传感器故障,大众朗逸,113784,2025-11-16 17:17
F583,P0171,燃油系统过稀,本田思域,64733,2025-08-07 09:56
F584,B1234,空调压缩机不工作,比亚迪汉,84899,2024-04-18 11:13
F585,P0420,催化转化器效率低,宝马3系,57186,2024-07-30 08:44
F586,P0299,涡轮增压器压力不足,福特蒙迪欧,100520,2024-01-06 11:04
F587,C0121,刹车压力传感器信号异常,吉利星越L,25453,2025-06-25 14:39
F588,B0081,主驾驶安全带传感器故障,奥迪A4L,90808,2025-03-30 13:49
F589,P0521,机油压力传感器电路范围故障,长城哈弗H6,27012,2025-01-29 15:48
F590,C0561,ABS系统控制模块故障,奔驰C级,76297,2025-11-11 12:52
F591,P0340,凸轮轴位置传感器电路故障,丰田凯美瑞,42632,2024-05-12 09:13
F592,B0100,空气囊控制模块故障,大众帕萨特,122473,2024-09-05 11:09
F593,P0122,节气门位置传感器电压低,本田CR-V,72521,2025-12-09 14:21
F594,C0035,左前轮速传感器电路故障,比亚迪宋PLUS,149449,2024-07-18 08:09
F595,P0442,燃油蒸发系统泄漏（小泄漏）,宝马5系,127570,2024-05-12 17:12
F596,B0200,右前安全气囊传感器故障,奥迪Q5L,136607,2025-04-19 14:33
F597,P0606,ECM内部控制模块处理器故障,福特锐界,51555,2024-07-17 14:15
F598,C0051,右后轮速传感器电路故障,吉利博越,75872,2024-04-20 15:18
F599,B0016,驾驶员侧安全气囊模块故障,长城魏派VV7,43410,2024-03-10 12:11
F600,P0113,进气温度传感器电压高,奔驰E级,113162,2025-07-26 09:36
F601,P0301,1缸失火，发动机抖动,丰田卡罗拉,149206,2025-07-08 10:45
F602,C0045,右前轮速传感器故障,大众朗逸,75700,2024-09-23 13:18
F603,P0171,燃油系统过稀,本田思域,71385,2025-09-18 11:20
F604,B1234,空调压缩机不工作,比亚迪汉,44467,2024-01-23 14:06
F605,P0420,催化转化器效率低,宝马3系,21166,2025-11-11 08:59
F606,P0299,涡轮增压器压力不足,福特蒙迪欧,137300,2025-03-20 12:53
F607,C0121,刹车压力传感器信号异常,吉利星越L,115054,2024-02-29 16:13
F608,B0081,主驾驶安全带传感器故障,奥迪A4L,76573,2024-07-03 10:43
F609,P0521,机油压力传感器电路范围故障,长城哈弗H6,118862,2025-01-09 12:50
F610,C0561,ABS系统控制模块故障,奔驰C级,47045,2024-02-01 17:25
F611,P0340,凸轮轴位置传感器电路故障,丰田凯美瑞,83792,2024-09-07 13:36
F612,B0100,空气囊控制模块故障,大众帕萨特,93912,2025-01-13 16:36
F613,P0122,节气门位置传感器电压低,本田CR-V,61535,2025-01-16 12:17
F614,C0035,左前轮速传感器电路故障,比亚迪宋PLUS,110026,2025-02-21 14:49
F615,P0442,燃油蒸发系统泄漏（小泄漏）,宝马5系,110701,2024-09-15 08:45
F616,B0200,右前安全气囊传感器故障,奥迪Q5L,148230,2024-12-26 16:47
F617,P0606,ECM内部控制模块处理器故障,福特锐界,24286,2024-01-12 15:15
F618,C0051,右后轮速传感器电路故障,吉利博越,146839,2025-12-20 17:02
F619,B0016,驾驶员侧安全气囊模块故障,长城魏派VV7,87852,2024-10-29 13:12
F620,P0113,进气温度传感器电压高,奔驰E级,95955,2025-09-28 16:17
F621,P0301,1缸失火，发动机抖动,丰田卡罗拉,88117,2024-11-26 16:31
F622,C0045,右前轮速传感器故障,大众朗逸,34780,2024-12-11 13:54
F623,P0171,燃油系统过稀,本田思域,86027,2025-05-28 16:34
F624,B1234,空调压缩机不工作,比亚迪汉,70717,2025-05-22 16:56
F625,P0420,催化转化器效率低,宝马3系,95260,2025-09-18 08:30
F626,P0299,涡轮增压器压力不足,福特蒙迪欧,105925,2025-03-25 10:14
F627,C0121,刹车压力传感器信号异常,吉利星越L,65825,2025-12-18 16:16
F628,B0081,主驾驶安全带传感器故障,奥迪A4L,99457,2025-10-25 14:43
F629,P0521,机油压力传感器电路范围故障,长城哈弗H6,133809,2025-06-07 15:50
F630,C0561,ABS系统控制模块故障,奔驰C级,102576,2025-03-06 12:06
F631,P0340,凸轮轴位置传感器电路故障,丰田凯美瑞,98270,2024-01-31 10:18
F632,B0100,空气囊控制模块故障,大众帕萨特,100155,2024-03-21 08:10
F633,P0122,节气门位置传感器电压低,本田CR-V,32781,2025-08-13 12:59
F634,C0035,左前轮速传感器电路故障,比亚迪宋PLUS,77151,2024-11-30 11:49
F635,P0442,燃油蒸发系统泄漏（小泄漏）,宝马5系,95445,2025-07-30 10:25
F636,B0200,右前安全气囊传感器故障,奥迪Q5L,134439,2025-08-09 08:42
F637,P0606,ECM内部控制模块处理器故障,福特锐界,80460,2025-04-19 12:58
F638,C0051,右后轮速传感器电路故障,吉利博越,36239,2024-04-29 09:43
F639,B0016,驾驶员侧安全气囊模块故障,长城魏派VV7,39578,2024-05-02 17:21
F640,P0113,进气温度传感器电压高,奔驰E级,96291,2024-04-30 11:41
F641,P0301,1缸失火，发动机抖动,丰田卡罗拉,55448,2024-05-16 14:37
F642,C0045,右前轮速传感器故障,大众朗逸,128672,2024-02-22 15:14
F643,P0171,燃油系统过稀,本田思域,125305,2025-11-30 14:47
F644,B1234,空调压缩机不工作,比亚迪汉,58515,2024-08-07 14:33
F645,P0420,催化转化器效率低,宝马3系,29563,2024-06-02 09:17
F646,P0299,涡轮增压器压力不足,福特蒙迪欧,95500,2025-12-03 16:18
F647,C0121,刹车压力传感器信号异常,吉利星越L,24984,2025-05-17 17:46
F648,B0081,主驾驶安全带传感器故障,奥迪A4L,71819,2025-06-11 17:20
F649,P0521,机油压力传感器电路范围故障,长城哈弗H6,82524,2024-08-21 10:54
F650,C0561,ABS系统控制模块故障,奔驰C级,56782,2024-02-14 12:33
F651,P0340,凸轮轴位置传感器电路故障,丰田凯美瑞,60703,2024-08-15 15:17
F652,B0100,空气囊控制模块故障,大众帕萨特,69181,2024-10-28 08:22
F653,P0122,节气门位置传感器电压低,本田CR-V,84004,2025-05-06 08:00
F654,C0035,左前轮速传感器电路故障,比亚迪宋PLUS,28311,2025-05-04 15:58
F655,P0442,燃油蒸发系统泄漏（小泄漏）,宝马5系,22795,2024-06-23 17:41
F656,B0200,右前安全气囊传感器故障,奥迪Q5L,87819,2024-10-12 15:42
F657,P0606,ECM内部控制模块处理器故障,福特锐界,129043,2024-01-09 14:33
F658,C0051,右后轮速传感器电路故障,吉利博越,111284,2025-08-10 09:12
F659,B0016,驾驶员侧安全气囊模块故障,长城魏派VV7,84411,2025-09-19 08:00
F660,P0113,进气温度传感器电压高,奔驰E级,68787,2024-12-07 09:06
F661,P0301,1缸失火，发动机抖动,丰田卡罗拉,93292,2024-10-17 13:08
F662,C0045,右前轮速传感器故障,大众朗逸,37817,2025-09-03 14:44
F663,P0171,燃油系统过稀,本田思域,88260,2024-04-08 11:14
F664,B1234,空调压缩机不工作,比亚迪汉,86051,2025-09-18 10:22
F665,P0420,催化转化器效率低,宝马3系,104236,2025-09-18 16:37
F666,P0299,涡轮增压器压力不足,福特蒙迪欧,116656,2024-06-18 13:25
F667,C0121,刹车压力传感器信号异常,吉利星越L,125694,2025-04-17 13:48
F668,B0081,主驾驶安全带传感器故障,奥迪A4L,110261,2025-01-24 14:36
F669,P0521,机油压力传感器电路范围故障,长城哈弗H6,65303,2024-07-22 10:19
F670,C0561,ABS系统控制模块故障,奔驰C级,83996,2025-09-24 12:25
F671,P0340,凸轮轴位置传感器电路故障,丰田凯美瑞,28492,2024-05-14 09:13
F672,B0100,空气囊控制模块故障,大众帕萨特,123604,2025-02-25 15:59
F673,P0122,节气门位置传感器电压低,本田CR-V,120669,2024-10-15 16:44
F674,C0035,左前轮速传感器电路故障,比亚迪宋PLUS,37795,2025-08-18 10:05
F675,P0442,燃油蒸发系统泄漏（小泄漏）,宝马5系,78437,2024-04-18 12:42
F676,B0200,右前安全气囊传感器故障,奥迪Q5L,103880,2025-10-21 12:50
F677,P0606,ECM内部控制模块处理器故障,福特锐界,23652,2024-05-03 12:35
F678,C0051,右后轮速传感器电路故障,吉利博越,57289,2025-03-20 17:01
F679,B0016,驾驶员侧安全气囊模块故障,长城魏派VV7,34805,2025-05-23 12:19
F680,P0113,进气温度传感器电压高,奔驰E级,67374,2025-05-26 16:23
F681,P0301,1缸失火，发动机抖动,丰田卡罗拉,80439,2024-04-26 12:36
F682,C0045,右前轮速传感器故障,大众朗逸,143393,2025-11-16 15:57
F683,P0171,燃油系统过稀,本田思域,68535,2024-09-03 17:17
F684,B1234,空调压缩机不工作,比亚迪汉,31078,2024-12-08 08:32
F685,P0420,催化转化器效率低,宝马3系,23899,2025-04-11 16:36
F686,P0299,涡轮增压器压力不足,福特蒙迪欧,73642,2024-10-10 14:17
F687,C0121,刹车压力传感器信号异常,吉利星越L,147025,2025-03-30 13:37
F688,B0081,主驾驶安全带传感器故障,奥迪A4L,77616,2025-03-11 09:15
F689,P0521,机油压力传感器电路范围故障,长城哈弗H6,51457,2024-06-27 12:45
F690,C0561,ABS系统控制模块故障,奔驰C级,127481,2025-12-30 09:33
F691,P0340,凸轮轴位置传感器电路故障,丰田凯美瑞,133998,2024-10-09 13:00
F692,B0100,空气囊控制模块故障,大众帕萨特,146418,2025-08-31 08:30
F693,P0122,节气门位置传感器电压低,本田CR-V,28820,2025-06-10 16:33
F694,C0035,左前轮速传感器电路故障,比亚迪宋PLUS,37497,2024-01-17 13:32
F695,P0442,燃油蒸发系统泄漏（小泄漏）,宝马5系,80012,2025-03-27 13:26
F696,B0200,右前安全气囊传感器故障,奥迪Q5L,142828,2025-03-14 10:24
F697,P0606,ECM内部控制模块处理器故障,福特锐界,20323,2024-07-11 14:47
F698,C0051,右后轮速传感器电路故障,吉利博越,98060,2024-12-27 14:36
F699,B0016,驾驶员侧安全气囊模块故障,长城魏派VV7,139229,2025-10-31 17:15
F700,P0113,进气温度传感器电压高,奔驰E级,144580,2024-03-27 17:26
F701,P0301,1缸失火，发动机抖动,丰田卡罗拉,65043,2025-06-15 17:10
F702,C0045,右前轮速传感器故障,大众朗逸,85158,2025-06-26 09:18
F703,P0171,燃油系统过稀,本田思域,40174,2024-10-23 09:53
F704,B1234,空调压缩机不工作,比亚迪汉,99952,2025-12-11 08:22
F705,P0420,催化转化器效率低,宝马3系,127608,2025-08-26 16:34
F706,P0299,涡轮增压器压力不足,福特蒙迪欧,117780,2024-11-29 14:41
F707,C0121,刹车压力传感器信号异常,吉利星越L,75363,2025-12-10 14:14
F708,B0081,主驾驶安全带传感器故障,奥迪A4L,22943,2025-11-13 08:59
F709,P0521,机油压力传感器电路范围故障,长城哈弗H6,88925,2025-06-02 17:25
F710,C0561,ABS系统控制模块故障,奔驰C级,97399,2025-10-06 14:46
F711,P0340,凸轮轴位置传感器电路故障,丰田凯美瑞,104820,2024-12-07 15:09
F712,B0100,空气囊控制模块故障,大众帕萨特,39589,2025-09-25 10:09
F713,P0122,节气门位置传感器电压低,本田CR-V,72036,2025-01-16 13:31
F714,C0035,左前轮速传感器电路故障,比亚迪宋PLUS,29891,2024-01-11 10:38
F715,P0442,燃油蒸发系统泄漏（小泄漏）,宝马5系,96774,2024-02-05 12:41
F716,B0200,右前安全气囊传感器故障,奥迪Q5L,57765,2024-08-14 14:32
F717,P0606,ECM内部控制模块处理器故障,福特锐界,118828,2024-07-17 09:24
F718,C0051,右后轮速传感器电路故障,吉利博越,52710,2024-08-14 10:14
F719,B0016,驾驶员侧安全气囊模块故障,长城魏派VV7,26479,2024-08-06 15:16
F720,P0113,进气温度传感器电压高,奔驰E级,86002,2024-09-02 16:03
F721,P0301,1缸失火，发动机抖动,丰田卡罗拉,33963,2024-03-15 17:29
F722,C0045,右前轮速传感器故障,大众朗逸,40588,2025-06-27 14:06
F723,P0171,燃油系统过稀,本田思域,140296,2025-10-29 14:23
F724,B1234,空调压缩机不工作,比亚迪汉,47230,2024-11-24 13:45
F725,P0420,催化转化器效率低,宝马3系,36426,2025-09-07 10:17
F726,P0299,涡轮增压器压力不足,福特蒙迪欧,137590,2024-02-27 14:18
F727,C0121,刹车压力传感器信号异常,吉利星越L,84076,2024-04-11 15:49
F728,B0081,主驾驶安全带传感器故障,奥迪A4L,139591,2024-04-01 08:53
F729,P0521,机油压力传感器电路范围故障,长城哈弗H6,109844,2025-09-14 08:18
F730,C0561,ABS系统控制模块故障,奔驰C级,141950,2025-01-20 09:10
F731,P0340,凸轮轴位置传感器电路故障,丰田凯美瑞,66994,2025-04-26 17:46
F732,B0100,空气囊控制模块故障,大众帕萨特,88220,2024-12-19 14:50
F733,P0122,节气门位置传感器电压低,本田CR-V,74630,2024-07-15 09:39
F734,C0035,左前轮速传感器电路故障,比亚迪宋PLUS,33319,2024-06-11 15:32
F735,P0442,燃油蒸发系统泄漏（小泄漏）,宝马5系,42789,2024-02-10 14:41
F736,B0200,右前安全气囊传感器故障,奥迪Q5L,62756,2025-02-24 11:22
F737,P0606,ECM内部控制模块处理器故障,福特锐界,119198,2024-08-22 14:01
F738,C0051,右后轮速传感器电路故障,吉利博越,29279,2024-07-03 13:30
F739,B0016,驾驶员侧安全气囊模块故障,长城魏派VV7,118611,2025-03-02 15:00
F740,P0113,进气温度传感器电压高,奔驰E级,56098,2025-09-15 12:42
F741,P0301,1缸失火，发动机抖动,丰田卡罗拉,22122,2025-05-16 11:17
F742,C0045,右前轮速传感器故障,大众朗逸,56303,2024-09-15 17:53
F743,P0171,燃油系统过稀,本田思域,86276,2024-11-22 11:44
F744,B1234,空调压缩机不工作,比亚迪汉,124030,2025-01-13 15:19
F745,P0420,催化转化器效率低,宝马3系,42858,2024-12-11 15:28
F746,P0299,涡轮增压器压力不足,福特蒙迪欧,142017,2025-11-11 13:56
F747,C0121,刹车压力传感器信号异常,吉利星越L,115877,2025-02-11 11:58
F748,B0081,主驾驶安全带传感器故障,奥迪A4L,99935,2025-12-27 16:56
F749,P0521,机油压力传感器电路范围故障,长城哈弗H6,52507,2024-10-01 13:31
F750,C0561,ABS系统控制模块故障,奔驰C级,114789,2025-07-23 09:58
F751,P0340,凸轮轴位置传感器电路故障,丰田凯美瑞,114843,2024-03-23 17:31
F752,B0100,空气囊控制模块故障,大众帕萨特,52353,2025-01-26 16:41
F753,P0122,节气门位置传感器电压低,本田CR-V,146488,2025-04-13 16:39
F754,C0035,左前轮速传感器电路故障,比亚迪宋PLUS,29026,2025-09-05 10:11
F755,P0442,燃油蒸发系统泄漏（小泄漏）,宝马5系,86322,2024-02-08 09:40
F756,B0200,右前安全气囊传感器故障,奥迪Q5L,75490,2025-12-15 10:19
F757,P0606,ECM内部控制模块处理器故障,福特锐界,86590,2024-10-25 13:31
F758,C0051,右后轮速传感器电路故障,吉利博越,83163,2025-11-05 17:10
F759,B0016,驾驶员侧安全气囊模块故障,长城魏派VV7,112172,2025-06-09 13:17
F760,P0113,进气温度传感器电压高,奔驰E级,135692,2024-09-20 17:59
F761,P0301,1缸失火，发动机抖动,丰田卡罗拉,91318,2025-12-04 11:20
F762,C0045,右前轮速传感器故障,大众朗逸,123771,2024-12-05 15:31
F763,P0171,燃油系统过稀,本田思域,56977,2024-02-28 17:40
F764,B1234,空调压缩机不工作,比亚迪汉,117689,2025-06-21 08:11
F765,P0420,催化转化器效率低,宝马3系,116882,2024-01-16 12:43
F766,P0299,涡轮增压器压力不足,福特蒙迪欧,54794,2024-08-13 13:17
F767,C0121,刹车压力传感器信号异常,吉利星越L,28096,2024-04-09 10:49
F768,B0081,主驾驶安全带传感器故障,奥迪A4L,100112,2024-12-11 14:48
F769,P0521,机油压力传感器电路范围故障,长城哈弗H6,69606,2025-03-15 12:27
F770,C0561,ABS系统控制模块故障,奔驰C级,139604,2025-10-09 13:40
F771,P0340,凸轮轴位置传感器电路故障,丰田凯美瑞,57395,2024-10-28 10:47
F772,B0100,空气囊控制模块故障,大众帕萨特,80196,2024-12-03 15:22
F773,P0122,节气门位置传感器电压低,本田CR-V,148607,2024-03-29 08:31
F774,C0035,左前轮速传感器电路故障,比亚迪宋PLUS,113731,2025-07-22 08:53
F775,P0442,燃油蒸发系统泄漏（小泄漏）,宝马5系,84863,2024-06-27 12:28
F776,B0200,右前安全气囊传感器故障,奥迪Q5L,61347,2024-12-18 17:14
F777,P0606,ECM内部控制模块处理器故障,福特锐界,72170,2025-06-26 13:25
F778,C0051,右后轮速传感器电路故障,吉利博越,112138,2024-02-27 12:40
F779,B0016,驾驶员侧安全气囊模块故障,长城魏派VV7,41732,2025-10-19 11:31
F780,P0113,进气温度传感器电压高,奔驰E级,50670,2024-06-20 14:52
F781,P0301,1缸失火，发动机抖动,丰田卡罗拉,53136,2024-07-14 13:37
F782,C0045,右前轮速传感器故障,大众朗逸,80083,2025-07-22 17:46
F783,P0171,燃油系统过稀,本田思域,97497,2024-01-11 10:59
F784,B1234,空调压缩机不工作,比亚迪汉,89257,2024-02-16 17:43
F785,P0420,催化转化器效率低,宝马3系,76675,2024-11-15 12:13
F786,P0299,涡轮增压器压力不足,福特蒙迪欧,137603,2025-09-05 16:30
F787,C0121,刹车压力传感器信号异常,吉利星越L,115033,2025-07-29 13:20
F788,B0081,主驾驶安全带传感器故障,奥迪A4L,134526,2025-04-17 13:10
F789,P0521,机油压力传感器电路范围故障,长城哈弗H6,131464,2024-09-26 09:44
F790,C0561,ABS系统控制模块故障,奔驰C级,108272,2024-04-08 09:41
F791,P0340,凸轮轴位置传感器电路故障,丰田凯美瑞,111788,2024-02-18 17:44
F792,B0100,空气囊控制模块故障,大众帕萨特,86546,2025-03-19 14:16
F793,P0122,节气门位置传感器电压低,本田CR-V,71813,2025-12-19 13:41
F794,C0035,左前轮速传感器电路故障,比亚迪宋PLUS,73707,2024-10-22 13:20
F795,P0442,燃油蒸发系统泄漏（小泄漏）,宝马5系,50717,2024-07-01 14:09
F796,B0200,右前安全气囊传感器故障,奥迪Q5L,81603,2024-12-19 12:45
F797,P0606,ECM内部控制模块处理器故障,福特锐界,144177,2025-08-26 17:57
F798,C0051,右后轮速传感器电路故障,吉利博越,54023,2025-01-06 10:19
F799,B0016,驾驶员侧安全气囊模块故障,长城魏派VV7,124485,2025-04-11 16:00
F800,P0113,进气温度传感器电压高,奔驰E级,57004,2025-05-26 14:09
F801,P0301,1缸失火，发动机抖动,丰田卡罗拉,107178,2024-08-05 17:45
F802,C0045,右前轮速传感器故障,大众朗逸,38196,2024-08-13 08:46
F803,P0171,燃油系统过稀,本田思域,67245,2024-05-23 09:38
F804,B1234,空调压缩机不工作,比亚迪汉,138897,2024-01-11 14:04
F805,P0420,催化转化器效率低,宝马3系,145873,2024-05-25 10:29
F806,P0299,涡轮增压器压力不足,福特蒙迪欧,120821,2024-04-05 11:38
F807,C0121,刹车压力传感器信号异常,吉利星越L,38964,2024-09-20 16:16
F808,B0081,主驾驶安全带传感器故障,奥迪A4L,94902,2024-02-06 16:06
F809,P0521,机油压力传感器电路范围故障,长城哈弗H6,56980,2024-06-23 14:58
F810,C0561,ABS系统控制模块故障,奔驰C级,128353,2024-08-07 09:51
F811,P0340,凸轮轴位置传感器电路故障,丰田凯美瑞,53273,2024-02-06 12:44
F812,B0100,空气囊控制模块故障,大众帕萨特,128222,2025-01-12 15:29
F813,P0122,节气门位置传感器电压低,本田CR-V,45489,2025-07-13 11:06
F814,C0035,左前轮速传感器电路故障,比亚迪宋PLUS,124553,2025-03-05 11:37
F815,P0442,燃油蒸发系统泄漏（小泄漏）,宝马5系,58211,2024-09-03 10:20
F816,B0200,右前安全气囊传感器故障,奥迪Q5L,147459,2024-03-02 12:58
F817,P0606,ECM内部控制模块处理器故障,福特锐界,99813,2025-04-07 11:14
F818,C0051,右后轮速传感器电路故障,吉利博越,46791,2024-06-14 08:36
F819,B0016,驾驶员侧安全气囊模块故障,长城魏派VV7,59639,2025-08-23 08:51
F820,P0113,进气温度传感器电压高,奔驰E级,25990,2024-03-13 10:14
F821,P0301,1缸失火，发动机抖动,丰田卡罗拉,53180,2025-11-26 12:09
F822,C0045,右前轮速传感器故障,大众朗逸,145870,2025-04-06 15:51
F823,P0171,燃油系统过稀,本田思域,87810,2024-01-18 14:49
F824,B1234,空调压缩机不工作,比亚迪汉,105026,2025-09-10 11:29
F825,P0420,催化转化器效率低,宝马3系,133612,2024-09-02 11:44
F826,P0299,涡轮增压器压力不足,福特蒙迪欧,140221,2025-10-28 14:31
F827,C0121,刹车压力传感器信号异常,吉利星越L,87883,2025-01-10 09:31
F828,B0081,主驾驶安全带传感器故障,奥迪A4L,103585,2024-01-21 15:21
F829,P0521,机油压力传感器电路范围故障,长城哈弗H6,140888,2025-11-06 13:36
F830,C0561,ABS系统控制模块故障,奔驰C级,97254,2024-10-28 11:09
F831,P0340,凸轮轴位置传感器电路故障,丰田凯美瑞,114656,2025-03-09 17:37
F832,B0100,空气囊控制模块故障,大众帕萨特,64784,2025-02-05 11:36
F833,P0122,节气门位置传感器电压低,本田CR-V,82975,2024-03-20 16:34
F834,C0035,左前轮速传感器电路故障,比亚迪宋PLUS,66833,2024-05-08 08:20
F835,P0442,燃油蒸发系统泄漏（小泄漏）,宝马5系,100626,2024-01-21 09:28
F836,B0200,右前安全气囊传感器故障,奥迪Q5L,130838,2025-03-15 09:35
F837,P0606,ECM内部控制模块处理器故障,福特锐界,143163,2025-05-28 08:07
F838,C0051,右后轮速传感器电路故障,吉利博越,85208,2024-09-23 09:39
F839,B0016,驾驶员侧安全气囊模块故障,长城魏派VV7,126014,2024-09-12 10:36
F840,P0113,进气温度传感器电压高,奔驰E级,107479,2024-04-22 16:53
F841,P0301,1缸失火，发动机抖动,丰田卡罗拉,41198,2024-09-28 13:18
F842,C0045,右前轮速传感器故障,大众朗逸,38063,2025-07-16 16:27
F843,P0171,燃油系统过稀,本田思域,59191,2025-03-19 10:54
F844,B1234,空调压缩机不工作,比亚迪汉,102722,2024-03-19 13:04
F845,P0420,催化转化器效率低,宝马3系,85214,2024-08-25 08:59
F846,P0299,涡轮增压器压力不足,福特蒙迪欧,23268,2024-09-29 10:26
F847,C0121,刹车压力传感器信号异常,吉利星越L,34828,2025-10-05 08:43
F848,B0081,主驾驶安全带传感器故障,奥迪A4L,137998,2025-06-28 11:27
F849,P0521,机油压力传感器电路范围故障,长城哈弗H6,106208,2025-03-28 12:20
F850,C0561,ABS系统控制模块故障,奔驰C级,22740,2024-03-19 13:37
F851,P0340,凸轮轴位置传感器电路故障,丰田凯美瑞,46545,2024-11-14 15:41
F852,B0100,空气囊控制模块故障,大众帕萨特,106412,2024-01-11 15:01
F853,P0122,节气门位置传感器电压低,本田CR-V,86589,2025-11-11 11:25
F854,C0035,左前轮速传感器电路故障,比亚迪宋PLUS,87185,2024-04-14 16:00
F855,P0442,燃油蒸发系统泄漏（小泄漏）,宝马5系,127536,2024-09-29 14:51
F856,B0200,右前安全气囊传感器故障,奥迪Q5L,76871,2024-09-22 08:01
F857,P0606,ECM内部控制模块处理器故障,福特锐界,70021,2025-11-26 10:18
F858,C0051,右后轮速传感器电路故障,吉利博越,70826,2024-08-25 17:16
F859,B0016,驾驶员侧安全气囊模块故障,长城魏派VV7,34081,2024-01-25 14:11
F860,P0113,进气温度传感器电压高,奔驰E级,77975,2024-05-14 09:14
F861,P0301,1缸失火，发动机抖动,丰田卡罗拉,104063,2024-11-01 16:46
F862,C0045,右前轮速传感器故障,大众朗逸,83095,2024-06-30 17:35
F863,P0171,燃油系统过稀,本田思域,74906,2025-07-29 17:46
F864,B1234,空调压缩机不工作,比亚迪汉,124530,2024-08-21 13:13
F865,P0420,催化转化器效率低,宝马3系,73053,2025-05-13 16:50
F866,P0299,涡轮增压器压力不足,福特蒙迪欧,114654,2025-10-30 14:46
F867,C0121,刹车压力传感器信号异常,吉利星越L,42956,2025-07-01 14:24
F868,B0081,主驾驶安全带传感器故障,奥迪A4L,126966,2024-03-29 16:43
F869,P0521,机油压力传感器电路范围故障,长城哈弗H6,147740,2024-03-02 12:29
F870,C0561,ABS系统控制模块故障,奔驰C级,128611,2025-09-02 17:28
F871,P0340,凸轮轴位置传感器电路故障,丰田凯美瑞,23983,2024-07-27 14:57
F872,B0100,空气囊控制模块故障,大众帕萨特,102089,2024-09-17 17:16
F873,P0122,节气门位置传感器电压低,本田CR-V,50062,2024-11-26 09:38
F874,C0035,左前轮速传感器电路故障,比亚迪宋PLUS,117169,2025-07-30 16:16
F875,P0442,燃油蒸发系统泄漏（小泄漏）,宝马5系,110969,2024-10-09 15:58
F876,B0200,右前安全气囊传感器故障,奥迪Q5L,146563,2024-12-17 08:10
F877,P0606,ECM内部控制模块处理器故障,福特锐界,122710,2025-03-11 14:24
F878,C0051,右后轮速传感器电路故障,吉利博越,57934,2024-05-25 15:17
F879,B0016,驾驶员侧安全气囊模块故障,长城魏派VV7,43980,2025-09-26 17:46
F880,P0113,进气温度传感器电压高,奔驰E级,121121,2025-02-13 14:54
F881,P0301,1缸失火，发动机抖动,丰田卡罗拉,26779,2024-11-30 08:00
F882,C0045,右前轮速传感器故障,大众朗逸,142039,2025-08-17 12:13
F883,P0171,燃油系统过稀,本田思域,33141,2024-07-16 14:07
F884,B1234,空调压缩机不工作,比亚迪汉,57088,2025-12-04 14:38
F885,P0420,催化转化器效率低,宝马3系,140371,2025-01-09 15:58
F886,P0299,涡轮增压器压力不足,福特蒙迪欧,27766,2025-11-19 09:15
F887,C0121,刹车压力传感器信号异常,吉利星越L,48235,2025-09-19 12:48
F888,B0081,主驾驶安全带传感器故障,奥迪A4L,60457,2024-11-26 10:22
F889,P0521,机油压力传感器电路范围故障,长城哈弗H6,101965,2025-12-23 12:48
F890,C0561,ABS系统控制模块故障,奔驰C级,52095,2025-08-07 15:46
F891,P0340,凸轮轴位置传感器电路故障,丰田凯美瑞,103110,2024-05-16 16:39
F892,B0100,空气囊控制模块故障,大众帕萨特,45243,2025-09-11 08:21
F893,P0122,节气门位置传感器电压低,本田CR-V,95455,2025-10-24 16:41
F894,C0035,左前轮速传感器电路故障,比亚迪宋PLUS,109012,2025-05-31 15:06
F895,P0442,燃油蒸发系统泄漏（小泄漏）,宝马5系,146684,2024-11-07 12:31
F896,B0200,右前安全气囊传感器故障,奥迪Q5L,92431,2024-07-27 14:42
F897,P0606,ECM内部控制模块处理器故障,福特锐界,125480,2024-07-24 17:03
F898,C0051,右后轮速传感器电路故障,吉利博越,28215,2024-02-26 09:32
F899,B0016,驾驶员侧安全气囊模块故障,长城魏派VV7,142045,2024-09-22 14:29
F900,P0113,进气温度传感器电压高,奔驰E级,78388,2024-06-09 11:55
F901,P0301,1缸失火，发动机抖动,丰田卡罗拉,109319,2025-10-20 13:01
F902,C0045,右前轮速传感器故障,大众朗逸,31609,2025-05-05 16:22
F903,P0171,燃油系统过稀,本田思域,131279,2024-05-28 08:43
F904,B1234,空调压缩机不工作,比亚迪汉,98467,2024-01-09 14:50
F905,P0420,催化转化器效率低,宝马3系,144350,2025-05-11 08:45
F906,P0299,涡轮增压器压力不足,福特蒙迪欧,94847,2025-08-16 17:28
F907,C0121,刹车压力传感器信号异常,吉利星越L,43019,2024-12-21 16:01
F908,B0081,主驾驶安全带传感器故障,奥迪A4L,135255,2025-09-30 13:41
F909,P0521,机油压力传感器电路范围故障,长城哈弗H6,98825,2025-10-30 13:21
F910,C0561,ABS系统控制模块故障,奔驰C级,148623,2024-02-08 15:12
F911,P0340,凸轮轴位置传感器电路故障,丰田凯美瑞,106398,2024-11-14 13:39
F912,B0100,空气囊控制模块故障,大众帕萨特,54439,2024-10-10 10:29
F913,P0122,节气门位置传感器电压低,本田CR-V,130821,2025-08-27 12:32
F914,C0035,左前轮速传感器电路故障,比亚迪宋PLUS,47897,2024-10-21 09:22
F915,P0442,燃油蒸发系统泄漏（小泄漏）,宝马5系,109267,2025-06-30 16:35
F916,B0200,右前安全气囊传感器故障,奥迪Q5L,57666,2025-05-02 09:25
F917,P0606,ECM内部控制模块处理器故障,福特锐界,56975,2024-02-13 09:20
F918,C0051,右后轮速传感器电路故障,吉利博越,124825,2025-05-14 14:50
F919,B0016,驾驶员侧安全气囊模块故障,长城魏派VV7,39991,2024-08-05 10:36
F920,P0113,进气温度传感器电压高,奔驰E级,125904,2024-02-22 11:00
F921,P0301,1缸失火，发动机抖动,丰田卡罗拉,109439,2025-09-26 16:25
F922,C0045,右前轮速传感器故障,大众朗逸,148318,2025-06-22 09:28
F923,P0171,燃油系统过稀,本田思域,74633,2025-08-09 09:58
F924,B1234,空调压缩机不工作,比亚迪汉,68213,2024-12-30 11:54
F925,P0420,催化转化器效率低,宝马3系,74657,2025-01-10 10:21
F926,P0299,涡轮增压器压力不足,福特蒙迪欧,31108,2025-10-04 09:05
F927,C0121,刹车压力传感器信号异常,吉利星越L,129809,2025-11-13 10:42
F928,B0081,主驾驶安全带传感器故障,奥迪A4L,38787,2024-07-19 11:28
F929,P0521,机油压力传感器电路范围故障,长城哈弗H6,78622,2025-05-13 08:07
F930,C0561,ABS系统控制模块故障,奔驰C级,104542,2025-04-17 11:16
F931,P0340,凸轮轴位置传感器电路故障,丰田凯美瑞,76506,2025-10-06 15:03
F932,B0100,空气囊控制模块故障,大众帕萨特,111922,2025-02-10 14:13
F933,P0122,节气门位置传感器电压低,本田CR-V,60485,2025-07-09 13:28
F934,C0035,左前轮速传感器电路故障,比亚迪宋PLUS,35134,2025-09-27 10:38
F935,P0442,燃油蒸发系统泄漏（小泄漏）,宝马5系,100961,2024-11-30 12:47
F936,B0200,右前安全气囊传感器故障,奥迪Q5L,136910,2025-07-04 14:27
F937,P0606,ECM内部控制模块处理器故障,福特锐界,83333,2024-08-10 10:02
F938,C0051,右后轮速传感器电路故障,吉利博越,44090,2024-07-16 10:45
F939,B0016,驾驶员侧安全气囊模块故障,长城魏派VV7,21552,2024-03-30 10:20
F940,P0113,进气温度传感器电压高,奔驰E级,107926,2024-02-01 13:18
F941,P0301,1缸失火，发动机抖动,丰田卡罗拉,26039,2025-12-05 17:45
F942,C0045,右前轮速传感器故障,大众朗逸,58304,2025-09-07 13:00
F943,P0171,燃油系统过稀,本田思域,142345,2024-09-10 09:42
F944,B1234,空调压缩机不工作,比亚迪汉,43310,2024-06-06 10:09
F945,P0420,催化转化器效率低,宝马3系,82204,2025-02-09 16:32
F946,P0299,涡轮增压器压力不足,福特蒙迪欧,105024,2025-12-10 11:58
F947,C0121,刹车压力传感器信号异常,吉利星越L,70441,2025-07-09 08:40
F948,B0081,主驾驶安全带传感器故障,奥迪A4L,91661,2024-04-05 13:46
F949,P0521,机油压力传感器电路范围故障,长城哈弗H6,32857,2024-01-11 12:12
F950,C0561,ABS系统控制模块故障,奔驰C级,31935,2024-07-14 12:15
F951,P0340,凸轮轴位置传感器电路故障,丰田凯美瑞,48419,2024-11-07 11:40
F952,B0100,空气囊控制模块故障,大众帕萨特,26953,2024-12-22 09:53
F953,P0122,节气门位置传感器电压低,本田CR-V,37840,2025-03-14 13:56
F954,C0035,左前轮速传感器电路故障,比亚迪宋PLUS,34207,2025-10-10 16:18
F955,P0442,燃油蒸发系统泄漏（小泄漏）,宝马5系,126820,2025-12-22 09:12
F956,B0200,右前安全气囊传感器故障,奥迪Q5L,47353,2024-01-20 16:36
F957,P0606,ECM内部控制模块处理器故障,福特锐界,137135,2024-04-24 12:58
F958,C0051,右后轮速传感器电路故障,吉利博越,132686,2025-08-25 17:17
F959,B0016,驾驶员侧安全气囊模块故障,长城魏派VV7,112630,2025-03-08 12:13
F960,P0113,进气温度传感器电压高,奔驰E级,127582,2025-11-24 08:56
F961,P0301,1缸失火，发动机抖动,丰田卡罗拉,78846,2024-10-22 13:53
F962,C0045,右前轮速传感器故障,大众朗逸,65920,2024-12-20 13:21
F963,P0171,燃油系统过稀,本田思域,113005,2025-11-30 08:07
F964,B1234,空调压缩机不工作,比亚迪汉,43366,2024-11-30 13:13
F965,P0420,催化转化器效率低,宝马3系,51620,2024-01-15 11:37
F966,P0299,涡轮增压器压力不足,福特蒙迪欧,89479,2024-04-29 10:51
F967,C0121,刹车压力传感器信号异常,吉利星越L,41740,2025-08-04 16:26
F968,B0081,主驾驶安全带传感器故障,奥迪A4L,68355,2024-06-16 11:30
F969,P0521,机油压力传感器电路范围故障,长城哈弗H6,126834,2025-04-05 13:15
F970,C0561,ABS系统控制模块故障,奔驰C级,112287,2024-05-12 11:17
F971,P0340,凸轮轴位置传感器电路故障,丰田凯美瑞,126677,2024-01-07 10:39
F972,B0100,空气囊控制模块故障,大众帕萨特,139379,2025-06-14 11:57
F973,P0122,节气门位置传感器电压低,本田CR-V,130207,2024-04-14 14:58
F974,C0035,左前轮速传感器电路故障,比亚迪宋PLUS,39470,2024-08-02 13:00
F975,P0442,燃油蒸发系统泄漏（小泄漏）,宝马5系,127952,2025-02-23 15:53
F976,B0200,右前安全气囊传感器故障,奥迪Q5L,123929,2025-02-10 08:46
F977,P0606,ECM内部控制模块处理器故障,福特锐界,126254,2025-12-27 15:33
F978,C0051,右后轮速传感器电路故障,吉利博越,90630,2024-07-08 16:35
F979,B0016,驾驶员侧安全气囊模块故障,长城魏派VV7,68494,2025-11-22 10:05
F980,P0113,进气温度传感器电压高,奔驰E级,83376,2025-11-16 10:04
F981,P0301,1缸失火，发动机抖动,丰田卡罗拉,98582,2025-08-09 13:38
F982,C0045,右前轮速传感器故障,大众朗逸,90762,2025-03-27 16:17
F983,P0171,燃油系统过稀,本田思域,27233,2025-12-15 11:20
F984,B1234,空调压缩机不工作,比亚迪汉,126166,2024-10-09 10:59
F985,P0420,催化转化器效率低,宝马3系,106147,2025-12-05 11:21
F986,P0299,涡轮增压器压力不足,福特蒙迪欧,108902,2024-07-10 14:20
F987,C0121,刹车压力传感器信号异常,吉利星越L,74332,2024-07-25 15:27
F988,B0081,主驾驶安全带传感器故障,奥迪A4L,110452,2024-11-20 13:02
F989,P0521,机油压力传感器电路范围故障,长城哈弗H6,66000,2024-08-01 13:39
F990,C0561,ABS系统控制模块故障,奔驰C级,88508,2025-04-26 14:42
F991,P0340,凸轮轴位置传感器电路故障,丰田凯美瑞,39715,2024-07-19 16:11
F992,B0100,空气囊控制模块故障,大众帕萨特,25687,2025-06-15 16:55
F993,P0122,节气门位置传感器电压低,本田CR-V,78674,2024-12-03 08:07
F994,C0035,左前轮速传感器电路故障,比亚迪宋PLUS,149287,2025-06-03 10:56
F995,P0442,燃油蒸发系统泄漏（小泄漏）,宝马5系,110961,2025-01-26 09:29
F996,B0200,右前安全气囊传感器故障,奥迪Q5L,112317,2025-09-05 10:19
F997,P0606,ECM内部控制模块处理器故障,福特锐界,43579,2025-05-14 14:43
F998,C0051,右后轮速传感器电路故障,吉利博越,121448,2025-12-21 16:09
F999,B0016,驾驶员侧安全气囊模块故障,长城魏派VV7,67480,2024-09-16 12:46
F1000,P0113,进气温度传感器电压高,奔驰E级,133762,2025-02-18 09:52
F1001,P0301,1缸失火，发动机抖动,丰田卡罗拉,99278,2024-01-10 09:29
F1002,C0045,右前轮速传感器故障,大众朗逸,22944,2024-04-07 12:48
F1003,P0171,燃油系统过稀,本田思域,131271,2025-05-02 13:22
F1004,B1234,空调压缩机不工作,比亚迪汉,124071,2025-01-20 16:50
F1005,P0420,催化转化器效率低,宝马3系,67415,2024-02-21 15:06
F1006,P0299,涡轮增压器压力不足,福特蒙迪欧,114194,2025-06-22 14:02
F1007,C0121,刹车压力传感器信号异常,吉利星越L,49397,2025-02-05 12:51
F1008,B0081,主驾驶安全带传感器故障,奥迪A4L,27711,2025-02-08 10:26
F1009,P0521,机油压力传感器电路范围故障,长城哈弗H6,86152,2024-05-30 11:56
F1010,C0561,ABS系统控制模块故障,奔驰C级,63254,2024-05-25 08:42
F1011,P0340,凸轮轴位置传感器电路故障,丰田凯美瑞,146509,2025-06-14 12:46
F1012,B0100,空气囊控制模块故障,大众帕萨特,84103,2025-10-18 16:17
F1013,P0122,节气门位置传感器电压低,本田CR-V,126157,2025-10-07 16:43
F1014,C0035,左前轮速传感器电路故障,比亚迪宋PLUS,91436,2025-04-08 13:35
F1015,P0442,燃油蒸发系统泄漏（小泄漏）,宝马5系,106404,2024-06-22 16:43
F1016,B0200,右前安全气囊传感器故障,奥迪Q5L,147409,2024-05-03 15:49
F1017,P0606,ECM内部控制模块处理器故障,福特锐界,103556,2024-12-04 16:26
F1018,C0051,右后轮速传感器电路故障,吉利博越,111410,2025-12-27 10:50
F1019,B0016,驾驶员侧安全气囊模块故障,长城魏派VV7,141536,2025-07-23 13:48
F1020,P0113,进气温度传感器电压高,奔驰E级,110418,2024-11-23 16:56
F1021,P0301,1缸失火，发动机抖动,丰田卡罗拉,88053,2024-06-05 12:49
F1022,C0045,右前轮速传感器故障,大众朗逸,77636,2025-08-02 10:47
F1023,P0171,燃油系统过稀,本田思域,75428,2025-05-03 11:14
F1024,B1234,空调压缩机不工作,比亚迪汉,56014,2025-02-14 15:05
F1025,P0420,催化转化器效率低,宝马3系,129640,2024-04-23 11:19
F1026,P0299,涡轮增压器压力不足,福特蒙迪欧,54350,2025-01-21 17:18
F1027,C0121,刹车压力传感器信号异常,吉利星越L,91493,2024-06-20 11:50
F1028,B0081,主驾驶安全带传感器故障,奥迪A4L,119661,2024-03-19 15:32
F1029,P0521,机油压力传感器电路范围故障,长城哈弗H6,134447,2025-07-20 14:15
F1030,C0561,ABS系统控制模块故障,奔驰C级,135577,2024-03-08 16:39
F1031,P0340,凸轮轴位置传感器电路故障,丰田凯美瑞,94491,2024-01-03 12:51
F1032,B0100,空气囊控制模块故障,大众帕萨特,115708,2024-03-21 12:41
F1033,P0122,节气门位置传感器电压低,本田CR-V,102912,2025-02-03 12:27
F1034,C0035,左前轮速传感器电路故障,比亚迪宋PLUS,101876,2025-06-12 12:12
F1035,P0442,燃油蒸发系统泄漏（小泄漏）,宝马5系,46366,2025-11-02 10:15
F1036,B0200,右前安全气囊传感器故障,奥迪Q5L,115474,2025-05-14 17:49
F1037,P0606,ECM内部控制模块处理器故障,福特锐界,121746,2024-12-19 17:36
F1038,C0051,右后轮速传感器电路故障,吉利博越,123997,2025-06-09 14:20
F1039,B0016,驾驶员侧安全气囊模块故障,长城魏派VV7,120443,2024-04-14 16:02
F1040,P0113,进气温度传感器电压高,奔驰E级,132553,2025-09-23 09:03
F1041,P0301,1缸失火，发动机抖动,丰田卡罗拉,113332,2024-09-28 12:44
F1042,C0045,右前轮速传感器故障,大众朗逸,95568,2024-04-06 13:27
F1043,P0171,燃油系统过稀,本田思域,77260,2024-12-09 16:23
F1044,B1234,空调压缩机不工作,比亚迪汉,84126,2024-09-16 17:45
F1045,P0420,催化转化器效率低,宝马3系,51790,2025-02-17 17:28
F1046,P0299,涡轮增压器压力不足,福特蒙迪欧,133731,2024-05-19 08:44
F1047,C0121,刹车压力传感器信号异常,吉利星越L,89654,2024-08-26 17:20
F1048,B0081,主驾驶安全带传感器故障,奥迪A4L,21035,2025-11-03 09:43
F1049,P0521,机油压力传感器电路范围故障,长城哈弗H6,49501,2024-12-11 11:04
F1050,C0561,ABS系统控制模块故障,奔驰C级,141670,2024-06-24 11:11
F1051,P0340,凸轮轴位置传感器电路故障,丰田凯美瑞,58780,2024-05-30 08:57
F1052,B0100,空气囊控制模块故障,大众帕萨特,140225,2024-03-04 17:34
F1053,P0122,节气门位置传感器电压低,本田CR-V,143358,2025-03-29 17:50
F1054,C0035,左前轮速传感器电路故障,比亚迪宋PLUS,21139,2025-11-01 11:32
F1055,P0442,燃油蒸发系统泄漏（小泄漏）,宝马5系,26494,2024-09-11 15:59
F1056,B0200,右前安全气囊传感器故障,奥迪Q5L,128098,2025-04-10 10:09
F1057,P0606,ECM内部控制模块处理器故障,福特锐界,149204,2025-07-17 17:23
F1058,C0051,右后轮速传感器电路故障,吉利博越,34138,2025-10-29 17:08
F1059,B0016,驾驶员侧安全气囊模块故障,长城魏派VV7,21987,2024-06-10 08:42
F1060,P0113,进气温度传感器电压高,奔驰E级,78594,2024-12-06 11:05
F1061,P0301,1缸失火，发动机抖动,丰田卡罗拉,22879,2024-09-02 10:23
F1062,C0045,右前轮速传感器故障,大众朗逸,125715,2024-10-10 08:11
F1063,P0171,燃油系统过稀,本田思域,142760,2024-11-11 09:25
F1064,B1234,空调压缩机不工作,比亚迪汉,30242,2025-11-02 14:19
F1065,P0420,催化转化器效率低,宝马3系,75627,2024-12-13 08:53
F1066,P0299,涡轮增压器压力不足,福特蒙迪欧,50515,2025-10-28 16:56
F1067,C0121,刹车压力传感器信号异常,吉利星越L,93081,2025-02-26 10:32
F1068,B0081,主驾驶安全带传感器故障,奥迪A4L,131754,2025-12-16 12:19
F1069,P0521,机油压力传感器电路范围故障,长城哈弗H6,43982,2025-11-28 12:11
F1070,C0561,ABS系统控制模块故障,奔驰C级,56099,2024-05-05 17:45
F1071,P0340,凸轮轴位置传感器电路故障,丰田凯美瑞,74003,2025-08-13 12:40
F1072,B0100,空气囊控制模块故障,大众帕萨特,140615,2025-06-11 09:20
F1073,P0122,节气门位置传感器电压低,本田CR-V,121084,2024-11-29 14:26
F1074,C0035,左前轮速传感器电路故障,比亚迪宋PLUS,116441,2024-06-17 16:11
F1075,P0442,燃油蒸发系统泄漏（小泄漏）,宝马5系,43197,2024-10-21 15:40
F1076,B0200,右前安全气囊传感器故障,奥迪Q5L,147781,2024-08-04 08:58
F1077,P0606,ECM内部控制模块处理器故障,福特锐界,60075,2025-04-11 16:02
F1078,C0051,右后轮速传感器电路故障,吉利博越,68539,2024-07-14 15:28
F1079,B0016,驾驶员侧安全气囊模块故障,长城魏派VV7,57696,2025-11-18 14:33
F1080,P0113,进气温度传感器电压高,奔驰E级,128757,2025-10-02 16:10
F1081,P0301,1缸失火，发动机抖动,丰田卡罗拉,38843,2025-02-08 16:06
F1082,C0045,右前轮速传感器故障,大众朗逸,107037,2025-03-12 11:25
F1083,P0171,燃油系统过稀,本田思域,23960,2024-07-14 09:56
F1084,B1234,空调压缩机不工作,比亚迪汉,140800,2024-07-31 17:09
F1085,P0420,催化转化器效率低,宝马3系,23986,2025-08-14 15:48
F1086,P0299,涡轮增压器压力不足,福特蒙迪欧,41222,2024-08-24 09:18
F1087,C0121,刹车压力传感器信号异常,吉利星越L,78468,2024-12-07 17:55
F1088,B0081,主驾驶安全带传感器故障,奥迪A4L,142779,2024-11-28 11:20
F1089,P0521,机油压力传感器电路范围故障,长城哈弗H6,144870,2025-05-26 15:54
F1090,C0561,ABS系统控制模块故障,奔驰C级,138623,2024-02-12 17:34
F1091,P0340,凸轮轴位置传感器电路故障,丰田凯美瑞,132447,2025-10-26 08:27
F1092,B0100,空气囊控制模块故障,大众帕萨特,44365,2025-01-26 13:14
F1093,P0122,节气门位置传感器电压低,本田CR-V,78605,2024-12-09 14:18
F1094,C0035,左前轮速传感器电路故障,比亚迪宋PLUS,142337,2025-09-16 09:43
F1095,P0442,燃油蒸发系统泄漏（小泄漏）,宝马5系,141961,2024-09-18 13:10
F1096,B0200,右前安全气囊传感器故障,奥迪Q5L,43255,2025-02-04 16:21
F1097,P0606,ECM内部控制模块处理器故障,福特锐界,31226,2024-03-17 08:32
F1098,C0051,右后轮速传感器电路故障,吉利博越,54952,2025-01-06 09:31
F1099,B0016,驾驶员侧安全气囊模块故障,长城魏派VV7,141204,2025-10-04 11:04
F1100,P0113,进气温度传感器电压高,奔驰E级,24870,2024-10-11 16:47
F1101,P0301,1缸失火，发动机抖动,丰田卡罗拉,58150,2024-11-29 16:11
F1102,C0045,右前轮速传感器故障,大众朗逸,59011,2025-03-17 16:07
F1103,P0171,燃油系统过稀,本田思域,142761,2024-01-23 13:48
F1104,B1234,空调压缩机不工作,比亚迪汉,33011,2025-07-12 16:15
F1105,P0420,催化转化器效率低,宝马3系,128910,2025-08-17 15:27
F1106,P0299,涡轮增压器压力不足,福特蒙迪欧,148822,2025-03-11 17:00
F1107,C0121,刹车压力传感器信号异常,吉利星越L,136840,2025-09-08 13:35
F1108,B0081,主驾驶安全带传感器故障,奥迪A4L,103039,2024-03-04 11:15
F1109,P0521,机油压力传感器电路范围故障,长城哈弗H6,81675,2025-07-20 16:16
F1110,C0561,ABS系统控制模块故障,奔驰C级,63110,2024-05-18 16:37
F1111,P0340,凸轮轴位置传感器电路故障,丰田凯美瑞,106774,2024-08-29 14:07
F1112,B0100,空气囊控制模块故障,大众帕萨特,36949,2024-06-23 11:37
F1113,P0122,节气门位置传感器电压低,本田CR-V,110690,2024-08-24 15:35
F1114,C0035,左前轮速传感器电路故障,比亚迪宋PLUS,45062,2025-08-20 17:33
F1115,P0442,燃油蒸发系统泄漏（小泄漏）,宝马5系,34043,2024-01-06 13:51
F1116,B0200,右前安全气囊传感器故障,奥迪Q5L,77952,2025-10-08 08:14
F1117,P0606,ECM内部控制模块处理器故障,福特锐界,54967,2024-09-13 17:09
F1118,C0051,右后轮速传感器电路故障,吉利博越,54283,2025-05-10 11:40
F1119,B0016,驾驶员侧安全气囊模块故障,长城魏派VV7,76376,2025-09-16 10:39
F1120,P0113,进气温度传感器电压高,奔驰E级,129445,2025-02-01 11:46
F1121,P0301,1缸失火，发动机抖动,丰田卡罗拉,123738,2025-07-12 14:08
F1122,C0045,右前轮速传感器故障,大众朗逸,137068,2024-04-15 16:36
F1123,P0171,燃油系统过稀,本田思域,105311,2025-08-02 16:52
F1124,B1234,空调压缩机不工作,比亚迪汉,105661,2025-06-19 13:11
F1125,P0420,催化转化器效率低,宝马3系,95893,2024-06-26 13:33
F1126,P0299,涡轮增压器压力不足,福特蒙迪欧,97350,2024-02-21 10:22
F1127,C0121,刹车压力传感器信号异常,吉利星越L,77705,2025-05-17 13:52
F1128,B0081,主驾驶安全带传感器故障,奥迪A4L,68636,2025-01-18 16:35
F1129,P0521,机油压力传感器电路范围故障,长城哈弗H6,112407,2024-08-04 15:28
F1130,C0561,ABS系统控制模块故障,奔驰C级,47891,2025-12-05 17:07
F1131,P0340,凸轮轴位置传感器电路故障,丰田凯美瑞,73732,2025-12-18 12:53
F1132,B0100,空气囊控制模块故障,大众帕萨特,29032,2025-05-26 15:55
F1133,P0122,节气门位置传感器电压低,本田CR-V,148340,2024-07-21 17:44
F1134,C0035,左前轮速传感器电路故障,比亚迪宋PLUS,149409,2024-11-12 11:57
F1135,P0442,燃油蒸发系统泄漏（小泄漏）,宝马5系,112559,2025-01-28 17:48
F1136,B0200,右前安全气囊传感器故障,奥迪Q5L,34594,2025-11-18 10:54
F1137,P0606,ECM内部控制模块处理器故障,福特锐界,85512,2024-07-04 16:58
F1138,C0051,右后轮速传感器电路故障,吉利博越,25554,2024-08-09 08:53
F1139,B0016,驾驶员侧安全气囊模块故障,长城魏派VV7,143617,2024-09-10 16:30
F1140,P0113,进气温度传感器电压高,奔驰E级,30697,2024-10-19 13:36
F1141,P0301,1缸失火，发动机抖动,丰田卡罗拉,115149,2025-08-27 16:29
F1142,C0045,右前轮速传感器故障,大众朗逸,24686,2025-12-18 15:47
F1143,P0171,燃油系统过稀,本田思域,131883,2024-10-01 09:43
F1144,B1234,空调压缩机不工作,比亚迪汉,55473,2025-04-07 13:13
F1145,P0420,催化转化器效率低,宝马3系,93228,2024-11-16 13:48
F1146,P0299,涡轮增压器压力不足,福特蒙迪欧,37075,2025-12-30 08:06
F1147,C0121,刹车压力传感器信号异常,吉利星越L,76251,2025-04-18 08:21
F1148,B0081,主驾驶安全带传感器故障,奥迪A4L,63325,2025-05-25 11:20
F1149,P0521,机油压力传感器电路范围故障,长城哈弗H6,126846,2025-04-06 11:39
F1150,C0561,ABS系统控制模块故障,奔驰C级,131023,2025-11-26 09:16
F1151,P0340,凸轮轴位置传感器电路故障,丰田凯美瑞,136710,2024-12-03 13:10
F1152,B0100,空气囊控制模块故障,大众帕萨特,20590,2024-05-21 13:43
F1153,P0122,节气门位置传感器电压低,本田CR-V,29426,2025-04-27 16:58
F1154,C0035,左前轮速传感器电路故障,比亚迪宋PLUS,110712,2025-05-31 11:07
F1155,P0442,燃油蒸发系统泄漏（小泄漏）,宝马5系,102011,2024-11-02 09:45
F1156,B0200,右前安全气囊传感器故障,奥迪Q5L,115249,2025-01-29 17:15
F1157,P0606,ECM内部控制模块处理器故障,福特锐界,69342,2025-08-23 17:26
F1158,C0051,右后轮速传感器电路故障,吉利博越,83723,2024-07-18 08:56
F1159,B0016,驾驶员侧安全气囊模块故障,长城魏派VV7,104488,2025-02-06 15:10
F1160,P0113,进气温度传感器电压高,奔驰E级,76897,2025-12-01 13:27
F1161,P0301,1缸失火，发动机抖动,丰田卡罗拉,85649,2025-09-20 15:15
F1162,C0045,右前轮速传感器故障,大众朗逸,41800,2024-08-23 13:15
F1163,P0171,燃油系统过稀,本田思域,131887,2024-02-28 13:51
F1164,B1234,空调压缩机不工作,比亚迪汉,68286,2024-08-08 15:27
F1165,P0420,催化转化器效率低,宝马3系,76821,2024-08-29 14:30
F1166,P0299,涡轮增压器压力不足,福特蒙迪欧,146484,2024-04-21 08:08
F1167,C0121,刹车压力传感器信号异常,吉利星越L,80612,2025-02-10 09:06
F1168,B0081,主驾驶安全带传感器故障,奥迪A4L,114482,2025-04-10 14:01
F1169,P0521,机油压力传感器电路范围故障,长城哈弗H6,116754,2025-09-13 09:19
F1170,C0561,ABS系统控制模块故障,奔驰C级,62692,2025-10-15 11:01
F1171,P0340,凸轮轴位置传感器电路故障,丰田凯美瑞,149949,2024-12-15 12:01
F1172,B0100,空气囊控制模块故障,大众帕萨特,37110,2025-07-10 08:47
F1173,P0122,节气门位置传感器电压低,本田CR-V,80484,2025-04-06 12:34
F1174,C0035,左前轮速传感器电路故障,比亚迪宋PLUS,135192,2025-06-17 09:51
F1175,P0442,燃油蒸发系统泄漏（小泄漏）,宝马5系,69154,2024-02-20 10:15
F1176,B0200,右前安全气囊传感器故障,奥迪Q5L,42644,2025-10-27 15:50
F1177,P0606,ECM内部控制模块处理器故障,福特锐界,142154,2025-02-20 09:08
F1178,C0051,右后轮速传感器电路故障,吉利博越,38033,2024-02-09 09:18
F1179,B0016,驾驶员侧安全气囊模块故障,长城魏派VV7,44372,2024-04-17 11:00
F1180,P0113,进气温度传感器电压高,奔驰E级,142194,2025-12-16 08:14
F1181,P0301,1缸失火，发动机抖动,丰田卡罗拉,82566,2025-09-25 15:07
F1182,C0045,右前轮速传感器故障,大众朗逸,104310,2025-07-17 13:17
F1183,P0171,燃油系统过稀,本田思域,112368,2024-10-19 11:57
F1184,B1234,空调压缩机不工作,比亚迪汉,92728,2025-05-28 12:31
F1185,P0420,催化转化器效率低,宝马3系,132104,2025-09-04 16:56
F1186,P0299,涡轮增压器压力不足,福特蒙迪欧,120271,2025-11-29 14:17
F1187,C0121,刹车压力传感器信号异常,吉利星越L,84454,2025-06-05 13:00
F1188,B0081,主驾驶安全带传感器故障,奥迪A4L,137170,2024-03-05 10:49
F1189,P0521,机油压力传感器电路范围故障,长城哈弗H6,39954,2025-09-29 09:34
F1190,C0561,ABS系统控制模块故障,奔驰C级,58265,2024-11-21 14:47
F1191,P0340,凸轮轴位置传感器电路故障,丰田凯美瑞,97743,2025-02-08 10:43
F1192,B0100,空气囊控制模块故障,大众帕萨特,144147,2025-01-15 14:43
F1193,P0122,节气门位置传感器电压低,本田CR-V,79031,2025-09-13 16:24
F1194,C0035,左前轮速传感器电路故障,比亚迪宋PLUS,138900,2025-05-21 09:29
F1195,P0442,燃油蒸发系统泄漏（小泄漏）,宝马5系,22297,2025-11-29 12:10
F1196,B0200,右前安全气囊传感器故障,奥迪Q5L,53153,2024-06-29 15:52
F1197,P0606,ECM内部控制模块处理器故障,福特锐界,38306,2025-02-06 13:39
F1198,C0051,右后轮速传感器电路故障,吉利博越,106132,2024-01-02 14:41
F1199,B0016,驾驶员侧安全气囊模块故障,长城魏派VV7,85407,2024-03-23 16:55
F1200,P0113,进气温度传感器电压高,奔驰E级,70548,2024-12-31 10:30
F1201,P0301,1缸失火，发动机抖动,丰田卡罗拉,119452,2025-10-05 12:37
F1202,C0045,右前轮速传感器故障,大众朗逸,69631,2024-12-21 10:33
F1203,P0171,燃油系统过稀,本田思域,131373,2025-01-01 14:59
F1204,B1234,空调压缩机不工作,比亚迪汉,133168,2024-06-06 15:11
F1205,P0420,催化转化器效率低,宝马3系,108916,2024-06-09 12:03
F1206,P0299,涡轮增压器压力不足,福特蒙迪欧,83090,2024-03-26 11:47
F1207,C0121,刹车压力传感器信号异常,吉利星越L,52495,2025-08-14 11:22
F1208,B0081,主驾驶安全带传感器故障,奥迪A4L,94872,2025-02-17 13:19
F1209,P0521,机油压力传感器电路范围故障,长城哈弗H6,87017,2024-10-20 09:43
F1210,C0561,ABS系统控制模块故障,奔驰C级,89185,2025-11-16 16:37
F1211,P0340,凸轮轴位置传感器电路故障,丰田凯美瑞,77862,2024-09-21 12:24
F1212,B0100,空气囊控制模块故障,大众帕萨特,44600,2025-01-02 08:06
F1213,P0122,节气门位置传感器电压低,本田CR-V,142241,2025-09-22 09:12
F1214,C0035,左前轮速传感器电路故障,比亚迪宋PLUS,105711,2024-03-08 12:20
F1215,P0442,燃油蒸发系统泄漏（小泄漏）,宝马5系,130901,2025-06-16 16:27
F1216,B0200,右前安全气囊传感器故障,奥迪Q5L,33161,2024-12-20 11:02
F1217,P0606,ECM内部控制模块处理器故障,福特锐界,32157,2024-06-29 12:03
F1218,C0051,右后轮速传感器电路故障,吉利博越,74103,2025-01-04 09:40
F1219,B0016,驾驶员侧安全气囊模块故障,长城魏派VV7,97117,2025-04-30 15:35
F1220,P0113,进气温度传感器电压高,奔驰E级,112925,2025-01-15 11:07
F1221,P0301,1缸失火，发动机抖动,丰田卡罗拉,147830,2025-11-04 12:49
F1222,C0045,右前轮速传感器故障,大众朗逸,111887,2024-01-26 10:09
F1223,P0171,燃油系统过稀,本田思域,48387,2025-10-31 09:34
F1224,B1234,空调压缩机不工作,比亚迪汉,129500,2025-08-09 14:37
F1225,P0420,催化转化器效率低,宝马3系,66563,2025-07-12 09:18
F1226,P0299,涡轮增压器压力不足,福特蒙迪欧,56593,2024-12-14 09:35
F1227,C0121,刹车压力传感器信号异常,吉利星越L,137370,2025-03-31 08:52
F1228,B0081,主驾驶安全带传感器故障,奥迪A4L,127646,2024-05-05 13:50
F1229,P0521,机油压力传感器电路范围故障,长城哈弗H6,118285,2025-12-08 08:50
F1230,C0561,ABS系统控制模块故障,奔驰C级,43579,2024-03-04 09:16
F1231,P0340,凸轮轴位置传感器电路故障,丰田凯美瑞,141841,2025-02-25 15:50
F1232,B0100,空气囊控制模块故障,大众帕萨特,120263,2024-04-20 13:37
F1233,P0122,节气门位置传感器电压低,本田CR-V,63954,2024-11-10 15:00
F1234,C0035,左前轮速传感器电路故障,比亚迪宋PLUS,50955,2024-11-07 10:57
F1235,P0442,燃油蒸发系统泄漏（小泄漏）,宝马5系,82366,2024-02-19 16:37
F1236,B0200,右前安全气囊传感器故障,奥迪Q5L,31747,2025-10-10 15:05
F1237,P0606,ECM内部控制模块处理器故障,福特锐界,90824,2025-06-21 15:01
F1238,C0051,右后轮速传感器电路故障,吉利博越,93475,2024-09-04 14:52
F1239,B0016,驾驶员侧安全气囊模块故障,长城魏派VV7,84435,2025-06-24 10:08
F1240,P0113,进气温度传感器电压高,奔驰E级,123941,2024-06-07 12:06
F1241,P0301,1缸失火，发动机抖动,丰田卡罗拉,37991,2024-12-24 13:10
F1242,C0045,右前轮速传感器故障,大众朗逸,111445,2024-03-07 08:42
F1243,P0171,燃油系统过稀,本田思域,106789,2025-05-20 12:06
F1244,B1234,空调压缩机不工作,比亚迪汉,143134,2025-10-18 09:29
F1245,P0420,催化转化器效率低,宝马3系,107097,2025-04-12 14:07
F1246,P0299,涡轮增压器压力不足,福特蒙迪欧,40537,2025-07-23 09:47
F1247,C0121,刹车压力传感器信号异常,吉利星越L,110917,2025-04-29 16:57
F1248,B0081,主驾驶安全带传感器故障,奥迪A4L,113723,2024-01-04 13:05
F1249,P0521,机油压力传感器电路范围故障,长城哈弗H6,125951,2025-07-16 16:35
F1250,C0561,ABS系统控制模块故障,奔驰C级,40112,2024-07-01 08:27
F1251,P0340,凸轮轴位置传感器电路故障,丰田凯美瑞,35246,2025-06-29 15:12
F1252,B0100,空气囊控制模块故障,大众帕萨特,32201,2024-11-02 08:22
F1253,P0122,节气门位置传感器电压低,本田CR-V,97696,2025-12-26 13:07
F1254,C0035,左前轮速传感器电路故障,比亚迪宋PLUS,62595,2024-10-05 11:12
F1255,P0442,燃油蒸发系统泄漏（小泄漏）,宝马5系,138827,2025-02-16 10:24
F1256,B0200,右前安全气囊传感器故障,奥迪Q5L,128089,2025-07-31 16:08
F1257,P0606,ECM内部控制模块处理器故障,福特锐界,140604,2024-10-14 08:44
F1258,C0051,右后轮速传感器电路故障,吉利博越,81685,2024-07-14 11:10
F1259,B0016,驾驶员侧安全气囊模块故障,长城魏派VV7,55538,2025-05-16 10:38
F1260,P0113,进气温度传感器电压高,奔驰E级,53325,2024-06-29 08:45
F1261,P0301,1缸失火，发动机抖动,丰田卡罗拉,64151,2024-09-11 16:19
F1262,C0045,右前轮速传感器故障,大众朗逸,114676,2025-04-05 17:09
F1263,P0171,燃油系统过稀,本田思域,34372,2024-12-02 16:59
F1264,B1234,空调压缩机不工作,比亚迪汉,21624,2025-04-08 12:40
F1265,P0420,催化转化器效率低,宝马3系,77005,2025-01-08 13:02
F1266,P0299,涡轮增压器压力不足,福特蒙迪欧,30282,2024-12-11 12:01
F1267,C0121,刹车压力传感器信号异常,吉利星越L,55167,2025-05-25 11:34
F1268,B0081,主驾驶安全带传感器故障,奥迪A4L,108927,2025-11-22 17:23
F1269,P0521,机油压力传感器电路范围故障,长城哈弗H6,77698,2024-01-12 12:39
F1270,C0561,ABS系统控制模块故障,奔驰C级,130909,2024-08-04 14:26
F1271,P0340,凸轮轴位置传感器电路故障,丰田凯美瑞,43440,2025-10-18 16:56
F1272,B0100,空气囊控制模块故障,大众帕萨特,109709,2024-08-23 15:31
F1273,P0122,节气门位置传感器电压低,本田CR-V,69276,2025-02-09 14:10
F1274,C0035,左前轮速传感器电路故障,比亚迪宋PLUS,86386,2025-02-09 08:02
F1275,P0442,燃油蒸发系统泄漏（小泄漏）,宝马5系,47549,2025-10-15 11:50
F1276,B0200,右前安全气囊传感器故障,奥迪Q5L,67676,2025-02-12 15:15
F1277,P0606,ECM内部控制模块处理器故障,福特锐界,105319,2025-05-11 09:28
F1278,C0051,右后轮速传感器电路故障,吉利博越,39510,2025-11-04 14:06
F1279,B0016,驾驶员侧安全气囊模块故障,长城魏派VV7,142208,2025-02-27 08:23
F1280,P0113,进气温度传感器电压高,奔驰E级,48980,2024-03-26 13:36
F1281,P0301,1缸失火，发动机抖动,丰田卡罗拉,59847,2025-07-11 14:47
F1282,C0045,右前轮速传感器故障,大众朗逸,38077,2025-09-04 15:15
F1283,P0171,燃油系统过稀,本田思域,131614,2025-04-07 09:22
F1284,B1234,空调压缩机不工作,比亚迪汉,133327,2025-03-21 11:29
F1285,P0420,催化转化器效率低,宝马3系,63304,2024-02-10 12:57
F1286,P0299,涡轮增压器压力不足,福特蒙迪欧,101627,2025-02-17 14:08
F1287,C0121,刹车压力传感器信号异常,吉利星越L,136076,2025-04-24 13:44
F1288,B0081,主驾驶安全带传感器故障,奥迪A4L,108952,2024-01-25 15:15
F1289,P0521,机油压力传感器电路范围故障,长城哈弗H6,73833,2024-10-02 12:34
F1290,C0561,ABS系统控制模块故障,奔驰C级,88430,2024-12-02 16:48
F1291,P0340,凸轮轴位置传感器电路故障,丰田凯美瑞,122275,2024-02-24 13:39
F1292,B0100,空气囊控制模块故障,大众帕萨特,107382,2025-08-17 16:03
F1293,P0122,节气门位置传感器电压低,本田CR-V,106180,2025-12-24 17:15
F1294,C0035,左前轮速传感器电路故障,比亚迪宋PLUS,76256,2024-01-22 10:58
F1295,P0442,燃油蒸发系统泄漏（小泄漏）,宝马5系,134656,2025-06-16 08:06
F1296,B0200,右前安全气囊传感器故障,奥迪Q5L,132566,2025-02-17 14:43
F1297,P0606,ECM内部控制模块处理器故障,福特锐界,71721,2024-12-09 17:01
F1298,C0051,右后轮速传感器电路故障,吉利博越,85464,2025-11-29 14:54
F1299,B0016,驾驶员侧安全气囊模块故障,长城魏派VV7,73060,2024-08-25 10:59
F1300,P0113,进气温度传感器电压高,奔驰E级,122325,2024-09-07 13:50
F1301,P0301,1缸失火，发动机抖动,丰田卡罗拉,82479,2024-01-15 13:57
F1302,C0045,右前轮速传感器故障,大众朗逸,64020,2025-04-01 12:00
F1303,P0171,燃油系统过稀,本田思域,83563,2025-06-11 13:47
F1304,B1234,空调压缩机不工作,比亚迪汉,20078,2025-07-13 11:52
F1305,P0420,催化转化器效率低,宝马3系,141481,2024-12-25 14:58
F1306,P0299,涡轮增压器压力不足,福特蒙迪欧,126079,2024-04-08 11:05
F1307,C0121,刹车压力传感器信号异常,吉利星越L,136865,2024-10-10 09:02
F1308,B0081,主驾驶安全带传感器故障,奥迪A4L,61391,2025-10-10 11:32
F1309,P0521,机油压力传感器电路范围故障,长城哈弗H6,52131,2025-06-15 08:38
F1310,C0561,ABS系统控制模块故障,奔驰C级,89164,2024-11-28 13:30
F1311,P0340,凸轮轴位置传感器电路故障,丰田凯美瑞,34132,2025-05-27 16:37
F1312,B0100,空气囊控制模块故障,大众帕萨特,72769,2025-03-27 11:12
F1313,P0122,节气门位置传感器电压低,本田CR-V,120641,2024-08-02 09:00
F1314,C0035,左前轮速传感器电路故障,比亚迪宋PLUS,43892,2025-04-27 09:27
F1315,P0442,燃油蒸发系统泄漏（小泄漏）,宝马5系,81039,2025-08-12 16:18
F1316,B0200,右前安全气囊传感器故障,奥迪Q5L,72754,2025-05-26 13:19
F1317,P0606,ECM内部控制模块处理器故障,福特锐界,149756,2025-07-03 12:21
F1318,C0051,右后轮速传感器电路故障,吉利博越,89958,2024-01-28 09:37
F1319,B0016,驾驶员侧安全气囊模块故障,长城魏派VV7,97004,2024-05-28 12:18
F1320,P0113,进气温度传感器电压高,奔驰E级,73184,2025-02-28 08:30
F1321,P0301,1缸失火，发动机抖动,丰田卡罗拉,33841,2024-06-28 08:49
F1322,C0045,右前轮速传感器故障,大众朗逸,106518,2024-09-15 16:49
F1323,P0171,燃油系统过稀,本田思域,122477,2025-11-21 16:14
F1324,B1234,空调压缩机不工作,比亚迪汉,30497,2024-08-09 09:41
F1325,P0420,催化转化器效率低,宝马3系,53454,2025-04-13 08:13
F1326,P0299,涡轮增压器压力不足,福特蒙迪欧,133774,2025-06-06 09:13
F1327,C0121,刹车压力传感器信号异常,吉利星越L,75372,2024-07-25 10:52
F1328,B0081,主驾驶安全带传感器故障,奥迪A4L,122023,2025-08-21 10:24
F1329,P0521,机油压力传感器电路范围故障,长城哈弗H6,86090,2024-12-15 10:20
F1330,C0561,ABS系统控制模块故障,奔驰C级,119214,2025-02-17 09:00
F1331,P0340,凸轮轴位置传感器电路故障,丰田凯美瑞,86033,2024-12-29 16:35
F1332,B0100,空气囊控制模块故障,大众帕萨特,68106,2024-12-02 08:04
F1333,P0122,节气门位置传感器电压低,本田CR-V,137400,2024-11-27 13:28
F1334,C0035,左前轮速传感器电路故障,比亚迪宋PLUS,94845,2024-12-29 12:44
F1335,P0442,燃油蒸发系统泄漏（小泄漏）,宝马5系,109525,2024-06-20 13:45
F1336,B0200,右前安全气囊传感器故障,奥迪Q5L,88563,2025-12-28 08:14
F1337,P0606,ECM内部控制模块处理器故障,福特锐界,39663,2025-02-17 17:13
F1338,C0051,右后轮速传感器电路故障,吉利博越,67935,2025-11-19 16:49
F1339,B0016,驾驶员侧安全气囊模块故障,长城魏派VV7,37413,2025-11-02 12:02
F1340,P0113,进气温度传感器电压高,奔驰E级,135737,2025-04-02 14:56
F1341,P0301,1缸失火，发动机抖动,丰田卡罗拉,129827,2025-06-12 11:37
F1342,C0045,右前轮速传感器故障,大众朗逸,45646,2025-01-16 09:37
F1343,P0171,燃油系统过稀,本田思域,36847,2025-11-24 15:47
F1344,B1234,空调压缩机不工作,比亚迪汉,91975,2024-07-20 16:23
F1345,P0420,催化转化器效率低,宝马3系,85157,2025-11-20 09:23
F1346,P0299,涡轮增压器压力不足,福特蒙迪欧,21546,2025-01-07 12:54
F1347,C0121,刹车压力传感器信号异常,吉利星越L,148451,2024-05-09 15:39
F1348,B0081,主驾驶安全带传感器故障,奥迪A4L,100127,2024-09-16 17:05
F1349,P0521,机油压力传感器电路范围故障,长城哈弗H6,60031,2024-08-28 17:00
F1350,C0561,ABS系统控制模块故障,奔驰C级,133358,2025-07-29 08:11
F1351,P0340,凸轮轴位置传感器电路故障,丰田凯美瑞,38546,2024-09-13 15:25
F1352,B0100,空气囊控制模块故障,大众帕萨特,61302,2024-08-30 10:36
F1353,P0122,节气门位置传感器电压低,本田CR-V,106488,2024-05-30 14:02
F1354,C0035,左前轮速传感器电路故障,比亚迪宋PLUS,88762,2024-12-06 13:08
F1355,P0442,燃油蒸发系统泄漏（小泄漏）,宝马5系,118840,2024-06-24 09:17
F1356,B0200,右前安全气囊传感器故障,奥迪Q5L,63403,2025-10-02 13:31
F1357,P0606,ECM内部控制模块处理器故障,福特锐界,105273,2025-07-18 08:23
F1358,C0051,右后轮速传感器电路故障,吉利博越,100980,2025-10-18 12:21
F1359,B0016,驾驶员侧安全气囊模块故障,长城魏派VV7,136320,2025-02-08 09:19
F1360,P0113,进气温度传感器电压高,奔驰E级,104103,2025-12-03 09:56
F1361,P0301,1缸失火，发动机抖动,丰田卡罗拉,64829,2024-01-15 17:22
F1362,C0045,右前轮速传感器故障,大众朗逸,127544,2024-09-12 11:14
F1363,P0171,燃油系统过稀,本田思域,127336,2024-10-09 10:20
F1364,B1234,空调压缩机不工作,比亚迪汉,29914,2024-03-16 08:23
F1365,P0420,催化转化器效率低,宝马3系,20933,2024-03-28 17:14
F1366,P0299,涡轮增压器压力不足,福特蒙迪欧,127808,2024-07-02 08:59
F1367,C0121,刹车压力传感器信号异常,吉利星越L,101581,2025-12-19 08:21
F1368,B0081,主驾驶安全带传感器故障,奥迪A4L,74066,2024-04-02 15:21
F1369,P0521,机油压力传感器电路范围故障,长城哈弗H6,117821,2024-02-21 08:12
F1370,C0561,ABS系统控制模块故障,奔驰C级,140836,2024-06-12 16:20
F1371,P0340,凸轮轴位置传感器电路故障,丰田凯美瑞,106627,2024-10-21 14:33
F1372,B0100,空气囊控制模块故障,大众帕萨特,76567,2024-05-29 12:24
F1373,P0122,节气门位置传感器电压低,本田CR-V,20845,2024-04-07 11:23
F1374,C0035,左前轮速传感器电路故障,比亚迪宋PLUS,121599,2025-08-24 11:55
F1375,P0442,燃油蒸发系统泄漏（小泄漏）,宝马5系,25828,2024-03-29 13:29
F1376,B0200,右前安全气囊传感器故障,奥迪Q5L,39363,2024-02-11 11:40
F1377,P0606,ECM内部控制模块处理器故障,福特锐界,58092,2025-04-13 12:35
F1378,C0051,右后轮速传感器电路故障,吉利博越,55521,2024-03-06 15:15
F1379,B0016,驾驶员侧安全气囊模块故障,长城魏派VV7,107232,2024-12-21 17:29
F1380,P0113,进气温度传感器电压高,奔驰E级,62256,2024-11-08 17:58
F1381,P0301,1缸失火，发动机抖动,丰田卡罗拉,129672,2024-01-29 13:22
F1382,C0045,右前轮速传感器故障,大众朗逸,141622,2024-03-09 10:54
F1383,P0171,燃油系统过稀,本田思域,64949,2024-05-15 11:11
F1384,B1234,空调压缩机不工作,比亚迪汉,73930,2025-08-09 11:31
F1385,P0420,催化转化器效率低,宝马3系,29168,2025-10-31 10:48
F1386,P0299,涡轮增压器压力不足,福特蒙迪欧,136672,2025-09-19 09:28
F1387,C0121,刹车压力传感器信号异常,吉利星越L,134722,2025-07-10 11:42
F1388,B0081,主驾驶安全带传感器故障,奥迪A4L,143294,2025-09-01 17:05
F1389,P0521,机油压力传感器电路范围故障,长城哈弗H6,74422,2024-12-09 11:23
F1390,C0561,ABS系统控制模块故障,奔驰C级,134301,2025-11-02 14:54
F1391,P0340,凸轮轴位置传感器电路故障,丰田凯美瑞,49264,2025-01-19 10:48
F1392,B0100,空气囊控制模块故障,大众帕萨特,105495,2025-07-21 13:40
F1393,P0122,节气门位置传感器电压低,本田CR-V,80840,2025-12-04 08:37
F1394,C0035,左前轮速传感器电路故障,比亚迪宋PLUS,49023,2025-09-21 14:26
F1395,P0442,燃油蒸发系统泄漏（小泄漏）,宝马5系,149012,2024-11-10 16:45
F1396,B0200,右前安全气囊传感器故障,奥迪Q5L,124490,2025-02-25 10:24
F1397,P0606,ECM内部控制模块处理器故障,福特锐界,109917,2025-04-29 17:39
F1398,C0051,右后轮速传感器电路故障,吉利博越,95878,2025-01-16 14:43
F1399,B0016,驾驶员侧安全气囊模块故障,长城魏派VV7,98605,2024-02-22 12:56
F1400,P0113,进气温度传感器电压高,奔驰E级,106191,2024-04-23 09:09
F1401,P0301,1缸失火，发动机抖动,丰田卡罗拉,148042,2025-12-24 12:47
F1402,C0045,右前轮速传感器故障,大众朗逸,127878,2025-05-03 17:12
F1403,P0171,燃油系统过稀,本田思域,135669,2025-08-04 15:51
F1404,B1234,空调压缩机不工作,比亚迪汉,47301,2025-09-29 13:01
F1405,P0420,催化转化器效率低,宝马3系,63285,2024-09-08 09:57
F1406,P0299,涡轮增压器压力不足,福特蒙迪欧,54137,2024-02-11 16:26
F1407,C0121,刹车压力传感器信号异常,吉利星越L,24693,2025-11-12 12:41
F1408,B0081,主驾驶安全带传感器故障,奥迪A4L,145348,2024-06-29 15:29
F1409,P0521,机油压力传感器电路范围故障,长城哈弗H6,82875,2024-12-10 17:08
F1410,C0561,ABS系统控制模块故障,奔驰C级,100591,2025-01-09 08:00
F1411,P0340,凸轮轴位置传感器电路故障,丰田凯美瑞,83648,2024-06-08 08:11
F1412,B0100,空气囊控制模块故障,大众帕萨特,102381,2025-03-24 10:05
F1413,P0122,节气门位置传感器电压低,本田CR-V,85455,2025-09-08 16:33
F1414,C0035,左前轮速传感器电路故障,比亚迪宋PLUS,44906,2024-05-27 15:37
F1415,P0442,燃油蒸发系统泄漏（小泄漏）,宝马5系,141716,2024-06-25 08:23
F1416,B0200,右前安全气囊传感器故障,奥迪Q5L,50149,2025-03-22 10:28
F1417,P0606,ECM内部控制模块处理器故障,福特锐界,148311,2025-08-04 14:30
F1418,C0051,右后轮速传感器电路故障,吉利博越,146019,2024-07-23 12:44
F1419,B0016,驾驶员侧安全气囊模块故障,长城魏派VV7,117650,2024-10-02 16:54
F1420,P0113,进气温度传感器电压高,奔驰E级,98295,2024-12-26 16:11
F1421,P0301,1缸失火，发动机抖动,丰田卡罗拉,143986,2025-06-11 14:10
F1422,C0045,右前轮速传感器故障,大众朗逸,83315,2025-08-21 10:46
F1423,P0171,燃油系统过稀,本田思域,124234,2024-02-06 11:25
F1424,B1234,空调压缩机不工作,比亚迪汉,20883,2024-12-16 14:08
F1425,P0420,催化转化器效率低,宝马3系,108444,2025-07-05 12:37
F1426,P0299,涡轮增压器压力不足,福特蒙迪欧,102519,2025-06-07 09:28
F1427,C0121,刹车压力传感器信号异常,吉利星越L,47808,2025-04-06 17:47
F1428,B0081,主驾驶安全带传感器故障,奥迪A4L,102891,2024-09-27 10:03
F1429,P0521,机油压力传感器电路范围故障,长城哈弗H6,136419,2025-08-15 15:16
F1430,C0561,ABS系统控制模块故障,奔驰C级,76625,2024-11-06 17:02
F1431,P0340,凸轮轴位置传感器电路故障,丰田凯美瑞,100256,2025-04-11 08:58
F1432,B0100,空气囊控制模块故障,大众帕萨特,109269,2025-09-16 17:51
F1433,P0122,节气门位置传感器电压低,本田CR-V,49423,2025-01-20 10:36
F1434,C0035,左前轮速传感器电路故障,比亚迪宋PLUS,50889,2024-03-27 08:38
F1435,P0442,燃油蒸发系统泄漏（小泄漏）,宝马5系,136271,2024-07-07 12:19
F1436,B0200,右前安全气囊传感器故障,奥迪Q5L,31815,2025-09-09 15:09
F1437,P0606,ECM内部控制模块处理器故障,福特锐界,70784,2025-04-27 10:52
F1438,C0051,右后轮速传感器电路故障,吉利博越,95150,2025-08-04 11:18
F1439,B0016,驾驶员侧安全气囊模块故障,长城魏派VV7,35223,2025-01-16 10:29
F1440,P0113,进气温度传感器电压高,奔驰E级,142631,2024-09-29 12:20
F1441,P0301,1缸失火，发动机抖动,丰田卡罗拉,111482,2025-02-10 14:14
F1442,C0045,右前轮速传感器故障,大众朗逸,133021,2025-07-03 09:27
F1443,P0171,燃油系统过稀,本田思域,80603,2024-10-04 12:52
F1444,B1234,空调压缩机不工作,比亚迪汉,81963,2025-06-24 14:22
F1445,P0420,催化转化器效率低,宝马3系,134546,2025-03-02 16:03
F1446,P0299,涡轮增压器压力不足,福特蒙迪欧,29776,2025-05-17 17:18
F1447,C0121,刹车压力传感器信号异常,吉利星越L,57222,2025-01-11 14:36
F1448,B0081,主驾驶安全带传感器故障,奥迪A4L,146098,2024-06-27 08:24
F1449,P0521,机油压力传感器电路范围故障,长城哈弗H6,100286,2024-07-27 14:57
F1450,C0561,ABS系统控制模块故障,奔驰C级,60166,2025-05-24 10:48
F1451,P0340,凸轮轴位置传感器电路故障,丰田凯美瑞,145601,2024-11-02 10:47
F1452,B0100,空气囊控制模块故障,大众帕萨特,147020,2025-09-04 15:33
F1453,P0122,节气门位置传感器电压低,本田CR-V,106890,2024-07-09 12:08
F1454,C0035,左前轮速传感器电路故障,比亚迪宋PLUS,111865,2025-09-04 11:14
F1455,P0442,燃油蒸发系统泄漏（小泄漏）,宝马5系,82406,2025-05-02 09:27
F1456,B0200,右前安全气囊传感器故障,奥迪Q5L,20517,2025-08-21 17:28
F1457,P0606,ECM内部控制模块处理器故障,福特锐界,133760,2024-06-16 15:09
F1458,C0051,右后轮速传感器电路故障,吉利博越,55467,2025-09-05 15:10
F1459,B0016,驾驶员侧安全气囊模块故障,长城魏派VV7,114945,2024-01-12 17:54
F1460,P0113,进气温度传感器电压高,奔驰E级,108260,2024-10-01 09:35
F1461,P0301,1缸失火，发动机抖动,丰田卡罗拉,52386,2025-10-17 10:07
F1462,C0045,右前轮速传感器故障,大众朗逸,36937,2024-02-06 14:44
F1463,P0171,燃油系统过稀,本田思域,95055,2025-05-28 10:52
F1464,B1234,空调压缩机不工作,比亚迪汉,116274,2025-03-24 13:29
F1465,P0420,催化转化器效率低,宝马3系,102539,2025-11-06 10:08
F1466,P0299,涡轮增压器压力不足,福特蒙迪欧,99220,2025-11-21 08:16
F1467,C0121,刹车压力传感器信号异常,吉利星越L,25708,2025-01-12 12:48
F1468,B0081,主驾驶安全带传感器故障,奥迪A4L,70270,2025-01-06 12:13
F1469,P0521,机油压力传感器电路范围故障,长城哈弗H6,99060,2025-09-24 15:19
F1470,C0561,ABS系统控制模块故障,奔驰C级,53694,2025-08-01 11:43
F1471,P0340,凸轮轴位置传感器电路故障,丰田凯美瑞,81970,2024-02-29 13:01
F1472,B0100,空气囊控制模块故障,大众帕萨特,61867,2024-12-15 17:05
F1473,P0122,节气门位置传感器电压低,本田CR-V,114638,2025-02-03 13:43
F1474,C0035,左前轮速传感器电路故障,比亚迪宋PLUS,114613,2024-05-15 15:46
F1475,P0442,燃油蒸发系统泄漏（小泄漏）,宝马5系,101263,2025-08-12 15:32
F1476,B0200,右前安全气囊传感器故障,奥迪Q5L,111648,2025-08-21 09:24
F1477,P0606,ECM内部控制模块处理器故障,福特锐界,85485,2024-09-25 13:58
F1478,C0051,右后轮速传感器电路故障,吉利博越,64104,2025-07-21 08:05
F1479,B0016,驾驶员侧安全气囊模块故障,长城魏派VV7,149219,2025-11-16 14:18
F1480,P0113,进气温度传感器电压高,奔驰E级,28251,2025-12-10 17:32
F1481,P0301,1缸失火，发动机抖动,丰田卡罗拉,146761,2024-11-30 09:44
F1482,C0045,右前轮速传感器故障,大众朗逸,42208,2025-06-10 12:13
F1483,P0171,燃油系统过稀,本田思域,141565,2024-03-15 17:12
F1484,B1234,空调压缩机不工作,比亚迪汉,37267,2024-02-06 11:41
F1485,P0420,催化转化器效率低,宝马3系,63570,2024-11-29 16:07
F1486,P0299,涡轮增压器压力不足,福特蒙迪欧,59203,2024-04-13 11:01
F1487,C0121,刹车压力传感器信号异常,吉利星越L,49513,2025-11-08 11:10
F1488,B0081,主驾驶安全带传感器故障,奥迪A4L,99573,2025-03-08 14:09
F1489,P0521,机油压力传感器电路范围故障,长城哈弗H6,102084,2025-09-13 12:29
F1490,C0561,ABS系统控制模块故障,奔驰C级,60377,2025-04-22 15:19
F1491,P0340,凸轮轴位置传感器电路故障,丰田凯美瑞,49254,2024-06-09 08:22
F1492,B0100,空气囊控制模块故障,大众帕萨特,63715,2025-08-28 13:14
F1493,P0122,节气门位置传感器电压低,本田CR-V,28105,2025-01-09 12:02
F1494,C0035,左前轮速传感器电路故障,比亚迪宋PLUS,49106,2024-08-26 12:53
F1495,P0442,燃油蒸发系统泄漏（小泄漏）,宝马5系,55311,2024-07-20 15:17
F1496,B0200,右前安全气囊传感器故障,奥迪Q5L,30110,2024-12-12 12:43
F1497,P0606,ECM内部控制模块处理器故障,福特锐界,103386,2024-07-26 15:48
F1498,C0051,右后轮速传感器电路故障,吉利博越,40786,2024-02-28 17:07
F1499,B0016,驾驶员侧安全气囊模块故障,长城魏派VV7,123962,2025-01-13 17:09
F1500,P0113,进气温度传感器电压高,奔驰E级,47594,2025-06-19 12:35
F1501,P0301,1缸失火，发动机抖动,丰田卡罗拉,24372,2025-07-13 09:56
F1502,C0045,右前轮速传感器故障,大众朗逸,97595,2025-12-17 10:33
F1503,P0171,燃油系统过稀,本田思域,130978,2024-11-21 14:57
F1504,B1234,空调压缩机不工作,比亚迪汉,75029,2024-11-21 17:37
F1505,P0420,催化转化器效率低,宝马3系,138829,2024-10-09 15:23
F1506,P0299,涡轮增压器压力不足,福特蒙迪欧,37322,2024-01-22 15:39
F1507,C0121,刹车压力传感器信号异常,吉利星越L,26689,2024-12-31 15:56
F1508,B0081,主驾驶安全带传感器故障,奥迪A4L,77488,2025-10-21 13:24
F1509,P0521,机油压力传感器电路范围故障,长城哈弗H6,64736,2025-01-02 10:37
F1510,C0561,ABS系统控制模块故障,奔驰C级,66444,2025-06-28 13:08
F1511,P0340,凸轮轴位置传感器电路故障,丰田凯美瑞,147490,2025-04-04 14:15
F1512,B0100,空气囊控制模块故障,大众帕萨特,77148,2024-12-14 09:56
F1513,P0122,节气门位置传感器电压低,本田CR-V,26031,2024-10-14 16:33
F1514,C0035,左前轮速传感器电路故障,比亚迪宋PLUS,51974,2025-05-16 11:47
F1515,P0442,燃油蒸发系统泄漏（小泄漏）,宝马5系,65325,2024-07-23 12:07
F1516,B0200,右前安全气囊传感器故障,奥迪Q5L,148648,2024-10-08 14:37
F1517,P0606,ECM内部控制模块处理器故障,福特锐界,80700,2025-02-02 13:47
F1518,C0051,右后轮速传感器电路故障,吉利博越,31877,2024-12-06 09:43
F1519,B0016,驾驶员侧安全气囊模块故障,长城魏派VV7,82988,2024-02-23 17:24
F1520,P0113,进气温度传感器电压高,奔驰E级,36111,2025-02-24 17:13
F1521,P0301,1缸失火，发动机抖动,丰田卡罗拉,51627,2025-09-05 12:13
F1522,C0045,右前轮速传感器故障,大众朗逸,113624,2025-05-12 12:41
F1523,P0171,燃油系统过稀,本田思域,21668,2024-08-24 13:27
F1524,B1234,空调压缩机不工作,比亚迪汉,113512,2025-10-02 13:02
F1525,P0420,催化转化器效率低,宝马3系,145092,2025-07-27 17:59
F1526,P0299,涡轮增压器压力不足,福特蒙迪欧,128571,2024-12-05 10:13
F1527,C0121,刹车压力传感器信号异常,吉利星越L,127630,2024-04-23 16:22
F1528,B0081,主驾驶安全带传感器故障,奥迪A4L,148358,2025-03-31 13:57
F1529,P0521,机油压力传感器电路范围故障,长城哈弗H6,53038,2025-08-04 10:52
F1530,C0561,ABS系统控制模块故障,奔驰C级,124975,2024-10-15 12:35
F1531,P0340,凸轮轴位置传感器电路故障,丰田凯美瑞,106735,2025-09-11 11:52
F1532,B0100,空气囊控制模块故障,大众帕萨特,130947,2024-11-28 08:20
F1533,P0122,节气门位置传感器电压低,本田CR-V,107906,2025-06-28 17:35
F1534,C0035,左前轮速传感器电路故障,比亚迪宋PLUS,50254,2024-10-20 10:13
F1535,P0442,燃油蒸发系统泄漏（小泄漏）,宝马5系,29095,2024-07-31 11:40
F1536,B0200,右前安全气囊传感器故障,奥迪Q5L,35750,2025-07-30 15:54
F1537,P0606,ECM内部控制模块处理器故障,福特锐界,81460,2024-11-02 12:32
F1538,C0051,右后轮速传感器电路故障,吉利博越,145504,2024-06-12 13:55
F1539,B0016,驾驶员侧安全气囊模块故障,长城魏派VV7,145393,2025-03-08 09:29
F1540,P0113,进气温度传感器电压高,奔驰E级,124694,2024-08-15 10:51
F1541,P0301,1缸失火，发动机抖动,丰田卡罗拉,149816,2025-09-29 11:46
F1542,C0045,右前轮速传感器故障,大众朗逸,39855,2024-07-15 09:55
F1543,P0171,燃油系统过稀,本田思域,145912,2024-10-07 15:28
F1544,B1234,空调压缩机不工作,比亚迪汉,131626,2025-01-31 17:24
F1545,P0420,催化转化器效率低,宝马3系,80747,2025-09-15 09:23
F1546,P0299,涡轮增压器压力不足,福特蒙迪欧,69243,2025-06-21 14:41
F1547,C0121,刹车压力传感器信号异常,吉利星越L,39053,2025-01-28 13:22
F1548,B0081,主驾驶安全带传感器故障,奥迪A4L,24799,2025-05-27 12:41
F1549,P0521,机油压力传感器电路范围故障,长城哈弗H6,97248,2025-10-26 14:36
F1550,C0561,ABS系统控制模块故障,奔驰C级,83909,2025-12-26 17:13
F1551,P0340,凸轮轴位置传感器电路故障,丰田凯美瑞,63640,2025-10-07 10:20
F1552,B0100,空气囊控制模块故障,大众帕萨特,128552,2025-06-09 09:05
F1553,P0122,节气门位置传感器电压低,本田CR-V,75568,2024-02-01 15:37
F1554,C0035,左前轮速传感器电路故障,比亚迪宋PLUS,43945,2024-07-01 10:53
F1555,P0442,燃油蒸发系统泄漏（小泄漏）,宝马5系,149964,2024-03-07 08:29
F1556,B0200,右前安全气囊传感器故障,奥迪Q5L,32441,2024-10-09 11:20
F1557,P0606,ECM内部控制模块处理器故障,福特锐界,27908,2024-02-26 09:11
F1558,C0051,右后轮速传感器电路故障,吉利博越,116158,2025-10-27 14:16
F1559,B0016,驾驶员侧安全气囊模块故障,长城魏派VV7,52420,2024-06-17 17:36
F1560,P0113,进气温度传感器电压高,奔驰E级,129744,2025-02-01 09:13
F1561,P0301,1缸失火，发动机抖动,丰田卡罗拉,35458,2024-01-10 16:53
F1562,C0045,右前轮速传感器故障,大众朗逸,60509,2024-11-06 12:35
F1563,P0171,燃油系统过稀,本田思域,40227,2024-04-26 15:02
F1564,B1234,空调压缩机不工作,比亚迪汉,126836,2025-06-18 09:29
F1565,P0420,催化转化器效率低,宝马3系,130310,2024-11-02 14:46
F1566,P0299,涡轮增压器压力不足,福特蒙迪欧,69258,2024-09-04 13:08
F1567,C0121,刹车压力传感器信号异常,吉利星越L,29610,2025-12-22 15:50
F1568,B0081,主驾驶安全带传感器故障,奥迪A4L,25224,2024-10-11 10:10
F1569,P0521,机油压力传感器电路范围故障,长城哈弗H6,62929,2025-02-11 10:33
F1570,C0561,ABS系统控制模块故障,奔驰C级,142019,2025-12-24 16:18
F1571,P0340,凸轮轴位置传感器电路故障,丰田凯美瑞,34972,2025-03-05 09:22
F1572,B0100,空气囊控制模块故障,大众帕萨特,62436,2024-05-23 17:03
F1573,P0122,节气门位置传感器电压低,本田CR-V,55871,2024-07-14 09:55
F1574,C0035,左前轮速传感器电路故障,比亚迪宋PLUS,81036,2025-06-21 15:10
F1575,P0442,燃油蒸发系统泄漏（小泄漏）,宝马5系,81674,2024-09-01 15:03
F1576,B0200,右前安全气囊传感器故障,奥迪Q5L,96996,2025-09-15 12:27
F1577,P0606,ECM内部控制模块处理器故障,福特锐界,101051,2024-04-24 15:28
F1578,C0051,右后轮速传感器电路故障,吉利博越,49792,2024-02-27 17:48
F1579,B0016,驾驶员侧安全气囊模块故障,长城魏派VV7,64564,2025-02-23 17:27
F1580,P0113,进气温度传感器电压高,奔驰E级,125461,2025-12-23 11:37
F1581,P0301,1缸失火，发动机抖动,丰田卡罗拉,33234,2024-08-16 17:12
F1582,C0045,右前轮速传感器故障,大众朗逸,126574,2025-11-11 13:27
F1583,P0171,燃油系统过稀,本田思域,102587,2025-08-06 14:27
F1584,B1234,空调压缩机不工作,比亚迪汉,121767,2024-05-12 13:06
F1585,P0420,催化转化器效率低,宝马3系,106119,2024-03-28 14:32
F1586,P0299,涡轮增压器压力不足,福特蒙迪欧,82408,2025-02-08 13:05
F1587,C0121,刹车压力传感器信号异常,吉利星越L,140027,2024-06-16 09:16
F1588,B0081,主驾驶安全带传感器故障,奥迪A4L,98506,2024-06-22 10:04
F1589,P0521,机油压力传感器电路范围故障,长城哈弗H6,114729,2024-07-31 16:56
F1590,C0561,ABS系统控制模块故障,奔驰C级,52756,2025-04-22 11:44
F1591,P0340,凸轮轴位置传感器电路故障,丰田凯美瑞,116531,2025-01-20 12:32
F1592,B0100,空气囊控制模块故障,大众帕萨特,97323,2024-02-10 14:15
F1593,P0122,节气门位置传感器电压低,本田CR-V,71842,2025-10-26 12:51
F1594,C0035,左前轮速传感器电路故障,比亚迪宋PLUS,81983,2025-12-21 12:08
F1595,P0442,燃油蒸发系统泄漏（小泄漏）,宝马5系,81077,2024-07-28 16:06
F1596,B0200,右前安全气囊传感器故障,奥迪Q5L,40621,2024-10-16 17:53
F1597,P0606,ECM内部控制模块处理器故障,福特锐界,111413,2024-11-14 12:53
F1598,C0051,右后轮速传感器电路故障,吉利博越,124131,2025-10-31 09:47
F1599,B0016,驾驶员侧安全气囊模块故障,长城魏派VV7,109536,2025-10-15 16:04
F1600,P0113,进气温度传感器电压高,奔驰E级,128857,2024-05-30 12:15
F1601,P0301,1缸失火，发动机抖动,丰田卡罗拉,66766,2025-10-25 16:52
F1602,C0045,右前轮速传感器故障,大众朗逸,106241,2025-08-18 14:38
F1603,P0171,燃油系统过稀,本田思域,132235,2025-01-07 10:55
F1604,B1234,空调压缩机不工作,比亚迪汉,79178,2025-10-22 17:32
F1605,P0420,催化转化器效率低,宝马3系,109616,2024-08-11 13:32
F1606,P0299,涡轮增压器压力不足,福特蒙迪欧,86289,2025-02-11 14:23
F1607,C0121,刹车压力传感器信号异常,吉利星越L,115996,2025-07-10 15:43
F1608,B0081,主驾驶安全带传感器故障,奥迪A4L,134641,2024-08-09 15:02
F1609,P0521,机油压力传感器电路范围故障,长城哈弗H6,117424,2024-10-21 13:48
F1610,C0561,ABS系统控制模块故障,奔驰C级,64708,2024-02-05 08:24
F1611,P0340,凸轮轴位置传感器电路故障,丰田凯美瑞,86784,2025-08-13 10:12
F1612,B0100,空气囊控制模块故障,大众帕萨特,114933,2025-11-30 10:16
F1613,P0122,节气门位置传感器电压低,本田CR-V,56879,2025-12-09 12:50
F1614,C0035,左前轮速传感器电路故障,比亚迪宋PLUS,145553,2024-12-15 09:41
F1615,P0442,燃油蒸发系统泄漏（小泄漏）,宝马5系,40518,2024-12-26 17:40
F1616,B0200,右前安全气囊传感器故障,奥迪Q5L,33270,2024-12-25 16:29
F1617,P0606,ECM内部控制模块处理器故障,福特锐界,28711,2025-10-11 10:48
F1618,C0051,右后轮速传感器电路故障,吉利博越,130735,2024-11-28 16:11
F1619,B0016,驾驶员侧安全气囊模块故障,长城魏派VV7,142836,2024-12-25 13:48
F1620,P0113,进气温度传感器电压高,奔驰E级,62056,2024-05-10 12:59
F1621,P0301,1缸失火，发动机抖动,丰田卡罗拉,26435,2024-06-23 15:52
F1622,C0045,右前轮速传感器故障,大众朗逸,28460,2024-02-23 13:44
F1623,P0171,燃油系统过稀,本田思域,121708,2024-07-07 09:51
F1624,B1234,空调压缩机不工作,比亚迪汉,104253,2024-10-18 12:15
F1625,P0420,催化转化器效率低,宝马3系,68912,2024-10-15 15:21
F1626,P0299,涡轮增压器压力不足,福特蒙迪欧,99392,2024-08-29 17:04
F1627,C0121,刹车压力传感器信号异常,吉利星越L,71754,2025-05-01 10:54
F1628,B0081,主驾驶安全带传感器故障,奥迪A4L,104181,2024-07-19 16:18
F1629,P0521,机油压力传感器电路范围故障,长城哈弗H6,33055,2025-03-02 15:51
F1630,C0561,ABS系统控制模块故障,奔驰C级,146828,2025-01-08 17:12
F1631,P0340,凸轮轴位置传感器电路故障,丰田凯美瑞,63220,2025-12-06 15:00
F1632,B0100,空气囊控制模块故障,大众帕萨特,33252,2024-09-07 14:07
F1633,P0122,节气门位置传感器电压低,本田CR-V,60457,2024-04-21 15:09
F1634,C0035,左前轮速传感器电路故障,比亚迪宋PLUS,54098,2025-04-25 16:19
F1635,P0442,燃油蒸发系统泄漏（小泄漏）,宝马5系,60108,2025-01-24 15:03
F1636,B0200,右前安全气囊传感器故障,奥迪Q5L,82732,2025-06-16 09:55
F1637,P0606,ECM内部控制模块处理器故障,福特锐界,148266,2024-05-27 16:01
F1638,C0051,右后轮速传感器电路故障,吉利博越,115735,2025-01-03 08:08
F1639,B0016,驾驶员侧安全气囊模块故障,长城魏派VV7,59734,2025-08-02 16:08
F1640,P0113,进气温度传感器电压高,奔驰E级,145837,2024-04-07 08:33
F1641,P0301,1缸失火，发动机抖动,丰田卡罗拉,96783,2025-02-01 14:41
F1642,C0045,右前轮速传感器故障,大众朗逸,120020,2025-12-10 15:53
F1643,P0171,燃油系统过稀,本田思域,63274,2024-05-29 16:12
F1644,B1234,空调压缩机不工作,比亚迪汉,106320,2025-02-12 08:18
F1645,P0420,催化转化器效率低,宝马3系,77408,2025-04-01 13:48
F1646,P0299,涡轮增压器压力不足,福特蒙迪欧,50576,2024-03-04 15:05
F1647,C0121,刹车压力传感器信号异常,吉利星越L,124432,2025-03-02 15:13
F1648,B0081,主驾驶安全带传感器故障,奥迪A4L,123315,2025-05-08 09:10
F1649,P0521,机油压力传感器电路范围故障,长城哈弗H6,22662,2024-07-08 13:09
F1650,C0561,ABS系统控制模块故障,奔驰C级,84699,2025-08-15 14:40
F1651,P0340,凸轮轴位置传感器电路故障,丰田凯美瑞,104751,2024-06-29 17:51
F1652,B0100,空气囊控制模块故障,大众帕萨特,77163,2025-05-10 14:44
F1653,P0122,节气门位置传感器电压低,本田CR-V,117934,2025-11-19 08:52
F1654,C0035,左前轮速传感器电路故障,比亚迪宋PLUS,72947,2025-12-29 12:25
F1655,P0442,燃油蒸发系统泄漏（小泄漏）,宝马5系,66399,2024-06-23 11:27
F1656,B0200,右前安全气囊传感器故障,奥迪Q5L,90523,2025-05-04 15:39
F1657,P0606,ECM内部控制模块处理器故障,福特锐界,107760,2025-02-09 08:03
F1658,C0051,右后轮速传感器电路故障,吉利博越,25245,2024-06-26 14:46
F1659,B0016,驾驶员侧安全气囊模块故障,长城魏派VV7,103641,2025-12-11 15:27
F1660,P0113,进气温度传感器电压高,奔驰E级,28754,2025-09-27 14:38
F1661,P0301,1缸失火，发动机抖动,丰田卡罗拉,62739,2025-09-30 17:41
F1662,C0045,右前轮速传感器故障,大众朗逸,70437,2025-05-15 10:25
F1663,P0171,燃油系统过稀,本田思域,119607,2024-02-04 17:16
F1664,B1234,空调压缩机不工作,比亚迪汉,131681,2025-09-27 11:08
F1665,P0420,催化转化器效率低,宝马3系,33676,2025-12-27 09:50
F1666,P0299,涡轮增压器压力不足,福特蒙迪欧,125792,2024-08-14 16:55
F1667,C0121,刹车压力传感器信号异常,吉利星越L,148413,2024-07-25 13:19
F1668,B0081,主驾驶安全带传感器故障,奥迪A4L,32213,2024-06-01 17:22
F1669,P0521,机油压力传感器电路范围故障,长城哈弗H6,29758,2025-08-12 10:59
F1670,C0561,ABS系统控制模块故障,奔驰C级,58987,2024-12-23 10:47
F1671,P0340,凸轮轴位置传感器电路故障,丰田凯美瑞,84515,2025-09-14 15:21
F1672,B0100,空气囊控制模块故障,大众帕萨特,48093,2024-09-20 17:14
F1673,P0122,节气门位置传感器电压低,本田CR-V,124272,2025-05-17 08:09
F1674,C0035,左前轮速传感器电路故障,比亚迪宋PLUS,56820,2025-08-20 09:22
F1675,P0442,燃油蒸发系统泄漏（小泄漏）,宝马5系,139107,2024-07-06 09:23
F1676,B0200,右前安全气囊传感器故障,奥迪Q5L,85764,2024-04-12 10:30
F1677,P0606,ECM内部控制模块处理器故障,福特锐界,96430,2024-06-08 12:35
F1678,C0051,右后轮速传感器电路故障,吉利博越,126032,2024-07-01 13:49
F1679,B0016,驾驶员侧安全气囊模块故障,长城魏派VV7,101246,2025-12-08 14:09
F1680,P0113,进气温度传感器电压高,奔驰E级,83836,2025-08-06 10:35
F1681,P0301,1缸失火，发动机抖动,丰田卡罗拉,64571,2025-06-14 16:10
F1682,C0045,右前轮速传感器故障,大众朗逸,128226,2024-06-20 16:45
F1683,P0171,燃油系统过稀,本田思域,57094,2025-03-30 15:28
F1684,B1234,空调压缩机不工作,比亚迪汉,69669,2025-06-19 16:09
F1685,P0420,催化转化器效率低,宝马3系,46327,2025-03-31 09:59
F1686,P0299,涡轮增压器压力不足,福特蒙迪欧,25045,2025-03-13 10:56
F1687,C0121,刹车压力传感器信号异常,吉利星越L,99429,2025-04-13 16:24
F1688,B0081,主驾驶安全带传感器故障,奥迪A4L,96268,2024-09-14 17:04
F1689,P0521,机油压力传感器电路范围故障,长城哈弗H6,127461,2024-12-01 09:02
F1690,C0561,ABS系统控制模块故障,奔驰C级,148578,2025-11-04 17:51
F1691,P0340,凸轮轴位置传感器电路故障,丰田凯美瑞,108713,2025-03-05 10:05
F1692,B0100,空气囊控制模块故障,大众帕萨特,52400,2024-03-14 14:13
F1693,P0122,节气门位置传感器电压低,本田CR-V,141072,2025-09-20 13:15
F1694,C0035,左前轮速传感器电路故障,比亚迪宋PLUS,140967,2025-12-01 15:11
F1695,P0442,燃油蒸发系统泄漏（小泄漏）,宝马5系,42828,2025-06-13 15:12
F1696,B0200,右前安全气囊传感器故障,奥迪Q5L,88499,2024-07-30 13:49
F1697,P0606,ECM内部控制模块处理器故障,福特锐界,47306,2024-11-05 11:53
F1698,C0051,右后轮速传感器电路故障,吉利博越,122172,2025-04-11 16:54
F1699,B0016,驾驶员侧安全气囊模块故障,长城魏派VV7,98015,2025-06-13 15:57
F1700,P0113,进气温度传感器电压高,奔驰E级,68118,2024-12-13 12:29
F1701,P0301,1缸失火，发动机抖动,丰田卡罗拉,28003,2024-04-03 15:05
F1702,C0045,右前轮速传感器故障,大众朗逸,93575,2025-01-30 09:20
F1703,P0171,燃油系统过稀,本田思域,48247,2025-01-23 17:43
F1704,B1234,空调压缩机不工作,比亚迪汉,37961,2025-10-01 10:48
F1705,P0420,催化转化器效率低,宝马3系,124843,2025-11-05 17:45
F1706,P0299,涡轮增压器压力不足,福特蒙迪欧,35851,2024-06-07 11:02
F1707,C0121,刹车压力传感器信号异常,吉利星越L,105256,2024-02-08 14:12
F1708,B0081,主驾驶安全带传感器故障,奥迪A4L,26315,2025-11-27 17:17
F1709,P0521,机油压力传感器电路范围故障,长城哈弗H6,76939,2025-08-30 09:27
F1710,C0561,ABS系统控制模块故障,奔驰C级,131183,2024-04-11 14:19
F1711,P0340,凸轮轴位置传感器电路故障,丰田凯美瑞,44514,2024-12-13 14:26
F1712,B0100,空气囊控制模块故障,大众帕萨特,98961,2024-01-26 14:35
F1713,P0122,节气门位置传感器电压低,本田CR-V,122465,2025-05-14 08:27
F1714,C0035,左前轮速传感器电路故障,比亚迪宋PLUS,148014,2024-01-15 08:40
F1715,P0442,燃油蒸发系统泄漏（小泄漏）,宝马5系,56886,2024-10-16 14:37
F1716,B0200,右前安全气囊传感器故障,奥迪Q5L,37211,2024-10-18 12:31
F1717,P0606,ECM内部控制模块处理器故障,福特锐界,133684,2025-12-28 15:40
F1718,C0051,右后轮速传感器电路故障,吉利博越,67905,2025-01-29 15:21
F1719,B0016,驾驶员侧安全气囊模块故障,长城魏派VV7,98996,2024-12-01 11:21
F1720,P0113,进气温度传感器电压高,奔驰E级,45892,2025-05-22 09:49
F1721,P0301,1缸失火，发动机抖动,丰田卡罗拉,41797,2024-07-30 12:00
F1722,C0045,右前轮速传感器故障,大众朗逸,42300,2025-10-14 14:06
F1723,P0171,燃油系统过稀,本田思域,70078,2025-11-16 12:38
F1724,B1234,空调压缩机不工作,比亚迪汉,106062,2024-11-01 13:45
F1725,P0420,催化转化器效率低,宝马3系,61998,2024-03-22 15:53
F1726,P0299,涡轮增压器压力不足,福特蒙迪欧,120538,2025-09-19 08:10
F1727,C0121,刹车压力传感器信号异常,吉利星越L,74624,2024-10-30 08:31
F1728,B0081,主驾驶安全带传感器故障,奥迪A4L,52340,2025-07-22 11:42
F1729,P0521,机油压力传感器电路范围故障,长城哈弗H6,103394,2025-04-27 16:31
F1730,C0561,ABS系统控制模块故障,奔驰C级,54977,2025-04-12 16:52
F1731,P0340,凸轮轴位置传感器电路故障,丰田凯美瑞,110809,2025-05-29 09:06
F1732,B0100,空气囊控制模块故障,大众帕萨特,64726,2024-02-23 11:06
F1733,P0122,节气门位置传感器电压低,本田CR-V,132929,2025-10-08 11:10
F1734,C0035,左前轮速传感器电路故障,比亚迪宋PLUS,132830,2024-06-19 08:35
F1735,P0442,燃油蒸发系统泄漏（小泄漏）,宝马5系,141658,2024-07-24 10:40
F1736,B0200,右前安全气囊传感器故障,奥迪Q5L,113251,2024-01-07 08:37
F1737,P0606,ECM内部控制模块处理器故障,福特锐界,82313,2024-12-15 13:15
F1738,C0051,右后轮速传感器电路故障,吉利博越,67924,2024-08-27 15:54
F1739,B0016,驾驶员侧安全气囊模块故障,长城魏派VV7,55927,2025-03-21 09:59
F1740,P0113,进气温度传感器电压高,奔驰E级,45536,2024-12-07 14:35
F1741,P0301,1缸失火，发动机抖动,丰田卡罗拉,140280,2025-12-30 10:19
F1742,C0045,右前轮速传感器故障,大众朗逸,28995,2025-09-06 10:41
F1743,P0171,燃油系统过稀,本田思域,93883,2025-02-20 10:06
F1744,B1234,空调压缩机不工作,比亚迪汉,59464,2025-10-01 09:15
F1745,P0420,催化转化器效率低,宝马3系,126126,2025-12-03 11:42
F1746,P0299,涡轮增压器压力不足,福特蒙迪欧,126517,2024-11-15 08:01
F1747,C0121,刹车压力传感器信号异常,吉利星越L,132198,2024-12-29 10:36
F1748,B0081,主驾驶安全带传感器故障,奥迪A4L,56787,2024-09-26 09:52
F1749,P0521,机油压力传感器电路范围故障,长城哈弗H6,146222,2024-01-07 11:25
F1750,C0561,ABS系统控制模块故障,奔驰C级,127325,2024-05-03 16:49
F1751,P0340,凸轮轴位置传感器电路故障,丰田凯美瑞,49964,2025-06-18 08:34
F1752,B0100,空气囊控制模块故障,大众帕萨特,56350,2024-02-23 16:29
F1753,P0122,节气门位置传感器电压低,本田CR-V,133564,2024-03-18 12:18
F1754,C0035,左前轮速传感器电路故障,比亚迪宋PLUS,97207,2024-08-18 17:41
F1755,P0442,燃油蒸发系统泄漏（小泄漏）,宝马5系,134420,2025-11-25 16:43
F1756,B0200,右前安全气囊传感器故障,奥迪Q5L,112958,2025-08-22 08:38
F1757,P0606,ECM内部控制模块处理器故障,福特锐界,44037,2024-06-17 10:18
F1758,C0051,右后轮速传感器电路故障,吉利博越,33091,2025-04-29 16:52
F1759,B0016,驾驶员侧安全气囊模块故障,长城魏派VV7,62765,2024-06-29 10:10
F1760,P0113,进气温度传感器电压高,奔驰E级,60127,2024-01-11 12:24
F1761,P0301,1缸失火，发动机抖动,丰田卡罗拉,35278,2025-11-25 09:45
F1762,C0045,右前轮速传感器故障,大众朗逸,121542,2025-04-05 17:20
F1763,P0171,燃油系统过稀,本田思域,85192,2024-05-12 15:26
F1764,B1234,空调压缩机不工作,比亚迪汉,60292,2025-11-19 09:36
F1765,P0420,催化转化器效率低,宝马3系,136244,2025-10-04 12:33
F1766,P0299,涡轮增压器压力不足,福特蒙迪欧,86294,2024-08-08 10:16
F1767,C0121,刹车压力传感器信号异常,吉利星越L,139231,2025-03-08 08:54
F1768,B0081,主驾驶安全带传感器故障,奥迪A4L,119676,2025-09-12 12:44
F1769,P0521,机油压力传感器电路范围故障,长城哈弗H6,121472,2025-08-26 14:28
F1770,C0561,ABS系统控制模块故障,奔驰C级,123625,2025-03-14 14:18
F1771,P0340,凸轮轴位置传感器电路故障,丰田凯美瑞,25304,2024-01-21 14:36
F1772,B0100,空气囊控制模块故障,大众帕萨特,135412,2024-08-04 12:37
F1773,P0122,节气门位置传感器电压低,本田CR-V,54682,2024-01-12 12:34
F1774,C0035,左前轮速传感器电路故障,比亚迪宋PLUS,47494,2025-04-14 12:55
F1775,P0442,燃油蒸发系统泄漏（小泄漏）,宝马5系,86342,2024-07-09 12:06
F1776,B0200,右前安全气囊传感器故障,奥迪Q5L,104091,2025-09-30 09:17
F1777,P0606,ECM内部控制模块处理器故障,福特锐界,58428,2024-12-07 11:10
F1778,C0051,右后轮速传感器电路故障,吉利博越,113799,2025-01-24 10:29
F1779,B0016,驾驶员侧安全气囊模块故障,长城魏派VV7,121569,2025-09-01 14:36
F1780,P0113,进气温度传感器电压高,奔驰E级,145365,2024-07-24 16:51
F1781,P0301,1缸失火，发动机抖动,丰田卡罗拉,138129,2024-12-07 16:11
F1782,C0045,右前轮速传感器故障,大众朗逸,132746,2024-10-22 17:15
F1783,P0171,燃油系统过稀,本田思域,80507,2025-06-11 14:07
F1784,B1234,空调压缩机不工作,比亚迪汉,87062,2024-09-11 17:47
F1785,P0420,催化转化器效率低,宝马3系,83247,2024-05-28 13:12
F1786,P0299,涡轮增压器压力不足,福特蒙迪欧,101568,2024-07-13 09:02
F1787,C0121,刹车压力传感器信号异常,吉利星越L,87199,2024-03-11 17:57
F1788,B0081,主驾驶安全带传感器故障,奥迪A4L,83660,2025-09-13 17:58
F1789,P0521,机油压力传感器电路范围故障,长城哈弗H6,97832,2024-01-05 12:26
F1790,C0561,ABS系统控制模块故障,奔驰C级,102541,2025-04-17 12:27
F1791,P0340,凸轮轴位置传感器电路故障,丰田凯美瑞,87236,2024-09-24 10:40
F1792,B0100,空气囊控制模块故障,大众帕萨特,62582,2024-05-09 17:29
F1793,P0122,节气门位置传感器电压低,本田CR-V,55032,2025-02-14 11:24
F1794,C0035,左前轮速传感器电路故障,比亚迪宋PLUS,96826,2025-10-15 17:49
F1795,P0442,燃油蒸发系统泄漏（小泄漏）,宝马5系,26032,2024-09-02 10:25
F1796,B0200,右前安全气囊传感器故障,奥迪Q5L,148993,2024-08-20 09:00
F1797,P0606,ECM内部控制模块处理器故障,福特锐界,74879,2025-02-14 14:02
F1798,C0051,右后轮速传感器电路故障,吉利博越,51617,2025-08-29 14:17
F1799,B0016,驾驶员侧安全气囊模块故障,长城魏派VV7,117082,2025-09-05 14:25
F1800,P0113,进气温度传感器电压高,奔驰E级,101200,2024-09-03 14:12
F1801,P0301,1缸失火，发动机抖动,丰田卡罗拉,71063,2025-11-28 16:35
F1802,C0045,右前轮速传感器故障,大众朗逸,88025,2024-06-29 09:43
F1803,P0171,燃油系统过稀,本田思域,61166,2024-08-07 11:10
F1804,B1234,空调压缩机不工作,比亚迪汉,105306,2024-01-05 11:19
F1805,P0420,催化转化器效率低,宝马3系,31645,2025-10-12 17:56
F1806,P0299,涡轮增压器压力不足,福特蒙迪欧,83444,2025-03-05 14:59
F1807,C0121,刹车压力传感器信号异常,吉利星越L,144522,2024-08-01 15:15
F1808,B0081,主驾驶安全带传感器故障,奥迪A4L,99073,2024-08-30 11:08
F1809,P0521,机油压力传感器电路范围故障,长城哈弗H6,75489,2024-07-19 08:45
F1810,C0561,ABS系统控制模块故障,奔驰C级,24386,2024-08-21 15:15
F1811,P0340,凸轮轴位置传感器电路故障,丰田凯美瑞,128283,2024-03-03 09:49
F1812,B0100,空气囊控制模块故障,大众帕萨特,108791,2024-04-14 12:36
F1813,P0122,节气门位置传感器电压低,本田CR-V,112687,2024-05-31 16:00
F1814,C0035,左前轮速传感器电路故障,比亚迪宋PLUS,124897,2024-02-17 13:08
F1815,P0442,燃油蒸发系统泄漏（小泄漏）,宝马5系,49086,2024-06-01 15:21
F1816,B0200,右前安全气囊传感器故障,奥迪Q5L,108986,2025-09-13 09:23
F1817,P0606,ECM内部控制模块处理器故障,福特锐界,81049,2024-11-06 10:18
F1818,C0051,右后轮速传感器电路故障,吉利博越,55366,2024-02-12 14:45
F1819,B0016,驾驶员侧安全气囊模块故障,长城魏派VV7,33514,2024-05-24 13:19
F1820,P0113,进气温度传感器电压高,奔驰E级,136118,2024-03-10 13:52
F1821,P0301,1缸失火，发动机抖动,丰田卡罗拉,84049,2025-10-30 14:51
F1822,C0045,右前轮速传感器故障,大众朗逸,42183,2024-11-19 16:34
F1823,P0171,燃油系统过稀,本田思域,76369,2025-03-10 09:42
F1824,B1234,空调压缩机不工作,比亚迪汉,45425,2025-10-01 11:06
F1825,P0420,催化转化器效率低,宝马3系,135012,2024-05-11 08:01
F1826,P0299,涡轮增压器压力不足,福特蒙迪欧,95732,2024-03-26 14:31
F1827,C0121,刹车压力传感器信号异常,吉利星越L,131389,2024-11-17 14:57
F1828,B0081,主驾驶安全带传感器故障,奥迪A4L,48401,2025-12-23 12:52
F1829,P0521,机油压力传感器电路范围故障,长城哈弗H6,53395,2025-11-16 15:46
F1830,C0561,ABS系统控制模块故障,奔驰C级,90350,2024-05-02 15:33
F1831,P0340,凸轮轴位置传感器电路故障,丰田凯美瑞,142154,2024-02-19 16:45
F1832,B0100,空气囊控制模块故障,大众帕萨特,82344,2024-10-07 09:52
F1833,P0122,节气门位置传感器电压低,本田CR-V,44453,2025-02-25 12:02
F1834,C0035,左前轮速传感器电路故障,比亚迪宋PLUS,113208,2024-03-02 15:42
F1835,P0442,燃油蒸发系统泄漏（小泄漏）,宝马5系,62474,2025-01-06 17:16
F1836,B0200,右前安全气囊传感器故障,奥迪Q5L,52429,2024-04-13 13:26
F1837,P0606,ECM内部控制模块处理器故障,福特锐界,33822,2025-05-14 12:20
F1838,C0051,右后轮速传感器电路故障,吉利博越,96826,2024-03-21 09:57
F1839,B0016,驾驶员侧安全气囊模块故障,长城魏派VV7,48354,2024-03-04 09:27
F1840,P0113,进气温度传感器电压高,奔驰E级,37857,2025-12-13 16:12
F1841,P0301,1缸失火，发动机抖动,丰田卡罗拉,135077,2024-09-21 14:26
F1842,C0045,右前轮速传感器故障,大众朗逸,37552,2025-08-02 12:51
F1843,P0171,燃油系统过稀,本田思域,141043,2025-02-14 12:46
F1844,B1234,空调压缩机不工作,比亚迪汉,87766,2025-12-22 09:27
F1845,P0420,催化转化器效率低,宝马3系,31924,2024-09-30 09:02
F1846,P0299,涡轮增压器压力不足,福特蒙迪欧,68053,2025-03-02 16:02
F1847,C0121,刹车压力传感器信号异常,吉利星越L,147850,2024-09-27 15:26
F1848,B0081,主驾驶安全带传感器故障,奥迪A4L,82770,2025-03-22 14:50
F1849,P0521,机油压力传感器电路范围故障,长城哈弗H6,125339,2025-08-21 16:40
F1850,C0561,ABS系统控制模块故障,奔驰C级,124379,2024-09-04 16:30
F1851,P0340,凸轮轴位置传感器电路故障,丰田凯美瑞,38631,2024-09-04 14:12
F1852,B0100,空气囊控制模块故障,大众帕萨特,62714,2025-03-26 15:38
F1853,P0122,节气门位置传感器电压低,本田CR-V,134185,2025-10-02 14:29
F1854,C0035,左前轮速传感器电路故障,比亚迪宋PLUS,37828,2024-05-31 13:05
F1855,P0442,燃油蒸发系统泄漏（小泄漏）,宝马5系,103829,2025-11-08 08:27
F1856,B0200,右前安全气囊传感器故障,奥迪Q5L,146220,2024-11-09 15:40
F1857,P0606,ECM内部控制模块处理器故障,福特锐界,39196,2025-05-19 16:28
F1858,C0051,右后轮速传感器电路故障,吉利博越,112966,2025-11-16 09:57
F1859,B0016,驾驶员侧安全气囊模块故障,长城魏派VV7,58735,2025-10-18 17:07
F1860,P0113,进气温度传感器电压高,奔驰E级,60704,2025-02-20 15:07
F1861,P0301,1缸失火，发动机抖动,丰田卡罗拉,59311,2025-04-03 16:21
F1862,C0045,右前轮速传感器故障,大众朗逸,148905,2025-02-26 16:07
F1863,P0171,燃油系统过稀,本田思域,62069,2024-10-13 17:58
F1864,B1234,空调压缩机不工作,比亚迪汉,101807,2025-08-14 17:46
F1865,P0420,催化转化器效率低,宝马3系,31602,2025-09-26 08:31
F1866,P0299,涡轮增压器压力不足,福特蒙迪欧,59991,2024-07-28 11:52
F1867,C0121,刹车压力传感器信号异常,吉利星越L,38737,2024-06-02 11:41
F1868,B0081,主驾驶安全带传感器故障,奥迪A4L,137861,2024-01-08 10:26
F1869,P0521,机油压力传感器电路范围故障,长城哈弗H6,123730,2025-11-02 12:29
F1870,C0561,ABS系统控制模块故障,奔驰C级,145518,2025-06-10 10:40
F1871,P0340,凸轮轴位置传感器电路故障,丰田凯美瑞,78610,2025-04-05 13:24
F1872,B0100,空气囊控制模块故障,大众帕萨特,44915,2025-11-24 15:32
F1873,P0122,节气门位置传感器电压低,本田CR-V,88555,2024-02-17 16:18
F1874,C0035,左前轮速传感器电路故障,比亚迪宋PLUS,57185,2025-09-28 09:44
F1875,P0442,燃油蒸发系统泄漏（小泄漏）,宝马5系,120530,2024-02-13 11:41
F1876,B0200,右前安全气囊传感器故障,奥迪Q5L,123077,2025-11-28 14:15
F1877,P0606,ECM内部控制模块处理器故障,福特锐界,118864,2025-02-15 14:17
F1878,C0051,右后轮速传感器电路故障,吉利博越,40508,2024-12-02 16:50
F1879,B0016,驾驶员侧安全气囊模块故障,长城魏派VV7,119920,2024-11-20 11:39
F1880,P0113,进气温度传感器电压高,奔驰E级,38038,2024-01-22 17:29
F1881,P0301,1缸失火，发动机抖动,丰田卡罗拉,53132,2024-09-14 09:35
F1882,C0045,右前轮速传感器故障,大众朗逸,40203,2025-09-05 12:40
F1883,P0171,燃油系统过稀,本田思域,64092,2025-03-03 11:00
F1884,B1234,空调压缩机不工作,比亚迪汉,116644,2025-04-11 17:16
F1885,P0420,催化转化器效率低,宝马3系,101266,2024-08-30 08:00
F1886,P0299,涡轮增压器压力不足,福特蒙迪欧,93392,2025-04-30 15:01
F1887,C0121,刹车压力传感器信号异常,吉利星越L,77883,2025-11-05 16:01
F1888,B0081,主驾驶安全带传感器故障,奥迪A4L,136469,2025-11-30 14:56
F1889,P0521,机油压力传感器电路范围故障,长城哈弗H6,113676,2025-06-19 11:41
F1890,C0561,ABS系统控制模块故障,奔驰C级,119527,2025-03-05 13:26
F1891,P0340,凸轮轴位置传感器电路故障,丰田凯美瑞,120334,2024-01-10 11:13
F1892,B0100,空气囊控制模块故障,大众帕萨特,125101,2024-11-01 15:34
F1893,P0122,节气门位置传感器电压低,本田CR-V,73949,2024-08-09 12:42
F1894,C0035,左前轮速传感器电路故障,比亚迪宋PLUS,59175,2024-06-09 12:47
F1895,P0442,燃油蒸发系统泄漏（小泄漏）,宝马5系,69056,2024-09-02 15:08
F1896,B0200,右前安全气囊传感器故障,奥迪Q5L,66465,2025-11-20 10:08
F1897,P0606,ECM内部控制模块处理器故障,福特锐界,136405,2024-08-19 14:50
F1898,C0051,右后轮速传感器电路故障,吉利博越,100334,2024-07-27 16:02
F1899,B0016,驾驶员侧安全气囊模块故障,长城魏派VV7,77614,2024-08-18 15:44
F1900,P0113,进气温度传感器电压高,奔驰E级,146822,2025-06-16 08:54
F1901,P0301,1缸失火，发动机抖动,丰田卡罗拉,23307,2025-07-11 15:47
F1902,C0045,右前轮速传感器故障,大众朗逸,28090,2025-10-09 14:54
F1903,P0171,燃油系统过稀,本田思域,131776,2025-03-04 11:47
F1904,B1234,空调压缩机不工作,比亚迪汉,80159,2024-02-19 13:25
F1905,P0420,催化转化器效率低,宝马3系,58920,2024-11-11 16:05
F1906,P0299,涡轮增压器压力不足,福特蒙迪欧,148829,2024-09-07 17:10
F1907,C0121,刹车压力传感器信号异常,吉利星越L,102352,2024-02-09 15:57
F1908,B0081,主驾驶安全带传感器故障,奥迪A4L,102566,2024-08-05 15:10
F1909,P0521,机油压力传感器电路范围故障,长城哈弗H6,105373,2025-06-26 09:14
F1910,C0561,ABS系统控制模块故障,奔驰C级,131084,2025-06-23 11:27
F1911,P0340,凸轮轴位置传感器电路故障,丰田凯美瑞,96158,2025-06-28 09:27
F1912,B0100,空气囊控制模块故障,大众帕萨特,141337,2024-05-10 13:40
F1913,P0122,节气门位置传感器电压低,本田CR-V,120303,2025-06-09 09:37
F1914,C0035,左前轮速传感器电路故障,比亚迪宋PLUS,149106,2025-10-05 09:46
F1915,P0442,燃油蒸发系统泄漏（小泄漏）,宝马5系,77044,2025-02-11 14:04
F1916,B0200,右前安全气囊传感器故障,奥迪Q5L,113905,2025-07-02 09:36
F1917,P0606,ECM内部控制模块处理器故障,福特锐界,99555,2024-04-08 08:26
F1918,C0051,右后轮速传感器电路故障,吉利博越,80306,2025-07-23 12:05
F1919,B0016,驾驶员侧安全气囊模块故障,长城魏派VV7,83986,2025-12-27 10:44
F1920,P0113,进气温度传感器电压高,奔驰E级,120410,2025-10-28 08:07
F1921,P0301,1缸失火，发动机抖动,丰田卡罗拉,31958,2025-10-20 09:02
F1922,C0045,右前轮速传感器故障,大众朗逸,118240,2024-05-27 11:15
F1923,P0171,燃油系统过稀,本田思域,149896,2024-06-13 11:44
F1924,B1234,空调压缩机不工作,比亚迪汉,91117,2025-12-24 08:20
F1925,P0420,催化转化器效率低,宝马3系,81843,2024-08-21 17:17
F1926,P0299,涡轮增压器压力不足,福特蒙迪欧,129252,2025-09-19 15:30
F1927,C0121,刹车压力传感器信号异常,吉利星越L,67535,2025-11-05 16:11
F1928,B0081,主驾驶安全带传感器故障,奥迪A4L,60408,2024-07-17 16:59
F1929,P0521,机油压力传感器电路范围故障,长城哈弗H6,49734,2025-07-25 14:26
F1930,C0561,ABS系统控制模块故障,奔驰C级,139380,2025-09-09 16:07
F1931,P0340,凸轮轴位置传感器电路故障,丰田凯美瑞,101619,2024-03-22 12:13
F1932,B0100,空气囊控制模块故障,大众帕萨特,53921,2025-03-18 14:28
F1933,P0122,节气门位置传感器电压低,本田CR-V,133646,2025-05-18 12:49
F1934,C0035,左前轮速传感器电路故障,比亚迪宋PLUS,92642,2025-01-09 13:44
F1935,P0442,燃油蒸发系统泄漏（小泄漏）,宝马5系,141524,2024-11-13 17:43
F1936,B0200,右前安全气囊传感器故障,奥迪Q5L,127933,2025-11-29 12:12
F1937,P0606,ECM内部控制模块处理器故障,福特锐界,35672,2025-01-31 13:41
F1938,C0051,右后轮速传感器电路故障,吉利博越,111924,2025-01-10 12:26
F1939,B0016,驾驶员侧安全气囊模块故障,长城魏派VV7,134288,2025-10-22 11:59
F1940,P0113,进气温度传感器电压高,奔驰E级,119688,2025-04-07 09:13
F1941,P0301,1缸失火，发动机抖动,丰田卡罗拉,141395,2024-01-21 10:47
F1942,C0045,右前轮速传感器故障,大众朗逸,101415,2024-11-07 17:01
F1943,P0171,燃油系统过稀,本田思域,127760,2024-07-13 10:00
F1944,B1234,空调压缩机不工作,比亚迪汉,105672,2025-08-25 08:23
F1945,P0420,催化转化器效率低,宝马3系,114828,2025-03-11 09:32
F1946,P0299,涡轮增压器压力不足,福特蒙迪欧,39843,2024-08-03 08:01
F1947,C0121,刹车压力传感器信号异常,吉利星越L,110004,2025-08-28 14:18
F1948,B0081,主驾驶安全带传感器故障,奥迪A4L,119337,2025-04-12 11:42
F1949,P0521,机油压力传感器电路范围故障,长城哈弗H6,109202,2025-06-19 08:09
F1950,C0561,ABS系统控制模块故障,奔驰C级,120051,2025-02-14 11:03
F1951,P0340,凸轮轴位置传感器电路故障,丰田凯美瑞,36177,2025-01-22 14:41
F1952,B0100,空气囊控制模块故障,大众帕萨特,129867,2024-12-01 17:08
F1953,P0122,节气门位置传感器电压低,本田CR-V,42448,2025-09-08 17:44
F1954,C0035,左前轮速传感器电路故障,比亚迪宋PLUS,83541,2025-05-07 16:31
F1955,P0442,燃油蒸发系统泄漏（小泄漏）,宝马5系,88933,2025-02-17 11:34
F1956,B0200,右前安全气囊传感器故障,奥迪Q5L,73797,2025-11-14 13:22
F1957,P0606,ECM内部控制模块处理器故障,福特锐界,131382,2025-03-31 11:55
F1958,C0051,右后轮速传感器电路故障,吉利博越,138069,2024-05-07 11:19
F1959,B0016,驾驶员侧安全气囊模块故障,长城魏派VV7,95297,2025-03-28 09:14
F1960,P0113,进气温度传感器电压高,奔驰E级,90182,2024-09-09 15:48
F1961,P0301,1缸失火，发动机抖动,丰田卡罗拉,122382,2025-05-06 16:52
F1962,C0045,右前轮速传感器故障,大众朗逸,33974,2024-06-06 15:50
F1963,P0171,燃油系统过稀,本田思域,23800,2024-06-24 10:19
F1964,B1234,空调压缩机不工作,比亚迪汉,125374,2025-06-22 17:18
F1965,P0420,催化转化器效率低,宝马3系,83791,2025-12-11 15:56
F1966,P0299,涡轮增压器压力不足,福特蒙迪欧,71164,2024-04-19 15:40
F1967,C0121,刹车压力传感器信号异常,吉利星越L,54620,2025-03-20 15:13
F1968,B0081,主驾驶安全带传感器故障,奥迪A4L,73833,2024-09-19 15:57
F1969,P0521,机油压力传感器电路范围故障,长城哈弗H6,148462,2025-11-09 12:42
F1970,C0561,ABS系统控制模块故障,奔驰C级,135190,2024-12-05 10:37
F1971,P0340,凸轮轴位置传感器电路故障,丰田凯美瑞,72111,2024-02-18 08:19
F1972,B0100,空气囊控制模块故障,大众帕萨特,106928,2025-10-13 16:32
F1973,P0122,节气门位置传感器电压低,本田CR-V,107754,2025-01-26 13:36
F1974,C0035,左前轮速传感器电路故障,比亚迪宋PLUS,91249,2024-01-15 16:15
F1975,P0442,燃油蒸发系统泄漏（小泄漏）,宝马5系,39809,2025-04-07 14:36
F1976,B0200,右前安全气囊传感器故障,奥迪Q5L,132126,2024-03-22 14:11
F1977,P0606,ECM内部控制模块处理器故障,福特锐界,122611,2024-12-16 09:20
F1978,C0051,右后轮速传感器电路故障,吉利博越,66853,2025-07-03 17:19
F1979,B0016,驾驶员侧安全气囊模块故障,长城魏派VV7,84451,2025-01-14 11:15
F1980,P0113,进气温度传感器电压高,奔驰E级,43214,2025-09-25 13:03
F1981,P0301,1缸失火，发动机抖动,丰田卡罗拉,99368,2025-11-20 10:25
F1982,C0045,右前轮速传感器故障,大众朗逸,130301,2025-07-22 14:32
F1983,P0171,燃油系统过稀,本田思域,114738,2024-05-15 15:09
F1984,B1234,空调压缩机不工作,比亚迪汉,99118,2025-05-24 08:12
F1985,P0420,催化转化器效率低,宝马3系,127841,2024-09-09 12:43
F1986,P0299,涡轮增压器压力不足,福特蒙迪欧,82249,2024-07-03 11:31
F1987,C0121,刹车压力传感器信号异常,吉利星越L,31549,2025-03-13 17:36
F1988,B0081,主驾驶安全带传感器故障,奥迪A4L,119685,2025-06-05 14:11
F1989,P0521,机油压力传感器电路范围故障,长城哈弗H6,149918,2024-12-01 14:33
F1990,C0561,ABS系统控制模块故障,奔驰C级,123762,2024-02-27 12:24
F1991,P0340,凸轮轴位置传感器电路故障,丰田凯美瑞,123709,2025-05-09 11:48
F1992,B0100,空气囊控制模块故障,大众帕萨特,143647,2025-07-25 12:59
F1993,P0122,节气门位置传感器电压低,本田CR-V,118557,2024-05-05 17:15
F1994,C0035,左前轮速传感器电路故障,比亚迪宋PLUS,85869,2025-03-25 13:42
F1995,P0442,燃油蒸发系统泄漏（小泄漏）,宝马5系,105398,2025-01-25 12:14
F1996,B0200,右前安全气囊传感器故障,奥迪Q5L,78480,2024-01-25 11:30
F1997,P0606,ECM内部控制模块处理器故障,福特锐界,25647,2025-07-03 08:03
F1998,C0051,右后轮速传感器电路故障,吉利博越,41376,2024-10-09 08:30
F1999,B0016,驾驶员侧安全气囊模块故障,长城魏派VV7,127828,2025-02-21 10:51
F2000,P0113,进气温度传感器电压高,奔驰E级,74707,2024-11-19 09:02
F2001,P0301,1缸失火，发动机抖动,丰田卡罗拉,107725,2024-12-02 11:28
F2002,C0045,右前轮速传感器故障,大众朗逸,41014,2024-04-27 09:05
F2003,P0171,燃油系统过稀,本田思域,83345,2024-11-05 08:17
F2004,B1234,空调压缩机不工作,比亚迪汉,128546,2024-09-10 14:51
F2005,P0420,催化转化器效率低,宝马3系,80796,2024-12-07 11:09
F2006,P0299,涡轮增压器压力不足,福特蒙迪欧,111872,2024-04-05 12:49
F2007,C0121,刹车压力传感器信号异常,吉利星越L,131689,2024-08-16 11:37
F2008,B0081,主驾驶安全带传感器故障,奥迪A4L,63682,2025-02-06 16:10
F2009,P0521,机油压力传感器电路范围故障,长城哈弗H6,74438,2024-09-02 15:40
F2010,C0561,ABS系统控制模块故障,奔驰C级,52117,2024-10-16 09:13
F2011,P0340,凸轮轴位置传感器电路故障,丰田凯美瑞,133916,2025-05-18 13:19
F2012,B0100,空气囊控制模块故障,大众帕萨特,56231,2024-12-05 13:21
F2013,P0122,节气门位置传感器电压低,本田CR-V,78546,2025-02-07 08:46
F2014,C0035,左前轮速传感器电路故障,比亚迪宋PLUS,125138,2024-05-20 17:48
F2015,P0442,燃油蒸发系统泄漏（小泄漏）,宝马5系,111253,2024-01-19 11:58
F2016,B0200,右前安全气囊传感器故障,奥迪Q5L,125457,2024-05-05 15:26
F2017,P0606,ECM内部控制模块处理器故障,福特锐界,102413,2025-11-22 17:21
F2018,C0051,右后轮速传感器电路故障,吉利博越,135610,2024-12-13 12:49
F2019,B0016,驾驶员侧安全气囊模块故障,长城魏派VV7,113229,2024-11-26 11:14
F2020,P0113,进气温度传感器电压高,奔驰E级,72920,2024-01-21 17:12
F2021,P0301,1缸失火，发动机抖动,丰田卡罗拉,104187,2025-04-01 13:51
F2022,C0045,右前轮速传感器故障,大众朗逸,131454,2025-08-13 13:26
F2023,P0171,燃油系统过稀,本田思域,115353,2025-03-29 14:00
F2024,B1234,空调压缩机不工作,比亚迪汉,128999,2024-07-17 15:12
F2025,P0420,催化转化器效率低,宝马3系,53386,2024-04-15 15:27
F2026,P0299,涡轮增压器压力不足,福特蒙迪欧,51431,2025-01-03 15:06
F2027,C0121,刹车压力传感器信号异常,吉利星越L,36069,2025-12-10 13:59
F2028,B0081,主驾驶安全带传感器故障,奥迪A4L,45656,2025-09-20 09:45
F2029,P0521,机油压力传感器电路范围故障,长城哈弗H6,134773,2024-01-09 15:24
F2030,C0561,ABS系统控制模块故障,奔驰C级,98656,2025-02-18 09:04
F2031,P0340,凸轮轴位置传感器电路故障,丰田凯美瑞,71995,2025-10-01 11:06
F2032,B0100,空气囊控制模块故障,大众帕萨特,36847,2025-07-08 13:35
F2033,P0122,节气门位置传感器电压低,本田CR-V,44866,2025-12-12 08:32
F2034,C0035,左前轮速传感器电路故障,比亚迪宋PLUS,99632,2025-01-11 17:15
F2035,P0442,燃油蒸发系统泄漏（小泄漏）,宝马5系,144366,2025-05-25 11:25
F2036,B0200,右前安全气囊传感器故障,奥迪Q5L,97613,2024-02-21 13:51
F2037,P0606,ECM内部控制模块处理器故障,福特锐界,123062,2024-02-12 12:21
F2038,C0051,右后轮速传感器电路故障,吉利博越,51138,2025-08-07 15:57
F2039,B0016,驾驶员侧安全气囊模块故障,长城魏派VV7,22093,2024-11-20 16:07
F2040,P0113,进气温度传感器电压高,奔驰E级,76155,2025-04-08 17:29
F2041,P0301,1缸失火，发动机抖动,丰田卡罗拉,48155,2025-08-03 17:13
F2042,C0045,右前轮速传感器故障,大众朗逸,56617,2025-08-07 14:19
F2043,P0171,燃油系统过稀,本田思域,54652,2025-07-27 12:09
F2044,B1234,空调压缩机不工作,比亚迪汉,23497,2025-01-06 16:19
F2045,P0420,催化转化器效率低,宝马3系,45345,2024-06-07 09:40
F2046,P0299,涡轮增压器压力不足,福特蒙迪欧,94153,2024-10-13 15:24
F2047,C0121,刹车压力传感器信号异常,吉利星越L,99516,2024-10-07 15:21
F2048,B0081,主驾驶安全带传感器故障,奥迪A4L,76145,2025-04-29 16:22
F2049,P0521,机油压力传感器电路范围故障,长城哈弗H6,128466,2025-02-20 10:12
F2050,C0561,ABS系统控制模块故障,奔驰C级,101638,2024-01-24 11:16
F2051,P0340,凸轮轴位置传感器电路故障,丰田凯美瑞,82165,2025-10-10 09:22
F2052,B0100,空气囊控制模块故障,大众帕萨特,140713,2024-05-21 13:12
F2053,P0122,节气门位置传感器电压低,本田CR-V,50602,2025-04-10 09:44
F2054,C0035,左前轮速传感器电路故障,比亚迪宋PLUS,103388,2024-11-17 09:43
F2055,P0442,燃油蒸发系统泄漏（小泄漏）,宝马5系,33854,2024-06-02 15:17
F2056,B0200,右前安全气囊传感器故障,奥迪Q5L,108422,2024-10-03 08:23
F2057,P0606,ECM内部控制模块处理器故障,福特锐界,72116,2025-06-09 09:34
F2058,C0051,右后轮速传感器电路故障,吉利博越,104568,2024-06-13 11:07
F2059,B0016,驾驶员侧安全气囊模块故障,长城魏派VV7,136143,2025-07-09 14:53
F2060,P0113,进气温度传感器电压高,奔驰E级,122656,2025-05-03 08:19
F2061,P0301,1缸失火，发动机抖动,丰田卡罗拉,95381,2024-03-13 16:55
F2062,C0045,右前轮速传感器故障,大众朗逸,120730,2025-04-09 16:00
F2063,P0171,燃油系统过稀,本田思域,128642,2024-12-13 08:45
F2064,B1234,空调压缩机不工作,比亚迪汉,120395,2024-07-03 08:53
F2065,P0420,催化转化器效率低,宝马3系,41804,2025-12-02 16:17
F2066,P0299,涡轮增压器压力不足,福特蒙迪欧,73599,2025-05-06 11:24
F2067,C0121,刹车压力传感器信号异常,吉利星越L,50980,2024-10-11 13:06
F2068,B0081,主驾驶安全带传感器故障,奥迪A4L,116882,2024-03-29 14:54
F2069,P0521,机油压力传感器电路范围故障,长城哈弗H6,131520,2024-04-22 10:29
F2070,C0561,ABS系统控制模块故障,奔驰C级,123540,2025-12-02 12:21
F2071,P0340,凸轮轴位置传感器电路故障,丰田凯美瑞,71043,2024-03-19 08:28
F2072,B0100,空气囊控制模块故障,大众帕萨特,116785,2024-03-15 16:40
F2073,P0122,节气门位置传感器电压低,本田CR-V,97774,2024-08-14 08:01
F2074,C0035,左前轮速传感器电路故障,比亚迪宋PLUS,44575,2025-05-24 14:08
F2075,P0442,燃油蒸发系统泄漏（小泄漏）,宝马5系,69976,2025-09-13 14:12
F2076,B0200,右前安全气囊传感器故障,奥迪Q5L,68626,2025-02-09 10:19
F2077,P0606,ECM内部控制模块处理器故障,福特锐界,21103,2025-01-12 13:01
F2078,C0051,右后轮速传感器电路故障,吉利博越,48260,2025-01-22 10:56
F2079,B0016,驾驶员侧安全气囊模块故障,长城魏派VV7,84625,2024-05-13 08:59
F2080,P0113,进气温度传感器电压高,奔驰E级,57772,2025-09-17 14:30
F2081,P0301,1缸失火，发动机抖动,丰田卡罗拉,145048,2025-10-03 09:10
F2082,C0045,右前轮速传感器故障,大众朗逸,45318,2024-10-27 11:54
F2083,P0171,燃油系统过稀,本田思域,102894,2024-11-19 13:21
F2084,B1234,空调压缩机不工作,比亚迪汉,28965,2025-10-14 16:24
F2085,P0420,催化转化器效率低,宝马3系,94836,2025-12-07 12:33
F2086,P0299,涡轮增压器压力不足,福特蒙迪欧,134353,2024-06-04 13:17
F2087,C0121,刹车压力传感器信号异常,吉利星越L,75795,2025-07-30 16:17
F2088,B0081,主驾驶安全带传感器故障,奥迪A4L,33786,2024-05-25 15:40
F2089,P0521,机油压力传感器电路范围故障,长城哈弗H6,63284,2025-05-24 11:59
F2090,C0561,ABS系统控制模块故障,奔驰C级,117864,2025-02-19 14:28
F2091,P0340,凸轮轴位置传感器电路故障,丰田凯美瑞,50056,2024-12-01 14:40
F2092,B0100,空气囊控制模块故障,大众帕萨特,119618,2025-11-09 14:55
F2093,P0122,节气门位置传感器电压低,本田CR-V,29545,2024-04-03 17:03
F2094,C0035,左前轮速传感器电路故障,比亚迪宋PLUS,22591,2025-02-12 12:24
F2095,P0442,燃油蒸发系统泄漏（小泄漏）,宝马5系,96811,2024-10-30 14:31
F2096,B0200,右前安全气囊传感器故障,奥迪Q5L,87475,2024-04-30 10:25
F2097,P0606,ECM内部控制模块处理器故障,福特锐界,77852,2024-11-13 14:13
F2098,C0051,右后轮速传感器电路故障,吉利博越,72782,2025-07-30 14:23
F2099,B0016,驾驶员侧安全气囊模块故障,长城魏派VV7,100338,2024-05-29 08:09
F2100,P0113,进气温度传感器电压高,奔驰E级,140235,2024-11-17 11:59
F2101,P0301,1缸失火，发动机抖动,丰田卡罗拉,142130,2024-01-13 10:16
F2102,C0045,右前轮速传感器故障,大众朗逸,46057,2024-11-10 09:40
F2103,P0171,燃油系统过稀,本田思域,53718,2025-11-05 15:46
F2104,B1234,空调压缩机不工作,比亚迪汉,55031,2024-05-14 12:50
F2105,P0420,催化转化器效率低,宝马3系,55229,2025-11-05 15:32
F2106,P0299,涡轮增压器压力不足,福特蒙迪欧,107635,2025-01-07 11:35
F2107,C0121,刹车压力传感器信号异常,吉利星越L,110151,2024-08-28 12:20
F2108,B0081,主驾驶安全带传感器故障,奥迪A4L,91837,2025-10-16 16:22
F2109,P0521,机油压力传感器电路范围故障,长城哈弗H6,77894,2025-03-09 15:12
F2110,C0561,ABS系统控制模块故障,奔驰C级,132658,2024-08-16 09:03
F2111,P0340,凸轮轴位置传感器电路故障,丰田凯美瑞,66975,2024-05-09 16:48
F2112,B0100,空气囊控制模块故障,大众帕萨特,69592,2024-11-20 11:03
F2113,P0122,节气门位置传感器电压低,本田CR-V,106427,2024-03-12 12:51
F2114,C0035,左前轮速传感器电路故障,比亚迪宋PLUS,125351,2024-07-26 17:03
F2115,P0442,燃油蒸发系统泄漏（小泄漏）,宝马5系,115377,2024-01-11 09:20
F2116,B0200,右前安全气囊传感器故障,奥迪Q5L,112895,2025-11-17 11:43
F2117,P0606,ECM内部控制模块处理器故障,福特锐界,20318,2025-11-23 08:09
F2118,C0051,右后轮速传感器电路故障,吉利博越,35272,2025-02-18 15:41
F2119,B0016,驾驶员侧安全气囊模块故障,长城魏派VV7,55644,2024-01-05 15:25
F2120,P0113,进气温度传感器电压高,奔驰E级,117789,2025-06-02 08:45
F2121,P0301,1缸失火，发动机抖动,丰田卡罗拉,43262,2024-02-25 15:59
F2122,C0045,右前轮速传感器故障,大众朗逸,94069,2025-10-17 11:38
F2123,P0171,燃油系统过稀,本田思域,146685,2025-11-05 13:57
F2124,B1234,空调压缩机不工作,比亚迪汉,36630,2025-01-22 14:38
F2125,P0420,催化转化器效率低,宝马3系,68013,2025-03-23 12:43
F2126,P0299,涡轮增压器压力不足,福特蒙迪欧,102620,2024-11-17 17:28
F2127,C0121,刹车压力传感器信号异常,吉利星越L,85611,2024-07-09 14:55
F2128,B0081,主驾驶安全带传感器故障,奥迪A4L,82888,2025-09-01 10:09
F2129,P0521,机油压力传感器电路范围故障,长城哈弗H6,22173,2025-11-07 13:58
F2130,C0561,ABS系统控制模块故障,奔驰C级,135545,2025-09-11 14:39
F2131,P0340,凸轮轴位置传感器电路故障,丰田凯美瑞,77160,2024-10-15 11:59
F2132,B0100,空气囊控制模块故障,大众帕萨特,100949,2024-09-08 17:00
F2133,P0122,节气门位置传感器电压低,本田CR-V,138984,2025-07-17 13:16
F2134,C0035,左前轮速传感器电路故障,比亚迪宋PLUS,115364,2025-07-25 14:30
F2135,P0442,燃油蒸发系统泄漏（小泄漏）,宝马5系,101500,2024-01-02 13:04
F2136,B0200,右前安全气囊传感器故障,奥迪Q5L,126987,2025-09-03 10:30
F2137,P0606,ECM内部控制模块处理器故障,福特锐界,38282,2024-03-26 10:18
F2138,C0051,右后轮速传感器电路故障,吉利博越,83676,2025-08-17 15:18
F2139,B0016,驾驶员侧安全气囊模块故障,长城魏派VV7,76814,2025-02-26 10:06
F2140,P0113,进气温度传感器电压高,奔驰E级,78282,2024-09-26 09:05
F2141,P0301,1缸失火，发动机抖动,丰田卡罗拉,131184,2024-01-23 17:47
F2142,C0045,右前轮速传感器故障,大众朗逸,81529,2025-05-11 11:24
F2143,P0171,燃油系统过稀,本田思域,37094,2024-08-15 09:36
F2144,B1234,空调压缩机不工作,比亚迪汉,133412,2024-07-27 12:28
F2145,P0420,催化转化器效率低,宝马3系,101722,2024-12-22 15:22
F2146,P0299,涡轮增压器压力不足,福特蒙迪欧,144273,2024-10-06 09:36
F2147,C0121,刹车压力传感器信号异常,吉利星越L,143027,2025-11-18 08:54
F2148,B0081,主驾驶安全带传感器故障,奥迪A4L,118797,2024-02-16 16:28
F2149,P0521,机油压力传感器电路范围故障,长城哈弗H6,117100,2024-10-10 08:10
F2150,C0561,ABS系统控制模块故障,奔驰C级,21287,2025-09-26 15:24
F2151,P0340,凸轮轴位置传感器电路故障,丰田凯美瑞,44652,2025-10-10 16:14
F2152,B0100,空气囊控制模块故障,大众帕萨特,68643,2024-06-04 16:59
F2153,P0122,节气门位置传感器电压低,本田CR-V,132831,2025-04-11 12:04
F2154,C0035,左前轮速传感器电路故障,比亚迪宋PLUS,100181,2024-07-13 09:46
F2155,P0442,燃油蒸发系统泄漏（小泄漏）,宝马5系,63048,2024-05-12 12:48
F2156,B0200,右前安全气囊传感器故障,奥迪Q5L,83689,2025-09-27 15:32
F2157,P0606,ECM内部控制模块处理器故障,福特锐界,50620,2024-09-02 13:31
F2158,C0051,右后轮速传感器电路故障,吉利博越,126282,2024-10-04 17:12
F2159,B0016,驾驶员侧安全气囊模块故障,长城魏派VV7,39892,2024-07-01 17:33
F2160,P0113,进气温度传感器电压高,奔驰E级,142301,2025-11-10 10:20
F2161,P0301,1缸失火，发动机抖动,丰田卡罗拉,50097,2024-05-17 12:17
F2162,C0045,右前轮速传感器故障,大众朗逸,37557,2025-03-24 14:23
F2163,P0171,燃油系统过稀,本田思域,27974,2025-04-30 09:19
F2164,B1234,空调压缩机不工作,比亚迪汉,114292,2024-04-29 08:36
F2165,P0420,催化转化器效率低,宝马3系,54025,2025-11-12 16:31
F2166,P0299,涡轮增压器压力不足,福特蒙迪欧,107522,2025-11-09 16:37
F2167,C0121,刹车压力传感器信号异常,吉利星越L,91047,2025-08-21 09:46
F2168,B0081,主驾驶安全带传感器故障,奥迪A4L,96015,2024-02-18 12:54
F2169,P0521,机油压力传感器电路范围故障,长城哈弗H6,25648,2025-10-08 14:08
F2170,C0561,ABS系统控制模块故障,奔驰C级,24131,2024-06-28 17:14
F2171,P0340,凸轮轴位置传感器电路故障,丰田凯美瑞,134298,2025-11-02 16:23
F2172,B0100,空气囊控制模块故障,大众帕萨特,86024,2025-01-31 09:05
F2173,P0122,节气门位置传感器电压低,本田CR-V,133217,2025-09-16 15:21
F2174,C0035,左前轮速传感器电路故障,比亚迪宋PLUS,82898,2025-12-07 11:21
F2175,P0442,燃油蒸发系统泄漏（小泄漏）,宝马5系,92495,2024-07-21 12:27
F2176,B0200,右前安全气囊传感器故障,奥迪Q5L,103292,2024-11-16 08:21
F2177,P0606,ECM内部控制模块处理器故障,福特锐界,113098,2024-08-08 13:08
F2178,C0051,右后轮速传感器电路故障,吉利博越,59035,2025-03-20 10:59
F2179,B0016,驾驶员侧安全气囊模块故障,长城魏派VV7,125085,2025-09-30 09:12
F2180,P0113,进气温度传感器电压高,奔驰E级,89845,2025-06-30 16:55
F2181,P0301,1缸失火，发动机抖动,丰田卡罗拉,128926,2024-06-01 14:31
F2182,C0045,右前轮速传感器故障,大众朗逸,93854,2024-04-04 17:48
F2183,P0171,燃油系统过稀,本田思域,36884,2025-01-06 13:39
F2184,B1234,空调压缩机不工作,比亚迪汉,46521,2024-06-13 17:25
F2185,P0420,催化转化器效率低,宝马3系,74589,2025-01-17 15:34
F2186,P0299,涡轮增压器压力不足,福特蒙迪欧,44132,2024-05-01 15:40
F2187,C0121,刹车压力传感器信号异常,吉利星越L,38239,2025-08-13 16:35
F2188,B0081,主驾驶安全带传感器故障,奥迪A4L,90432,2025-09-05 08:02
F2189,P0521,机油压力传感器电路范围故障,长城哈弗H6,88543,2024-07-18 09:42
F2190,C0561,ABS系统控制模块故障,奔驰C级,25923,2025-02-11 13:49
F2191,P0340,凸轮轴位置传感器电路故障,丰田凯美瑞,91898,2024-10-28 10:11
F2192,B0100,空气囊控制模块故障,大众帕萨特,105912,2025-05-13 14:32
F2193,P0122,节气门位置传感器电压低,本田CR-V,95366,2025-01-25 14:23
F2194,C0035,左前轮速传感器电路故障,比亚迪宋PLUS,93497,2024-08-26 15:25
F2195,P0442,燃油蒸发系统泄漏（小泄漏）,宝马5系,103056,2025-01-13 14:03
F2196,B0200,右前安全气囊传感器故障,奥迪Q5L,141855,2025-10-28 10:47
F2197,P0606,ECM内部控制模块处理器故障,福特锐界,115097,2024-11-26 10:14
F2198,C0051,右后轮速传感器电路故障,吉利博越,122307,2025-03-06 09:26
F2199,B0016,驾驶员侧安全气囊模块故障,长城魏派VV7,149440,2025-09-11 15:18
F2200,P0113,进气温度传感器电压高,奔驰E级,107986,2025-12-19 14:29
F2201,P0301,1缸失火，发动机抖动,丰田卡罗拉,61220,2025-07-29 09:35
F2202,C0045,右前轮速传感器故障,大众朗逸,110991,2025-04-09 15:40
F2203,P0171,燃油系统过稀,本田思域,142653,2024-07-16 14:37
F2204,B1234,空调压缩机不工作,比亚迪汉,22868,2024-03-04 16:12
F2205,P0420,催化转化器效率低,宝马3系,117820,2024-03-08 16:11
F2206,P0299,涡轮增压器压力不足,福特蒙迪欧,26054,2025-08-04 15:51
F2207,C0121,刹车压力传感器信号异常,吉利星越L,124650,2025-11-28 13:00
F2208,B0081,主驾驶安全带传感器故障,奥迪A4L,72072,2025-06-21 09:27
F2209,P0521,机油压力传感器电路范围故障,长城哈弗H6,34227,2025-04-25 09:18
F2210,C0561,ABS系统控制模块故障,奔驰C级,55558,2025-04-22 11:47
F2211,P0340,凸轮轴位置传感器电路故障,丰田凯美瑞,45599,2025-02-08 08:18
F2212,B0100,空气囊控制模块故障,大众帕萨特,46343,2024-02-07 11:43
F2213,P0122,节气门位置传感器电压低,本田CR-V,108470,2025-07-28 08:23
F2214,C0035,左前轮速传感器电路故障,比亚迪宋PLUS,145183,2025-11-14 09:06
F2215,P0442,燃油蒸发系统泄漏（小泄漏）,宝马5系,104773,2025-05-17 13:27
F2216,B0200,右前安全气囊传感器故障,奥迪Q5L,60387,2024-08-18 11:15
F2217,P0606,ECM内部控制模块处理器故障,福特锐界,61422,2024-04-08 15:53
F2218,C0051,右后轮速传感器电路故障,吉利博越,37355,2024-07-29 15:41
F2219,B0016,驾驶员侧安全气囊模块故障,长城魏派VV7,80842,2024-02-25 15:11
F2220,P0113,进气温度传感器电压高,奔驰E级,53031,2025-02-28 14:30
F2221,P0301,1缸失火，发动机抖动,丰田卡罗拉,104376,2024-08-26 10:25
F2222,C0045,右前轮速传感器故障,大众朗逸,90216,2025-07-10 10:20
F2223,P0171,燃油系统过稀,本田思域,120423,2024-09-03 16:20
F2224,B1234,空调压缩机不工作,比亚迪汉,121162,2024-10-18 13:56
F2225,P0420,催化转化器效率低,宝马3系,28480,2024-12-18 16:38
F2226,P0299,涡轮增压器压力不足,福特蒙迪欧,81920,2025-02-04 11:45
F2227,C0121,刹车压力传感器信号异常,吉利星越L,70924,2025-01-22 08:18
F2228,B0081,主驾驶安全带传感器故障,奥迪A4L,80110,2024-11-01 09:48
F2229,P0521,机油压力传感器电路范围故障,长城哈弗H6,38740,2024-05-18 17:43
F2230,C0561,ABS系统控制模块故障,奔驰C级,27998,2024-09-17 08:27
F2231,P0340,凸轮轴位置传感器电路故障,丰田凯美瑞,124724,2024-01-13 16:07
F2232,B0100,空气囊控制模块故障,大众帕萨特,148829,2024-07-27 09:38
F2233,P0122,节气门位置传感器电压低,本田CR-V,37284,2025-10-18 12:18
F2234,C0035,左前轮速传感器电路故障,比亚迪宋PLUS,53900,2025-08-23 17:45
F2235,P0442,燃油蒸发系统泄漏（小泄漏）,宝马5系,108760,2025-05-19 10:46
F2236,B0200,右前安全气囊传感器故障,奥迪Q5L,130306,2025-01-28 13:18
F2237,P0606,ECM内部控制模块处理器故障,福特锐界,97127,2025-02-14 10:16
F2238,C0051,右后轮速传感器电路故障,吉利博越,44007,2024-01-16 13:30
F2239,B0016,驾驶员侧安全气囊模块故障,长城魏派VV7,112610,2025-09-07 11:17
F2240,P0113,进气温度传感器电压高,奔驰E级,57836,2024-11-06 15:24
F2241,P0301,1缸失火，发动机抖动,丰田卡罗拉,70593,2024-07-27 08:12
F2242,C0045,右前轮速传感器故障,大众朗逸,96240,2025-03-05 13:17
F2243,P0171,燃油系统过稀,本田思域,86814,2025-12-14 10:12
F2244,B1234,空调压缩机不工作,比亚迪汉,98554,2025-04-03 17:43
F2245,P0420,催化转化器效率低,宝马3系,30185,2024-02-06 15:12
F2246,P0299,涡轮增压器压力不足,福特蒙迪欧,110402,2024-03-19 10:18
F2247,C0121,刹车压力传感器信号异常,吉利星越L,27704,2024-07-03 10:13
F2248,B0081,主驾驶安全带传感器故障,奥迪A4L,69498,2025-11-26 17:06
F2249,P0521,机油压力传感器电路范围故障,长城哈弗H6,84784,2025-10-17 14:42
F2250,C0561,ABS系统控制模块故障,奔驰C级,105044,2024-04-07 12:36
F2251,P0340,凸轮轴位置传感器电路故障,丰田凯美瑞,87439,2025-12-06 15:12
F2252,B0100,空气囊控制模块故障,大众帕萨特,107433,2024-02-05 11:05
F2253,P0122,节气门位置传感器电压低,本田CR-V,124344,2024-04-15 08:44
F2254,C0035,左前轮速传感器电路故障,比亚迪宋PLUS,48087,2024-10-16 16:33
F2255,P0442,燃油蒸发系统泄漏（小泄漏）,宝马5系,36993,2024-06-29 12:38
F2256,B0200,右前安全气囊传感器故障,奥迪Q5L,87156,2025-12-13 10:44
F2257,P0606,ECM内部控制模块处理器故障,福特锐界,83099,2025-11-25 13:56
F2258,C0051,右后轮速传感器电路故障,吉利博越,74629,2025-03-23 11:00
F2259,B0016,驾驶员侧安全气囊模块故障,长城魏派VV7,53862,2024-01-02 09:13
F2260,P0113,进气温度传感器电压高,奔驰E级,38008,2024-07-21 15:40
F2261,P0301,1缸失火，发动机抖动,丰田卡罗拉,48071,2024-06-27 17:25
F2262,C0045,右前轮速传感器故障,大众朗逸,117260,2024-12-15 11:51
F2263,P0171,燃油系统过稀,本田思域,28137,2024-05-16 10:42
F2264,B1234,空调压缩机不工作,比亚迪汉,80878,2025-10-02 11:18
F2265,P0420,催化转化器效率低,宝马3系,80736,2024-11-15 12:41
F2266,P0299,涡轮增压器压力不足,福特蒙迪欧,88701,2025-12-11 10:23
F2267,C0121,刹车压力传感器信号异常,吉利星越L,69351,2024-08-23 08:03
F2268,B0081,主驾驶安全带传感器故障,奥迪A4L,38698,2024-07-09 12:41
F2269,P0521,机油压力传感器电路范围故障,长城哈弗H6,37563,2024-09-21 15:23
F2270,C0561,ABS系统控制模块故障,奔驰C级,40861,2025-10-21 11:56
F2271,P0340,凸轮轴位置传感器电路故障,丰田凯美瑞,108612,2024-04-18 11:41
F2272,B0100,空气囊控制模块故障,大众帕萨特,89064,2025-09-29 08:37
F2273,P0122,节气门位置传感器电压低,本田CR-V,45867,2025-05-11 16:11
F2274,C0035,左前轮速传感器电路故障,比亚迪宋PLUS,83810,2024-06-26 16:27
F2275,P0442,燃油蒸发系统泄漏（小泄漏）,宝马5系,119677,2024-08-14 15:45
F2276,B0200,右前安全气囊传感器故障,奥迪Q5L,99081,2024-03-25 08:05
F2277,P0606,ECM内部控制模块处理器故障,福特锐界,129256,2025-09-10 12:18
F2278,C0051,右后轮速传感器电路故障,吉利博越,80122,2025-03-01 09:33
F2279,B0016,驾驶员侧安全气囊模块故障,长城魏派VV7,60722,2024-02-06 10:17
F2280,P0113,进气温度传感器电压高,奔驰E级,144732,2025-09-09 16:39
F2281,P0301,1缸失火，发动机抖动,丰田卡罗拉,122710,2024-03-09 16:23
F2282,C0045,右前轮速传感器故障,大众朗逸,95088,2025-12-01 08:38
F2283,P0171,燃油系统过稀,本田思域,93564,2024-02-03 14:44
F2284,B1234,空调压缩机不工作,比亚迪汉,85621,2025-06-30 09:40
F2285,P0420,催化转化器效率低,宝马3系,113753,2025-01-04 13:33
F2286,P0299,涡轮增压器压力不足,福特蒙迪欧,68672,2025-11-15 11:39
F2287,C0121,刹车压力传感器信号异常,吉利星越L,79207,2025-01-16 10:47
F2288,B0081,主驾驶安全带传感器故障,奥迪A4L,28293,2024-02-27 08:36
F2289,P0521,机油压力传感器电路范围故障,长城哈弗H6,91711,2025-04-08 12:22
F2290,C0561,ABS系统控制模块故障,奔驰C级,79606,2024-09-23 08:42
F2291,P0340,凸轮轴位置传感器电路故障,丰田凯美瑞,38552,2024-06-21 10:44
F2292,B0100,空气囊控制模块故障,大众帕萨特,142278,2024-08-14 11:42
F2293,P0122,节气门位置传感器电压低,本田CR-V,35272,2024-08-24 10:59
F2294,C0035,左前轮速传感器电路故障,比亚迪宋PLUS,55541,2024-07-10 08:09
F2295,P0442,燃油蒸发系统泄漏（小泄漏）,宝马5系,128713,2024-07-02 14:07
F2296,B0200,右前安全气囊传感器故障,奥迪Q5L,62390,2024-07-10 15:51
F2297,P0606,ECM内部控制模块处理器故障,福特锐界,80156,2024-08-04 17:46
F2298,C0051,右后轮速传感器电路故障,吉利博越,143870,2024-08-03 17:21
F2299,B0016,驾驶员侧安全气囊模块故障,长城魏派VV7,108958,2025-10-04 16:21
F2300,P0113,进气温度传感器电压高,奔驰E级,81394,2025-09-12 10:53
F2301,P0301,1缸失火，发动机抖动,丰田卡罗拉,56252,2024-02-09 11:00
F2302,C0045,右前轮速传感器故障,大众朗逸,124048,2025-05-28 16:28
F2303,P0171,燃油系统过稀,本田思域,120072,2024-12-27 11:50
F2304,B1234,空调压缩机不工作,比亚迪汉,95119,2024-10-23 10:32
F2305,P0420,催化转化器效率低,宝马3系,89330,2024-12-21 15:21
F2306,P0299,涡轮增压器压力不足,福特蒙迪欧,99292,2024-03-24 10:03
F2307,C0121,刹车压力传感器信号异常,吉利星越L,112650,2025-04-16 16:18
F2308,B0081,主驾驶安全带传感器故障,奥迪A4L,77633,2025-09-10 17:42
F2309,P0521,机油压力传感器电路范围故障,长城哈弗H6,43104,2024-12-06 08:57
F2310,C0561,ABS系统控制模块故障,奔驰C级,58242,2025-06-23 10:40
F2311,P0340,凸轮轴位置传感器电路故障,丰田凯美瑞,49494,2025-01-08 12:42
F2312,B0100,空气囊控制模块故障,大众帕萨特,123494,2025-12-19 15:25
F2313,P0122,节气门位置传感器电压低,本田CR-V,109412,2025-03-22 15:17
F2314,C0035,左前轮速传感器电路故障,比亚迪宋PLUS,39216,2025-04-19 13:31
F2315,P0442,燃油蒸发系统泄漏（小泄漏）,宝马5系,112171,2024-12-26 10:08
F2316,B0200,右前安全气囊传感器故障,奥迪Q5L,109614,2025-09-21 12:08
F2317,P0606,ECM内部控制模块处理器故障,福特锐界,75570,2025-04-21 15:54
F2318,C0051,右后轮速传感器电路故障,吉利博越,103189,2025-10-26 17:53
F2319,B0016,驾驶员侧安全气囊模块故障,长城魏派VV7,67731,2025-07-17 09:55
F2320,P0113,进气温度传感器电压高,奔驰E级,101015,2024-09-04 10:33
F2321,P0301,1缸失火，发动机抖动,丰田卡罗拉,26383,2024-05-29 10:31
F2322,C0045,右前轮速传感器故障,大众朗逸,140592,2024-02-13 14:34
F2323,P0171,燃油系统过稀,本田思域,112237,2024-08-30 16:11
F2324,B1234,空调压缩机不工作,比亚迪汉,29707,2025-04-01 08:12
F2325,P0420,催化转化器效率低,宝马3系,128175,2025-09-17 16:19
F2326,P0299,涡轮增压器压力不足,福特蒙迪欧,105900,2024-03-12 15:18
F2327,C0121,刹车压力传感器信号异常,吉利星越L,24542,2025-10-01 08:55
F2328,B0081,主驾驶安全带传感器故障,奥迪A4L,142835,2024-07-09 16:56
F2329,P0521,机油压力传感器电路范围故障,长城哈弗H6,118054,2025-10-22 14:08
F2330,C0561,ABS系统控制模块故障,奔驰C级,70166,2024-03-20 08:59
F2331,P0340,凸轮轴位置传感器电路故障,丰田凯美瑞,132660,2025-03-22 09:42
F2332,B0100,空气囊控制模块故障,大众帕萨特,62931,2025-02-03 08:26
F2333,P0122,节气门位置传感器电压低,本田CR-V,75575,2025-04-23 09:49
F2334,C0035,左前轮速传感器电路故障,比亚迪宋PLUS,138585,2024-05-10 09:15
F2335,P0442,燃油蒸发系统泄漏（小泄漏）,宝马5系,99945,2025-01-26 08:16
F2336,B0200,右前安全气囊传感器故障,奥迪Q5L,148734,2024-02-20 17:50
F2337,P0606,ECM内部控制模块处理器故障,福特锐界,93548,2025-02-20 13:27
F2338,C0051,右后轮速传感器电路故障,吉利博越,29383,2024-02-04 10:41
F2339,B0016,驾驶员侧安全气囊模块故障,长城魏派VV7,36902,2025-03-23 09:51
F2340,P0113,进气温度传感器电压高,奔驰E级,108064,2025-10-31 08:15
F2341,P0301,1缸失火，发动机抖动,丰田卡罗拉,124604,2025-11-07 14:02
F2342,C0045,右前轮速传感器故障,大众朗逸,139938,2024-12-14 11:31
F2343,P0171,燃油系统过稀,本田思域,65250,2024-10-25 08:33
F2344,B1234,空调压缩机不工作,比亚迪汉,47376,2025-03-04 12:51
F2345,P0420,催化转化器效率低,宝马3系,26055,2024-06-19 13:51
F2346,P0299,涡轮增压器压力不足,福特蒙迪欧,32105,2024-12-22 11:44
F2347,C0121,刹车压力传感器信号异常,吉利星越L,51937,2024-01-31 17:32
F2348,B0081,主驾驶安全带传感器故障,奥迪A4L,115111,2025-04-14 11:10
F2349,P0521,机油压力传感器电路范围故障,长城哈弗H6,33933,2025-02-22 15:58
F2350,C0561,ABS系统控制模块故障,奔驰C级,110331,2024-07-20 11:26
F2351,P0340,凸轮轴位置传感器电路故障,丰田凯美瑞,38178,2024-02-06 14:54
F2352,B0100,空气囊控制模块故障,大众帕萨特,55516,2024-08-19 10:05
F2353,P0122,节气门位置传感器电压低,本田CR-V,78011,2024-09-28 17:30
F2354,C0035,左前轮速传感器电路故障,比亚迪宋PLUS,121763,2024-05-25 16:41
F2355,P0442,燃油蒸发系统泄漏（小泄漏）,宝马5系,61907,2024-02-21 16:29
F2356,B0200,右前安全气囊传感器故障,奥迪Q5L,134325,2024-05-16 08:41
F2357,P0606,ECM内部控制模块处理器故障,福特锐界,92135,2025-07-01 13:30
F2358,C0051,右后轮速传感器电路故障,吉利博越,112078,2025-09-03 14:27
F2359,B0016,驾驶员侧安全气囊模块故障,长城魏派VV7,38716,2025-07-14 12:57
F2360,P0113,进气温度传感器电压高,奔驰E级,139832,2024-12-11 14:08
F2361,P0301,1缸失火，发动机抖动,丰田卡罗拉,62642,2024-03-22 13:42
F2362,C0045,右前轮速传感器故障,大众朗逸,36199,2024-12-07 08:27
F2363,P0171,燃油系统过稀,本田思域,116375,2024-11-01 08:40
F2364,B1234,空调压缩机不工作,比亚迪汉,86294,2024-07-17 11:59
F2365,P0420,催化转化器效率低,宝马3系,136191,2025-05-14 15:15
F2366,P0299,涡轮增压器压力不足,福特蒙迪欧,128876,2025-03-11 14:09
F2367,C0121,刹车压力传感器信号异常,吉利星越L,25398,2025-06-03 14:10
F2368,B0081,主驾驶安全带传感器故障,奥迪A4L,123459,2025-01-19 16:52
F2369,P0521,机油压力传感器电路范围故障,长城哈弗H6,48398,2024-08-20 13:28
F2370,C0561,ABS系统控制模块故障,奔驰C级,64812,2025-05-07 10:33
F2371,P0340,凸轮轴位置传感器电路故障,丰田凯美瑞,65872,2024-04-26 15:51
F2372,B0100,空气囊控制模块故障,大众帕萨特,33797,2024-02-17 13:37
F2373,P0122,节气门位置传感器电压低,本田CR-V,27227,2025-09-19 08:30
F2374,C0035,左前轮速传感器电路故障,比亚迪宋PLUS,31323,2025-07-29 12:12
F2375,P0442,燃油蒸发系统泄漏（小泄漏）,宝马5系,102027,2024-03-10 08:28
F2376,B0200,右前安全气囊传感器故障,奥迪Q5L,138996,2025-05-02 17:32
F2377,P0606,ECM内部控制模块处理器故障,福特锐界,107027,2024-04-02 17:14
F2378,C0051,右后轮速传感器电路故障,吉利博越,45462,2024-04-04 09:24
F2379,B0016,驾驶员侧安全气囊模块故障,长城魏派VV7,111894,2025-04-22 08:02
F2380,P0113,进气温度传感器电压高,奔驰E级,120364,2025-08-09 12:44
F2381,P0301,1缸失火，发动机抖动,丰田卡罗拉,60273,2025-07-11 11:12
F2382,C0045,右前轮速传感器故障,大众朗逸,102045,2025-09-09 12:16
F2383,P0171,燃油系统过稀,本田思域,137904,2024-02-16 15:26
F2384,B1234,空调压缩机不工作,比亚迪汉,43985,2025-01-20 10:03
F2385,P0420,催化转化器效率低,宝马3系,145896,2025-08-11 12:28
F2386,P0299,涡轮增压器压力不足,福特蒙迪欧,46698,2025-10-03 15:09
F2387,C0121,刹车压力传感器信号异常,吉利星越L,104924,2025-12-05 10:44
F2388,B0081,主驾驶安全带传感器故障,奥迪A4L,34927,2025-08-21 16:31
F2389,P0521,机油压力传感器电路范围故障,长城哈弗H6,37572,2024-03-28 12:11
F2390,C0561,ABS系统控制模块故障,奔驰C级,89651,2024-06-10 16:38
F2391,P0340,凸轮轴位置传感器电路故障,丰田凯美瑞,140709,2024-10-30 09:52
F2392,B0100,空气囊控制模块故障,大众帕萨特,61819,2025-08-17 11:02
F2393,P0122,节气门位置传感器电压低,本田CR-V,28148,2024-09-27 13:39
F2394,C0035,左前轮速传感器电路故障,比亚迪宋PLUS,112636,2025-02-20 14:05
F2395,P0442,燃油蒸发系统泄漏（小泄漏）,宝马5系,117252,2024-08-23 14:00
F2396,B0200,右前安全气囊传感器故障,奥迪Q5L,119071,2024-04-06 15:27
F2397,P0606,ECM内部控制模块处理器故障,福特锐界,30057,2025-10-06 17:42
F2398,C0051,右后轮速传感器电路故障,吉利博越,21745,2025-03-28 11:51
F2399,B0016,驾驶员侧安全气囊模块故障,长城魏派VV7,143450,2024-06-06 10:56
F2400,P0113,进气温度传感器电压高,奔驰E级,35010,2024-06-06 17:30
F2401,P0301,1缸失火，发动机抖动,丰田卡罗拉,69653,2025-07-25 15:06
F2402,C0045,右前轮速传感器故障,大众朗逸,74450,2024-12-31 15:52
F2403,P0171,燃油系统过稀,本田思域,65237,2024-07-05 16:07
F2404,B1234,空调压缩机不工作,比亚迪汉,29911,2024-09-14 12:24
F2405,P0420,催化转化器效率低,宝马3系,42896,2024-06-02 13:58
F2406,P0299,涡轮增压器压力不足,福特蒙迪欧,32083,2024-09-02 13:42
F2407,C0121,刹车压力传感器信号异常,吉利星越L,42293,2025-12-12 08:59
F2408,B0081,主驾驶安全带传感器故障,奥迪A4L,127994,2024-10-29 11:58
F2409,P0521,机油压力传感器电路范围故障,长城哈弗H6,133342,2024-11-17 09:02
F2410,C0561,ABS系统控制模块故障,奔驰C级,130612,2025-10-02 08:44
F2411,P0340,凸轮轴位置传感器电路故障,丰田凯美瑞,79185,2025-06-29 17:59
F2412,B0100,空气囊控制模块故障,大众帕萨特,50573,2025-06-27 17:27
F2413,P0122,节气门位置传感器电压低,本田CR-V,45835,2024-06-27 09:43
F2414,C0035,左前轮速传感器电路故障,比亚迪宋PLUS,81400,2025-07-14 10:34
F2415,P0442,燃油蒸发系统泄漏（小泄漏）,宝马5系,96740,2024-12-27 08:55
F2416,B0200,右前安全气囊传感器故障,奥迪Q5L,29254,2025-09-27 16:10
F2417,P0606,ECM内部控制模块处理器故障,福特锐界,30450,2025-12-13 11:06
F2418,C0051,右后轮速传感器电路故障,吉利博越,70717,2024-12-18 09:13
F2419,B0016,驾驶员侧安全气囊模块故障,长城魏派VV7,82211,2024-01-01 11:43
F2420,P0113,进气温度传感器电压高,奔驰E级,147730,2024-08-29 14:39
F2421,P0301,1缸失火，发动机抖动,丰田卡罗拉,95582,2025-04-19 15:21
F2422,C0045,右前轮速传感器故障,大众朗逸,75527,2024-06-26 12:34
F2423,P0171,燃油系统过稀,本田思域,93108,2025-07-17 14:15
F2424,B1234,空调压缩机不工作,比亚迪汉,85638,2025-09-08 11:44
F2425,P0420,催化转化器效率低,宝马3系,139437,2024-08-05 12:20
F2426,P0299,涡轮增压器压力不足,福特蒙迪欧,43683,2025-03-11 14:17
F2427,C0121,刹车压力传感器信号异常,吉利星越L,82834,2024-02-22 15:25
F2428,B0081,主驾驶安全带传感器故障,奥迪A4L,122852,2025-02-11 15:21
F2429,P0521,机油压力传感器电路范围故障,长城哈弗H6,76813,2024-09-26 17:14
F2430,C0561,ABS系统控制模块故障,奔驰C级,130460,2024-12-07 17:38
F2431,P0340,凸轮轴位置传感器电路故障,丰田凯美瑞,136185,2024-06-02 14:36
F2432,B0100,空气囊控制模块故障,大众帕萨特,58124,2024-08-19 15:03
F2433,P0122,节气门位置传感器电压低,本田CR-V,133554,2024-12-24 15:20
F2434,C0035,左前轮速传感器电路故障,比亚迪宋PLUS,79499,2024-04-14 10:34
F2435,P0442,燃油蒸发系统泄漏（小泄漏）,宝马5系,119228,2024-02-16 13:04
F2436,B0200,右前安全气囊传感器故障,奥迪Q5L,132924,2025-12-15 09:22
F2437,P0606,ECM内部控制模块处理器故障,福特锐界,90896,2024-02-02 11:38
F2438,C0051,右后轮速传感器电路故障,吉利博越,73149,2025-09-06 08:35
F2439,B0016,驾驶员侧安全气囊模块故障,长城魏派VV7,49798,2024-01-26 16:03
F2440,P0113,进气温度传感器电压高,奔驰E级,66376,2025-03-27 08:51
F2441,P0301,1缸失火，发动机抖动,丰田卡罗拉,126461,2024-04-30 14:17
F2442,C0045,右前轮速传感器故障,大众朗逸,44190,2024-11-21 11:26
F2443,P0171,燃油系统过稀,本田思域,49338,2025-11-03 14:05
F2444,B1234,空调压缩机不工作,比亚迪汉,44007,2025-09-15 09:36
F2445,P0420,催化转化器效率低,宝马3系,25985,2025-09-01 08:15
F2446,P0299,涡轮增压器压力不足,福特蒙迪欧,99888,2025-03-22 12:51
F2447,C0121,刹车压力传感器信号异常,吉利星越L,69512,2025-01-10 13:41
F2448,B0081,主驾驶安全带传感器故障,奥迪A4L,44206,2024-08-30 17:25
F2449,P0521,机油压力传感器电路范围故障,长城哈弗H6,55314,2024-09-29 12:54
F2450,C0561,ABS系统控制模块故障,奔驰C级,58439,2025-05-10 15:12
F2451,P0340,凸轮轴位置传感器电路故障,丰田凯美瑞,131370,2024-05-29 11:45
F2452,B0100,空气囊控制模块故障,大众帕萨特,112959,2024-03-28 15:52
F2453,P0122,节气门位置传感器电压低,本田CR-V,111993,2025-12-21 14:43
F2454,C0035,左前轮速传感器电路故障,比亚迪宋PLUS,28428,2024-06-21 12:20
F2455,P0442,燃油蒸发系统泄漏（小泄漏）,宝马5系,43091,2025-06-06 13:08
F2456,B0200,右前安全气囊传感器故障,奥迪Q5L,46418,2024-01-20 13:04
F2457,P0606,ECM内部控制模块处理器故障,福特锐界,140917,2024-08-07 13:34
F2458,C0051,右后轮速传感器电路故障,吉利博越,113923,2025-02-21 15:26
F2459,B0016,驾驶员侧安全气囊模块故障,长城魏派VV7,131768,2025-03-02 16:31
F2460,P0113,进气温度传感器电压高,奔驰E级,147583,2025-02-03 17:04
F2461,P0301,1缸失火，发动机抖动,丰田卡罗拉,115909,2025-04-05 11:45
F2462,C0045,右前轮速传感器故障,大众朗逸,60647,2025-01-24 13:20
F2463,P0171,燃油系统过稀,本田思域,137948,2024-01-17 10:30
F2464,B1234,空调压缩机不工作,比亚迪汉,29082,2024-06-05 14:00
F2465,P0420,催化转化器效率低,宝马3系,116125,2024-01-08 08:13
F2466,P0299,涡轮增压器压力不足,福特蒙迪欧,59550,2025-07-16 10:00
F2467,C0121,刹车压力传感器信号异常,吉利星越L,48798,2025-05-07 15:10
F2468,B0081,主驾驶安全带传感器故障,奥迪A4L,98352,2024-05-29 16:21
F2469,P0521,机油压力传感器电路范围故障,长城哈弗H6,52327,2025-03-19 16:15
F2470,C0561,ABS系统控制模块故障,奔驰C级,61723,2025-12-14 17:12
F2471,P0340,凸轮轴位置传感器电路故障,丰田凯美瑞,26761,2024-08-11 14:29
F2472,B0100,空气囊控制模块故障,大众帕萨特,120714,2024-08-08 13:47
F2473,P0122,节气门位置传感器电压低,本田CR-V,121779,2024-10-08 16:05
F2474,C0035,左前轮速传感器电路故障,比亚迪宋PLUS,110247,2025-06-17 12:17
F2475,P0442,燃油蒸发系统泄漏（小泄漏）,宝马5系,136671,2025-10-06 17:07
F2476,B0200,右前安全气囊传感器故障,奥迪Q5L,54414,2025-03-31 15:55
F2477,P0606,ECM内部控制模块处理器故障,福特锐界,67848,2024-01-23 09:10
F2478,C0051,右后轮速传感器电路故障,吉利博越,36144,2025-05-09 14:28
F2479,B0016,驾驶员侧安全气囊模块故障,长城魏派VV7,108683,2025-12-03 11:12
F2480,P0113,进气温度传感器电压高,奔驰E级,43036,2024-09-27 11:13
F2481,P0301,1缸失火，发动机抖动,丰田卡罗拉,88804,2025-10-31 08:38
F2482,C0045,右前轮速传感器故障,大众朗逸,33363,2024-08-11 08:49
F2483,P0171,燃油系统过稀,本田思域,97100,2024-08-08 15:57
F2484,B1234,空调压缩机不工作,比亚迪汉,48071,2025-02-07 09:35
F2485,P0420,催化转化器效率低,宝马3系,81776,2024-02-06 12:51
F2486,P0299,涡轮增压器压力不足,福特蒙迪欧,116609,2025-11-27 17:38
F2487,C0121,刹车压力传感器信号异常,吉利星越L,43822,2024-03-17 13:26
F2488,B0081,主驾驶安全带传感器故障,奥迪A4L,141683,2025-05-22 15:33
F2489,P0521,机油压力传感器电路范围故障,长城哈弗H6,103173,2024-08-08 10:51
F2490,C0561,ABS系统控制模块故障,奔驰C级,130143,2024-04-08 13:56
F2491,P0340,凸轮轴位置传感器电路故障,丰田凯美瑞,97026,2024-11-26 16:40
F2492,B0100,空气囊控制模块故障,大众帕萨特,53467,2025-09-03 11:29
F2493,P0122,节气门位置传感器电压低,本田CR-V,119327,2024-09-14 11:26
F2494,C0035,左前轮速传感器电路故障,比亚迪宋PLUS,58156,2025-12-11 15:17
F2495,P0442,燃油蒸发系统泄漏（小泄漏）,宝马5系,38939,2024-06-08 13:35
F2496,B0200,右前安全气囊传感器故障,奥迪Q5L,29266,2024-03-09 14:44
F2497,P0606,ECM内部控制模块处理器故障,福特锐界,59669,2025-09-16 10:30
F2498,C0051,右后轮速传感器电路故障,吉利博越,67796,2024-01-30 14:25
F2499,B0016,驾驶员侧安全气囊模块故障,长城魏派VV7,52657,2024-10-26 14:22
F2500,P0113,进气温度传感器电压高,奔驰E级,53352,2025-12-03 13:12
F2501,P0301,1缸失火，发动机抖动,丰田卡罗拉,55325,2025-11-24 17:24
F2502,C0045,右前轮速传感器故障,大众朗逸,87332,2024-05-14 12:56
F2503,P0171,燃油系统过稀,本田思域,89810,2025-06-22 17:33
F2504,B1234,空调压缩机不工作,比亚迪汉,139123,2025-09-05 16:00
F2505,P0420,催化转化器效率低,宝马3系,114903,2024-07-09 16:25
F2506,P0299,涡轮增压器压力不足,福特蒙迪欧,117415,2024-08-28 10:52
F2507,C0121,刹车压力传感器信号异常,吉利星越L,82336,2024-08-09 11:20
F2508,B0081,主驾驶安全带传感器故障,奥迪A4L,53557,2025-04-01 14:08
F2509,P0521,机油压力传感器电路范围故障,长城哈弗H6,47949,2024-06-12 16:52
F2510,C0561,ABS系统控制模块故障,奔驰C级,112915,2025-03-23 08:00
F2511,P0340,凸轮轴位置传感器电路故障,丰田凯美瑞,66788,2024-05-27 08:39
F2512,B0100,空气囊控制模块故障,大众帕萨特,35850,2024-05-04 10:59
F2513,P0122,节气门位置传感器电压低,本田CR-V,116086,2025-05-19 14:27
F2514,C0035,左前轮速传感器电路故障,比亚迪宋PLUS,134387,2024-12-28 14:46
F2515,P0442,燃油蒸发系统泄漏（小泄漏）,宝马5系,64092,2024-09-21 12:57
F2516,B0200,右前安全气囊传感器故障,奥迪Q5L,37397,2025-04-15 17:07
F2517,P0606,ECM内部控制模块处理器故障,福特锐界,126234,2024-04-28 10:03
F2518,C0051,右后轮速传感器电路故障,吉利博越,129964,2024-07-07 14:53
F2519,B0016,驾驶员侧安全气囊模块故障,长城魏派VV7,25614,2025-04-27 09:03
F2520,P0113,进气温度传感器电压高,奔驰E级,136951,2025-09-03 15:39
F2521,P0301,1缸失火，发动机抖动,丰田卡罗拉,25820,2024-08-29 09:14
F2522,C0045,右前轮速传感器故障,大众朗逸,84402,2025-07-02 12:54
F2523,P0171,燃油系统过稀,本田思域,121110,2025-12-26 14:29
F2524,B1234,空调压缩机不工作,比亚迪汉,65713,2025-03-03 15:58
F2525,P0420,催化转化器效率低,宝马3系,97797,2024-07-18 14:47
F2526,P0299,涡轮增压器压力不足,福特蒙迪欧,45071,2024-11-14 16:22
F2527,C0121,刹车压力传感器信号异常,吉利星越L,55787,2024-08-22 14:56
F2528,B0081,主驾驶安全带传感器故障,奥迪A4L,76442,2024-12-07 17:28
F2529,P0521,机油压力传感器电路范围故障,长城哈弗H6,69183,2025-08-18 14:58
F2530,C0561,ABS系统控制模块故障,奔驰C级,49509,2025-02-01 10:17
F2531,P0340,凸轮轴位置传感器电路故障,丰田凯美瑞,47655,2024-09-08 13:56
F2532,B0100,空气囊控制模块故障,大众帕萨特,52161,2025-03-16 13:51
F2533,P0122,节气门位置传感器电压低,本田CR-V,133381,2025-05-29 08:34
F2534,C0035,左前轮速传感器电路故障,比亚迪宋PLUS,49944,2024-01-09 16:53
F2535,P0442,燃油蒸发系统泄漏（小泄漏）,宝马5系,49878,2024-12-20 09:51
F2536,B0200,右前安全气囊传感器故障,奥迪Q5L,52392,2024-01-17 12:40
F2537,P0606,ECM内部控制模块处理器故障,福特锐界,51797,2025-07-04 12:16
F2538,C0051,右后轮速传感器电路故障,吉利博越,96262,2024-08-22 10:13
F2539,B0016,驾驶员侧安全气囊模块故障,长城魏派VV7,74823,2024-04-09 16:15
F2540,P0113,进气温度传感器电压高,奔驰E级,104005,2025-08-21 08:42
F2541,P0301,1缸失火，发动机抖动,丰田卡罗拉,118567,2025-04-10 17:08
F2542,C0045,右前轮速传感器故障,大众朗逸,42043,2024-10-03 08:07
F2543,P0171,燃油系统过稀,本田思域,38105,2025-02-14 10:06
F2544,B1234,空调压缩机不工作,比亚迪汉,122332,2024-12-21 11:08
F2545,P0420,催化转化器效率低,宝马3系,104180,2024-12-11 17:32
F2546,P0299,涡轮增压器压力不足,福特蒙迪欧,92550,2025-01-15 17:51
F2547,C0121,刹车压力传感器信号异常,吉利星越L,41774,2025-01-05 10:53
F2548,B0081,主驾驶安全带传感器故障,奥迪A4L,30589,2024-11-17 10:58
F2549,P0521,机油压力传感器电路范围故障,长城哈弗H6,106789,2025-04-28 15:18
F2550,C0561,ABS系统控制模块故障,奔驰C级,54357,2025-03-21 16:47
F2551,P0340,凸轮轴位置传感器电路故障,丰田凯美瑞,127398,2025-09-06 08:55
F2552,B0100,空气囊控制模块故障,大众帕萨特,64411,2024-11-01 11:10
F2553,P0122,节气门位置传感器电压低,本田CR-V,116271,2025-07-13 11:15
F2554,C0035,左前轮速传感器电路故障,比亚迪宋PLUS,40480,2024-07-31 11:40
F2555,P0442,燃油蒸发系统泄漏（小泄漏）,宝马5系,58459,2024-03-02 17:49
F2556,B0200,右前安全气囊传感器故障,奥迪Q5L,139010,2024-01-12 14:52
F2557,P0606,ECM内部控制模块处理器故障,福特锐界,112572,2024-04-13 10:17
F2558,C0051,右后轮速传感器电路故障,吉利博越,78526,2024-02-03 09:17
F2559,B0016,驾驶员侧安全气囊模块故障,长城魏派VV7,114266,2024-01-11 11:45
F2560,P0113,进气温度传感器电压高,奔驰E级,22574,2025-06-07 13:05
F2561,P0301,1缸失火，发动机抖动,丰田卡罗拉,75775,2024-03-03 17:39
F2562,C0045,右前轮速传感器故障,大众朗逸,149444,2025-09-15 16:09
F2563,P0171,燃油系统过稀,本田思域,62003,2024-09-15 11:31
F2564,B1234,空调压缩机不工作,比亚迪汉,94390,2024-06-13 09:27
F2565,P0420,催化转化器效率低,宝马3系,100978,2024-08-30 12:08
F2566,P0299,涡轮增压器压力不足,福特蒙迪欧,87459,2025-06-17 17:30
F2567,C0121,刹车压力传感器信号异常,吉利星越L,29164,2024-11-05 08:14
F2568,B0081,主驾驶安全带传感器故障,奥迪A4L,75585,2025-07-24 10:49
F2569,P0521,机油压力传感器电路范围故障,长城哈弗H6,133841,2025-03-22 15:42
F2570,C0561,ABS系统控制模块故障,奔驰C级,98932,2024-04-30 16:20
F2571,P0340,凸轮轴位置传感器电路故障,丰田凯美瑞,142201,2025-07-12 08:28
F2572,B0100,空气囊控制模块故障,大众帕萨特,58169,2024-08-11 11:16
F2573,P0122,节气门位置传感器电压低,本田CR-V,111015,2024-12-14 10:19
F2574,C0035,左前轮速传感器电路故障,比亚迪宋PLUS,102442,2025-04-13 15:25
F2575,P0442,燃油蒸发系统泄漏（小泄漏）,宝马5系,118262,2024-02-11 09:15
F2576,B0200,右前安全气囊传感器故障,奥迪Q5L,90928,2024-10-15 17:10
F2577,P0606,ECM内部控制模块处理器故障,福特锐界,83152,2025-02-27 17:01
F2578,C0051,右后轮速传感器电路故障,吉利博越,106389,2025-12-23 11:59
F2579,B0016,驾驶员侧安全气囊模块故障,长城魏派VV7,109368,2025-10-26 09:03
F2580,P0113,进气温度传感器电压高,奔驰E级,47728,2025-03-06 14:28
F2581,P0301,1缸失火，发动机抖动,丰田卡罗拉,66273,2024-05-23 12:39
F2582,C0045,右前轮速传感器故障,大众朗逸,103845,2024-01-29 15:42
F2583,P0171,燃油系统过稀,本田思域,148375,2025-09-07 16:43
F2584,B1234,空调压缩机不工作,比亚迪汉,54329,2025-06-18 09:56
F2585,P0420,催化转化器效率低,宝马3系,76301,2025-11-20 12:03
F2586,P0299,涡轮增压器压力不足,福特蒙迪欧,33209,2025-01-14 09:55
F2587,C0121,刹车压力传感器信号异常,吉利星越L,20941,2024-12-13 13:13
F2588,B0081,主驾驶安全带传感器故障,奥迪A4L,47548,2024-11-17 17:09
F2589,P0521,机油压力传感器电路范围故障,长城哈弗H6,88223,2024-09-15 08:29
F2590,C0561,ABS系统控制模块故障,奔驰C级,69106,2025-12-12 08:03
F2591,P0340,凸轮轴位置传感器电路故障,丰田凯美瑞,61543,2024-08-07 13:00
F2592,B0100,空气囊控制模块故障,大众帕萨特,64762,2024-11-22 16:12
F2593,P0122,节气门位置传感器电压低,本田CR-V,85735,2024-09-06 15:22
F2594,C0035,左前轮速传感器电路故障,比亚迪宋PLUS,37008,2025-05-17 16:17
F2595,P0442,燃油蒸发系统泄漏（小泄漏）,宝马5系,115147,2024-01-23 09:40
F2596,B0200,右前安全气囊传感器故障,奥迪Q5L,72681,2025-07-07 14:52
F2597,P0606,ECM内部控制模块处理器故障,福特锐界,47373,2024-11-11 09:34
F2598,C0051,右后轮速传感器电路故障,吉利博越,34282,2024-12-29 14:44
F2599,B0016,驾驶员侧安全气囊模块故障,长城魏派VV7,128337,2025-02-27 17:28
F2600,P0113,进气温度传感器电压高,奔驰E级,33912,2024-04-05 09:43
F2601,P0301,1缸失火，发动机抖动,丰田卡罗拉,99721,2025-05-03 15:36
F2602,C0045,右前轮速传感器故障,大众朗逸,23587,2024-07-06 11:47
F2603,P0171,燃油系统过稀,本田思域,55864,2025-11-20 12:36
F2604,B1234,空调压缩机不工作,比亚迪汉,52966,2024-01-17 10:38
F2605,P0420,催化转化器效率低,宝马3系,133331,2025-06-26 14:16
F2606,P0299,涡轮增压器压力不足,福特蒙迪欧,119317,2024-03-01 08:09
F2607,C0121,刹车压力传感器信号异常,吉利星越L,21646,2025-11-28 09:26
F2608,B0081,主驾驶安全带传感器故障,奥迪A4L,111866,2025-11-07 08:19
F2609,P0521,机油压力传感器电路范围故障,长城哈弗H6,70691,2024-08-20 14:42
F2610,C0561,ABS系统控制模块故障,奔驰C级,81648,2025-01-03 14:00
F2611,P0340,凸轮轴位置传感器电路故障,丰田凯美瑞,99022,2025-09-07 08:12
F2612,B0100,空气囊控制模块故障,大众帕萨特,109080,2024-07-25 16:31
F2613,P0122,节气门位置传感器电压低,本田CR-V,47943,2024-01-10 12:52
F2614,C0035,左前轮速传感器电路故障,比亚迪宋PLUS,141877,2025-09-25 16:51
F2615,P0442,燃油蒸发系统泄漏（小泄漏）,宝马5系,123781,2024-10-25 10:02
F2616,B0200,右前安全气囊传感器故障,奥迪Q5L,98874,2025-05-29 15:00
F2617,P0606,ECM内部控制模块处理器故障,福特锐界,73526,2024-10-13 10:41
F2618,C0051,右后轮速传感器电路故障,吉利博越,140498,2024-09-16 17:33
F2619,B0016,驾驶员侧安全气囊模块故障,长城魏派VV7,55273,2024-11-03 10:40
F2620,P0113,进气温度传感器电压高,奔驰E级,23870,2024-11-15 09:03
F2621,P0301,1缸失火，发动机抖动,丰田卡罗拉,52485,2024-08-06 13:06
F2622,C0045,右前轮速传感器故障,大众朗逸,144149,2025-06-09 15:51
F2623,P0171,燃油系统过稀,本田思域,67076,2025-10-29 10:33
F2624,B1234,空调压缩机不工作,比亚迪汉,35835,2024-02-08 08:34
F2625,P0420,催化转化器效率低,宝马3系,67152,2024-01-28 14:14
F2626,P0299,涡轮增压器压力不足,福特蒙迪欧,37472,2025-07-01 11:55
F2627,C0121,刹车压力传感器信号异常,吉利星越L,142627,2024-03-30 12:06
F2628,B0081,主驾驶安全带传感器故障,奥迪A4L,26131,2025-04-02 16:00
F2629,P0521,机油压力传感器电路范围故障,长城哈弗H6,68781,2024-02-24 16:57
F2630,C0561,ABS系统控制模块故障,奔驰C级,82097,2025-01-29 12:30
F2631,P0340,凸轮轴位置传感器电路故障,丰田凯美瑞,77359,2025-04-25 09:54
F2632,B0100,空气囊控制模块故障,大众帕萨特,53548,2024-06-16 14:59
F2633,P0122,节气门位置传感器电压低,本田CR-V,29615,2025-12-17 12:59
F2634,C0035,左前轮速传感器电路故障,比亚迪宋PLUS,104952,2025-06-04 08:52
F2635,P0442,燃油蒸发系统泄漏（小泄漏）,宝马5系,81100,2025-08-18 10:08
F2636,B0200,右前安全气囊传感器故障,奥迪Q5L,77044,2025-09-23 17:13
F2637,P0606,ECM内部控制模块处理器故障,福特锐界,88810,2024-08-30 08:22
F2638,C0051,右后轮速传感器电路故障,吉利博越,23000,2024-07-12 08:29
F2639,B0016,驾驶员侧安全气囊模块故障,长城魏派VV7,142054,2024-04-25 11:18
F2640,P0113,进气温度传感器电压高,奔驰E级,101840,2024-05-21 11:55
F2641,P0301,1缸失火，发动机抖动,丰田卡罗拉,56009,2025-12-21 09:59
F2642,C0045,右前轮速传感器故障,大众朗逸,50130,2024-03-23 13:32
F2643,P0171,燃油系统过稀,本田思域,60633,2025-02-16 15:02
F2644,B1234,空调压缩机不工作,比亚迪汉,31573,2024-04-25 14:02
F2645,P0420,催化转化器效率低,宝马3系,149762,2025-10-11 14:46
F2646,P0299,涡轮增压器压力不足,福特蒙迪欧,35097,2025-08-18 08:24
F2647,C0121,刹车压力传感器信号异常,吉利星越L,124325,2025-03-08 13:35
F2648,B0081,主驾驶安全带传感器故障,奥迪A4L,121671,2024-04-15 10:29
F2649,P0521,机油压力传感器电路范围故障,长城哈弗H6,81421,2024-10-16 10:05
F2650,C0561,ABS系统控制模块故障,奔驰C级,97658,2025-10-15 09:02
F2651,P0340,凸轮轴位置传感器电路故障,丰田凯美瑞,117092,2024-02-07 13:13
F2652,B0100,空气囊控制模块故障,大众帕萨特,44118,2024-03-31 08:30
F2653,P0122,节气门位置传感器电压低,本田CR-V,106203,2025-07-08 15:23
F2654,C0035,左前轮速传感器电路故障,比亚迪宋PLUS,39021,2024-03-22 09:08
F2655,P0442,燃油蒸发系统泄漏（小泄漏）,宝马5系,118913,2024-02-03 11:44
F2656,B0200,右前安全气囊传感器故障,奥迪Q5L,137037,2024-09-14 11:04
F2657,P0606,ECM内部控制模块处理器故障,福特锐界,21305,2024-06-26 08:09
F2658,C0051,右后轮速传感器电路故障,吉利博越,106172,2025-06-08 14:06
F2659,B0016,驾驶员侧安全气囊模块故障,长城魏派VV7,61287,2025-06-26 16:54
F2660,P0113,进气温度传感器电压高,奔驰E级,80884,2025-10-30 16:09
F2661,P0301,1缸失火，发动机抖动,丰田卡罗拉,145334,2025-07-26 11:40
F2662,C0045,右前轮速传感器故障,大众朗逸,122028,2024-01-12 17:20
F2663,P0171,燃油系统过稀,本田思域,53793,2025-01-07 16:52
F2664,B1234,空调压缩机不工作,比亚迪汉,145901,2024-05-22 15:51
F2665,P0420,催化转化器效率低,宝马3系,103271,2024-04-27 09:45
F2666,P0299,涡轮增压器压力不足,福特蒙迪欧,37419,2025-03-03 15:58
F2667,C0121,刹车压力传感器信号异常,吉利星越L,109496,2024-05-22 10:52
F2668,B0081,主驾驶安全带传感器故障,奥迪A4L,101476,2025-03-26 12:22
F2669,P0521,机油压力传感器电路范围故障,长城哈弗H6,80225,2024-04-02 16:33
F2670,C0561,ABS系统控制模块故障,奔驰C级,73264,2024-07-23 15:21
F2671,P0340,凸轮轴位置传感器电路故障,丰田凯美瑞,74483,2025-08-14 15:07
F2672,B0100,空气囊控制模块故障,大众帕萨特,124105,2025-02-16 11:44
F2673,P0122,节气门位置传感器电压低,本田CR-V,65981,2024-12-23 09:47
F2674,C0035,左前轮速传感器电路故障,比亚迪宋PLUS,49015,2024-07-08 17:31
F2675,P0442,燃油蒸发系统泄漏（小泄漏）,宝马5系,86022,2025-08-05 15:05
F2676,B0200,右前安全气囊传感器故障,奥迪Q5L,67904,2025-07-25 12:36
F2677,P0606,ECM内部控制模块处理器故障,福特锐界,133991,2025-10-18 14:43
F2678,C0051,右后轮速传感器电路故障,吉利博越,132255,2024-03-10 09:20
F2679,B0016,驾驶员侧安全气囊模块故障,长城魏派VV7,105994,2025-10-11 17:26
F2680,P0113,进气温度传感器电压高,奔驰E级,81347,2025-07-03 15:51
F2681,P0301,1缸失火，发动机抖动,丰田卡罗拉,108580,2025-06-15 10:01
F2682,C0045,右前轮速传感器故障,大众朗逸,120252,2024-07-27 08:17
F2683,P0171,燃油系统过稀,本田思域,59750,2024-10-27 10:06
F2684,B1234,空调压缩机不工作,比亚迪汉,79529,2024-02-17 12:14
F2685,P0420,催化转化器效率低,宝马3系,148419,2024-06-26 10:09
F2686,P0299,涡轮增压器压力不足,福特蒙迪欧,92151,2024-07-31 10:24
F2687,C0121,刹车压力传感器信号异常,吉利星越L,20462,2024-10-21 08:22
F2688,B0081,主驾驶安全带传感器故障,奥迪A4L,77345,2024-07-02 12:09
F2689,P0521,机油压力传感器电路范围故障,长城哈弗H6,132626,2025-05-17 17:58
F2690,C0561,ABS系统控制模块故障,奔驰C级,145229,2025-01-04 17:38
F2691,P0340,凸轮轴位置传感器电路故障,丰田凯美瑞,91045,2025-10-19 15:20
F2692,B0100,空气囊控制模块故障,大众帕萨特,83691,2025-09-15 13:24
F2693,P0122,节气门位置传感器电压低,本田CR-V,48718,2024-01-06 15:58
F2694,C0035,左前轮速传感器电路故障,比亚迪宋PLUS,84154,2025-09-27 12:02
F2695,P0442,燃油蒸发系统泄漏（小泄漏）,宝马5系,119814,2024-01-20 16:57
F2696,B0200,右前安全气囊传感器故障,奥迪Q5L,128361,2024-10-02 14:25
F2697,P0606,ECM内部控制模块处理器故障,福特锐界,122729,2025-09-19 16:18
F2698,C0051,右后轮速传感器电路故障,吉利博越,102444,2024-04-14 16:19
F2699,B0016,驾驶员侧安全气囊模块故障,长城魏派VV7,24157,2024-09-11 14:04
F2700,P0113,进气温度传感器电压高,奔驰E级,40702,2024-08-27 12:33
F2701,P0301,1缸失火，发动机抖动,丰田卡罗拉,93082,2024-06-07 08:31
F2702,C0045,右前轮速传感器故障,大众朗逸,109731,2024-09-19 15:07
F2703,P0171,燃油系统过稀,本田思域,106292,2024-04-19 09:08
F2704,B1234,空调压缩机不工作,比亚迪汉,131611,2024-09-05 09:23
F2705,P0420,催化转化器效率低,宝马3系,66040,2025-09-18 10:43
F2706,P0299,涡轮增压器压力不足,福特蒙迪欧,41507,2025-02-02 13:54
F2707,C0121,刹车压力传感器信号异常,吉利星越L,129295,2025-03-19 11:22
F2708,B0081,主驾驶安全带传感器故障,奥迪A4L,44671,2025-07-03 16:17
F2709,P0521,机油压力传感器电路范围故障,长城哈弗H6,117460,2025-05-29 09:33
F2710,C0561,ABS系统控制模块故障,奔驰C级,76463,2025-01-27 09:13
F2711,P0340,凸轮轴位置传感器电路故障,丰田凯美瑞,63874,2024-05-22 11:40
F2712,B0100,空气囊控制模块故障,大众帕萨特,64952,2024-12-21 14:53
F2713,P0122,节气门位置传感器电压低,本田CR-V,90840,2025-11-14 08:11
F2714,C0035,左前轮速传感器电路故障,比亚迪宋PLUS,93149,2025-11-16 12:32
F2715,P0442,燃油蒸发系统泄漏（小泄漏）,宝马5系,111114,2024-06-26 11:55
F2716,B0200,右前安全气囊传感器故障,奥迪Q5L,120012,2024-09-30 08:43
F2717,P0606,ECM内部控制模块处理器故障,福特锐界,45221,2024-08-01 09:31
F2718,C0051,右后轮速传感器电路故障,吉利博越,144418,2024-07-16 10:41
F2719,B0016,驾驶员侧安全气囊模块故障,长城魏派VV7,91112,2025-03-09 11:16
F2720,P0113,进气温度传感器电压高,奔驰E级,103285,2024-08-13 11:04
F2721,P0301,1缸失火，发动机抖动,丰田卡罗拉,89921,2025-10-19 11:07
F2722,C0045,右前轮速传感器故障,大众朗逸,126365,2024-03-01 12:56
F2723,P0171,燃油系统过稀,本田思域,67509,2024-02-01 17:44
F2724,B1234,空调压缩机不工作,比亚迪汉,83762,2025-09-09 12:09
F2725,P0420,催化转化器效率低,宝马3系,74108,2025-01-21 14:48
F2726,P0299,涡轮增压器压力不足,福特蒙迪欧,149552,2024-11-02 15:32
F2727,C0121,刹车压力传感器信号异常,吉利星越L,149877,2025-03-21 17:49
F2728,B0081,主驾驶安全带传感器故障,奥迪A4L,38642,2024-02-08 11:11
F2729,P0521,机油压力传感器电路范围故障,长城哈弗H6,119849,2025-02-15 09:48
F2730,C0561,ABS系统控制模块故障,奔驰C级,111480,2025-10-12 16:24
F2731,P0340,凸轮轴位置传感器电路故障,丰田凯美瑞,85935,2024-08-27 08:23
F2732,B0100,空气囊控制模块故障,大众帕萨特,59067,2025-04-15 10:45
F2733,P0122,节气门位置传感器电压低,本田CR-V,71041,2025-09-06 14:23
F2734,C0035,左前轮速传感器电路故障,比亚迪宋PLUS,49103,2024-12-07 13:28
F2735,P0442,燃油蒸发系统泄漏（小泄漏）,宝马5系,113503,2024-07-25 11:27
F2736,B0200,右前安全气囊传感器故障,奥迪Q5L,116604,2024-04-11 13:24
F2737,P0606,ECM内部控制模块处理器故障,福特锐界,128340,2025-05-25 17:32
F2738,C0051,右后轮速传感器电路故障,吉利博越,80136,2024-01-29 17:08
F2739,B0016,驾驶员侧安全气囊模块故障,长城魏派VV7,30599,2025-10-01 15:11
F2740,P0113,进气温度传感器电压高,奔驰E级,121888,2024-02-06 12:15
F2741,P0301,1缸失火，发动机抖动,丰田卡罗拉,62061,2025-11-21 17:09
F2742,C0045,右前轮速传感器故障,大众朗逸,108093,2025-09-08 12:10
F2743,P0171,燃油系统过稀,本田思域,36518,2025-11-11 13:47
F2744,B1234,空调压缩机不工作,比亚迪汉,22666,2024-02-11 15:18
F2745,P0420,催化转化器效率低,宝马3系,50421,2024-02-20 13:45
F2746,P0299,涡轮增压器压力不足,福特蒙迪欧,91309,2024-03-21 11:56
F2747,C0121,刹车压力传感器信号异常,吉利星越L,23679,2024-08-03 14:47
F2748,B0081,主驾驶安全带传感器故障,奥迪A4L,109660,2025-02-12 08:20
F2749,P0521,机油压力传感器电路范围故障,长城哈弗H6,20060,2025-05-16 13:27
F2750,C0561,ABS系统控制模块故障,奔驰C级,58833,2024-01-20 12:39
F2751,P0340,凸轮轴位置传感器电路故障,丰田凯美瑞,85343,2025-07-16 12:30
F2752,B0100,空气囊控制模块故障,大众帕萨特,97014,2024-04-30 09:21
F2753,P0122,节气门位置传感器电压低,本田CR-V,114537,2024-02-04 17:48
F2754,C0035,左前轮速传感器电路故障,比亚迪宋PLUS,57804,2025-06-10 15:56
F2755,P0442,燃油蒸发系统泄漏（小泄漏）,宝马5系,137015,2025-01-07 13:57
F2756,B0200,右前安全气囊传感器故障,奥迪Q5L,55685,2025-10-23 16:25
F2757,P0606,ECM内部控制模块处理器故障,福特锐界,93920,2024-09-13 14:23
F2758,C0051,右后轮速传感器电路故障,吉利博越,78705,2024-02-02 11:55
F2759,B0016,驾驶员侧安全气囊模块故障,长城魏派VV7,84197,2025-10-07 14:29
F2760,P0113,进气温度传感器电压高,奔驰E级,54138,2025-08-25 15:13
F2761,P0301,1缸失火，发动机抖动,丰田卡罗拉,116966,2024-07-19 17:57
F2762,C0045,右前轮速传感器故障,大众朗逸,132847,2025-11-22 08:18
F2763,P0171,燃油系统过稀,本田思域,28437,2024-08-18 12:37
F2764,B1234,空调压缩机不工作,比亚迪汉,24771,2025-03-05 09:51
F2765,P0420,催化转化器效率低,宝马3系,87131,2025-03-21 16:30
F2766,P0299,涡轮增压器压力不足,福特蒙迪欧,106204,2025-08-09 09:27
F2767,C0121,刹车压力传感器信号异常,吉利星越L,146720,2024-12-20 09:47
F2768,B0081,主驾驶安全带传感器故障,奥迪A4L,69098,2024-10-22 16:36
F2769,P0521,机油压力传感器电路范围故障,长城哈弗H6,100431,2025-01-20 14:10
F2770,C0561,ABS系统控制模块故障,奔驰C级,88851,2024-06-22 08:36
F2771,P0340,凸轮轴位置传感器电路故障,丰田凯美瑞,133163,2025-03-20 15:30
F2772,B0100,空气囊控制模块故障,大众帕萨特,121111,2025-09-16 14:53
F2773,P0122,节气门位置传感器电压低,本田CR-V,143508,2024-06-19 13:52
F2774,C0035,左前轮速传感器电路故障,比亚迪宋PLUS,112520,2024-06-08 12:22
F2775,P0442,燃油蒸发系统泄漏（小泄漏）,宝马5系,118866,2024-04-26 16:49
F2776,B0200,右前安全气囊传感器故障,奥迪Q5L,145415,2025-11-20 15:45
F2777,P0606,ECM内部控制模块处理器故障,福特锐界,32309,2025-08-30 15:53
F2778,C0051,右后轮速传感器电路故障,吉利博越,76762,2025-09-04 14:09
F2779,B0016,驾驶员侧安全气囊模块故障,长城魏派VV7,149940,2025-05-09 16:10
F2780,P0113,进气温度传感器电压高,奔驰E级,120720,2025-04-04 15:58
F2781,P0301,1缸失火，发动机抖动,丰田卡罗拉,62935,2024-04-30 10:17
F2782,C0045,右前轮速传感器故障,大众朗逸,106303,2025-03-19 13:51
F2783,P0171,燃油系统过稀,本田思域,108841,2025-10-19 10:04
F2784,B1234,空调压缩机不工作,比亚迪汉,101764,2025-04-15 09:59
F2785,P0420,催化转化器效率低,宝马3系,47497,2024-11-19 09:18
F2786,P0299,涡轮增压器压力不足,福特蒙迪欧,127447,2024-02-21 09:26
F2787,C0121,刹车压力传感器信号异常,吉利星越L,54188,2024-02-12 10:36
F2788,B0081,主驾驶安全带传感器故障,奥迪A4L,102511,2025-03-29 12:29
F2789,P0521,机油压力传感器电路范围故障,长城哈弗H6,132378,2025-05-12 11:19
F2790,C0561,ABS系统控制模块故障,奔驰C级,83718,2024-06-11 10:01
F2791,P0340,凸轮轴位置传感器电路故障,丰田凯美瑞,30105,2024-03-07 13:22
F2792,B0100,空气囊控制模块故障,大众帕萨特,119436,2025-05-27 08:40
F2793,P0122,节气门位置传感器电压低,本田CR-V,100689,2024-07-06 15:56
F2794,C0035,左前轮速传感器电路故障,比亚迪宋PLUS,34226,2024-06-22 17:15
F2795,P0442,燃油蒸发系统泄漏（小泄漏）,宝马5系,53417,2025-07-14 09:23
F2796,B0200,右前安全气囊传感器故障,奥迪Q5L,69017,2025-11-27 10:53
F2797,P0606,ECM内部控制模块处理器故障,福特锐界,60716,2024-10-24 16:52
F2798,C0051,右后轮速传感器电路故障,吉利博越,141065,2024-07-29 13:58
F2799,B0016,驾驶员侧安全气囊模块故障,长城魏派VV7,22775,2025-07-26 11:04
F2800,P0113,进气温度传感器电压高,奔驰E级,107290,2024-04-17 10:07
F2801,P0301,1缸失火，发动机抖动,丰田卡罗拉,92826,2025-01-23 14:22
F2802,C0045,右前轮速传感器故障,大众朗逸,46239,2025-06-20 17:46
F2803,P0171,燃油系统过稀,本田思域,108425,2024-03-09 13:06
F2804,B1234,空调压缩机不工作,比亚迪汉,107396,2025-06-12 10:36
F2805,P0420,催化转化器效率低,宝马3系,39258,2025-02-12 16:22
F2806,P0299,涡轮增压器压力不足,福特蒙迪欧,107813,2025-09-03 14:36
F2807,C0121,刹车压力传感器信号异常,吉利星越L,86163,2025-01-02 14:09
F2808,B0081,主驾驶安全带传感器故障,奥迪A4L,126253,2024-01-12 09:55
F2809,P0521,机油压力传感器电路范围故障,长城哈弗H6,53992,2024-09-25 14:12
F2810,C0561,ABS系统控制模块故障,奔驰C级,122796,2024-07-31 15:51
F2811,P0340,凸轮轴位置传感器电路故障,丰田凯美瑞,87930,2024-10-31 17:24
F2812,B0100,空气囊控制模块故障,大众帕萨特,87341,2024-04-22 12:43
F2813,P0122,节气门位置传感器电压低,本田CR-V,118844,2024-01-07 09:12
F2814,C0035,左前轮速传感器电路故障,比亚迪宋PLUS,84126,2025-12-18 08:12
F2815,P0442,燃油蒸发系统泄漏（小泄漏）,宝马5系,109237,2025-09-15 14:45
F2816,B0200,右前安全气囊传感器故障,奥迪Q5L,137052,2024-02-27 15:13
F2817,P0606,ECM内部控制模块处理器故障,福特锐界,74946,2024-01-29 12:13
F2818,C0051,右后轮速传感器电路故障,吉利博越,52423,2024-09-22 17:12
F2819,B0016,驾驶员侧安全气囊模块故障,长城魏派VV7,55136,2025-12-02 09:46
F2820,P0113,进气温度传感器电压高,奔驰E级,51355,2025-10-30 16:05
F2821,P0301,1缸失火，发动机抖动,丰田卡罗拉,119605,2024-05-23 11:33
F2822,C0045,右前轮速传感器故障,大众朗逸,144336,2025-05-03 11:24
F2823,P0171,燃油系统过稀,本田思域,21686,2024-08-12 17:40
F2824,B1234,空调压缩机不工作,比亚迪汉,121964,2025-04-01 14:43
F2825,P0420,催化转化器效率低,宝马3系,104816,2025-11-18 16:38
F2826,P0299,涡轮增压器压力不足,福特蒙迪欧,40017,2024-10-19 09:23
F2827,C0121,刹车压力传感器信号异常,吉利星越L,119462,2024-04-13 08:28
F2828,B0081,主驾驶安全带传感器故障,奥迪A4L,100675,2024-01-22 12:42
F2829,P0521,机油压力传感器电路范围故障,长城哈弗H6,106473,2024-10-28 11:14
F2830,C0561,ABS系统控制模块故障,奔驰C级,37825,2025-07-07 11:37
F2831,P0340,凸轮轴位置传感器电路故障,丰田凯美瑞,81496,2025-08-22 11:06
F2832,B0100,空气囊控制模块故障,大众帕萨特,75470,2025-06-20 15:58
F2833,P0122,节气门位置传感器电压低,本田CR-V,23397,2025-07-30 12:24
F2834,C0035,左前轮速传感器电路故障,比亚迪宋PLUS,136438,2024-04-28 16:03
F2835,P0442,燃油蒸发系统泄漏（小泄漏）,宝马5系,99544,2024-10-17 09:25
F2836,B0200,右前安全气囊传感器故障,奥迪Q5L,21367,2025-05-14 11:30
F2837,P0606,ECM内部控制模块处理器故障,福特锐界,122288,2024-03-02 10:08
F2838,C0051,右后轮速传感器电路故障,吉利博越,28118,2025-04-21 13:01
F2839,B0016,驾驶员侧安全气囊模块故障,长城魏派VV7,147074,2024-09-08 09:53
F2840,P0113,进气温度传感器电压高,奔驰E级,29561,2025-05-03 12:30
F2841,P0301,1缸失火，发动机抖动,丰田卡罗拉,22101,2024-08-24 13:12
F2842,C0045,右前轮速传感器故障,大众朗逸,57859,2024-08-12 13:23
F2843,P0171,燃油系统过稀,本田思域,75147,2025-07-28 15:58
F2844,B1234,空调压缩机不工作,比亚迪汉,93825,2024-10-24 11:55
F2845,P0420,催化转化器效率低,宝马3系,53310,2025-05-16 09:11
F2846,P0299,涡轮增压器压力不足,福特蒙迪欧,91862,2025-06-13 10:13
F2847,C0121,刹车压力传感器信号异常,吉利星越L,96512,2025-02-03 14:41
F2848,B0081,主驾驶安全带传感器故障,奥迪A4L,65532,2024-04-17 15:11
F2849,P0521,机油压力传感器电路范围故障,长城哈弗H6,33413,2025-04-24 15:25
F2850,C0561,ABS系统控制模块故障,奔驰C级,130929,2024-10-08 15:23
F2851,P0340,凸轮轴位置传感器电路故障,丰田凯美瑞,69144,2024-12-24 10:19
F2852,B0100,空气囊控制模块故障,大众帕萨特,30232,2025-11-23 14:13
F2853,P0122,节气门位置传感器电压低,本田CR-V,61868,2024-04-05 13:48
F2854,C0035,左前轮速传感器电路故障,比亚迪宋PLUS,55689,2025-06-18 13:41
F2855,P0442,燃油蒸发系统泄漏（小泄漏）,宝马5系,93087,2024-03-29 09:32
F2856,B0200,右前安全气囊传感器故障,奥迪Q5L,65649,2025-10-31 10:55
F2857,P0606,ECM内部控制模块处理器故障,福特锐界,85671,2024-04-11 13:49
F2858,C0051,右后轮速传感器电路故障,吉利博越,142899,2024-02-02 09:42
F2859,B0016,驾驶员侧安全气囊模块故障,长城魏派VV7,43672,2025-05-11 15:15
F2860,P0113,进气温度传感器电压高,奔驰E级,83696,2025-07-01 09:00
F2861,P0301,1缸失火，发动机抖动,丰田卡罗拉,46391,2024-11-28 15:13
F2862,C0045,右前轮速传感器故障,大众朗逸,61589,2025-10-16 12:37
F2863,P0171,燃油系统过稀,本田思域,121863,2024-03-21 14:04
F2864,B1234,空调压缩机不工作,比亚迪汉,40074,2024-10-05 13:56
F2865,P0420,催化转化器效率低,宝马3系,58141,2025-05-26 11:18
F2866,P0299,涡轮增压器压力不足,福特蒙迪欧,69339,2025-03-14 16:45
F2867,C0121,刹车压力传感器信号异常,吉利星越L,115831,2025-07-09 13:17
F2868,B0081,主驾驶安全带传感器故障,奥迪A4L,123095,2024-09-07 17:25
F2869,P0521,机油压力传感器电路范围故障,长城哈弗H6,129886,2025-06-03 17:46
F2870,C0561,ABS系统控制模块故障,奔驰C级,108763,2024-07-15 15:09
F2871,P0340,凸轮轴位置传感器电路故障,丰田凯美瑞,67907,2024-02-27 15:50
F2872,B0100,空气囊控制模块故障,大众帕萨特,79946,2025-06-12 15:31
F2873,P0122,节气门位置传感器电压低,本田CR-V,148948,2024-08-17 16:08
F2874,C0035,左前轮速传感器电路故障,比亚迪宋PLUS,58252,2024-05-04 15:32
F2875,P0442,燃油蒸发系统泄漏（小泄漏）,宝马5系,67727,2025-02-12 14:41
F2876,B0200,右前安全气囊传感器故障,奥迪Q5L,79587,2025-03-22 08:02
F2877,P0606,ECM内部控制模块处理器故障,福特锐界,107623,2024-02-05 15:57
F2878,C0051,右后轮速传感器电路故障,吉利博越,146137,2024-10-06 14:25
F2879,B0016,驾驶员侧安全气囊模块故障,长城魏派VV7,93140,2024-11-28 11:40
F2880,P0113,进气温度传感器电压高,奔驰E级,105793,2024-07-19 09:42
F2881,P0301,1缸失火，发动机抖动,丰田卡罗拉,48609,2024-02-25 14:25
F2882,C0045,右前轮速传感器故障,大众朗逸,146079,2024-08-26 11:41
F2883,P0171,燃油系统过稀,本田思域,92223,2025-04-24 08:13
F2884,B1234,空调压缩机不工作,比亚迪汉,90146,2024-09-23 08:33
F2885,P0420,催化转化器效率低,宝马3系,66874,2025-06-26 09:03
F2886,P0299,涡轮增压器压力不足,福特蒙迪欧,59767,2024-11-18 08:57
F2887,C0121,刹车压力传感器信号异常,吉利星越L,129519,2025-12-22 15:28
F2888,B0081,主驾驶安全带传感器故障,奥迪A4L,114269,2025-03-21 12:28
F2889,P0521,机油压力传感器电路范围故障,长城哈弗H6,32607,2025-06-29 11:40
F2890,C0561,ABS系统控制模块故障,奔驰C级,74546,2024-04-06 15:19
F2891,P0340,凸轮轴位置传感器电路故障,丰田凯美瑞,72050,2024-09-15 15:00
F2892,B0100,空气囊控制模块故障,大众帕萨特,57099,2024-06-29 08:37
F2893,P0122,节气门位置传感器电压低,本田CR-V,64665,2024-03-24 09:53
F2894,C0035,左前轮速传感器电路故障,比亚迪宋PLUS,88242,2024-05-01 13:25
F2895,P0442,燃油蒸发系统泄漏（小泄漏）,宝马5系,109170,2025-09-05 16:23
F2896,B0200,右前安全气囊传感器故障,奥迪Q5L,21717,2024-09-25 17:59
F2897,P0606,ECM内部控制模块处理器故障,福特锐界,43971,2024-01-01 08:30
F2898,C0051,右后轮速传感器电路故障,吉利博越,98882,2025-03-01 15:21
F2899,B0016,驾驶员侧安全气囊模块故障,长城魏派VV7,64510,2024-05-14 15:39
F2900,P0113,进气温度传感器电压高,奔驰E级,101618,2025-01-05 16:12
F2901,P0301,1缸失火，发动机抖动,丰田卡罗拉,83277,2024-01-27 14:24
F2902,C0045,右前轮速传感器故障,大众朗逸,49621,2024-06-04 09:25
F2903,P0171,燃油系统过稀,本田思域,92857,2025-12-01 12:30
F2904,B1234,空调压缩机不工作,比亚迪汉,129701,2024-11-25 11:45
F2905,P0420,催化转化器效率低,宝马3系,84133,2024-03-22 09:44
F2906,P0299,涡轮增压器压力不足,福特蒙迪欧,140870,2024-04-18 10:42
F2907,C0121,刹车压力传感器信号异常,吉利星越L,40574,2025-10-27 16:34
F2908,B0081,主驾驶安全带传感器故障,奥迪A4L,141718,2025-07-18 17:21
F2909,P0521,机油压力传感器电路范围故障,长城哈弗H6,59896,2024-07-18 08:21
F2910,C0561,ABS系统控制模块故障,奔驰C级,96296,2024-12-09 11:11
F2911,P0340,凸轮轴位置传感器电路故障,丰田凯美瑞,98743,2024-12-27 08:33
F2912,B0100,空气囊控制模块故障,大众帕萨特,55209,2024-02-05 08:49
F2913,P0122,节气门位置传感器电压低,本田CR-V,80759,2025-08-20 13:29
F2914,C0035,左前轮速传感器电路故障,比亚迪宋PLUS,66079,2025-03-21 15:23
F2915,P0442,燃油蒸发系统泄漏（小泄漏）,宝马5系,27542,2024-11-15 13:43
F2916,B0200,右前安全气囊传感器故障,奥迪Q5L,86825,2024-11-06 12:16
F2917,P0606,ECM内部控制模块处理器故障,福特锐界,83078,2024-06-26 13:01
F2918,C0051,右后轮速传感器电路故障,吉利博越,61596,2024-09-16 13:44
F2919,B0016,驾驶员侧安全气囊模块故障,长城魏派VV7,123330,2025-04-06 16:36
F2920,P0113,进气温度传感器电压高,奔驰E级,26954,2025-06-28 13:05
F2921,P0301,1缸失火，发动机抖动,丰田卡罗拉,130607,2025-10-18 15:08
F2922,C0045,右前轮速传感器故障,大众朗逸,111669,2025-06-29 16:35
F2923,P0171,燃油系统过稀,本田思域,113528,2024-05-24 12:50
F2924,B1234,空调压缩机不工作,比亚迪汉,48958,2024-05-31 08:22
F2925,P0420,催化转化器效率低,宝马3系,101281,2024-02-17 10:24
F2926,P0299,涡轮增压器压力不足,福特蒙迪欧,86635,2024-05-07 17:53
F2927,C0121,刹车压力传感器信号异常,吉利星越L,67387,2025-12-26 09:56
F2928,B0081,主驾驶安全带传感器故障,奥迪A4L,71130,2024-03-01 09:07
F2929,P0521,机油压力传感器电路范围故障,长城哈弗H6,129494,2024-04-30 17:47
F2930,C0561,ABS系统控制模块故障,奔驰C级,46975,2024-05-03 10:30
F2931,P0340,凸轮轴位置传感器电路故障,丰田凯美瑞,130786,2025-11-08 13:17
F2932,B0100,空气囊控制模块故障,大众帕萨特,39842,2024-10-17 13:11
F2933,P0122,节气门位置传感器电压低,本田CR-V,108127,2024-07-21 12:42
F2934,C0035,左前轮速传感器电路故障,比亚迪宋PLUS,115988,2024-07-06 08:29
F2935,P0442,燃油蒸发系统泄漏（小泄漏）,宝马5系,50819,2024-02-17 14:17
F2936,B0200,右前安全气囊传感器故障,奥迪Q5L,97980,2025-07-06 14:38
F2937,P0606,ECM内部控制模块处理器故障,福特锐界,75655,2025-03-26 12:37
F2938,C0051,右后轮速传感器电路故障,吉利博越,20356,2025-09-03 12:09
F2939,B0016,驾驶员侧安全气囊模块故障,长城魏派VV7,121963,2024-04-30 16:08
F2940,P0113,进气温度传感器电压高,奔驰E级,80499,2025-05-29 14:01
F2941,P0301,1缸失火，发动机抖动,丰田卡罗拉,147886,2025-01-12 11:46
F2942,C0045,右前轮速传感器故障,大众朗逸,105056,2025-10-17 08:24
F2943,P0171,燃油系统过稀,本田思域,126626,2024-05-08 13:09
F2944,B1234,空调压缩机不工作,比亚迪汉,75660,2024-05-09 09:56
F2945,P0420,催化转化器效率低,宝马3系,46805,2025-05-13 10:46
F2946,P0299,涡轮增压器压力不足,福特蒙迪欧,52939,2024-01-09 12:25
F2947,C0121,刹车压力传感器信号异常,吉利星越L,143671,2025-03-01 10:52
F2948,B0081,主驾驶安全带传感器故障,奥迪A4L,133602,2024-07-29 15:21
F2949,P0521,机油压力传感器电路范围故障,长城哈弗H6,137717,2024-05-13 12:18
F2950,C0561,ABS系统控制模块故障,奔驰C级,96225,2024-12-28 14:12
F2951,P0340,凸轮轴位置传感器电路故障,丰田凯美瑞,60514,2025-11-18 08:42
F2952,B0100,空气囊控制模块故障,大众帕萨特,74071,2025-03-13 16:19
F2953,P0122,节气门位置传感器电压低,本田CR-V,135769,2024-09-05 08:50
F2954,C0035,左前轮速传感器电路故障,比亚迪宋PLUS,83368,2025-06-17 08:30
F2955,P0442,燃油蒸发系统泄漏（小泄漏）,宝马5系,97440,2024-08-25 09:18
F2956,B0200,右前安全气囊传感器故障,奥迪Q5L,46144,2025-05-01 16:40
F2957,P0606,ECM内部控制模块处理器故障,福特锐界,141631,2025-09-28 14:20
F2958,C0051,右后轮速传感器电路故障,吉利博越,132086,2024-04-20 16:39
F2959,B0016,驾驶员侧安全气囊模块故障,长城魏派VV7,130546,2025-06-23 08:37
F2960,P0113,进气温度传感器电压高,奔驰E级,23780,2024-09-16 09:50
F2961,P0301,1缸失火，发动机抖动,丰田卡罗拉,71486,2024-07-20 12:41
F2962,C0045,右前轮速传感器故障,大众朗逸,69552,2025-09-06 17:02
F2963,P0171,燃油系统过稀,本田思域,147539,2025-08-06 11:07
F2964,B1234,空调压缩机不工作,比亚迪汉,47517,2025-02-10 15:08
F2965,P0420,催化转化器效率低,宝马3系,109129,2025-06-07 16:08
F2966,P0299,涡轮增压器压力不足,福特蒙迪欧,45268,2025-08-09 13:10
F2967,C0121,刹车压力传感器信号异常,吉利星越L,127400,2024-01-02 16:18
F2968,B0081,主驾驶安全带传感器故障,奥迪A4L,100344,2024-06-19 17:48
F2969,P0521,机油压力传感器电路范围故障,长城哈弗H6,112207,2025-04-16 16:16
F2970,C0561,ABS系统控制模块故障,奔驰C级,33289,2024-10-08 17:47
F2971,P0340,凸轮轴位置传感器电路故障,丰田凯美瑞,119774,2025-07-17 09:43
F2972,B0100,空气囊控制模块故障,大众帕萨特,52646,2024-09-23 17:54
F2973,P0122,节气门位置传感器电压低,本田CR-V,114484,2024-08-28 14:04
F2974,C0035,左前轮速传感器电路故障,比亚迪宋PLUS,136358,2024-10-31 17:17
F2975,P0442,燃油蒸发系统泄漏（小泄漏）,宝马5系,20821,2025-03-15 17:46
F2976,B0200,右前安全气囊传感器故障,奥迪Q5L,145897,2025-03-21 10:56
F2977,P0606,ECM内部控制模块处理器故障,福特锐界,83062,2024-05-24 11:23
F2978,C0051,右后轮速传感器电路故障,吉利博越,102861,2024-01-21 12:03
F2979,B0016,驾驶员侧安全气囊模块故障,长城魏派VV7,145125,2024-01-23 17:12
F2980,P0113,进气温度传感器电压高,奔驰E级,144513,2025-09-12 13:17
F2981,P0301,1缸失火，发动机抖动,丰田卡罗拉,114284,2024-06-10 09:40
F2982,C0045,右前轮速传感器故障,大众朗逸,82092,2024-11-06 15:57
F2983,P0171,燃油系统过稀,本田思域,37924,2024-04-10 17:50
F2984,B1234,空调压缩机不工作,比亚迪汉,44212,2024-07-11 16:30
F2985,P0420,催化转化器效率低,宝马3系,47015,2024-03-21 13:37
F2986,P0299,涡轮增压器压力不足,福特蒙迪欧,141845,2025-05-07 09:06
F2987,C0121,刹车压力传感器信号异常,吉利星越L,127420,2024-06-15 10:50
F2988,B0081,主驾驶安全带传感器故障,奥迪A4L,60416,2024-09-10 17:19
F2989,P0521,机油压力传感器电路范围故障,长城哈弗H6,81136,2024-07-26 16:58
F2990,C0561,ABS系统控制模块故障,奔驰C级,59850,2025-12-05 12:05
F2991,P0340,凸轮轴位置传感器电路故障,丰田凯美瑞,96623,2025-11-23 13:11
F2992,B0100,空气囊控制模块故障,大众帕萨特,42099,2024-08-07 11:16
F2993,P0122,节气门位置传感器电压低,本田CR-V,53159,2024-07-03 14:07
F2994,C0035,左前轮速传感器电路故障,比亚迪宋PLUS,30096,2024-01-11 16:04
F2995,P0442,燃油蒸发系统泄漏（小泄漏）,宝马5系,134827,2025-03-23 17:26
F2996,B0200,右前安全气囊传感器故障,奥迪Q5L,37462,2025-09-12 17:44
F2997,P0606,ECM内部控制模块处理器故障,福特锐界,76552,2025-02-04 17:48
F2998,C0051,右后轮速传感器电路故障,吉利博越,114162,2024-08-14 13:52
F2999,B0016,驾驶员侧安全气囊模块故障,长城魏派VV7,70818,2024-10-10 10:44
F3000,P0113,进气温度传感器电压高,奔驰E级,51844,2025-05-11 15:47
F3001,P0301,1缸失火，发动机抖动,丰田卡罗拉,124773,2024-02-19 09:55
F3002,C0045,右前轮速传感器故障,大众朗逸,130254,2024-04-13 15:13
F3003,P0171,燃油系统过稀,本田思域,28067,2024-04-10 10:08
F3004,B1234,空调压缩机不工作,比亚迪汉,56112,2025-01-08 17:13
F3005,P0420,催化转化器效率低,宝马3系,115150,2025-03-09 08:18
F3006,P0299,涡轮增压器压力不足,福特蒙迪欧,72257,2024-04-12 11:39
F3007,C0121,刹车压力传感器信号异常,吉利星越L,116871,2024-03-08 10:49
F3008,B0081,主驾驶安全带传感器故障,奥迪A4L,28779,2024-05-06 17:25
F3009,P0521,机油压力传感器电路范围故障,长城哈弗H6,71089,2024-02-25 17:36
F3010,C0561,ABS系统控制模块故障,奔驰C级,32293,2025-07-20 13:59
F3011,P0340,凸轮轴位置传感器电路故障,丰田凯美瑞,126046,2024-11-18 14:42
F3012,B0100,空气囊控制模块故障,大众帕萨特,36967,2024-10-14 09:55
F3013,P0122,节气门位置传感器电压低,本田CR-V,125788,2025-08-25 13:03
F3014,C0035,左前轮速传感器电路故障,比亚迪宋PLUS,98819,2025-04-02 09:03
F3015,P0442,燃油蒸发系统泄漏（小泄漏）,宝马5系,109445,2025-07-01 09:01
F3016,B0200,右前安全气囊传感器故障,奥迪Q5L,132344,2025-03-05 12:35
F3017,P0606,ECM内部控制模块处理器故障,福特锐界,48462,2024-05-20 17:14
F3018,C0051,右后轮速传感器电路故障,吉利博越,58936,2025-07-04 12:01
F3019,B0016,驾驶员侧安全气囊模块故障,长城魏派VV7,137452,2024-06-13 13:23
F3020,P0113,进气温度传感器电压高,奔驰E级,105912,2025-09-21 14:17
F3021,P0301,1缸失火，发动机抖动,丰田卡罗拉,145079,2025-07-08 14:41
F3022,C0045,右前轮速传感器故障,大众朗逸,136564,2025-04-24 12:20
F3023,P0171,燃油系统过稀,本田思域,65346,2024-10-14 13:18
F3024,B1234,空调压缩机不工作,比亚迪汉,74120,2025-10-03 17:44
F3025,P0420,催化转化器效率低,宝马3系,113497,2025-02-17 16:57
F3026,P0299,涡轮增压器压力不足,福特蒙迪欧,101878,2025-10-16 16:57
F3027,C0121,刹车压力传感器信号异常,吉利星越L,130843,2025-11-02 09:01
F3028,B0081,主驾驶安全带传感器故障,奥迪A4L,58155,2024-01-30 17:09
F3029,P0521,机油压力传感器电路范围故障,长城哈弗H6,122025,2025-07-05 10:29
F3030,C0561,ABS系统控制模块故障,奔驰C级,140016,2025-04-19 15:53
F3031,P0340,凸轮轴位置传感器电路故障,丰田凯美瑞,141582,2025-06-22 15:18
F3032,B0100,空气囊控制模块故障,大众帕萨特,115572,2025-10-29 17:34
F3033,P0122,节气门位置传感器电压低,本田CR-V,28881,2025-07-24 17:36
F3034,C0035,左前轮速传感器电路故障,比亚迪宋PLUS,136401,2024-03-03 10:45
F3035,P0442,燃油蒸发系统泄漏（小泄漏）,宝马5系,82707,2025-07-14 13:04
F3036,B0200,右前安全气囊传感器故障,奥迪Q5L,62738,2024-09-27 16:45
F3037,P0606,ECM内部控制模块处理器故障,福特锐界,41937,2024-06-21 08:39
F3038,C0051,右后轮速传感器电路故障,吉利博越,134429,2025-02-10 14:08
F3039,B0016,驾驶员侧安全气囊模块故障,长城魏派VV7,110026,2025-09-15 16:18
F3040,P0113,进气温度传感器电压高,奔驰E级,116014,2025-03-28 13:44
F3041,P0301,1缸失火，发动机抖动,丰田卡罗拉,50974,2025-08-22 11:02
F3042,C0045,右前轮速传感器故障,大众朗逸,124564,2024-11-26 16:35
F3043,P0171,燃油系统过稀,本田思域,37165,2025-07-05 17:40
F3044,B1234,空调压缩机不工作,比亚迪汉,70369,2025-05-02 12:34
F3045,P0420,催化转化器效率低,宝马3系,137631,2024-11-09 13:17
F3046,P0299,涡轮增压器压力不足,福特蒙迪欧,22654,2024-04-27 11:39
F3047,C0121,刹车压力传感器信号异常,吉利星越L,113079,2025-04-06 12:50
F3048,B0081,主驾驶安全带传感器故障,奥迪A4L,52536,2025-07-30 13:25
F3049,P0521,机油压力传感器电路范围故障,长城哈弗H6,34810,2024-04-09 13:30
F3050,C0561,ABS系统控制模块故障,奔驰C级,137402,2024-07-03 15:36
F3051,P0340,凸轮轴位置传感器电路故障,丰田凯美瑞,74223,2024-05-04 10:25
F3052,B0100,空气囊控制模块故障,大众帕萨特,127397,2025-09-14 12:59
F3053,P0122,节气门位置传感器电压低,本田CR-V,21546,2024-01-08 15:48
F3054,C0035,左前轮速传感器电路故障,比亚迪宋PLUS,101010,2024-10-28 16:33
F3055,P0442,燃油蒸发系统泄漏（小泄漏）,宝马5系,102114,2024-11-19 09:52
F3056,B0200,右前安全气囊传感器故障,奥迪Q5L,66028,2024-11-28 15:26
F3057,P0606,ECM内部控制模块处理器故障,福特锐界,80547,2024-12-27 13:06
F3058,C0051,右后轮速传感器电路故障,吉利博越,35198,2024-05-30 12:34
F3059,B0016,驾驶员侧安全气囊模块故障,长城魏派VV7,76145,2025-04-24 10:30
F3060,P0113,进气温度传感器电压高,奔驰E级,73067,2024-11-24 08:21
F3061,P0301,1缸失火，发动机抖动,丰田卡罗拉,117313,2024-11-20 15:59
F3062,C0045,右前轮速传感器故障,大众朗逸,23854,2025-12-25 11:09
F3063,P0171,燃油系统过稀,本田思域,140002,2024-12-01 15:17
F3064,B1234,空调压缩机不工作,比亚迪汉,40534,2025-03-15 12:37
F3065,P0420,催化转化器效率低,宝马3系,93832,2025-07-18 09:30
F3066,P0299,涡轮增压器压力不足,福特蒙迪欧,110191,2025-01-17 13:20
F3067,C0121,刹车压力传感器信号异常,吉利星越L,26818,2024-04-06 08:45
F3068,B0081,主驾驶安全带传感器故障,奥迪A4L,75107,2025-12-13 12:38
F3069,P0521,机油压力传感器电路范围故障,长城哈弗H6,145559,2024-07-31 15:19
F3070,C0561,ABS系统控制模块故障,奔驰C级,49739,2025-11-18 11:28
F3071,P0340,凸轮轴位置传感器电路故障,丰田凯美瑞,78517,2024-03-26 14:36
F3072,B0100,空气囊控制模块故障,大众帕萨特,25422,2024-04-27 14:26
F3073,P0122,节气门位置传感器电压低,本田CR-V,112510,2025-01-10 17:54
F3074,C0035,左前轮速传感器电路故障,比亚迪宋PLUS,24160,2025-03-16 11:32
F3075,P0442,燃油蒸发系统泄漏（小泄漏）,宝马5系,69078,2025-01-25 14:16
F3076,B0200,右前安全气囊传感器故障,奥迪Q5L,59352,2024-02-04 17:24
F3077,P0606,ECM内部控制模块处理器故障,福特锐界,108018,2024-05-20 17:32
F3078,C0051,右后轮速传感器电路故障,吉利博越,133215,2025-12-24 15:41
F3079,B0016,驾驶员侧安全气囊模块故障,长城魏派VV7,147106,2024-04-10 15:20
F3080,P0113,进气温度传感器电压高,奔驰E级,72362,2024-10-31 15:37
F3081,P0301,1缸失火，发动机抖动,丰田卡罗拉,140677,2025-01-14 10:59
F3082,C0045,右前轮速传感器故障,大众朗逸,132371,2025-11-24 08:51
F3083,P0171,燃油系统过稀,本田思域,116811,2025-12-16 10:57
F3084,B1234,空调压缩机不工作,比亚迪汉,142640,2024-11-03 17:31
F3085,P0420,催化转化器效率低,宝马3系,88589,2025-11-24 17:19
F3086,P0299,涡轮增压器压力不足,福特蒙迪欧,93263,2024-11-05 10:03
F3087,C0121,刹车压力传感器信号异常,吉利星越L,81196,2024-10-19 09:59
F3088,B0081,主驾驶安全带传感器故障,奥迪A4L,72575,2024-04-01 08:50
F3089,P0521,机油压力传感器电路范围故障,长城哈弗H6,30557,2025-01-12 16:43
F3090,C0561,ABS系统控制模块故障,奔驰C级,51076,2025-09-11 16:31
F3091,P0340,凸轮轴位置传感器电路故障,丰田凯美瑞,92715,2024-06-16 08:22
F3092,B0100,空气囊控制模块故障,大众帕萨特,123067,2025-05-28 08:36
F3093,P0122,节气门位置传感器电压低,本田CR-V,41984,2024-04-03 12:57
F3094,C0035,左前轮速传感器电路故障,比亚迪宋PLUS,41724,2024-03-17 08:28
F3095,P0442,燃油蒸发系统泄漏（小泄漏）,宝马5系,80298,2025-02-18 09:52
F3096,B0200,右前安全气囊传感器故障,奥迪Q5L,28427,2024-09-25 15:25
F3097,P0606,ECM内部控制模块处理器故障,福特锐界,36899,2024-01-07 10:19
F3098,C0051,右后轮速传感器电路故障,吉利博越,132004,2024-10-14 17:56
F3099,B0016,驾驶员侧安全气囊模块故障,长城魏派VV7,53523,2025-09-05 09:47
F3100,P0113,进气温度传感器电压高,奔驰E级,20524,2024-06-22 08:03
F3101,P0301,1缸失火，发动机抖动,丰田卡罗拉,25503,2025-12-15 08:54
F3102,C0045,右前轮速传感器故障,大众朗逸,97185,2024-06-20 11:39
F3103,P0171,燃油系统过稀,本田思域,123448,2024-08-05 15:00
F3104,B1234,空调压缩机不工作,比亚迪汉,114587,2024-10-26 11:46
F3105,P0420,催化转化器效率低,宝马3系,20643,2025-06-29 08:01
F3106,P0299,涡轮增压器压力不足,福特蒙迪欧,64717,2025-08-15 17:30
F3107,C0121,刹车压力传感器信号异常,吉利星越L,93184,2024-08-06 12:40
F3108,B0081,主驾驶安全带传感器故障,奥迪A4L,38692,2024-11-27 16:30
F3109,P0521,机油压力传感器电路范围故障,长城哈弗H6,67473,2024-05-25 11:38
F3110,C0561,ABS系统控制模块故障,奔驰C级,28049,2025-10-18 17:40
F3111,P0340,凸轮轴位置传感器电路故障,丰田凯美瑞,145859,2025-03-12 09:22
F3112,B0100,空气囊控制模块故障,大众帕萨特,110520,2025-06-13 10:57
F3113,P0122,节气门位置传感器电压低,本田CR-V,31260,2024-09-16 16:50
F3114,C0035,左前轮速传感器电路故障,比亚迪宋PLUS,54182,2024-08-05 10:00
F3115,P0442,燃油蒸发系统泄漏（小泄漏）,宝马5系,148693,2024-11-06 16:43
F3116,B0200,右前安全气囊传感器故障,奥迪Q5L,38753,2025-07-14 09:50
F3117,P0606,ECM内部控制模块处理器故障,福特锐界,78443,2024-06-21 14:13
F3118,C0051,右后轮速传感器电路故障,吉利博越,148234,2024-02-26 08:43
F3119,B0016,驾驶员侧安全气囊模块故障,长城魏派VV7,27961,2025-10-06 13:24
F3120,P0113,进气温度传感器电压高,奔驰E级,134170,2024-07-05 12:02
F3121,P0301,1缸失火，发动机抖动,丰田卡罗拉,84492,2024-04-17 12:19
F3122,C0045,右前轮速传感器故障,大众朗逸,128414,2024-05-09 16:26
F3123,P0171,燃油系统过稀,本田思域,25851,2024-09-30 15:26
F3124,B1234,空调压缩机不工作,比亚迪汉,35588,2025-11-04 08:19
F3125,P0420,催化转化器效率低,宝马3系,110425,2025-05-12 08:07
F3126,P0299,涡轮增压器压力不足,福特蒙迪欧,73351,2024-10-09 08:07
F3127,C0121,刹车压力传感器信号异常,吉利星越L,94501,2024-12-08 13:18
F3128,B0081,主驾驶安全带传感器故障,奥迪A4L,51897,2024-06-27 08:57
F3129,P0521,机油压力传感器电路范围故障,长城哈弗H6,83926,2024-02-28 13:28
F3130,C0561,ABS系统控制模块故障,奔驰C级,48242,2025-11-16 10:50
F3131,P0340,凸轮轴位置传感器电路故障,丰田凯美瑞,42665,2025-06-26 11:16
F3132,B0100,空气囊控制模块故障,大众帕萨特,63926,2025-01-28 17:12
F3133,P0122,节气门位置传感器电压低,本田CR-V,60320,2024-09-07 14:40
F3134,C0035,左前轮速传感器电路故障,比亚迪宋PLUS,20366,2024-10-18 14:28
F3135,P0442,燃油蒸发系统泄漏（小泄漏）,宝马5系,116362,2024-04-12 15:34
F3136,B0200,右前安全气囊传感器故障,奥迪Q5L,142702,2024-03-04 17:11
F3137,P0606,ECM内部控制模块处理器故障,福特锐界,23470,2025-12-02 14:08
F3138,C0051,右后轮速传感器电路故障,吉利博越,98721,2024-12-29 09:41
F3139,B0016,驾驶员侧安全气囊模块故障,长城魏派VV7,117372,2024-08-12 16:11
F3140,P0113,进气温度传感器电压高,奔驰E级,51628,2024-04-07 16:53
F3141,P0301,1缸失火，发动机抖动,丰田卡罗拉,85993,2025-08-06 13:24
F3142,C0045,右前轮速传感器故障,大众朗逸,148606,2025-06-12 16:19
F3143,P0171,燃油系统过稀,本田思域,30401,2024-02-07 15:06
F3144,B1234,空调压缩机不工作,比亚迪汉,125273,2025-12-11 15:28
F3145,P0420,催化转化器效率低,宝马3系,140156,2025-01-28 09:26
F3146,P0299,涡轮增压器压力不足,福特蒙迪欧,126764,2025-02-17 08:32
F3147,C0121,刹车压力传感器信号异常,吉利星越L,53005,2025-03-10 12:33
F3148,B0081,主驾驶安全带传感器故障,奥迪A4L,148250,2024-12-04 09:06
F3149,P0521,机油压力传感器电路范围故障,长城哈弗H6,108642,2024-01-06 14:50
F3150,C0561,ABS系统控制模块故障,奔驰C级,126926,2024-10-28 17:46
F3151,P0340,凸轮轴位置传感器电路故障,丰田凯美瑞,48815,2024-08-28 17:34
F3152,B0100,空气囊控制模块故障,大众帕萨特,29584,2025-02-09 10:02
F3153,P0122,节气门位置传感器电压低,本田CR-V,96692,2025-12-04 14:03
F3154,C0035,左前轮速传感器电路故障,比亚迪宋PLUS,33601,2025-01-26 11:55
F3155,P0442,燃油蒸发系统泄漏（小泄漏）,宝马5系,128964,2025-05-18 11:00
F3156,B0200,右前安全气囊传感器故障,奥迪Q5L,132683,2024-10-18 14:26
F3157,P0606,ECM内部控制模块处理器故障,福特锐界,141876,2025-10-26 12:12
F3158,C0051,右后轮速传感器电路故障,吉利博越,100314,2025-04-01 13:22
F3159,B0016,驾驶员侧安全气囊模块故障,长城魏派VV7,37368,2024-04-11 13:02
F3160,P0113,进气温度传感器电压高,奔驰E级,104076,2025-05-13 08:02
F3161,P0301,1缸失火，发动机抖动,丰田卡罗拉,47727,2024-04-06 09:32
F3162,C0045,右前轮速传感器故障,大众朗逸,58583,2024-11-24 12:48
F3163,P0171,燃油系统过稀,本田思域,115426,2025-11-16 15:00
F3164,B1234,空调压缩机不工作,比亚迪汉,139273,2024-08-25 16:37
F3165,P0420,催化转化器效率低,宝马3系,61234,2025-12-24 13:56
F3166,P0299,涡轮增压器压力不足,福特蒙迪欧,77609,2024-12-07 15:33
F3167,C0121,刹车压力传感器信号异常,吉利星越L,67941,2025-12-09 08:52
F3168,B0081,主驾驶安全带传感器故障,奥迪A4L,98231,2024-03-11 16:23
F3169,P0521,机油压力传感器电路范围故障,长城哈弗H6,143780,2024-02-05 09:34
F3170,C0561,ABS系统控制模块故障,奔驰C级,43273,2024-10-27 16:08
F3171,P0340,凸轮轴位置传感器电路故障,丰田凯美瑞,73549,2024-09-26 10:44
F3172,B0100,空气囊控制模块故障,大众帕萨特,64024,2025-11-12 14:24
F3173,P0122,节气门位置传感器电压低,本田CR-V,42309,2025-04-10 15:03
F3174,C0035,左前轮速传感器电路故障,比亚迪宋PLUS,83478,2025-05-24 16:53
F3175,P0442,燃油蒸发系统泄漏（小泄漏）,宝马5系,140636,2024-12-14 16:00
F3176,B0200,右前安全气囊传感器故障,奥迪Q5L,38201,2025-08-27 15:57
F3177,P0606,ECM内部控制模块处理器故障,福特锐界,51005,2024-06-22 11:07
F3178,C0051,右后轮速传感器电路故障,吉利博越,69979,2025-03-30 11:11
F3179,B0016,驾驶员侧安全气囊模块故障,长城魏派VV7,142798,2025-01-03 13:04
F3180,P0113,进气温度传感器电压高,奔驰E级,95713,2024-01-29 17:47
F3181,P0301,1缸失火，发动机抖动,丰田卡罗拉,149535,2025-12-01 09:48
F3182,C0045,右前轮速传感器故障,大众朗逸,106007,2024-06-14 14:19
F3183,P0171,燃油系统过稀,本田思域,75905,2024-08-27 10:49
F3184,B1234,空调压缩机不工作,比亚迪汉,87721,2025-09-16 09:55
F3185,P0420,催化转化器效率低,宝马3系,139927,2024-02-17 09:03
F3186,P0299,涡轮增压器压力不足,福特蒙迪欧,91624,2024-02-03 13:29
F3187,C0121,刹车压力传感器信号异常,吉利星越L,130457,2025-02-09 09:14
F3188,B0081,主驾驶安全带传感器故障,奥迪A4L,149006,2024-02-20 16:23
F3189,P0521,机油压力传感器电路范围故障,长城哈弗H6,65505,2024-12-07 09:05
F3190,C0561,ABS系统控制模块故障,奔驰C级,42778,2024-06-03 10:35
F3191,P0340,凸轮轴位置传感器电路故障,丰田凯美瑞,115916,2024-06-18 16:52
F3192,B0100,空气囊控制模块故障,大众帕萨特,62390,2025-11-15 13:50
F3193,P0122,节气门位置传感器电压低,本田CR-V,102511,2024-12-15 11:31
F3194,C0035,左前轮速传感器电路故障,比亚迪宋PLUS,28107,2024-11-07 08:46
F3195,P0442,燃油蒸发系统泄漏（小泄漏）,宝马5系,64873,2024-02-05 16:48
F3196,B0200,右前安全气囊传感器故障,奥迪Q5L,58073,2024-11-06 08:10
F3197,P0606,ECM内部控制模块处理器故障,福特锐界,135797,2024-04-16 11:26
F3198,C0051,右后轮速传感器电路故障,吉利博越,22393,2024-05-16 08:48
F3199,B0016,驾驶员侧安全气囊模块故障,长城魏派VV7,100028,2025-10-27 10:03
F3200,P0113,进气温度传感器电压高,奔驰E级,88659,2025-08-21 15:03
F3201,P0301,1缸失火，发动机抖动,丰田卡罗拉,104175,2025-01-13 09:42
F3202,C0045,右前轮速传感器故障,大众朗逸,138111,2025-09-20 15:18
F3203,P0171,燃油系统过稀,本田思域,54823,2025-02-21 16:43
F3204,B1234,空调压缩机不工作,比亚迪汉,72576,2024-01-06 13:08
F3205,P0420,催化转化器效率低,宝马3系,67164,2025-11-10 14:36
F3206,P0299,涡轮增压器压力不足,福特蒙迪欧,40178,2024-12-18 11:28
F3207,C0121,刹车压力传感器信号异常,吉利星越L,134679,2025-08-22 12:27
F3208,B0081,主驾驶安全带传感器故障,奥迪A4L,33742,2025-09-16 09:25
F3209,P0521,机油压力传感器电路范围故障,长城哈弗H6,45255,2024-05-20 16:59
F3210,C0561,ABS系统控制模块故障,奔驰C级,28618,2025-12-29 11:14
F3211,P0340,凸轮轴位置传感器电路故障,丰田凯美瑞,115054,2025-12-15 13:18
F3212,B0100,空气囊控制模块故障,大众帕萨特,90327,2025-10-11 17:20
F3213,P0122,节气门位置传感器电压低,本田CR-V,142311,2024-06-03 12:06
F3214,C0035,左前轮速传感器电路故障,比亚迪宋PLUS,44724,2024-08-10 11:54
F3215,P0442,燃油蒸发系统泄漏（小泄漏）,宝马5系,136774,2025-03-05 14:34
F3216,B0200,右前安全气囊传感器故障,奥迪Q5L,36307,2025-03-20 17:45
F3217,P0606,ECM内部控制模块处理器故障,福特锐界,147132,2024-04-02 17:22
F3218,C0051,右后轮速传感器电路故障,吉利博越,97435,2025-06-06 08:40
F3219,B0016,驾驶员侧安全气囊模块故障,长城魏派VV7,21410,2024-02-01 09:48
F3220,P0113,进气温度传感器电压高,奔驰E级,84006,2025-10-30 14:50
F3221,P0301,1缸失火，发动机抖动,丰田卡罗拉,145614,2025-09-18 17:41
F3222,C0045,右前轮速传感器故障,大众朗逸,132560,2024-02-17 10:29
F3223,P0171,燃油系统过稀,本田思域,147634,2024-11-30 12:09
F3224,B1234,空调压缩机不工作,比亚迪汉,115314,2024-06-17 11:14
F3225,P0420,催化转化器效率低,宝马3系,22183,2025-08-26 11:18
F3226,P0299,涡轮增压器压力不足,福特蒙迪欧,148051,2025-12-22 10:35
F3227,C0121,刹车压力传感器信号异常,吉利星越L,78091,2024-01-15 12:06
F3228,B0081,主驾驶安全带传感器故障,奥迪A4L,144006,2025-03-12 09:41
F3229,P0521,机油压力传感器电路范围故障,长城哈弗H6,140346,2024-08-06 11:35
F3230,C0561,ABS系统控制模块故障,奔驰C级,109331,2024-09-30 08:31
F3231,P0340,凸轮轴位置传感器电路故障,丰田凯美瑞,51242,2025-08-25 10:54
F3232,B0100,空气囊控制模块故障,大众帕萨特,143191,2024-05-24 15:41
F3233,P0122,节气门位置传感器电压低,本田CR-V,77809,2024-02-22 17:27
F3234,C0035,左前轮速传感器电路故障,比亚迪宋PLUS,31358,2024-09-26 08:58
F3235,P0442,燃油蒸发系统泄漏（小泄漏）,宝马5系,73109,2024-10-13 10:01
F3236,B0200,右前安全气囊传感器故障,奥迪Q5L,141688,2024-04-01 14:06
F3237,P0606,ECM内部控制模块处理器故障,福特锐界,123543,2024-11-17 08:04
F3238,C0051,右后轮速传感器电路故障,吉利博越,133429,2024-09-26 10:20
F3239,B0016,驾驶员侧安全气囊模块故障,长城魏派VV7,36125,2024-05-09 08:26
F3240,P0113,进气温度传感器电压高,奔驰E级,59542,2024-11-12 11:40
F3241,P0301,1缸失火，发动机抖动,丰田卡罗拉,37012,2025-11-08 13:36
F3242,C0045,右前轮速传感器故障,大众朗逸,30910,2024-02-19 08:48
F3243,P0171,燃油系统过稀,本田思域,66237,2024-11-06 14:26
F3244,B1234,空调压缩机不工作,比亚迪汉,109393,2024-06-09 17:05
F3245,P0420,催化转化器效率低,宝马3系,109549,2025-07-26 10:16
F3246,P0299,涡轮增压器压力不足,福特蒙迪欧,134366,2025-04-03 16:12
F3247,C0121,刹车压力传感器信号异常,吉利星越L,55832,2024-04-22 09:30
F3248,B0081,主驾驶安全带传感器故障,奥迪A4L,66971,2025-02-28 16:34
F3249,P0521,机油压力传感器电路范围故障,长城哈弗H6,39942,2024-11-03 10:50
F3250,C0561,ABS系统控制模块故障,奔驰C级,84565,2024-02-18 16:48
F3251,P0340,凸轮轴位置传感器电路故障,丰田凯美瑞,28608,2025-06-11 13:03
F3252,B0100,空气囊控制模块故障,大众帕萨特,85197,2024-06-18 11:46
F3253,P0122,节气门位置传感器电压低,本田CR-V,74323,2024-12-11 10:18
F3254,C0035,左前轮速传感器电路故障,比亚迪宋PLUS,139514,2025-07-25 15:09
F3255,P0442,燃油蒸发系统泄漏（小泄漏）,宝马5系,32316,2025-04-08 17:00
F3256,B0200,右前安全气囊传感器故障,奥迪Q5L,99398,2024-08-28 15:14
F3257,P0606,ECM内部控制模块处理器故障,福特锐界,133865,2024-12-06 11:16
F3258,C0051,右后轮速传感器电路故障,吉利博越,79213,2025-11-20 16:55
F3259,B0016,驾驶员侧安全气囊模块故障,长城魏派VV7,58139,2024-01-19 08:35
F3260,P0113,进气温度传感器电压高,奔驰E级,102480,2024-06-16 13:39
F3261,P0301,1缸失火，发动机抖动,丰田卡罗拉,133287,2025-08-13 15:14
F3262,C0045,右前轮速传感器故障,大众朗逸,121595,2025-06-17 17:19
F3263,P0171,燃油系统过稀,本田思域,145357,2025-12-09 08:21
F3264,B1234,空调压缩机不工作,比亚迪汉,117906,2025-04-14 16:16
F3265,P0420,催化转化器效率低,宝马3系,70740,2025-10-09 09:59
F3266,P0299,涡轮增压器压力不足,福特蒙迪欧,81801,2025-07-13 13:49
F3267,C0121,刹车压力传感器信号异常,吉利星越L,28767,2025-04-01 16:03
F3268,B0081,主驾驶安全带传感器故障,奥迪A4L,140697,2024-10-18 14:49
F3269,P0521,机油压力传感器电路范围故障,长城哈弗H6,80929,2024-07-17 08:47
F3270,C0561,ABS系统控制模块故障,奔驰C级,49117,2024-01-30 10:40
F3271,P0340,凸轮轴位置传感器电路故障,丰田凯美瑞,132843,2025-11-29 14:00
F3272,B0100,空气囊控制模块故障,大众帕萨特,57313,2024-11-03 10:17
F3273,P0122,节气门位置传感器电压低,本田CR-V,33333,2025-05-12 10:21
F3274,C0035,左前轮速传感器电路故障,比亚迪宋PLUS,94694,2024-01-22 11:02
F3275,P0442,燃油蒸发系统泄漏（小泄漏）,宝马5系,116277,2025-09-14 11:31
F3276,B0200,右前安全气囊传感器故障,奥迪Q5L,111613,2024-04-02 09:06
F3277,P0606,ECM内部控制模块处理器故障,福特锐界,54534,2025-11-11 08:13
F3278,C0051,右后轮速传感器电路故障,吉利博越,147638,2024-04-15 09:19
F3279,B0016,驾驶员侧安全气囊模块故障,长城魏派VV7,149052,2024-05-03 08:00
F3280,P0113,进气温度传感器电压高,奔驰E级,97278,2024-05-17 08:59
F3281,P0301,1缸失火，发动机抖动,丰田卡罗拉,51900,2024-10-12 11:58
F3282,C0045,右前轮速传感器故障,大众朗逸,119078,2024-06-18 10:56
F3283,P0171,燃油系统过稀,本田思域,76147,2024-12-02 10:49
F3284,B1234,空调压缩机不工作,比亚迪汉,38709,2024-08-09 17:55
F3285,P0420,催化转化器效率低,宝马3系,124163,2025-04-22 12:00
F3286,P0299,涡轮增压器压力不足,福特蒙迪欧,31353,2025-12-19 17:29
F3287,C0121,刹车压力传感器信号异常,吉利星越L,111104,2024-11-03 13:58
F3288,B0081,主驾驶安全带传感器故障,奥迪A4L,133943,2025-02-06 09:31
F3289,P0521,机油压力传感器电路范围故障,长城哈弗H6,128955,2025-04-10 13:03
F3290,C0561,ABS系统控制模块故障,奔驰C级,104264,2024-05-13 13:35
F3291,P0340,凸轮轴位置传感器电路故障,丰田凯美瑞,36393,2024-05-12 17:21
F3292,B0100,空气囊控制模块故障,大众帕萨特,101693,2025-07-14 16:16
F3293,P0122,节气门位置传感器电压低,本田CR-V,58734,2025-04-08 09:56
F3294,C0035,左前轮速传感器电路故障,比亚迪宋PLUS,114174,2025-08-21 13:23
F3295,P0442,燃油蒸发系统泄漏（小泄漏）,宝马5系,124253,2024-09-16 17:16
F3296,B0200,右前安全气囊传感器故障,奥迪Q5L,110507,2025-10-18 10:28
F3297,P0606,ECM内部控制模块处理器故障,福特锐界,80033,2024-05-17 17:06
F3298,C0051,右后轮速传感器电路故障,吉利博越,89069,2024-03-19 13:13
F3299,B0016,驾驶员侧安全气囊模块故障,长城魏派VV7,122225,2025-07-04 17:51
F3300,P0113,进气温度传感器电压高,奔驰E级,60690,2025-11-18 10:36
F3301,P0301,1缸失火，发动机抖动,丰田卡罗拉,64506,2024-09-05 16:29
F3302,C0045,右前轮速传感器故障,大众朗逸,23716,2025-05-28 08:55
F3303,P0171,燃油系统过稀,本田思域,109781,2025-12-16 16:44
F3304,B1234,空调压缩机不工作,比亚迪汉,104881,2025-05-09 11:46
F3305,P0420,催化转化器效率低,宝马3系,113927,2025-11-25 11:37
F3306,P0299,涡轮增压器压力不足,福特蒙迪欧,116040,2024-11-07 17:58
F3307,C0121,刹车压力传感器信号异常,吉利星越L,137633,2025-12-25 08:19
F3308,B0081,主驾驶安全带传感器故障,奥迪A4L,119819,2025-04-05 10:21
F3309,P0521,机油压力传感器电路范围故障,长城哈弗H6,99480,2025-06-03 13:19
F3310,C0561,ABS系统控制模块故障,奔驰C级,72238,2025-03-01 15:56
F3311,P0340,凸轮轴位置传感器电路故障,丰田凯美瑞,33165,2025-10-13 15:30
F3312,B0100,空气囊控制模块故障,大众帕萨特,148990,2025-03-09 11:15
F3313,P0122,节气门位置传感器电压低,本田CR-V,114105,2025-09-20 11:47
F3314,C0035,左前轮速传感器电路故障,比亚迪宋PLUS,70353,2024-12-09 08:09
F3315,P0442,燃油蒸发系统泄漏（小泄漏）,宝马5系,80709,2025-03-09 17:46
F3316,B0200,右前安全气囊传感器故障,奥迪Q5L,146663,2025-05-25 09:21
F3317,P0606,ECM内部控制模块处理器故障,福特锐界,91286,2024-09-08 17:45
F3318,C0051,右后轮速传感器电路故障,吉利博越,61163,2024-02-10 12:33
F3319,B0016,驾驶员侧安全气囊模块故障,长城魏派VV7,55152,2025-10-22 09:40
F3320,P0113,进气温度传感器电压高,奔驰E级,119819,2025-11-30 08:11
F3321,P0301,1缸失火，发动机抖动,丰田卡罗拉,68932,2025-11-20 10:32
F3322,C0045,右前轮速传感器故障,大众朗逸,130006,2024-11-28 12:04
F3323,P0171,燃油系统过稀,本田思域,49379,2024-05-12 17:52
F3324,B1234,空调压缩机不工作,比亚迪汉,38963,2024-01-19 14:50
F3325,P0420,催化转化器效率低,宝马3系,42110,2024-08-03 10:53
F3326,P0299,涡轮增压器压力不足,福特蒙迪欧,32059,2025-11-22 17:41
F3327,C0121,刹车压力传感器信号异常,吉利星越L,121685,2024-02-09 13:34
F3328,B0081,主驾驶安全带传感器故障,奥迪A4L,25527,2024-12-15 08:05
F3329,P0521,机油压力传感器电路范围故障,长城哈弗H6,28734,2024-05-24 12:24
F3330,C0561,ABS系统控制模块故障,奔驰C级,46566,2024-11-24 16:24
F3331,P0340,凸轮轴位置传感器电路故障,丰田凯美瑞,29438,2025-05-21 11:41
F3332,B0100,空气囊控制模块故障,大众帕萨特,55347,2025-11-07 09:41
F3333,P0122,节气门位置传感器电压低,本田CR-V,98472,2025-01-15 12:17
F3334,C0035,左前轮速传感器电路故障,比亚迪宋PLUS,93419,2024-05-08 15:18
F3335,P0442,燃油蒸发系统泄漏（小泄漏）,宝马5系,121650,2024-09-30 14:19
F3336,B0200,右前安全气囊传感器故障,奥迪Q5L,61971,2025-09-16 12:48
F3337,P0606,ECM内部控制模块处理器故障,福特锐界,72785,2025-07-19 16:38
F3338,C0051,右后轮速传感器电路故障,吉利博越,55426,2024-10-14 14:45
F3339,B0016,驾驶员侧安全气囊模块故障,长城魏派VV7,79150,2025-03-07 11:29
F3340,P0113,进气温度传感器电压高,奔驰E级,49903,2024-09-01 16:19
F3341,P0301,1缸失火，发动机抖动,丰田卡罗拉,119722,2025-06-19 09:32
F3342,C0045,右前轮速传感器故障,大众朗逸,113663,2025-01-08 13:02
F3343,P0171,燃油系统过稀,本田思域,98104,2024-09-28 08:20
F3344,B1234,空调压缩机不工作,比亚迪汉,120726,2025-04-11 15:26
F3345,P0420,催化转化器效率低,宝马3系,52718,2025-02-14 13:25
F3346,P0299,涡轮增压器压力不足,福特蒙迪欧,130432,2024-01-13 09:43
F3347,C0121,刹车压力传感器信号异常,吉利星越L,51882,2025-08-02 15:42
F3348,B0081,主驾驶安全带传感器故障,奥迪A4L,34566,2024-09-17 11:27
F3349,P0521,机油压力传感器电路范围故障,长城哈弗H6,82658,2025-10-28 13:07
F3350,C0561,ABS系统控制模块故障,奔驰C级,136846,2025-01-10 12:03
F3351,P0340,凸轮轴位置传感器电路故障,丰田凯美瑞,34177,2024-12-13 08:42
F3352,B0100,空气囊控制模块故障,大众帕萨特,53721,2025-04-03 17:55
F3353,P0122,节气门位置传感器电压低,本田CR-V,36780,2024-06-05 17:54
F3354,C0035,左前轮速传感器电路故障,比亚迪宋PLUS,97143,2025-12-29 13:51
F3355,P0442,燃油蒸发系统泄漏（小泄漏）,宝马5系,93091,2025-07-21 15:23
F3356,B0200,右前安全气囊传感器故障,奥迪Q5L,121146,2025-02-28 10:13
F3357,P0606,ECM内部控制模块处理器故障,福特锐界,68102,2025-10-23 09:08
F3358,C0051,右后轮速传感器电路故障,吉利博越,148829,2024-01-30 10:38
F3359,B0016,驾驶员侧安全气囊模块故障,长城魏派VV7,133492,2025-10-30 16:39
F3360,P0113,进气温度传感器电压高,奔驰E级,65136,2025-10-21 13:14
F3361,P0301,1缸失火，发动机抖动,丰田卡罗拉,140840,2025-11-02 17:15
F3362,C0045,右前轮速传感器故障,大众朗逸,124194,2025-02-20 16:30
F3363,P0171,燃油系统过稀,本田思域,134741,2024-12-16 12:07
F3364,B1234,空调压缩机不工作,比亚迪汉,58148,2024-12-05 14:09
F3365,P0420,催化转化器效率低,宝马3系,145963,2025-10-18 09:19
F3366,P0299,涡轮增压器压力不足,福特蒙迪欧,53774,2024-06-30 09:59
F3367,C0121,刹车压力传感器信号异常,吉利星越L,145581,2024-06-14 11:40
F3368,B0081,主驾驶安全带传感器故障,奥迪A4L,41886,2025-01-04 11:37
F3369,P0521,机油压力传感器电路范围故障,长城哈弗H6,37923,2024-07-04 09:33
F3370,C0561,ABS系统控制模块故障,奔驰C级,26200,2025-11-03 14:53
F3371,P0340,凸轮轴位置传感器电路故障,丰田凯美瑞,147786,2024-12-06 12:48
F3372,B0100,空气囊控制模块故障,大众帕萨特,96145,2025-08-06 13:13
F3373,P0122,节气门位置传感器电压低,本田CR-V,51945,2024-11-22 11:07
F3374,C0035,左前轮速传感器电路故障,比亚迪宋PLUS,47716,2024-01-28 12:45
F3375,P0442,燃油蒸发系统泄漏（小泄漏）,宝马5系,38897,2025-06-12 15:56
F3376,B0200,右前安全气囊传感器故障,奥迪Q5L,137873,2025-06-22 09:29
F3377,P0606,ECM内部控制模块处理器故障,福特锐界,116365,2025-07-31 13:57
F3378,C0051,右后轮速传感器电路故障,吉利博越,132160,2025-07-26 17:10
F3379,B0016,驾驶员侧安全气囊模块故障,长城魏派VV7,129423,2024-10-09 14:55
F3380,P0113,进气温度传感器电压高,奔驰E级,48744,2024-11-19 17:13
F3381,P0301,1缸失火，发动机抖动,丰田卡罗拉,65078,2024-08-28 16:29
F3382,C0045,右前轮速传感器故障,大众朗逸,125818,2024-07-10 14:57
F3383,P0171,燃油系统过稀,本田思域,108122,2025-01-25 11:13
F3384,B1234,空调压缩机不工作,比亚迪汉,36000,2025-04-25 12:52
F3385,P0420,催化转化器效率低,宝马3系,145371,2024-10-05 15:45
F3386,P0299,涡轮增压器压力不足,福特蒙迪欧,97925,2025-06-09 14:22
F3387,C0121,刹车压力传感器信号异常,吉利星越L,103511,2024-04-26 10:34
F3388,B0081,主驾驶安全带传感器故障,奥迪A4L,98338,2024-03-29 13:30
F3389,P0521,机油压力传感器电路范围故障,长城哈弗H6,91484,2024-03-26 09:36
F3390,C0561,ABS系统控制模块故障,奔驰C级,73843,2025-09-30 08:26
F3391,P0340,凸轮轴位置传感器电路故障,丰田凯美瑞,91534,2024-07-11 13:20
F3392,B0100,空气囊控制模块故障,大众帕萨特,51992,2024-11-08 10:49
F3393,P0122,节气门位置传感器电压低,本田CR-V,88789,2024-10-21 08:09
F3394,C0035,左前轮速传感器电路故障,比亚迪宋PLUS,102717,2024-08-01 08:17
F3395,P0442,燃油蒸发系统泄漏（小泄漏）,宝马5系,75693,2024-10-30 11:04
F3396,B0200,右前安全气囊传感器故障,奥迪Q5L,123880,2025-12-05 15:13
F3397,P0606,ECM内部控制模块处理器故障,福特锐界,80313,2024-10-21 16:15
F3398,C0051,右后轮速传感器电路故障,吉利博越,38025,2025-04-26 09:14
F3399,B0016,驾驶员侧安全气囊模块故障,长城魏派VV7,42663,2025-08-18 14:07
F3400,P0113,进气温度传感器电压高,奔驰E级,28605,2025-03-28 17:11
F3401,P0301,1缸失火，发动机抖动,丰田卡罗拉,92077,2025-03-31 10:35
F3402,C0045,右前轮速传感器故障,大众朗逸,72160,2025-03-03 12:11
F3403,P0171,燃油系统过稀,本田思域,136487,2025-01-07 15:40
F3404,B1234,空调压缩机不工作,比亚迪汉,47926,2025-07-11 14:18
F3405,P0420,催化转化器效率低,宝马3系,43771,2025-07-18 14:16
F3406,P0299,涡轮增压器压力不足,福特蒙迪欧,74121,2024-02-14 16:14
F3407,C0121,刹车压力传感器信号异常,吉利星越L,105013,2025-03-20 14:46
F3408,B0081,主驾驶安全带传感器故障,奥迪A4L,112232,2025-01-14 08:35
F3409,P0521,机油压力传感器电路范围故障,长城哈弗H6,147850,2024-08-01 15:20
F3410,C0561,ABS系统控制模块故障,奔驰C级,66133,2025-03-04 13:57
F3411,P0340,凸轮轴位置传感器电路故障,丰田凯美瑞,73709,2024-03-16 11:53
F3412,B0100,空气囊控制模块故障,大众帕萨特,36241,2024-10-06 16:02
F3413,P0122,节气门位置传感器电压低,本田CR-V,110539,2024-08-11 14:11
F3414,C0035,左前轮速传感器电路故障,比亚迪宋PLUS,148038,2025-05-29 17:03
F3415,P0442,燃油蒸发系统泄漏（小泄漏）,宝马5系,70682,2025-11-02 08:44
F3416,B0200,右前安全气囊传感器故障,奥迪Q5L,102758,2024-02-27 11:26
F3417,P0606,ECM内部控制模块处理器故障,福特锐界,148777,2025-11-19 13:16
F3418,C0051,右后轮速传感器电路故障,吉利博越,118068,2024-10-31 10:03
F3419,B0016,驾驶员侧安全气囊模块故障,长城魏派VV7,70648,2025-11-13 11:56
F3420,P0113,进气温度传感器电压高,奔驰E级,85879,2024-08-16 11:02
F3421,P0301,1缸失火，发动机抖动,丰田卡罗拉,47542,2024-02-24 10:57
F3422,C0045,右前轮速传感器故障,大众朗逸,49791,2024-12-18 14:07
F3423,P0171,燃油系统过稀,本田思域,72112,2025-06-03 17:49
F3424,B1234,空调压缩机不工作,比亚迪汉,42642,2024-05-15 10:39
F3425,P0420,催化转化器效率低,宝马3系,37293,2025-11-11 16:56
F3426,P0299,涡轮增压器压力不足,福特蒙迪欧,24352,2024-11-17 16:06
F3427,C0121,刹车压力传感器信号异常,吉利星越L,102072,2024-08-06 09:09
F3428,B0081,主驾驶安全带传感器故障,奥迪A4L,109090,2024-04-28 17:15
F3429,P0521,机油压力传感器电路范围故障,长城哈弗H6,50466,2025-01-08 08:30
F3430,C0561,ABS系统控制模块故障,奔驰C级,121783,2025-02-13 16:16
F3431,P0340,凸轮轴位置传感器电路故障,丰田凯美瑞,67246,2025-08-21 17:59
F3432,B0100,空气囊控制模块故障,大众帕萨特,146368,2024-10-26 14:25
F3433,P0122,节气门位置传感器电压低,本田CR-V,135230,2025-09-20 17:56
F3434,C0035,左前轮速传感器电路故障,比亚迪宋PLUS,76968,2024-08-09 08:27
F3435,P0442,燃油蒸发系统泄漏（小泄漏）,宝马5系,89249,2025-08-24 09:36
F3436,B0200,右前安全气囊传感器故障,奥迪Q5L,92854,2025-04-18 08:03
F3437,P0606,ECM内部控制模块处理器故障,福特锐界,28143,2024-11-13 16:33
F3438,C0051,右后轮速传感器电路故障,吉利博越,104767,2024-06-12 10:42
F3439,B0016,驾驶员侧安全气囊模块故障,长城魏派VV7,59002,2025-01-04 11:51
F3440,P0113,进气温度传感器电压高,奔驰E级,63786,2024-10-24 16:12
F3441,P0301,1缸失火，发动机抖动,丰田卡罗拉,140331,2024-03-13 09:00
F3442,C0045,右前轮速传感器故障,大众朗逸,104217,2025-03-15 17:35
F3443,P0171,燃油系统过稀,本田思域,35404,2025-10-20 17:33
F3444,B1234,空调压缩机不工作,比亚迪汉,58642,2024-04-22 09:01
F3445,P0420,催化转化器效率低,宝马3系,86471,2024-10-12 15:06
F3446,P0299,涡轮增压器压力不足,福特蒙迪欧,101031,2024-05-15 09:59
F3447,C0121,刹车压力传感器信号异常,吉利星越L,118004,2024-02-26 09:22
F3448,B0081,主驾驶安全带传感器故障,奥迪A4L,73153,2025-03-27 11:29
F3449,P0521,机油压力传感器电路范围故障,长城哈弗H6,104251,2025-05-10 09:43
F3450,C0561,ABS系统控制模块故障,奔驰C级,109175,2024-04-11 17:15
F3451,P0340,凸轮轴位置传感器电路故障,丰田凯美瑞,60334,2025-03-04 12:14
F3452,B0100,空气囊控制模块故障,大众帕萨特,67741,2025-09-02 15:01
F3453,P0122,节气门位置传感器电压低,本田CR-V,41184,2024-11-12 16:04
F3454,C0035,左前轮速传感器电路故障,比亚迪宋PLUS,63224,2024-02-13 12:16
F3455,P0442,燃油蒸发系统泄漏（小泄漏）,宝马5系,133244,2024-02-22 13:19
F3456,B0200,右前安全气囊传感器故障,奥迪Q5L,23769,2024-05-23 15:05
F3457,P0606,ECM内部控制模块处理器故障,福特锐界,108364,2024-11-16 16:54
F3458,C0051,右后轮速传感器电路故障,吉利博越,124356,2025-06-02 17:22
F3459,B0016,驾驶员侧安全气囊模块故障,长城魏派VV7,50443,2024-08-25 12:40
F3460,P0113,进气温度传感器电压高,奔驰E级,111349,2025-04-13 08:28
F3461,P0301,1缸失火，发动机抖动,丰田卡罗拉,96013,2024-04-08 09:57
F3462,C0045,右前轮速传感器故障,大众朗逸,103072,2025-10-25 08:19
F3463,P0171,燃油系统过稀,本田思域,21178,2024-02-23 14:43
F3464,B1234,空调压缩机不工作,比亚迪汉,32283,2024-09-09 16:29
F3465,P0420,催化转化器效率低,宝马3系,145071,2025-04-06 09:19
F3466,P0299,涡轮增压器压力不足,福特蒙迪欧,117157,2024-05-22 09:34
F3467,C0121,刹车压力传感器信号异常,吉利星越L,100364,2024-04-26 10:29
F3468,B0081,主驾驶安全带传感器故障,奥迪A4L,23202,2024-03-08 09:53
F3469,P0521,机油压力传感器电路范围故障,长城哈弗H6,76628,2024-10-28 11:34
F3470,C0561,ABS系统控制模块故障,奔驰C级,145410,2025-08-19 16:02
F3471,P0340,凸轮轴位置传感器电路故障,丰田凯美瑞,44851,2025-11-15 09:18
F3472,B0100,空气囊控制模块故障,大众帕萨特,24363,2025-12-25 12:49
F3473,P0122,节气门位置传感器电压低,本田CR-V,115025,2024-03-18 08:58
F3474,C0035,左前轮速传感器电路故障,比亚迪宋PLUS,148683,2025-10-15 11:49
F3475,P0442,燃油蒸发系统泄漏（小泄漏）,宝马5系,48845,2024-07-12 16:03
F3476,B0200,右前安全气囊传感器故障,奥迪Q5L,101681,2025-02-03 14:13
F3477,P0606,ECM内部控制模块处理器故障,福特锐界,109639,2024-02-05 08:47
F3478,C0051,右后轮速传感器电路故障,吉利博越,91894,2025-11-24 13:30
F3479,B0016,驾驶员侧安全气囊模块故障,长城魏派VV7,148980,2024-02-06 11:02
F3480,P0113,进气温度传感器电压高,奔驰E级,40173,2024-06-05 10:37
F3481,P0301,1缸失火，发动机抖动,丰田卡罗拉,130951,2024-01-20 14:56
F3482,C0045,右前轮速传感器故障,大众朗逸,28239,2025-01-26 17:08
F3483,P0171,燃油系统过稀,本田思域,126619,2024-05-13 12:19
F3484,B1234,空调压缩机不工作,比亚迪汉,52912,2024-07-26 11:56
F3485,P0420,催化转化器效率低,宝马3系,29047,2024-11-25 13:16
F3486,P0299,涡轮增压器压力不足,福特蒙迪欧,23367,2024-05-11 14:08
F3487,C0121,刹车压力传感器信号异常,吉利星越L,130123,2025-05-05 13:17
F3488,B0081,主驾驶安全带传感器故障,奥迪A4L,83020,2024-06-18 10:03
F3489,P0521,机油压力传感器电路范围故障,长城哈弗H6,124198,2025-08-15 16:34
F3490,C0561,ABS系统控制模块故障,奔驰C级,104450,2024-01-29 14:24
F3491,P0340,凸轮轴位置传感器电路故障,丰田凯美瑞,79354,2025-10-09 15:16
F3492,B0100,空气囊控制模块故障,大众帕萨特,105495,2024-11-21 10:17
F3493,P0122,节气门位置传感器电压低,本田CR-V,73264,2024-10-22 08:45
F3494,C0035,左前轮速传感器电路故障,比亚迪宋PLUS,145922,2025-05-04 13:59
F3495,P0442,燃油蒸发系统泄漏（小泄漏）,宝马5系,116995,2024-08-12 17:19
F3496,B0200,右前安全气囊传感器故障,奥迪Q5L,77061,2024-12-19 12:42
F3497,P0606,ECM内部控制模块处理器故障,福特锐界,85626,2024-01-09 09:06
F3498,C0051,右后轮速传感器电路故障,吉利博越,72032,2024-08-06 17:34
F3499,B0016,驾驶员侧安全气囊模块故障,长城魏派VV7,144368,2024-07-29 12:15
F3500,P0113,进气温度传感器电压高,奔驰E级,112301,2025-02-11 11:42
F3501,P0301,1缸失火，发动机抖动,丰田卡罗拉,114444,2024-08-02 10:50
F3502,C0045,右前轮速传感器故障,大众朗逸,46161,2024-05-19 14:15
F3503,P0171,燃油系统过稀,本田思域,130938,2024-05-06 15:38
F3504,B1234,空调压缩机不工作,比亚迪汉,145267,2024-11-16 16:17
F3505,P0420,催化转化器效率低,宝马3系,56687,2024-10-29 17:57
F3506,P0299,涡轮增压器压力不足,福特蒙迪欧,107743,2025-06-15 11:21
F3507,C0121,刹车压力传感器信号异常,吉利星越L,127017,2025-12-02 10:27
F3508,B0081,主驾驶安全带传感器故障,奥迪A4L,140221,2025-12-06 16:31
F3509,P0521,机油压力传感器电路范围故障,长城哈弗H6,124554,2025-04-19 13:47
F3510,C0561,ABS系统控制模块故障,奔驰C级,48721,2024-05-18 12:50
F3511,P0340,凸轮轴位置传感器电路故障,丰田凯美瑞,110536,2025-11-06 10:33
F3512,B0100,空气囊控制模块故障,大众帕萨特,67025,2024-12-31 09:02
F3513,P0122,节气门位置传感器电压低,本田CR-V,137713,2024-11-04 12:15
F3514,C0035,左前轮速传感器电路故障,比亚迪宋PLUS,102331,2025-04-16 10:51
F3515,P0442,燃油蒸发系统泄漏（小泄漏）,宝马5系,21592,2025-12-18 14:59
F3516,B0200,右前安全气囊传感器故障,奥迪Q5L,141693,2025-06-19 11:20
F3517,P0606,ECM内部控制模块处理器故障,福特锐界,138112,2025-06-05 10:39
F3518,C0051,右后轮速传感器电路故障,吉利博越,38997,2024-07-28 12:30
F3519,B0016,驾驶员侧安全气囊模块故障,长城魏派VV7,52261,2024-05-23 15:14
F3520,P0113,进气温度传感器电压高,奔驰E级,96534,2024-06-19 15:14
F3521,P0301,1缸失火，发动机抖动,丰田卡罗拉,39158,2024-01-08 08:06
F3522,C0045,右前轮速传感器故障,大众朗逸,100167,2024-06-23 16:54
F3523,P0171,燃油系统过稀,本田思域,149805,2025-10-20 16:48
F3524,B1234,空调压缩机不工作,比亚迪汉,138805,2025-02-27 10:36
F3525,P0420,催化转化器效率低,宝马3系,120116,2024-08-11 10:37
F3526,P0299,涡轮增压器压力不足,福特蒙迪欧,69983,2025-06-14 10:20
F3527,C0121,刹车压力传感器信号异常,吉利星越L,80503,2024-10-31 08:08
F3528,B0081,主驾驶安全带传感器故障,奥迪A4L,68469,2024-04-20 16:47
F3529,P0521,机油压力传感器电路范围故障,长城哈弗H6,49332,2025-07-17 15:26
F3530,C0561,ABS系统控制模块故障,奔驰C级,139864,2024-09-02 10:20
F3531,P0340,凸轮轴位置传感器电路故障,丰田凯美瑞,134690,2024-05-18 14:06
F3532,B0100,空气囊控制模块故障,大众帕萨特,81939,2024-09-19 13:31
F3533,P0122,节气门位置传感器电压低,本田CR-V,25387,2024-04-18 16:12
F3534,C0035,左前轮速传感器电路故障,比亚迪宋PLUS,112862,2024-10-07 11:49
F3535,P0442,燃油蒸发系统泄漏（小泄漏）,宝马5系,75628,2025-05-07 14:57
F3536,B0200,右前安全气囊传感器故障,奥迪Q5L,50543,2025-10-14 11:21
F3537,P0606,ECM内部控制模块处理器故障,福特锐界,122444,2024-01-12 16:07
F3538,C0051,右后轮速传感器电路故障,吉利博越,54536,2025-04-29 17:49
F3539,B0016,驾驶员侧安全气囊模块故障,长城魏派VV7,78577,2024-06-19 12:41
F3540,P0113,进气温度传感器电压高,奔驰E级,45236,2024-08-28 10:16
F3541,P0301,1缸失火，发动机抖动,丰田卡罗拉,36712,2025-07-10 15:39
F3542,C0045,右前轮速传感器故障,大众朗逸,55711,2025-11-16 13:13
F3543,P0171,燃油系统过稀,本田思域,54312,2025-07-13 08:54
F3544,B1234,空调压缩机不工作,比亚迪汉,129548,2024-07-15 09:48
F3545,P0420,催化转化器效率低,宝马3系,88362,2024-08-15 08:38
F3546,P0299,涡轮增压器压力不足,福特蒙迪欧,92204,2024-08-01 13:37
F3547,C0121,刹车压力传感器信号异常,吉利星越L,82125,2025-12-04 14:37
F3548,B0081,主驾驶安全带传感器故障,奥迪A4L,58578,2025-04-24 12:39
F3549,P0521,机油压力传感器电路范围故障,长城哈弗H6,126173,2025-04-11 14:47
F3550,C0561,ABS系统控制模块故障,奔驰C级,133210,2025-04-29 09:37
F3551,P0340,凸轮轴位置传感器电路故障,丰田凯美瑞,135487,2025-10-31 08:40
F3552,B0100,空气囊控制模块故障,大众帕萨特,48196,2024-05-13 10:21
F3553,P0122,节气门位置传感器电压低,本田CR-V,122287,2025-09-27 10:35
F3554,C0035,左前轮速传感器电路故障,比亚迪宋PLUS,83565,2024-11-27 17:26
F3555,P0442,燃油蒸发系统泄漏（小泄漏）,宝马5系,82957,2025-09-10 16:40
F3556,B0200,右前安全气囊传感器故障,奥迪Q5L,44213,2025-11-25 09:53
F3557,P0606,ECM内部控制模块处理器故障,福特锐界,29733,2025-09-08 13:57
F3558,C0051,右后轮速传感器电路故障,吉利博越,64503,2025-12-10 15:53
F3559,B0016,驾驶员侧安全气囊模块故障,长城魏派VV7,40890,2025-12-24 11:25
F3560,P0113,进气温度传感器电压高,奔驰E级,39408,2024-04-16 16:12
F3561,P0301,1缸失火，发动机抖动,丰田卡罗拉,107288,2024-09-02 09:25
F3562,C0045,右前轮速传感器故障,大众朗逸,49901,2025-08-17 16:55
F3563,P0171,燃油系统过稀,本田思域,115005,2024-01-07 09:54
F3564,B1234,空调压缩机不工作,比亚迪汉,64017,2024-07-05 15:23
F3565,P0420,催化转化器效率低,宝马3系,116438,2025-05-04 15:59
F3566,P0299,涡轮增压器压力不足,福特蒙迪欧,121076,2025-02-26 11:32
F3567,C0121,刹车压力传感器信号异常,吉利星越L,99109,2025-04-14 08:00
F3568,B0081,主驾驶安全带传感器故障,奥迪A4L,74171,2024-07-05 09:35
F3569,P0521,机油压力传感器电路范围故障,长城哈弗H6,35638,2024-05-04 14:38
F3570,C0561,ABS系统控制模块故障,奔驰C级,143765,2025-10-23 12:50
F3571,P0340,凸轮轴位置传感器电路故障,丰田凯美瑞,36716,2024-10-04 13:44
F3572,B0100,空气囊控制模块故障,大众帕萨特,45295,2025-03-08 12:46
F3573,P0122,节气门位置传感器电压低,本田CR-V,50362,2024-07-09 14:30
F3574,C0035,左前轮速传感器电路故障,比亚迪宋PLUS,132352,2025-10-23 11:04
F3575,P0442,燃油蒸发系统泄漏（小泄漏）,宝马5系,142422,2024-03-29 17:17
F3576,B0200,右前安全气囊传感器故障,奥迪Q5L,79386,2025-02-08 13:14
F3577,P0606,ECM内部控制模块处理器故障,福特锐界,87550,2025-05-03 17:53
F3578,C0051,右后轮速传感器电路故障,吉利博越,110834,2024-01-16 17:37
F3579,B0016,驾驶员侧安全气囊模块故障,长城魏派VV7,23008,2025-12-13 17:02
F3580,P0113,进气温度传感器电压高,奔驰E级,72049,2024-12-18 15:19
F3581,P0301,1缸失火，发动机抖动,丰田卡罗拉,75062,2025-10-30 15:50
F3582,C0045,右前轮速传感器故障,大众朗逸,48427,2025-11-07 09:33
F3583,P0171,燃油系统过稀,本田思域,130051,2024-04-30 16:01
F3584,B1234,空调压缩机不工作,比亚迪汉,40626,2025-01-15 09:19
F3585,P0420,催化转化器效率低,宝马3系,102281,2024-08-19 17:33
F3586,P0299,涡轮增压器压力不足,福特蒙迪欧,105225,2024-06-17 17:33
F3587,C0121,刹车压力传感器信号异常,吉利星越L,68982,2025-09-13 08:49
F3588,B0081,主驾驶安全带传感器故障,奥迪A4L,121904,2024-01-10 15:49
F3589,P0521,机油压力传感器电路范围故障,长城哈弗H6,55952,2025-04-25 17:11
F3590,C0561,ABS系统控制模块故障,奔驰C级,42538,2024-02-20 13:43
F3591,P0340,凸轮轴位置传感器电路故障,丰田凯美瑞,113657,2024-10-27 16:12
F3592,B0100,空气囊控制模块故障,大众帕萨特,142005,2024-09-16 17:28
F3593,P0122,节气门位置传感器电压低,本田CR-V,33232,2025-12-14 14:02
F3594,C0035,左前轮速传感器电路故障,比亚迪宋PLUS,39940,2025-05-02 17:37
F3595,P0442,燃油蒸发系统泄漏（小泄漏）,宝马5系,94301,2025-12-09 08:40
F3596,B0200,右前安全气囊传感器故障,奥迪Q5L,40810,2025-08-24 13:52
F3597,P0606,ECM内部控制模块处理器故障,福特锐界,37705,2024-08-06 14:45
F3598,C0051,右后轮速传感器电路故障,吉利博越,74765,2025-11-09 15:37
F3599,B0016,驾驶员侧安全气囊模块故障,长城魏派VV7,53365,2025-02-15 10:38
F3600,P0113,进气温度传感器电压高,奔驰E级,85954,2025-12-05 15:05
F3601,P0301,1缸失火，发动机抖动,丰田卡罗拉,105737,2025-01-11 14:47
F3602,C0045,右前轮速传感器故障,大众朗逸,141854,2025-04-01 13:03
F3603,P0171,燃油系统过稀,本田思域,61879,2024-06-08 14:05
F3604,B1234,空调压缩机不工作,比亚迪汉,141183,2025-03-19 14:23
F3605,P0420,催化转化器效率低,宝马3系,100425,2025-10-21 13:36
F3606,P0299,涡轮增压器压力不足,福特蒙迪欧,69351,2025-10-09 08:37
F3607,C0121,刹车压力传感器信号异常,吉利星越L,45556,2024-06-04 12:29
F3608,B0081,主驾驶安全带传感器故障,奥迪A4L,84050,2024-10-06 08:35
F3609,P0521,机油压力传感器电路范围故障,长城哈弗H6,132899,2025-02-05 10:23
F3610,C0561,ABS系统控制模块故障,奔驰C级,69161,2024-10-23 13:54
F3611,P0340,凸轮轴位置传感器电路故障,丰田凯美瑞,33265,2024-05-14 17:15
F3612,B0100,空气囊控制模块故障,大众帕萨特,66365,2025-04-05 15:56
F3613,P0122,节气门位置传感器电压低,本田CR-V,100522,2025-01-09 11:45
F3614,C0035,左前轮速传感器电路故障,比亚迪宋PLUS,56813,2024-10-29 08:33
F3615,P0442,燃油蒸发系统泄漏（小泄漏）,宝马5系,20147,2024-02-14 10:53
F3616,B0200,右前安全气囊传感器故障,奥迪Q5L,100547,2024-04-17 16:36
F3617,P0606,ECM内部控制模块处理器故障,福特锐界,48438,2025-12-08 14:16
F3618,C0051,右后轮速传感器电路故障,吉利博越,114598,2025-05-26 15:33
F3619,B0016,驾驶员侧安全气囊模块故障,长城魏派VV7,113248,2025-08-30 16:18
F3620,P0113,进气温度传感器电压高,奔驰E级,79371,2024-05-29 09:23
F3621,P0301,1缸失火，发动机抖动,丰田卡罗拉,102642,2025-03-06 13:31
F3622,C0045,右前轮速传感器故障,大众朗逸,104492,2025-07-02 10:41
F3623,P0171,燃油系统过稀,本田思域,64139,2024-07-27 14:08
F3624,B1234,空调压缩机不工作,比亚迪汉,64751,2024-10-20 12:43
F3625,P0420,催化转化器效率低,宝马3系,93273,2025-02-20 15:54
F3626,P0299,涡轮增压器压力不足,福特蒙迪欧,126442,2024-11-18 10:16
F3627,C0121,刹车压力传感器信号异常,吉利星越L,113856,2024-11-08 17:51
F3628,B0081,主驾驶安全带传感器故障,奥迪A4L,39735,2024-10-27 11:03
F3629,P0521,机油压力传感器电路范围故障,长城哈弗H6,99803,2024-12-12 08:01
F3630,C0561,ABS系统控制模块故障,奔驰C级,124498,2025-03-28 17:49
F3631,P0340,凸轮轴位置传感器电路故障,丰田凯美瑞,109698,2025-07-22 09:06
F3632,B0100,空气囊控制模块故障,大众帕萨特,41192,2024-12-15 15:13
F3633,P0122,节气门位置传感器电压低,本田CR-V,131453,2025-01-20 16:46
F3634,C0035,左前轮速传感器电路故障,比亚迪宋PLUS,127932,2024-07-17 17:25
F3635,P0442,燃油蒸发系统泄漏（小泄漏）,宝马5系,34958,2024-01-13 16:18
F3636,B0200,右前安全气囊传感器故障,奥迪Q5L,59495,2025-02-07 08:22
F3637,P0606,ECM内部控制模块处理器故障,福特锐界,115840,2025-12-18 11:55
F3638,C0051,右后轮速传感器电路故障,吉利博越,142317,2024-03-10 17:31
F3639,B0016,驾驶员侧安全气囊模块故障,长城魏派VV7,52729,2025-07-30 15:45
F3640,P0113,进气温度传感器电压高,奔驰E级,104050,2024-07-09 09:04
F3641,P0301,1缸失火，发动机抖动,丰田卡罗拉,148549,2025-04-18 08:35
F3642,C0045,右前轮速传感器故障,大众朗逸,135602,2024-11-01 14:21
F3643,P0171,燃油系统过稀,本田思域,81044,2025-02-04 13:48
F3644,B1234,空调压缩机不工作,比亚迪汉,73086,2024-10-21 08:33
F3645,P0420,催化转化器效率低,宝马3系,31377,2025-02-23 09:07
F3646,P0299,涡轮增压器压力不足,福特蒙迪欧,66583,2024-02-07 08:58
F3647,C0121,刹车压力传感器信号异常,吉利星越L,135154,2025-10-03 12:13
F3648,B0081,主驾驶安全带传感器故障,奥迪A4L,20540,2025-12-03 08:33
F3649,P0521,机油压力传感器电路范围故障,长城哈弗H6,53229,2024-05-04 17:35
F3650,C0561,ABS系统控制模块故障,奔驰C级,120164,2025-02-21 17:16
F3651,P0340,凸轮轴位置传感器电路故障,丰田凯美瑞,101793,2024-11-15 10:26
F3652,B0100,空气囊控制模块故障,大众帕萨特,125539,2024-08-25 16:14
F3653,P0122,节气门位置传感器电压低,本田CR-V,61605,2024-03-05 10:03
F3654,C0035,左前轮速传感器电路故障,比亚迪宋PLUS,78497,2024-11-08 15:59
F3655,P0442,燃油蒸发系统泄漏（小泄漏）,宝马5系,104397,2025-11-28 14:44
F3656,B0200,右前安全气囊传感器故障,奥迪Q5L,56823,2025-08-07 16:04
F3657,P0606,ECM内部控制模块处理器故障,福特锐界,128345,2024-07-21 17:15
F3658,C0051,右后轮速传感器电路故障,吉利博越,75970,2025-08-19 11:56
F3659,B0016,驾驶员侧安全气囊模块故障,长城魏派VV7,103744,2024-06-11 13:03
F3660,P0113,进气温度传感器电压高,奔驰E级,20864,2025-01-15 16:20
F3661,P0301,1缸失火，发动机抖动,丰田卡罗拉,62150,2025-12-01 16:19
F3662,C0045,右前轮速传感器故障,大众朗逸,102044,2025-04-24 11:45
F3663,P0171,燃油系统过稀,本田思域,146079,2025-01-20 10:51
F3664,B1234,空调压缩机不工作,比亚迪汉,26786,2025-02-04 10:09
F3665,P0420,催化转化器效率低,宝马3系,114775,2025-01-03 12:32
F3666,P0299,涡轮增压器压力不足,福特蒙迪欧,34249,2025-06-10 15:24
F3667,C0121,刹车压力传感器信号异常,吉利星越L,95756,2025-02-25 13:14
F3668,B0081,主驾驶安全带传感器故障,奥迪A4L,136028,2024-10-18 14:26
F3669,P0521,机油压力传感器电路范围故障,长城哈弗H6,93160,2025-03-14 17:51
F3670,C0561,ABS系统控制模块故障,奔驰C级,148160,2024-11-23 15:30
F3671,P0340,凸轮轴位置传感器电路故障,丰田凯美瑞,101769,2025-11-11 17:15
F3672,B0100,空气囊控制模块故障,大众帕萨特,134443,2024-04-17 12:07
F3673,P0122,节气门位置传感器电压低,本田CR-V,48932,2025-06-02 15:49
F3674,C0035,左前轮速传感器电路故障,比亚迪宋PLUS,54706,2025-05-02 12:20
F3675,P0442,燃油蒸发系统泄漏（小泄漏）,宝马5系,129576,2024-02-15 10:51
F3676,B0200,右前安全气囊传感器故障,奥迪Q5L,139120,2024-09-12 12:41
F3677,P0606,ECM内部控制模块处理器故障,福特锐界,120778,2025-05-09 16:58
F3678,C0051,右后轮速传感器电路故障,吉利博越,120426,2025-07-27 10:29
F3679,B0016,驾驶员侧安全气囊模块故障,长城魏派VV7,36998,2025-04-19 11:07
F3680,P0113,进气温度传感器电压高,奔驰E级,107372,2024-05-31 15:40
F3681,P0301,1缸失火，发动机抖动,丰田卡罗拉,52309,2025-03-06 15:23
F3682,C0045,右前轮速传感器故障,大众朗逸,73668,2025-01-20 11:14
F3683,P0171,燃油系统过稀,本田思域,84723,2025-01-18 11:33
F3684,B1234,空调压缩机不工作,比亚迪汉,54544,2025-05-20 13:37
F3685,P0420,催化转化器效率低,宝马3系,97773,2024-10-03 10:04
F3686,P0299,涡轮增压器压力不足,福特蒙迪欧,58537,2025-02-10 16:55
F3687,C0121,刹车压力传感器信号异常,吉利星越L,140249,2025-08-31 08:34
F3688,B0081,主驾驶安全带传感器故障,奥迪A4L,124339,2024-09-16 09:52
F3689,P0521,机油压力传感器电路范围故障,长城哈弗H6,40437,2025-07-14 10:09
F3690,C0561,ABS系统控制模块故障,奔驰C级,108656,2025-05-24 09:49
F3691,P0340,凸轮轴位置传感器电路故障,丰田凯美瑞,100587,2024-12-08 17:14
F3692,B0100,空气囊控制模块故障,大众帕萨特,58020,2024-09-10 10:15
F3693,P0122,节气门位置传感器电压低,本田CR-V,108615,2025-11-01 10:04
F3694,C0035,左前轮速传感器电路故障,比亚迪宋PLUS,68631,2025-02-20 17:18
F3695,P0442,燃油蒸发系统泄漏（小泄漏）,宝马5系,40783,2025-10-19 13:48
F3696,B0200,右前安全气囊传感器故障,奥迪Q5L,129221,2024-06-16 09:15
F3697,P0606,ECM内部控制模块处理器故障,福特锐界,28594,2024-07-08 14:23
F3698,C0051,右后轮速传感器电路故障,吉利博越,114798,2025-01-05 11:21
F3699,B0016,驾驶员侧安全气囊模块故障,长城魏派VV7,99561,2024-11-04 11:36
F3700,P0113,进气温度传感器电压高,奔驰E级,149585,2025-12-21 13:21
F3701,P0301,1缸失火，发动机抖动,丰田卡罗拉,59075,2025-01-18 17:12
F3702,C0045,右前轮速传感器故障,大众朗逸,71711,2025-06-15 10:11
F3703,P0171,燃油系统过稀,本田思域,68084,2025-09-16 13:13
F3704,B1234,空调压缩机不工作,比亚迪汉,77630,2025-07-08 12:44
F3705,P0420,催化转化器效率低,宝马3系,117859,2024-04-17 16:47
F3706,P0299,涡轮增压器压力不足,福特蒙迪欧,131522,2024-02-20 13:26
F3707,C0121,刹车压力传感器信号异常,吉利星越L,30936,2024-06-25 08:36
F3708,B0081,主驾驶安全带传感器故障,奥迪A4L,141674,2024-07-18 15:51
F3709,P0521,机油压力传感器电路范围故障,长城哈弗H6,81982,2024-02-10 09:19
F3710,C0561,ABS系统控制模块故障,奔驰C级,82150,2024-07-30 11:30
F3711,P0340,凸轮轴位置传感器电路故障,丰田凯美瑞,76348,2025-09-21 17:03
F3712,B0100,空气囊控制模块故障,大众帕萨特,124899,2025-10-19 16:40
F3713,P0122,节气门位置传感器电压低,本田CR-V,29203,2024-10-27 12:17
F3714,C0035,左前轮速传感器电路故障,比亚迪宋PLUS,128934,2024-10-26 12:12
F3715,P0442,燃油蒸发系统泄漏（小泄漏）,宝马5系,115576,2024-10-06 12:09
F3716,B0200,右前安全气囊传感器故障,奥迪Q5L,136563,2024-07-22 08:47
F3717,P0606,ECM内部控制模块处理器故障,福特锐界,31401,2025-04-02 10:41
F3718,C0051,右后轮速传感器电路故障,吉利博越,125308,2025-07-18 11:37
F3719,B0016,驾驶员侧安全气囊模块故障,长城魏派VV7,143485,2024-09-23 10:06
F3720,P0113,进气温度传感器电压高,奔驰E级,127818,2024-03-26 12:53
F3721,P0301,1缸失火，发动机抖动,丰田卡罗拉,43404,2024-06-17 16:34
F3722,C0045,右前轮速传感器故障,大众朗逸,143056,2025-05-18 14:42
F3723,P0171,燃油系统过稀,本田思域,121379,2024-11-22 15:45
F3724,B1234,空调压缩机不工作,比亚迪汉,26118,2025-04-30 15:08
F3725,P0420,催化转化器效率低,宝马3系,94360,2024-08-24 12:05
F3726,P0299,涡轮增压器压力不足,福特蒙迪欧,54099,2024-05-28 12:36
F3727,C0121,刹车压力传感器信号异常,吉利星越L,95690,2025-12-12 13:22
F3728,B0081,主驾驶安全带传感器故障,奥迪A4L,146648,2024-01-02 16:57
F3729,P0521,机油压力传感器电路范围故障,长城哈弗H6,61308,2024-11-03 11:31
F3730,C0561,ABS系统控制模块故障,奔驰C级,74175,2025-12-10 13:34
F3731,P0340,凸轮轴位置传感器电路故障,丰田凯美瑞,33822,2025-07-05 12:53
F3732,B0100,空气囊控制模块故障,大众帕萨特,109392,2025-04-16 12:16
F3733,P0122,节气门位置传感器电压低,本田CR-V,116231,2024-01-31 09:38
F3734,C0035,左前轮速传感器电路故障,比亚迪宋PLUS,107813,2024-01-04 13:08
F3735,P0442,燃油蒸发系统泄漏（小泄漏）,宝马5系,36560,2024-08-24 15:42
F3736,B0200,右前安全气囊传感器故障,奥迪Q5L,70188,2024-05-14 08:34
F3737,P0606,ECM内部控制模块处理器故障,福特锐界,38049,2024-09-13 16:34
F3738,C0051,右后轮速传感器电路故障,吉利博越,80589,2024-06-23 15:25
F3739,B0016,驾驶员侧安全气囊模块故障,长城魏派VV7,93057,2025-10-22 14:21
F3740,P0113,进气温度传感器电压高,奔驰E级,99736,2024-08-30 14:38
F3741,P0301,1缸失火，发动机抖动,丰田卡罗拉,140139,2024-06-05 08:11
F3742,C0045,右前轮速传感器故障,大众朗逸,107914,2025-06-03 15:45
F3743,P0171,燃油系统过稀,本田思域,138353,2025-01-08 13:06
F3744,B1234,空调压缩机不工作,比亚迪汉,121225,2024-05-17 16:13
F3745,P0420,催化转化器效率低,宝马3系,109279,2025-04-04 08:27
F3746,P0299,涡轮增压器压力不足,福特蒙迪欧,90904,2024-08-20 08:51
F3747,C0121,刹车压力传感器信号异常,吉利星越L,65958,2024-06-01 17:58
F3748,B0081,主驾驶安全带传感器故障,奥迪A4L,24060,2025-01-27 15:12
F3749,P0521,机油压力传感器电路范围故障,长城哈弗H6,36965,2024-05-10 14:47
F3750,C0561,ABS系统控制模块故障,奔驰C级,34301,2024-12-24 13:53
F3751,P0340,凸轮轴位置传感器电路故障,丰田凯美瑞,103809,2024-05-17 10:18
F3752,B0100,空气囊控制模块故障,大众帕萨特,124432,2024-04-07 12:20
F3753,P0122,节气门位置传感器电压低,本田CR-V,21300,2024-07-13 11:10
F3754,C0035,左前轮速传感器电路故障,比亚迪宋PLUS,56215,2025-04-26 14:44
F3755,P0442,燃油蒸发系统泄漏（小泄漏）,宝马5系,79701,2025-11-27 16:33
F3756,B0200,右前安全气囊传感器故障,奥迪Q5L,76468,2024-07-08 14:56
F3757,P0606,ECM内部控制模块处理器故障,福特锐界,140344,2024-12-12 17:59
F3758,C0051,右后轮速传感器电路故障,吉利博越,26293,2025-04-07 09:27
F3759,B0016,驾驶员侧安全气囊模块故障,长城魏派VV7,133223,2024-07-09 10:07
F3760,P0113,进气温度传感器电压高,奔驰E级,63693,2024-11-13 16:45
F3761,P0301,1缸失火，发动机抖动,丰田卡罗拉,74518,2025-08-06 15:35
F3762,C0045,右前轮速传感器故障,大众朗逸,70645,2024-06-14 12:53
F3763,P0171,燃油系统过稀,本田思域,43952,2025-09-21 14:18
F3764,B1234,空调压缩机不工作,比亚迪汉,45919,2024-06-20 08:46
F3765,P0420,催化转化器效率低,宝马3系,99368,2025-04-20 08:00
F3766,P0299,涡轮增压器压力不足,福特蒙迪欧,50286,2024-07-07 08:35
F3767,C0121,刹车压力传感器信号异常,吉利星越L,120785,2024-05-08 17:06
F3768,B0081,主驾驶安全带传感器故障,奥迪A4L,94337,2024-07-07 12:50
F3769,P0521,机油压力传感器电路范围故障,长城哈弗H6,95002,2024-10-13 16:04
F3770,C0561,ABS系统控制模块故障,奔驰C级,76419,2025-06-25 09:10
F3771,P0340,凸轮轴位置传感器电路故障,丰田凯美瑞,90451,2024-01-30 11:43
F3772,B0100,空气囊控制模块故障,大众帕萨特,89626,2025-05-07 17:28
F3773,P0122,节气门位置传感器电压低,本田CR-V,86819,2024-07-14 09:39
F3774,C0035,左前轮速传感器电路故障,比亚迪宋PLUS,139346,2025-08-28 15:25
F3775,P0442,燃油蒸发系统泄漏（小泄漏）,宝马5系,31835,2025-01-16 11:04
F3776,B0200,右前安全气囊传感器故障,奥迪Q5L,32828,2024-12-27 13:50
F3777,P0606,ECM内部控制模块处理器故障,福特锐界,126130,2025-03-28 15:28
F3778,C0051,右后轮速传感器电路故障,吉利博越,97848,2024-07-05 10:12
F3779,B0016,驾驶员侧安全气囊模块故障,长城魏派VV7,119825,2025-05-14 10:59
F3780,P0113,进气温度传感器电压高,奔驰E级,85347,2025-09-17 10:40
F3781,P0301,1缸失火，发动机抖动,丰田卡罗拉,142597,2024-12-03 17:17
F3782,C0045,右前轮速传感器故障,大众朗逸,22388,2024-10-22 16:43
F3783,P0171,燃油系统过稀,本田思域,53874,2024-02-02 16:29
F3784,B1234,空调压缩机不工作,比亚迪汉,47849,2024-05-05 12:43
F3785,P0420,催化转化器效率低,宝马3系,109477,2024-01-10 12:21
F3786,P0299,涡轮增压器压力不足,福特蒙迪欧,26033,2024-10-18 16:30
F3787,C0121,刹车压力传感器信号异常,吉利星越L,87477,2025-11-11 17:34
F3788,B0081,主驾驶安全带传感器故障,奥迪A4L,51599,2025-12-09 14:30
F3789,P0521,机油压力传感器电路范围故障,长城哈弗H6,49563,2024-03-10 14:17
F3790,C0561,ABS系统控制模块故障,奔驰C级,60199,2025-01-12 13:13
F3791,P0340,凸轮轴位置传感器电路故障,丰田凯美瑞,66965,2024-06-17 08:35
F3792,B0100,空气囊控制模块故障,大众帕萨特,33764,2024-06-28 15:55
F3793,P0122,节气门位置传感器电压低,本田CR-V,123326,2025-07-20 09:11
F3794,C0035,左前轮速传感器电路故障,比亚迪宋PLUS,53694,2025-03-31 17:29
F3795,P0442,燃油蒸发系统泄漏（小泄漏）,宝马5系,144689,2025-06-09 09:28
F3796,B0200,右前安全气囊传感器故障,奥迪Q5L,94140,2024-10-14 13:34
F3797,P0606,ECM内部控制模块处理器故障,福特锐界,70833,2024-09-26 08:40
F3798,C0051,右后轮速传感器电路故障,吉利博越,41073,2025-10-26 14:07
F3799,B0016,驾驶员侧安全气囊模块故障,长城魏派VV7,115231,2024-11-21 08:00
F3800,P0113,进气温度传感器电压高,奔驰E级,116303,2025-06-15 13:36
F3801,P0301,1缸失火，发动机抖动,丰田卡罗拉,133659,2024-07-21 09:52
F3802,C0045,右前轮速传感器故障,大众朗逸,92463,2025-06-11 13:07
F3803,P0171,燃油系统过稀,本田思域,107456,2025-12-20 14:14
F3804,B1234,空调压缩机不工作,比亚迪汉,106224,2024-09-12 12:17
F3805,P0420,催化转化器效率低,宝马3系,89748,2025-04-16 08:17
F3806,P0299,涡轮增压器压力不足,福特蒙迪欧,119897,2025-03-13 16:05
F3807,C0121,刹车压力传感器信号异常,吉利星越L,97041,2024-01-03 11:10
F3808,B0081,主驾驶安全带传感器故障,奥迪A4L,101114,2024-06-15 08:29
F3809,P0521,机油压力传感器电路范围故障,长城哈弗H6,46728,2024-09-08 08:12
F3810,C0561,ABS系统控制模块故障,奔驰C级,48705,2024-12-18 09:15
F3811,P0340,凸轮轴位置传感器电路故障,丰田凯美瑞,35251,2024-05-25 15:45
F3812,B0100,空气囊控制模块故障,大众帕萨特,24056,2024-06-10 11:59
F3813,P0122,节气门位置传感器电压低,本田CR-V,47207,2024-10-04 17:44
F3814,C0035,左前轮速传感器电路故障,比亚迪宋PLUS,42610,2025-11-11 13:24
F3815,P0442,燃油蒸发系统泄漏（小泄漏）,宝马5系,121770,2025-07-30 16:08
F3816,B0200,右前安全气囊传感器故障,奥迪Q5L,89929,2025-06-24 13:31
F3817,P0606,ECM内部控制模块处理器故障,福特锐界,115775,2025-04-04 11:25
F3818,C0051,右后轮速传感器电路故障,吉利博越,115965,2025-02-09 11:13
F3819,B0016,驾驶员侧安全气囊模块故障,长城魏派VV7,112410,2025-09-22 16:36
F3820,P0113,进气温度传感器电压高,奔驰E级,21578,2024-05-24 08:27
F3821,P0301,1缸失火，发动机抖动,丰田卡罗拉,113132,2024-11-03 08:04
F3822,C0045,右前轮速传感器故障,大众朗逸,73475,2024-07-01 08:39
F3823,P0171,燃油系统过稀,本田思域,22444,2025-10-22 10:51
F3824,B1234,空调压缩机不工作,比亚迪汉,48557,2025-02-27 14:00
F3825,P0420,催化转化器效率低,宝马3系,31350,2025-08-10 10:02
F3826,P0299,涡轮增压器压力不足,福特蒙迪欧,145520,2024-11-03 15:11
F3827,C0121,刹车压力传感器信号异常,吉利星越L,47589,2025-06-06 15:24
F3828,B0081,主驾驶安全带传感器故障,奥迪A4L,138112,2025-10-24 15:37
F3829,P0521,机油压力传感器电路范围故障,长城哈弗H6,140073,2024-07-17 09:22
F3830,C0561,ABS系统控制模块故障,奔驰C级,112246,2024-04-13 16:15
F3831,P0340,凸轮轴位置传感器电路故障,丰田凯美瑞,90223,2025-02-17 16:30
F3832,B0100,空气囊控制模块故障,大众帕萨特,91629,2025-07-05 12:44
F3833,P0122,节气门位置传感器电压低,本田CR-V,149941,2025-05-06 13:23
F3834,C0035,左前轮速传感器电路故障,比亚迪宋PLUS,89293,2024-05-28 10:21
F3835,P0442,燃油蒸发系统泄漏（小泄漏）,宝马5系,140574,2024-07-17 14:09
F3836,B0200,右前安全气囊传感器故障,奥迪Q5L,104081,2025-02-17 17:17
F3837,P0606,ECM内部控制模块处理器故障,福特锐界,80332,2025-02-15 13:18
F3838,C0051,右后轮速传感器电路故障,吉利博越,105089,2025-08-25 17:21
F3839,B0016,驾驶员侧安全气囊模块故障,长城魏派VV7,68338,2024-09-27 16:19
F3840,P0113,进气温度传感器电压高,奔驰E级,131718,2025-04-30 10:42
F3841,P0301,1缸失火，发动机抖动,丰田卡罗拉,57077,2024-04-26 10:03
F3842,C0045,右前轮速传感器故障,大众朗逸,22208,2025-07-28 14:01
F3843,P0171,燃油系统过稀,本田思域,118321,2024-04-12 08:17
F3844,B1234,空调压缩机不工作,比亚迪汉,95848,2024-05-04 08:07
F3845,P0420,催化转化器效率低,宝马3系,35834,2024-12-17 16:51
F3846,P0299,涡轮增压器压力不足,福特蒙迪欧,126769,2025-04-22 14:20
F3847,C0121,刹车压力传感器信号异常,吉利星越L,142367,2024-12-28 16:46
F3848,B0081,主驾驶安全带传感器故障,奥迪A4L,121088,2025-01-14 13:12
F3849,P0521,机油压力传感器电路范围故障,长城哈弗H6,55539,2025-04-01 14:59
F3850,C0561,ABS系统控制模块故障,奔驰C级,105777,2024-11-19 15:25
F3851,P0340,凸轮轴位置传感器电路故障,丰田凯美瑞,148519,2025-02-12 15:12
F3852,B0100,空气囊控制模块故障,大众帕萨特,40362,2025-01-10 13:31
F3853,P0122,节气门位置传感器电压低,本田CR-V,43400,2024-10-30 12:49
F3854,C0035,左前轮速传感器电路故障,比亚迪宋PLUS,76777,2024-07-27 14:19
F3855,P0442,燃油蒸发系统泄漏（小泄漏）,宝马5系,113234,2024-03-16 17:51
F3856,B0200,右前安全气囊传感器故障,奥迪Q5L,149831,2025-10-15 15:39
F3857,P0606,ECM内部控制模块处理器故障,福特锐界,60304,2024-09-20 09:00
F3858,C0051,右后轮速传感器电路故障,吉利博越,134179,2024-10-02 16:55
F3859,B0016,驾驶员侧安全气囊模块故障,长城魏派VV7,46576,2024-06-17 09:36
F3860,P0113,进气温度传感器电压高,奔驰E级,117584,2024-03-19 08:28
F3861,P0301,1缸失火，发动机抖动,丰田卡罗拉,124423,2025-05-14 14:08
F3862,C0045,右前轮速传感器故障,大众朗逸,69020,2025-02-03 16:41
F3863,P0171,燃油系统过稀,本田思域,124969,2024-10-26 12:53
F3864,B1234,空调压缩机不工作,比亚迪汉,41088,2024-03-17 16:14
F3865,P0420,催化转化器效率低,宝马3系,149838,2024-01-17 17:53
F3866,P0299,涡轮增压器压力不足,福特蒙迪欧,61480,2025-05-26 11:06
F3867,C0121,刹车压力传感器信号异常,吉利星越L,121930,2025-10-29 10:53
F3868,B0081,主驾驶安全带传感器故障,奥迪A4L,48714,2024-02-25 15:35
F3869,P0521,机油压力传感器电路范围故障,长城哈弗H6,147163,2024-08-10 08:56
F3870,C0561,ABS系统控制模块故障,奔驰C级,132505,2025-09-15 14:04
F3871,P0340,凸轮轴位置传感器电路故障,丰田凯美瑞,140703,2025-12-20 08:36
F3872,B0100,空气囊控制模块故障,大众帕萨特,136902,2024-05-08 15:49
F3873,P0122,节气门位置传感器电压低,本田CR-V,87000,2025-10-18 10:07
F3874,C0035,左前轮速传感器电路故障,比亚迪宋PLUS,89559,2024-11-14 12:37
F3875,P0442,燃油蒸发系统泄漏（小泄漏）,宝马5系,128740,2024-05-18 13:11
F3876,B0200,右前安全气囊传感器故障,奥迪Q5L,91087,2024-05-29 08:37
F3877,P0606,ECM内部控制模块处理器故障,福特锐界,105541,2025-05-29 14:30
F3878,C0051,右后轮速传感器电路故障,吉利博越,142942,2024-08-20 15:45
F3879,B0016,驾驶员侧安全气囊模块故障,长城魏派VV7,27662,2025-11-18 17:41
F3880,P0113,进气温度传感器电压高,奔驰E级,50889,2025-11-14 11:16
F3881,P0301,1缸失火，发动机抖动,丰田卡罗拉,136524,2024-04-21 08:44
F3882,C0045,右前轮速传感器故障,大众朗逸,53795,2025-06-16 12:15
F3883,P0171,燃油系统过稀,本田思域,43076,2025-03-03 10:35
F3884,B1234,空调压缩机不工作,比亚迪汉,111768,2025-05-14 12:18
F3885,P0420,催化转化器效率低,宝马3系,68503,2025-07-22 11:53
F3886,P0299,涡轮增压器压力不足,福特蒙迪欧,132650,2024-08-24 09:34
F3887,C0121,刹车压力传感器信号异常,吉利星越L,137886,2025-11-17 15:14
F3888,B0081,主驾驶安全带传感器故障,奥迪A4L,94471,2024-12-28 12:34
F3889,P0521,机油压力传感器电路范围故障,长城哈弗H6,25879,2025-10-21 15:28
F3890,C0561,ABS系统控制模块故障,奔驰C级,33019,2024-09-05 14:22
F3891,P0340,凸轮轴位置传感器电路故障,丰田凯美瑞,79347,2025-02-18 13:28
F3892,B0100,空气囊控制模块故障,大众帕萨特,34967,2024-07-15 11:05
F3893,P0122,节气门位置传感器电压低,本田CR-V,49061,2025-01-22 17:56
F3894,C0035,左前轮速传感器电路故障,比亚迪宋PLUS,116599,2024-03-01 12:13
F3895,P0442,燃油蒸发系统泄漏（小泄漏）,宝马5系,77037,2025-02-18 15:44
F3896,B0200,右前安全气囊传感器故障,奥迪Q5L,40932,2024-09-01 15:13
F3897,P0606,ECM内部控制模块处理器故障,福特锐界,77845,2025-09-06 10:17
F3898,C0051,右后轮速传感器电路故障,吉利博越,149952,2025-11-13 11:58
F3899,B0016,驾驶员侧安全气囊模块故障,长城魏派VV7,89770,2024-11-11 10:02
F3900,P0113,进气温度传感器电压高,奔驰E级,145899,2024-11-14 16:35
F3901,P0301,1缸失火，发动机抖动,丰田卡罗拉,126054,2025-11-12 10:55
F3902,C0045,右前轮速传感器故障,大众朗逸,47941,2025-01-06 08:45
F3903,P0171,燃油系统过稀,本田思域,30451,2025-06-18 09:19
F3904,B1234,空调压缩机不工作,比亚迪汉,64404,2024-03-23 11:43
F3905,P0420,催化转化器效率低,宝马3系,112877,2025-01-04 13:05
F3906,P0299,涡轮增压器压力不足,福特蒙迪欧,77645,2025-06-24 13:09
F3907,C0121,刹车压力传感器信号异常,吉利星越L,41332,2024-01-25 12:36
F3908,B0081,主驾驶安全带传感器故障,奥迪A4L,29122,2024-06-06 13:50
F3909,P0521,机油压力传感器电路范围故障,长城哈弗H6,84275,2025-02-27 13:49
F3910,C0561,ABS系统控制模块故障,奔驰C级,77994,2024-01-31 13:12
F3911,P0340,凸轮轴位置传感器电路故障,丰田凯美瑞,60158,2024-06-20 13:50
F3912,B0100,空气囊控制模块故障,大众帕萨特,57782,2025-02-21 15:26
F3913,P0122,节气门位置传感器电压低,本田CR-V,69659,2024-10-30 17:41
F3914,C0035,左前轮速传感器电路故障,比亚迪宋PLUS,55884,2024-10-24 11:23
F3915,P0442,燃油蒸发系统泄漏（小泄漏）,宝马5系,92700,2025-12-01 09:10
F3916,B0200,右前安全气囊传感器故障,奥迪Q5L,75776,2025-04-26 16:31
F3917,P0606,ECM内部控制模块处理器故障,福特锐界,60571,2025-10-07 14:08
F3918,C0051,右后轮速传感器电路故障,吉利博越,69597,2025-06-11 09:16
F3919,B0016,驾驶员侧安全气囊模块故障,长城魏派VV7,44506,2024-05-26 10:29
F3920,P0113,进气温度传感器电压高,奔驰E级,52406,2025-08-09 17:07
F3921,P0301,1缸失火，发动机抖动,丰田卡罗拉,51825,2024-09-15 16:40
F3922,C0045,右前轮速传感器故障,大众朗逸,65693,2024-09-29 08:33
F3923,P0171,燃油系统过稀,本田思域,120999,2025-09-05 15:08
F3924,B1234,空调压缩机不工作,比亚迪汉,143412,2025-01-22 14:11
F3925,P0420,催化转化器效率低,宝马3系,128358,2024-04-28 12:02
F3926,P0299,涡轮增压器压力不足,福特蒙迪欧,43604,2024-07-06 15:29
F3927,C0121,刹车压力传感器信号异常,吉利星越L,109929,2024-09-23 15:51
F3928,B0081,主驾驶安全带传感器故障,奥迪A4L,128937,2025-01-03 17:44
F3929,P0521,机油压力传感器电路范围故障,长城哈弗H6,57600,2025-05-30 09:56
F3930,C0561,ABS系统控制模块故障,奔驰C级,32715,2025-02-05 13:54
F3931,P0340,凸轮轴位置传感器电路故障,丰田凯美瑞,127203,2024-10-09 17:16
F3932,B0100,空气囊控制模块故障,大众帕萨特,82804,2024-11-17 15:28
F3933,P0122,节气门位置传感器电压低,本田CR-V,137717,2025-11-06 15:59
F3934,C0035,左前轮速传感器电路故障,比亚迪宋PLUS,133440,2024-02-07 16:33
F3935,P0442,燃油蒸发系统泄漏（小泄漏）,宝马5系,60308,2025-10-24 10:14
F3936,B0200,右前安全气囊传感器故障,奥迪Q5L,53894,2025-04-26 12:15
F3937,P0606,ECM内部控制模块处理器故障,福特锐界,46342,2024-02-02 12:53
F3938,C0051,右后轮速传感器电路故障,吉利博越,115483,2024-03-29 13:23
F3939,B0016,驾驶员侧安全气囊模块故障,长城魏派VV7,128395,2024-02-21 13:18
F3940,P0113,进气温度传感器电压高,奔驰E级,42107,2025-04-14 09:21
F3941,P0301,1缸失火，发动机抖动,丰田卡罗拉,24363,2025-09-17 16:16
F3942,C0045,右前轮速传感器故障,大众朗逸,91475,2024-08-25 10:42
F3943,P0171,燃油系统过稀,本田思域,86380,2024-07-08 16:30
F3944,B1234,空调压缩机不工作,比亚迪汉,34147,2025-09-24 12:32
F3945,P0420,催化转化器效率低,宝马3系,146734,2025-03-27 15:39
F3946,P0299,涡轮增压器压力不足,福特蒙迪欧,119725,2024-02-29 12:58
F3947,C0121,刹车压力传感器信号异常,吉利星越L,121989,2025-07-05 09:37
F3948,B0081,主驾驶安全带传感器故障,奥迪A4L,78731,2024-04-01 11:28
F3949,P0521,机油压力传感器电路范围故障,长城哈弗H6,56365,2025-04-28 10:00
F3950,C0561,ABS系统控制模块故障,奔驰C级,107242,2024-11-24 16:59
F3951,P0340,凸轮轴位置传感器电路故障,丰田凯美瑞,131475,2025-07-23 13:10
F3952,B0100,空气囊控制模块故障,大众帕萨特,128933,2024-12-15 09:50
F3953,P0122,节气门位置传感器电压低,本田CR-V,74900,2025-03-03 09:30
F3954,C0035,左前轮速传感器电路故障,比亚迪宋PLUS,55398,2025-11-13 12:06
F3955,P0442,燃油蒸发系统泄漏（小泄漏）,宝马5系,52278,2025-07-02 16:21
F3956,B0200,右前安全气囊传感器故障,奥迪Q5L,104565,2025-08-08 10:45
F3957,P0606,ECM内部控制模块处理器故障,福特锐界,79945,2024-08-15 16:46
F3958,C0051,右后轮速传感器电路故障,吉利博越,90561,2024-07-24 10:24
F3959,B0016,驾驶员侧安全气囊模块故障,长城魏派VV7,64853,2024-10-10 08:32
F3960,P0113,进气温度传感器电压高,奔驰E级,147129,2024-01-28 09:18
F3961,P0301,1缸失火，发动机抖动,丰田卡罗拉,125068,2025-07-20 13:18
F3962,C0045,右前轮速传感器故障,大众朗逸,113487,2024-06-11 15:17
F3963,P0171,燃油系统过稀,本田思域,92240,2025-05-07 13:36
F3964,B1234,空调压缩机不工作,比亚迪汉,116942,2025-12-02 17:58
F3965,P0420,催化转化器效率低,宝马3系,58140,2025-11-05 17:07
F3966,P0299,涡轮增压器压力不足,福特蒙迪欧,41771,2024-03-26 12:59
F3967,C0121,刹车压力传感器信号异常,吉利星越L,31114,2024-05-04 15:44
F3968,B0081,主驾驶安全带传感器故障,奥迪A4L,123075,2024-12-15 16:16
F3969,P0521,机油压力传感器电路范围故障,长城哈弗H6,32274,2025-10-14 14:59
F3970,C0561,ABS系统控制模块故障,奔驰C级,72357,2024-11-19 14:21
F3971,P0340,凸轮轴位置传感器电路故障,丰田凯美瑞,142223,2024-10-14 17:51
F3972,B0100,空气囊控制模块故障,大众帕萨特,92712,2024-12-20 13:24
F3973,P0122,节气门位置传感器电压低,本田CR-V,87570,2024-11-15 09:23
F3974,C0035,左前轮速传感器电路故障,比亚迪宋PLUS,40124,2024-02-08 17:12
F3975,P0442,燃油蒸发系统泄漏（小泄漏）,宝马5系,123650,2025-06-17 13:46
F3976,B0200,右前安全气囊传感器故障,奥迪Q5L,45126,2025-09-09 11:26
F3977,P0606,ECM内部控制模块处理器故障,福特锐界,120141,2024-10-18 12:40
F3978,C0051,右后轮速传感器电路故障,吉利博越,36230,2025-09-18 15:24
F3979,B0016,驾驶员侧安全气囊模块故障,长城魏派VV7,74467,2024-03-18 11:11
F3980,P0113,进气温度传感器电压高,奔驰E级,70901,2025-09-14 13:55
F3981,P0301,1缸失火，发动机抖动,丰田卡罗拉,73765,2025-04-22 14:06
F3982,C0045,右前轮速传感器故障,大众朗逸,121773,2025-06-25 16:40
F3983,P0171,燃油系统过稀,本田思域,35756,2025-04-18 14:47
F3984,B1234,空调压缩机不工作,比亚迪汉,88331,2024-10-10 11:37
F3985,P0420,催化转化器效率低,宝马3系,72986,2024-09-08 14:35
F3986,P0299,涡轮增压器压力不足,福特蒙迪欧,140797,2025-11-17 12:56
F3987,C0121,刹车压力传感器信号异常,吉利星越L,103267,2024-12-07 15:59
F3988,B0081,主驾驶安全带传感器故障,奥迪A4L,50231,2025-03-02 08:49
F3989,P0521,机油压力传感器电路范围故障,长城哈弗H6,129827,2024-12-12 13:55
F3990,C0561,ABS系统控制模块故障,奔驰C级,60100,2025-12-06 08:27
F3991,P0340,凸轮轴位置传感器电路故障,丰田凯美瑞,146281,2024-01-28 09:48
F3992,B0100,空气囊控制模块故障,大众帕萨特,86423,2025-03-27 08:20
F3993,P0122,节气门位置传感器电压低,本田CR-V,146701,2024-08-29 12:02
F3994,C0035,左前轮速传感器电路故障,比亚迪宋PLUS,46488,2024-10-07 09:44
F3995,P0442,燃油蒸发系统泄漏（小泄漏）,宝马5系,133581,2024-12-31 14:58
F3996,B0200,右前安全气囊传感器故障,奥迪Q5L,41893,2024-06-28 15:11
F3997,P0606,ECM内部控制模块处理器故障,福特锐界,26408,2025-11-11 08:21
F3998,C0051,右后轮速传感器电路故障,吉利博越,32018,2024-11-14 14:35
F3999,B0016,驾驶员侧安全气囊模块故障,长城魏派VV7,82405,2024-03-06 10:04
F4000,P0113,进气温度传感器电压高,奔驰E级,93758,2024-09-25 17:54
F4001,P0301,1缸失火，发动机抖动,丰田卡罗拉,114492,2024-06-21 14:09
F4002,C0045,右前轮速传感器故障,大众朗逸,91985,2024-06-23 08:48
F4003,P0171,燃油系统过稀,本田思域,133682,2025-08-29 12:04
F4004,B1234,空调压缩机不工作,比亚迪汉,64097,2025-10-27 11:39
F4005,P0420,催化转化器效率低,宝马3系,84989,2024-02-04 12:46
F4006,P0299,涡轮增压器压力不足,福特蒙迪欧,47433,2025-12-29 14:23
F4007,C0121,刹车压力传感器信号异常,吉利星越L,48166,2024-04-29 15:43
F4008,B0081,主驾驶安全带传感器故障,奥迪A4L,147353,2025-07-27 17:45
F4009,P0521,机油压力传感器电路范围故障,长城哈弗H6,122338,2025-03-24 14:51
F4010,C0561,ABS系统控制模块故障,奔驰C级,20558,2024-10-04 10:45
F4011,P0340,凸轮轴位置传感器电路故障,丰田凯美瑞,135182,2024-06-12 13:57
F4012,B0100,空气囊控制模块故障,大众帕萨特,65853,2024-07-16 17:52
F4013,P0122,节气门位置传感器电压低,本田CR-V,134388,2024-12-07 09:02
F4014,C0035,左前轮速传感器电路故障,比亚迪宋PLUS,77862,2024-06-14 10:10
F4015,P0442,燃油蒸发系统泄漏（小泄漏）,宝马5系,28679,2025-11-09 15:37
F4016,B0200,右前安全气囊传感器故障,奥迪Q5L,113445,2025-06-07 17:17
F4017,P0606,ECM内部控制模块处理器故障,福特锐界,73969,2024-01-20 17:55
F4018,C0051,右后轮速传感器电路故障,吉利博越,40484,2025-12-18 08:26
F4019,B0016,驾驶员侧安全气囊模块故障,长城魏派VV7,21853,2025-11-12 17:51
F4020,P0113,进气温度传感器电压高,奔驰E级,26568,2024-01-25 16:11
F4021,P0301,1缸失火，发动机抖动,丰田卡罗拉,127749,2025-01-22 10:56
F4022,C0045,右前轮速传感器故障,大众朗逸,73334,2025-04-28 17:11
F4023,P0171,燃油系统过稀,本田思域,97932,2025-04-07 10:41
F4024,B1234,空调压缩机不工作,比亚迪汉,33244,2025-04-24 10:18
F4025,P0420,催化转化器效率低,宝马3系,95037,2024-12-23 17:09
F4026,P0299,涡轮增压器压力不足,福特蒙迪欧,26666,2025-07-09 12:37
F4027,C0121,刹车压力传感器信号异常,吉利星越L,147024,2024-04-07 12:34
F4028,B0081,主驾驶安全带传感器故障,奥迪A4L,114810,2024-03-17 11:58
F4029,P0521,机油压力传感器电路范围故障,长城哈弗H6,100751,2025-11-20 12:03
F4030,C0561,ABS系统控制模块故障,奔驰C级,42056,2024-03-20 13:08
F4031,P0340,凸轮轴位置传感器电路故障,丰田凯美瑞,67917,2025-03-18 13:29
F4032,B0100,空气囊控制模块故障,大众帕萨特,29724,2024-12-03 10:13
F4033,P0122,节气门位置传感器电压低,本田CR-V,23229,2025-05-27 14:14
F4034,C0035,左前轮速传感器电路故障,比亚迪宋PLUS,137891,2025-11-16 16:00
F4035,P0442,燃油蒸发系统泄漏（小泄漏）,宝马5系,138754,2024-10-06 14:29
F4036,B0200,右前安全气囊传感器故障,奥迪Q5L,76329,2024-11-23 08:19
F4037,P0606,ECM内部控制模块处理器故障,福特锐界,92131,2025-03-27 10:54
F4038,C0051,右后轮速传感器电路故障,吉利博越,109015,2025-06-24 14:38
F4039,B0016,驾驶员侧安全气囊模块故障,长城魏派VV7,88527,2024-04-21 10:01
F4040,P0113,进气温度传感器电压高,奔驰E级,110655,2025-03-29 16:38
F4041,P0301,1缸失火，发动机抖动,丰田卡罗拉,94377,2024-12-09 13:18
F4042,C0045,右前轮速传感器故障,大众朗逸,122877,2024-11-07 16:15
F4043,P0171,燃油系统过稀,本田思域,25555,2024-06-20 13:50
F4044,B1234,空调压缩机不工作,比亚迪汉,33125,2025-04-03 14:23
F4045,P0420,催化转化器效率低,宝马3系,98168,2024-04-24 12:48
F4046,P0299,涡轮增压器压力不足,福特蒙迪欧,25521,2024-07-30 09:29
F4047,C0121,刹车压力传感器信号异常,吉利星越L,39397,2025-02-12 15:56
F4048,B0081,主驾驶安全带传感器故障,奥迪A4L,143839,2024-05-11 09:55
F4049,P0521,机油压力传感器电路范围故障,长城哈弗H6,62543,2024-07-09 12:20
F4050,C0561,ABS系统控制模块故障,奔驰C级,109358,2025-06-03 13:03
F4051,P0340,凸轮轴位置传感器电路故障,丰田凯美瑞,62763,2025-09-30 11:52
F4052,B0100,空气囊控制模块故障,大众帕萨特,54320,2024-07-10 10:34
F4053,P0122,节气门位置传感器电压低,本田CR-V,94270,2024-05-17 13:41
F4054,C0035,左前轮速传感器电路故障,比亚迪宋PLUS,142834,2025-08-22 12:51
F4055,P0442,燃油蒸发系统泄漏（小泄漏）,宝马5系,22214,2025-04-30 15:10
F4056,B0200,右前安全气囊传感器故障,奥迪Q5L,78364,2025-12-16 08:12
F4057,P0606,ECM内部控制模块处理器故障,福特锐界,73179,2024-04-25 09:23
F4058,C0051,右后轮速传感器电路故障,吉利博越,62470,2025-02-23 15:57
F4059,B0016,驾驶员侧安全气囊模块故障,长城魏派VV7,20990,2024-11-07 16:53
F4060,P0113,进气温度传感器电压高,奔驰E级,63103,2024-08-04 13:08
F4061,P0301,1缸失火，发动机抖动,丰田卡罗拉,48366,2024-02-01 17:22
F4062,C0045,右前轮速传感器故障,大众朗逸,144813,2024-02-24 09:57
F4063,P0171,燃油系统过稀,本田思域,70888,2025-08-17 12:51
F4064,B1234,空调压缩机不工作,比亚迪汉,20830,2025-04-03 12:35
F4065,P0420,催化转化器效率低,宝马3系,43538,2024-11-30 17:29
F4066,P0299,涡轮增压器压力不足,福特蒙迪欧,104506,2024-07-24 11:15
F4067,C0121,刹车压力传感器信号异常,吉利星越L,32450,2024-12-06 11:14
F4068,B0081,主驾驶安全带传感器故障,奥迪A4L,46276,2024-11-01 12:33
F4069,P0521,机油压力传感器电路范围故障,长城哈弗H6,76627,2024-09-14 15:54
F4070,C0561,ABS系统控制模块故障,奔驰C级,29086,2024-04-18 14:19
F4071,P0340,凸轮轴位置传感器电路故障,丰田凯美瑞,113796,2024-04-09 14:29
F4072,B0100,空气囊控制模块故障,大众帕萨特,74175,2025-06-09 17:03
F4073,P0122,节气门位置传感器电压低,本田CR-V,145021,2024-09-17 13:42
F4074,C0035,左前轮速传感器电路故障,比亚迪宋PLUS,93676,2024-05-30 12:23
F4075,P0442,燃油蒸发系统泄漏（小泄漏）,宝马5系,80486,2025-05-11 09:07
F4076,B0200,右前安全气囊传感器故障,奥迪Q5L,86754,2024-10-30 10:46
F4077,P0606,ECM内部控制模块处理器故障,福特锐界,72656,2025-05-30 10:10
F4078,C0051,右后轮速传感器电路故障,吉利博越,112474,2024-11-17 08:47
F4079,B0016,驾驶员侧安全气囊模块故障,长城魏派VV7,75550,2024-04-03 11:08
F4080,P0113,进气温度传感器电压高,奔驰E级,147150,2024-10-23 16:39
F4081,P0301,1缸失火，发动机抖动,丰田卡罗拉,85423,2024-03-31 12:45
F4082,C0045,右前轮速传感器故障,大众朗逸,75962,2025-09-24 09:59
F4083,P0171,燃油系统过稀,本田思域,30694,2024-07-13 08:45
F4084,B1234,空调压缩机不工作,比亚迪汉,127772,2025-01-14 12:34
F4085,P0420,催化转化器效率低,宝马3系,102044,2024-04-12 10:10
F4086,P0299,涡轮增压器压力不足,福特蒙迪欧,30308,2025-07-14 11:09
F4087,C0121,刹车压力传感器信号异常,吉利星越L,138883,2025-03-24 10:20
F4088,B0081,主驾驶安全带传感器故障,奥迪A4L,58243,2024-11-24 17:52
F4089,P0521,机油压力传感器电路范围故障,长城哈弗H6,88901,2024-10-09 12:51
F4090,C0561,ABS系统控制模块故障,奔驰C级,142236,2024-03-23 13:10
F4091,P0340,凸轮轴位置传感器电路故障,丰田凯美瑞,147900,2025-08-09 11:29
F4092,B0100,空气囊控制模块故障,大众帕萨特,109669,2025-01-18 17:52
F4093,P0122,节气门位置传感器电压低,本田CR-V,100405,2025-10-15 14:48
F4094,C0035,左前轮速传感器电路故障,比亚迪宋PLUS,95021,2024-08-17 15:19
F4095,P0442,燃油蒸发系统泄漏（小泄漏）,宝马5系,87643,2024-11-29 13:58
F4096,B0200,右前安全气囊传感器故障,奥迪Q5L,105511,2025-05-15 17:29
F4097,P0606,ECM内部控制模块处理器故障,福特锐界,125355,2024-02-26 11:50
F4098,C0051,右后轮速传感器电路故障,吉利博越,134705,2025-05-01 08:20
F4099,B0016,驾驶员侧安全气囊模块故障,长城魏派VV7,143214,2025-04-01 08:50
F4100,P0113,进气温度传感器电压高,奔驰E级,114873,2024-09-05 17:01
F4101,P0301,1缸失火，发动机抖动,丰田卡罗拉,28211,2024-03-20 11:12
F4102,C0045,右前轮速传感器故障,大众朗逸,40192,2024-05-02 12:07
F4103,P0171,燃油系统过稀,本田思域,46675,2024-10-12 14:38
F4104,B1234,空调压缩机不工作,比亚迪汉,21404,2025-09-21 16:33
F4105,P0420,催化转化器效率低,宝马3系,34079,2024-01-15 16:52
F4106,P0299,涡轮增压器压力不足,福特蒙迪欧,139272,2025-03-01 11:03
F4107,C0121,刹车压力传感器信号异常,吉利星越L,58292,2024-04-18 09:46
F4108,B0081,主驾驶安全带传感器故障,奥迪A4L,65008,2024-01-18 15:19
F4109,P0521,机油压力传感器电路范围故障,长城哈弗H6,79560,2025-11-15 16:19
F4110,C0561,ABS系统控制模块故障,奔驰C级,61617,2024-02-28 11:55
F4111,P0340,凸轮轴位置传感器电路故障,丰田凯美瑞,34226,2024-11-30 16:14
F4112,B0100,空气囊控制模块故障,大众帕萨特,51388,2025-04-09 12:30
F4113,P0122,节气门位置传感器电压低,本田CR-V,141240,2025-02-28 12:36
F4114,C0035,左前轮速传感器电路故障,比亚迪宋PLUS,140199,2024-04-21 10:52
F4115,P0442,燃油蒸发系统泄漏（小泄漏）,宝马5系,69003,2024-10-01 14:34
F4116,B0200,右前安全气囊传感器故障,奥迪Q5L,59588,2025-11-01 12:39
F4117,P0606,ECM内部控制模块处理器故障,福特锐界,103518,2025-05-05 16:23
F4118,C0051,右后轮速传感器电路故障,吉利博越,88811,2024-05-25 17:18
F4119,B0016,驾驶员侧安全气囊模块故障,长城魏派VV7,56202,2025-10-22 09:17
F4120,P0113,进气温度传感器电压高,奔驰E级,120648,2025-04-11 11:16
F4121,P0301,1缸失火，发动机抖动,丰田卡罗拉,23498,2024-09-20 16:40
F4122,C0045,右前轮速传感器故障,大众朗逸,82919,2024-04-06 15:24
F4123,P0171,燃油系统过稀,本田思域,63430,2025-08-01 16:57
F4124,B1234,空调压缩机不工作,比亚迪汉,113645,2025-05-03 08:06
F4125,P0420,催化转化器效率低,宝马3系,71786,2025-05-01 11:28
F4126,P0299,涡轮增压器压力不足,福特蒙迪欧,64831,2025-02-28 13:15
F4127,C0121,刹车压力传感器信号异常,吉利星越L,24871,2025-12-06 11:24
F4128,B0081,主驾驶安全带传感器故障,奥迪A4L,23090,2024-05-01 10:51
F4129,P0521,机油压力传感器电路范围故障,长城哈弗H6,40938,2024-02-02 12:49
F4130,C0561,ABS系统控制模块故障,奔驰C级,36723,2025-09-13 09:31
F4131,P0340,凸轮轴位置传感器电路故障,丰田凯美瑞,58703,2025-03-30 08:20
F4132,B0100,空气囊控制模块故障,大众帕萨特,51510,2024-03-04 09:21
F4133,P0122,节气门位置传感器电压低,本田CR-V,50288,2025-03-20 16:09
F4134,C0035,左前轮速传感器电路故障,比亚迪宋PLUS,146546,2025-09-27 09:44
F4135,P0442,燃油蒸发系统泄漏（小泄漏）,宝马5系,38685,2025-10-06 16:40
F4136,B0200,右前安全气囊传感器故障,奥迪Q5L,70270,2025-03-14 16:07
F4137,P0606,ECM内部控制模块处理器故障,福特锐界,32508,2025-06-17 13:23
F4138,C0051,右后轮速传感器电路故障,吉利博越,99436,2024-11-19 15:42
F4139,B0016,驾驶员侧安全气囊模块故障,长城魏派VV7,68322,2024-01-02 17:17
F4140,P0113,进气温度传感器电压高,奔驰E级,48884,2025-01-22 08:43
F4141,P0301,1缸失火，发动机抖动,丰田卡罗拉,53913,2024-09-01 11:48
F4142,C0045,右前轮速传感器故障,大众朗逸,133694,2024-11-22 11:32
F4143,P0171,燃油系统过稀,本田思域,35493,2025-01-31 13:38
F4144,B1234,空调压缩机不工作,比亚迪汉,28807,2024-04-13 15:58
F4145,P0420,催化转化器效率低,宝马3系,105184,2025-01-19 10:49
F4146,P0299,涡轮增压器压力不足,福特蒙迪欧,42059,2024-02-06 14:49
F4147,C0121,刹车压力传感器信号异常,吉利星越L,68338,2024-10-01 09:42
F4148,B0081,主驾驶安全带传感器故障,奥迪A4L,146546,2024-07-27 14:19
F4149,P0521,机油压力传感器电路范围故障,长城哈弗H6,72811,2025-03-11 11:04
F4150,C0561,ABS系统控制模块故障,奔驰C级,109180,2025-04-11 12:29
F4151,P0340,凸轮轴位置传感器电路故障,丰田凯美瑞,110022,2024-02-17 13:10
F4152,B0100,空气囊控制模块故障,大众帕萨特,54526,2024-10-28 13:53
F4153,P0122,节气门位置传感器电压低,本田CR-V,139109,2024-04-28 14:17
F4154,C0035,左前轮速传感器电路故障,比亚迪宋PLUS,37138,2025-12-28 09:36
F4155,P0442,燃油蒸发系统泄漏（小泄漏）,宝马5系,88557,2025-08-16 17:22
F4156,B0200,右前安全气囊传感器故障,奥迪Q5L,102335,2025-10-24 15:17
F4157,P0606,ECM内部控制模块处理器故障,福特锐界,94125,2024-07-20 09:21
F4158,C0051,右后轮速传感器电路故障,吉利博越,103277,2024-12-26 17:52
F4159,B0016,驾驶员侧安全气囊模块故障,长城魏派VV7,128180,2025-12-02 14:24
F4160,P0113,进气温度传感器电压高,奔驰E级,115572,2025-04-26 12:41
F4161,P0301,1缸失火，发动机抖动,丰田卡罗拉,116997,2024-05-30 14:34
F4162,C0045,右前轮速传感器故障,大众朗逸,94499,2025-07-12 14:19
F4163,P0171,燃油系统过稀,本田思域,70805,2025-07-08 08:05
F4164,B1234,空调压缩机不工作,比亚迪汉,97347,2025-01-03 08:31
F4165,P0420,催化转化器效率低,宝马3系,95118,2025-02-11 14:51
F4166,P0299,涡轮增压器压力不足,福特蒙迪欧,76329,2024-12-24 08:19
F4167,C0121,刹车压力传感器信号异常,吉利星越L,133465,2024-06-03 14:12
F4168,B0081,主驾驶安全带传感器故障,奥迪A4L,78066,2024-03-04 11:34
F4169,P0521,机油压力传感器电路范围故障,长城哈弗H6,95537,2025-06-18 10:26
F4170,C0561,ABS系统控制模块故障,奔驰C级,76232,2025-10-28 16:18
F4171,P0340,凸轮轴位置传感器电路故障,丰田凯美瑞,103072,2025-08-11 13:34
F4172,B0100,空气囊控制模块故障,大众帕萨特,131102,2025-01-27 11:26
F4173,P0122,节气门位置传感器电压低,本田CR-V,123203,2024-05-11 10:36
F4174,C0035,左前轮速传感器电路故障,比亚迪宋PLUS,103738,2025-12-03 11:28
F4175,P0442,燃油蒸发系统泄漏（小泄漏）,宝马5系,69131,2024-02-14 08:22
F4176,B0200,右前安全气囊传感器故障,奥迪Q5L,121720,2025-10-17 14:52
F4177,P0606,ECM内部控制模块处理器故障,福特锐界,146640,2024-10-09 16:39
F4178,C0051,右后轮速传感器电路故障,吉利博越,113754,2025-04-20 16:39
F4179,B0016,驾驶员侧安全气囊模块故障,长城魏派VV7,114378,2024-12-13 09:12
F4180,P0113,进气温度传感器电压高,奔驰E级,117257,2025-11-28 17:14
F4181,P0301,1缸失火，发动机抖动,丰田卡罗拉,77334,2024-01-29 13:15
F4182,C0045,右前轮速传感器故障,大众朗逸,84095,2024-10-20 12:31
F4183,P0171,燃油系统过稀,本田思域,38499,2025-03-13 14:39
F4184,B1234,空调压缩机不工作,比亚迪汉,36090,2024-07-09 16:17
F4185,P0420,催化转化器效率低,宝马3系,104850,2025-01-24 08:07
F4186,P0299,涡轮增压器压力不足,福特蒙迪欧,85669,2024-05-31 13:35
F4187,C0121,刹车压力传感器信号异常,吉利星越L,59848,2024-11-09 09:31
F4188,B0081,主驾驶安全带传感器故障,奥迪A4L,101377,2025-05-22 12:15
F4189,P0521,机油压力传感器电路范围故障,长城哈弗H6,53965,2024-04-10 15:24
F4190,C0561,ABS系统控制模块故障,奔驰C级,132329,2024-09-17 17:21
F4191,P0340,凸轮轴位置传感器电路故障,丰田凯美瑞,124196,2024-11-17 10:34
F4192,B0100,空气囊控制模块故障,大众帕萨特,59117,2024-03-07 14:32
F4193,P0122,节气门位置传感器电压低,本田CR-V,52981,2024-08-17 16:54
F4194,C0035,左前轮速传感器电路故障,比亚迪宋PLUS,142687,2024-05-29 16:26
F4195,P0442,燃油蒸发系统泄漏（小泄漏）,宝马5系,65811,2025-04-16 14:22
F4196,B0200,右前安全气囊传感器故障,奥迪Q5L,91724,2024-10-07 12:43
F4197,P0606,ECM内部控制模块处理器故障,福特锐界,86535,2025-07-18 16:49
F4198,C0051,右后轮速传感器电路故障,吉利博越,56748,2025-06-23 16:53
F4199,B0016,驾驶员侧安全气囊模块故障,长城魏派VV7,127267,2025-05-15 13:32
F4200,P0113,进气温度传感器电压高,奔驰E级,54765,2024-07-24 16:09
F4201,P0301,1缸失火，发动机抖动,丰田卡罗拉,63934,2024-07-18 15:24
F4202,C0045,右前轮速传感器故障,大众朗逸,80625,2025-05-31 17:09
F4203,P0171,燃油系统过稀,本田思域,44137,2025-08-03 13:01
F4204,B1234,空调压缩机不工作,比亚迪汉,126408,2025-06-16 12:37
F4205,P0420,催化转化器效率低,宝马3系,119546,2024-04-29 16:12
F4206,P0299,涡轮增压器压力不足,福特蒙迪欧,31236,2024-10-18 16:18
F4207,C0121,刹车压力传感器信号异常,吉利星越L,81600,2024-09-15 10:34
F4208,B0081,主驾驶安全带传感器故障,奥迪A4L,52406,2025-05-24 10:09
F4209,P0521,机油压力传感器电路范围故障,长城哈弗H6,86850,2024-07-08 14:44
F4210,C0561,ABS系统控制模块故障,奔驰C级,78615,2024-05-29 09:05
F4211,P0340,凸轮轴位置传感器电路故障,丰田凯美瑞,99997,2024-10-05 12:22
F4212,B0100,空气囊控制模块故障,大众帕萨特,102303,2025-05-05 17:25
F4213,P0122,节气门位置传感器电压低,本田CR-V,103700,2025-10-28 17:15
F4214,C0035,左前轮速传感器电路故障,比亚迪宋PLUS,82805,2025-10-16 08:35
F4215,P0442,燃油蒸发系统泄漏（小泄漏）,宝马5系,73997,2025-04-05 17:47
F4216,B0200,右前安全气囊传感器故障,奥迪Q5L,31498,2024-07-31 13:26
F4217,P0606,ECM内部控制模块处理器故障,福特锐界,130279,2024-09-25 15:29
F4218,C0051,右后轮速传感器电路故障,吉利博越,130041,2025-09-11 12:25
F4219,B0016,驾驶员侧安全气囊模块故障,长城魏派VV7,84988,2025-02-14 15:52
F4220,P0113,进气温度传感器电压高,奔驰E级,124284,2025-10-09 11:14
F4221,P0301,1缸失火，发动机抖动,丰田卡罗拉,66244,2025-12-25 09:41
F4222,C0045,右前轮速传感器故障,大众朗逸,50262,2025-08-28 16:22
F4223,P0171,燃油系统过稀,本田思域,72373,2024-12-17 08:18
F4224,B1234,空调压缩机不工作,比亚迪汉,50664,2024-02-01 09:49
F4225,P0420,催化转化器效率低,宝马3系,98422,2025-05-09 14:21
F4226,P0299,涡轮增压器压力不足,福特蒙迪欧,90730,2025-08-08 13:27
F4227,C0121,刹车压力传感器信号异常,吉利星越L,134092,2024-11-24 13:12
F4228,B0081,主驾驶安全带传感器故障,奥迪A4L,38060,2025-12-10 15:26
F4229,P0521,机油压力传感器电路范围故障,长城哈弗H6,93488,2025-04-05 17:37
F4230,C0561,ABS系统控制模块故障,奔驰C级,39312,2025-03-21 08:45
F4231,P0340,凸轮轴位置传感器电路故障,丰田凯美瑞,97767,2025-01-19 10:44
F4232,B0100,空气囊控制模块故障,大众帕萨特,130330,2024-07-21 11:14
F4233,P0122,节气门位置传感器电压低,本田CR-V,84122,2025-09-08 09:08
F4234,C0035,左前轮速传感器电路故障,比亚迪宋PLUS,80792,2024-05-02 13:17
F4235,P0442,燃油蒸发系统泄漏（小泄漏）,宝马5系,51400,2024-05-05 17:06
F4236,B0200,右前安全气囊传感器故障,奥迪Q5L,93136,2025-12-11 14:30
F4237,P0606,ECM内部控制模块处理器故障,福特锐界,44030,2024-05-30 14:39
F4238,C0051,右后轮速传感器电路故障,吉利博越,27434,2025-12-05 11:51
F4239,B0016,驾驶员侧安全气囊模块故障,长城魏派VV7,88822,2024-08-07 10:06
F4240,P0113,进气温度传感器电压高,奔驰E级,87010,2024-02-25 16:40
F4241,P0301,1缸失火，发动机抖动,丰田卡罗拉,139900,2025-02-02 17:17
F4242,C0045,右前轮速传感器故障,大众朗逸,93224,2024-09-20 10:27
F4243,P0171,燃油系统过稀,本田思域,95276,2024-11-15 13:49
F4244,B1234,空调压缩机不工作,比亚迪汉,89759,2024-12-05 11:35
F4245,P0420,催化转化器效率低,宝马3系,81722,2025-10-07 17:53
F4246,P0299,涡轮增压器压力不足,福特蒙迪欧,92270,2024-01-14 17:10
F4247,C0121,刹车压力传感器信号异常,吉利星越L,67566,2025-09-17 14:48
F4248,B0081,主驾驶安全带传感器故障,奥迪A4L,89686,2025-10-11 12:52
F4249,P0521,机油压力传感器电路范围故障,长城哈弗H6,53196,2024-11-11 10:53
F4250,C0561,ABS系统控制模块故障,奔驰C级,65874,2025-08-24 15:30
F4251,P0340,凸轮轴位置传感器电路故障,丰田凯美瑞,32801,2024-01-27 11:24
F4252,B0100,空气囊控制模块故障,大众帕萨特,133009,2025-03-15 14:16
F4253,P0122,节气门位置传感器电压低,本田CR-V,60637,2024-03-03 10:11
F4254,C0035,左前轮速传感器电路故障,比亚迪宋PLUS,115801,2024-09-13 11:40
F4255,P0442,燃油蒸发系统泄漏（小泄漏）,宝马5系,42030,2025-04-20 10:36
F4256,B0200,右前安全气囊传感器故障,奥迪Q5L,22607,2025-01-14 08:28
F4257,P0606,ECM内部控制模块处理器故障,福特锐界,49292,2024-07-20 13:08
F4258,C0051,右后轮速传感器电路故障,吉利博越,75916,2024-03-14 09:37
F4259,B0016,驾驶员侧安全气囊模块故障,长城魏派VV7,142394,2025-10-16 10:00
F4260,P0113,进气温度传感器电压高,奔驰E级,72549,2025-07-04 11:46
F4261,P0301,1缸失火，发动机抖动,丰田卡罗拉,23454,2025-08-16 16:30
F4262,C0045,右前轮速传感器故障,大众朗逸,93568,2025-03-17 13:21
F4263,P0171,燃油系统过稀,本田思域,85177,2025-02-13 11:05
F4264,B1234,空调压缩机不工作,比亚迪汉,130217,2025-02-02 10:16
F4265,P0420,催化转化器效率低,宝马3系,133742,2024-06-28 10:10
F4266,P0299,涡轮增压器压力不足,福特蒙迪欧,91292,2025-12-30 08:55
F4267,C0121,刹车压力传感器信号异常,吉利星越L,51196,2025-11-04 10:34
F4268,B0081,主驾驶安全带传感器故障,奥迪A4L,68201,2025-07-14 15:04
F4269,P0521,机油压力传感器电路范围故障,长城哈弗H6,39095,2025-03-02 10:51
F4270,C0561,ABS系统控制模块故障,奔驰C级,46084,2025-09-27 16:49
F4271,P0340,凸轮轴位置传感器电路故障,丰田凯美瑞,140231,2025-10-11 16:41
F4272,B0100,空气囊控制模块故障,大众帕萨特,92921,2024-12-25 13:11
F4273,P0122,节气门位置传感器电压低,本田CR-V,21355,2025-02-13 12:48
F4274,C0035,左前轮速传感器电路故障,比亚迪宋PLUS,149478,2025-04-27 14:21
F4275,P0442,燃油蒸发系统泄漏（小泄漏）,宝马5系,90643,2024-05-02 12:44
F4276,B0200,右前安全气囊传感器故障,奥迪Q5L,38072,2024-09-09 17:42
F4277,P0606,ECM内部控制模块处理器故障,福特锐界,122400,2025-10-31 15:22
F4278,C0051,右后轮速传感器电路故障,吉利博越,77001,2025-11-11 17:51
F4279,B0016,驾驶员侧安全气囊模块故障,长城魏派VV7,64630,2025-06-11 17:03
F4280,P0113,进气温度传感器电压高,奔驰E级,69435,2024-06-20 17:16
F4281,P0301,1缸失火，发动机抖动,丰田卡罗拉,57482,2025-02-25 14:49
F4282,C0045,右前轮速传感器故障,大众朗逸,133778,2025-04-06 17:22
F4283,P0171,燃油系统过稀,本田思域,87145,2024-06-04 16:06
F4284,B1234,空调压缩机不工作,比亚迪汉,71436,2024-05-15 08:09
F4285,P0420,催化转化器效率低,宝马3系,122925,2025-05-13 11:15
F4286,P0299,涡轮增压器压力不足,福特蒙迪欧,44904,2025-10-14 14:35
F4287,C0121,刹车压力传感器信号异常,吉利星越L,71832,2025-02-10 09:26
F4288,B0081,主驾驶安全带传感器故障,奥迪A4L,139203,2025-07-13 14:00
F4289,P0521,机油压力传感器电路范围故障,长城哈弗H6,119139,2025-11-08 09:10
F4290,C0561,ABS系统控制模块故障,奔驰C级,87053,2024-11-12 17:56
F4291,P0340,凸轮轴位置传感器电路故障,丰田凯美瑞,79954,2024-09-03 13:28
F4292,B0100,空气囊控制模块故障,大众帕萨特,35215,2025-12-27 17:06
F4293,P0122,节气门位置传感器电压低,本田CR-V,104778,2025-08-16 08:00
F4294,C0035,左前轮速传感器电路故障,比亚迪宋PLUS,45523,2025-09-09 08:03
F4295,P0442,燃油蒸发系统泄漏（小泄漏）,宝马5系,59719,2024-02-08 13:07
F4296,B0200,右前安全气囊传感器故障,奥迪Q5L,121130,2024-12-05 15:23
F4297,P0606,ECM内部控制模块处理器故障,福特锐界,88964,2025-08-07 16:59
F4298,C0051,右后轮速传感器电路故障,吉利博越,146063,2024-12-05 12:45
F4299,B0016,驾驶员侧安全气囊模块故障,长城魏派VV7,52656,2025-05-14 13:27
F4300,P0113,进气温度传感器电压高,奔驰E级,43608,2024-04-11 08:33
F4301,P0301,1缸失火，发动机抖动,丰田卡罗拉,23280,2024-12-11 09:13
F4302,C0045,右前轮速传感器故障,大众朗逸,65322,2024-01-25 10:26
F4303,P0171,燃油系统过稀,本田思域,100052,2025-03-24 11:23
F4304,B1234,空调压缩机不工作,比亚迪汉,75690,2024-01-16 11:00
F4305,P0420,催化转化器效率低,宝马3系,38020,2025-11-06 14:04
F4306,P0299,涡轮增压器压力不足,福特蒙迪欧,140113,2024-03-31 15:56
F4307,C0121,刹车压力传感器信号异常,吉利星越L,73819,2024-10-23 13:59
F4308,B0081,主驾驶安全带传感器故障,奥迪A4L,81137,2025-11-27 11:01
F4309,P0521,机油压力传感器电路范围故障,长城哈弗H6,145785,2024-02-05 12:26
F4310,C0561,ABS系统控制模块故障,奔驰C级,108162,2024-03-07 17:21
F4311,P0340,凸轮轴位置传感器电路故障,丰田凯美瑞,100030,2024-04-27 15:24
F4312,B0100,空气囊控制模块故障,大众帕萨特,124289,2024-08-23 12:16
F4313,P0122,节气门位置传感器电压低,本田CR-V,134755,2025-06-19 14:25
F4314,C0035,左前轮速传感器电路故障,比亚迪宋PLUS,133330,2024-10-22 12:06
F4315,P0442,燃油蒸发系统泄漏（小泄漏）,宝马5系,112383,2024-03-21 16:46
F4316,B0200,右前安全气囊传感器故障,奥迪Q5L,71945,2024-12-30 14:27
F4317,P0606,ECM内部控制模块处理器故障,福特锐界,116586,2025-01-29 12:51
F4318,C0051,右后轮速传感器电路故障,吉利博越,122718,2025-02-17 15:12
F4319,B0016,驾驶员侧安全气囊模块故障,长城魏派VV7,141251,2025-06-25 15:28
F4320,P0113,进气温度传感器电压高,奔驰E级,66051,2025-04-09 17:31
F4321,P0301,1缸失火，发动机抖动,丰田卡罗拉,79329,2024-11-01 08:47
F4322,C0045,右前轮速传感器故障,大众朗逸,135697,2024-06-06 14:49
F4323,P0171,燃油系统过稀,本田思域,30047,2025-06-23 12:01
F4324,B1234,空调压缩机不工作,比亚迪汉,31364,2024-07-20 14:05
F4325,P0420,催化转化器效率低,宝马3系,84402,2024-04-25 15:20
F4326,P0299,涡轮增压器压力不足,福特蒙迪欧,34162,2025-01-30 13:31
F4327,C0121,刹车压力传感器信号异常,吉利星越L,112079,2024-08-11 12:48
F4328,B0081,主驾驶安全带传感器故障,奥迪A4L,96113,2024-01-07 17:57
F4329,P0521,机油压力传感器电路范围故障,长城哈弗H6,59360,2024-02-20 10:53
F4330,C0561,ABS系统控制模块故障,奔驰C级,134715,2024-04-29 09:43
F4331,P0340,凸轮轴位置传感器电路故障,丰田凯美瑞,47724,2025-04-27 09:36
F4332,B0100,空气囊控制模块故障,大众帕萨特,62170,2024-02-26 14:46
F4333,P0122,节气门位置传感器电压低,本田CR-V,114355,2025-02-08 09:37
F4334,C0035,左前轮速传感器电路故障,比亚迪宋PLUS,92955,2024-09-27 12:54
F4335,P0442,燃油蒸发系统泄漏（小泄漏）,宝马5系,49200,2025-09-17 16:58
F4336,B0200,右前安全气囊传感器故障,奥迪Q5L,35473,2024-02-03 14:31
F4337,P0606,ECM内部控制模块处理器故障,福特锐界,75137,2025-11-11 16:58
F4338,C0051,右后轮速传感器电路故障,吉利博越,67608,2025-05-25 16:41
F4339,B0016,驾驶员侧安全气囊模块故障,长城魏派VV7,113454,2024-08-20 14:01
F4340,P0113,进气温度传感器电压高,奔驰E级,105330,2025-07-23 16:48
F4341,P0301,1缸失火，发动机抖动,丰田卡罗拉,36338,2024-07-01 13:52
F4342,C0045,右前轮速传感器故障,大众朗逸,57736,2025-08-05 11:59
F4343,P0171,燃油系统过稀,本田思域,64412,2025-10-25 13:44
F4344,B1234,空调压缩机不工作,比亚迪汉,141560,2025-02-10 10:44
F4345,P0420,催化转化器效率低,宝马3系,149857,2025-05-22 11:42
F4346,P0299,涡轮增压器压力不足,福特蒙迪欧,84945,2025-04-10 13:47
F4347,C0121,刹车压力传感器信号异常,吉利星越L,143709,2025-01-21 13:34
F4348,B0081,主驾驶安全带传感器故障,奥迪A4L,119399,2025-06-07 10:54
F4349,P0521,机油压力传感器电路范围故障,长城哈弗H6,63212,2025-10-09 10:14
F4350,C0561,ABS系统控制模块故障,奔驰C级,114059,2024-03-02 17:00
F4351,P0340,凸轮轴位置传感器电路故障,丰田凯美瑞,122690,2025-10-28 09:47
F4352,B0100,空气囊控制模块故障,大众帕萨特,132078,2025-04-13 12:54
F4353,P0122,节气门位置传感器电压低,本田CR-V,43787,2024-08-29 10:13
F4354,C0035,左前轮速传感器电路故障,比亚迪宋PLUS,89756,2025-12-20 09:50
F4355,P0442,燃油蒸发系统泄漏（小泄漏）,宝马5系,111732,2024-07-29 09:27
F4356,B0200,右前安全气囊传感器故障,奥迪Q5L,30108,2025-03-22 14:23
F4357,P0606,ECM内部控制模块处理器故障,福特锐界,73087,2024-10-03 09:24
F4358,C0051,右后轮速传感器电路故障,吉利博越,107118,2024-12-02 10:13
F4359,B0016,驾驶员侧安全气囊模块故障,长城魏派VV7,127663,2024-12-24 12:58
F4360,P0113,进气温度传感器电压高,奔驰E级,106357,2024-11-10 13:18
F4361,P0301,1缸失火，发动机抖动,丰田卡罗拉,131736,2025-10-09 11:18
F4362,C0045,右前轮速传感器故障,大众朗逸,29404,2024-10-27 14:19
F4363,P0171,燃油系统过稀,本田思域,112659,2025-08-11 09:41
F4364,B1234,空调压缩机不工作,比亚迪汉,34064,2025-08-29 13:00
F4365,P0420,催化转化器效率低,宝马3系,25530,2024-07-12 09:46
F4366,P0299,涡轮增压器压力不足,福特蒙迪欧,87268,2024-11-04 15:41
F4367,C0121,刹车压力传感器信号异常,吉利星越L,63666,2025-09-06 16:03
F4368,B0081,主驾驶安全带传感器故障,奥迪A4L,66015,2024-06-05 12:39
F4369,P0521,机油压力传感器电路范围故障,长城哈弗H6,20384,2024-11-04 15:29
F4370,C0561,ABS系统控制模块故障,奔驰C级,130485,2024-09-09 08:49
F4371,P0340,凸轮轴位置传感器电路故障,丰田凯美瑞,43084,2025-06-30 16:11
F4372,B0100,空气囊控制模块故障,大众帕萨特,144462,2024-06-30 14:44
F4373,P0122,节气门位置传感器电压低,本田CR-V,62125,2025-01-07 17:00
F4374,C0035,左前轮速传感器电路故障,比亚迪宋PLUS,20434,2025-01-30 09:59
F4375,P0442,燃油蒸发系统泄漏（小泄漏）,宝马5系,97616,2024-04-09 11:55
F4376,B0200,右前安全气囊传感器故障,奥迪Q5L,125815,2024-06-18 17:13
F4377,P0606,ECM内部控制模块处理器故障,福特锐界,36734,2024-02-08 12:47
F4378,C0051,右后轮速传感器电路故障,吉利博越,83131,2024-08-15 11:29
F4379,B0016,驾驶员侧安全气囊模块故障,长城魏派VV7,39812,2025-11-14 12:43
F4380,P0113,进气温度传感器电压高,奔驰E级,72691,2025-11-21 15:43
F4381,P0301,1缸失火，发动机抖动,丰田卡罗拉,91652,2024-06-23 09:13
F4382,C0045,右前轮速传感器故障,大众朗逸,85153,2024-04-21 13:56
F4383,P0171,燃油系统过稀,本田思域,68106,2024-09-15 10:05
F4384,B1234,空调压缩机不工作,比亚迪汉,72171,2025-11-07 17:15
F4385,P0420,催化转化器效率低,宝马3系,125238,2025-10-16 12:37
F4386,P0299,涡轮增压器压力不足,福特蒙迪欧,65475,2025-05-03 10:25
F4387,C0121,刹车压力传感器信号异常,吉利星越L,73840,2025-11-01 17:16
F4388,B0081,主驾驶安全带传感器故障,奥迪A4L,126185,2025-05-11 13:31
F4389,P0521,机油压力传感器电路范围故障,长城哈弗H6,139961,2024-11-02 15:04
F4390,C0561,ABS系统控制模块故障,奔驰C级,25049,2025-03-10 13:40
F4391,P0340,凸轮轴位置传感器电路故障,丰田凯美瑞,144372,2025-01-11 11:06
F4392,B0100,空气囊控制模块故障,大众帕萨特,84554,2025-07-14 10:52
F4393,P0122,节气门位置传感器电压低,本田CR-V,45226,2024-02-11 12:10
F4394,C0035,左前轮速传感器电路故障,比亚迪宋PLUS,36264,2024-04-23 14:06
F4395,P0442,燃油蒸发系统泄漏（小泄漏）,宝马5系,148739,2025-12-20 10:15
F4396,B0200,右前安全气囊传感器故障,奥迪Q5L,55774,2025-02-18 08:38
F4397,P0606,ECM内部控制模块处理器故障,福特锐界,86610,2025-12-10 08:29
F4398,C0051,右后轮速传感器电路故障,吉利博越,21582,2024-06-05 12:55
F4399,B0016,驾驶员侧安全气囊模块故障,长城魏派VV7,143303,2025-03-26 12:05
F4400,P0113,进气温度传感器电压高,奔驰E级,45992,2025-09-10 10:11
F4401,P0301,1缸失火，发动机抖动,丰田卡罗拉,137037,2025-07-09 15:04
F4402,C0045,右前轮速传感器故障,大众朗逸,22496,2025-10-26 17:56
F4403,P0171,燃油系统过稀,本田思域,44988,2025-03-29 14:41
F4404,B1234,空调压缩机不工作,比亚迪汉,137684,2024-05-09 16:21
F4405,P0420,催化转化器效率低,宝马3系,70145,2025-11-21 14:54
F4406,P0299,涡轮增压器压力不足,福特蒙迪欧,113130,2024-12-15 09:28
F4407,C0121,刹车压力传感器信号异常,吉利星越L,130773,2024-03-27 13:22
F4408,B0081,主驾驶安全带传感器故障,奥迪A4L,106182,2025-08-10 11:59
F4409,P0521,机油压力传感器电路范围故障,长城哈弗H6,135774,2025-11-06 13:48
F4410,C0561,ABS系统控制模块故障,奔驰C级,132076,2025-05-01 12:18
F4411,P0340,凸轮轴位置传感器电路故障,丰田凯美瑞,26405,2024-07-01 15:23
F4412,B0100,空气囊控制模块故障,大众帕萨特,92380,2024-02-05 14:29
F4413,P0122,节气门位置传感器电压低,本田CR-V,115051,2024-06-21 16:35
F4414,C0035,左前轮速传感器电路故障,比亚迪宋PLUS,38136,2025-09-14 08:57
F4415,P0442,燃油蒸发系统泄漏（小泄漏）,宝马5系,124372,2024-09-19 08:43
F4416,B0200,右前安全气囊传感器故障,奥迪Q5L,121849,2025-02-14 14:29
F4417,P0606,ECM内部控制模块处理器故障,福特锐界,143866,2024-12-17 14:56
F4418,C0051,右后轮速传感器电路故障,吉利博越,108259,2024-04-02 12:12
F4419,B0016,驾驶员侧安全气囊模块故障,长城魏派VV7,110032,2025-08-13 15:12
F4420,P0113,进气温度传感器电压高,奔驰E级,110369,2025-09-25 12:06
F4421,P0301,1缸失火，发动机抖动,丰田卡罗拉,97449,2025-06-02 11:37
F4422,C0045,右前轮速传感器故障,大众朗逸,29350,2024-02-14 12:55
F4423,P0171,燃油系统过稀,本田思域,61669,2025-10-30 16:08
F4424,B1234,空调压缩机不工作,比亚迪汉,70781,2024-07-03 11:24
F4425,P0420,催化转化器效率低,宝马3系,142970,2024-01-22 15:07
F4426,P0299,涡轮增压器压力不足,福特蒙迪欧,130442,2025-03-24 17:27
F4427,C0121,刹车压力传感器信号异常,吉利星越L,41487,2025-05-27 15:13
F4428,B0081,主驾驶安全带传感器故障,奥迪A4L,117956,2024-12-28 15:27
F4429,P0521,机油压力传感器电路范围故障,长城哈弗H6,145245,2024-05-22 09:06
F4430,C0561,ABS系统控制模块故障,奔驰C级,137852,2024-08-11 09:02
F4431,P0340,凸轮轴位置传感器电路故障,丰田凯美瑞,34558,2025-10-04 14:58
F4432,B0100,空气囊控制模块故障,大众帕萨特,21719,2025-07-12 14:15
F4433,P0122,节气门位置传感器电压低,本田CR-V,130211,2024-10-10 12:12
F4434,C0035,左前轮速传感器电路故障,比亚迪宋PLUS,47069,2024-12-26 10:53
F4435,P0442,燃油蒸发系统泄漏（小泄漏）,宝马5系,64198,2024-09-17 11:22
F4436,B0200,右前安全气囊传感器故障,奥迪Q5L,118704,2024-08-15 14:51
F4437,P0606,ECM内部控制模块处理器故障,福特锐界,102116,2025-09-02 09:44
F4438,C0051,右后轮速传感器电路故障,吉利博越,118662,2024-11-11 09:53
F4439,B0016,驾驶员侧安全气囊模块故障,长城魏派VV7,97047,2024-04-16 08:54
F4440,P0113,进气温度传感器电压高,奔驰E级,39278,2024-06-24 10:02
F4441,P0301,1缸失火，发动机抖动,丰田卡罗拉,48639,2025-11-18 15:55
F4442,C0045,右前轮速传感器故障,大众朗逸,133976,2024-12-25 08:45
F4443,P0171,燃油系统过稀,本田思域,101706,2024-09-26 17:27
F4444,B1234,空调压缩机不工作,比亚迪汉,110337,2025-04-07 10:24
F4445,P0420,催化转化器效率低,宝马3系,34007,2024-10-31 13:22
F4446,P0299,涡轮增压器压力不足,福特蒙迪欧,84848,2025-09-21 17:08
F4447,C0121,刹车压力传感器信号异常,吉利星越L,42190,2024-01-10 09:17
F4448,B0081,主驾驶安全带传感器故障,奥迪A4L,97315,2024-10-19 15:15
F4449,P0521,机油压力传感器电路范围故障,长城哈弗H6,64006,2024-06-26 08:19
F4450,C0561,ABS系统控制模块故障,奔驰C级,75023,2024-02-13 09:53
F4451,P0340,凸轮轴位置传感器电路故障,丰田凯美瑞,93796,2025-07-23 08:41
F4452,B0100,空气囊控制模块故障,大众帕萨特,57504,2024-01-25 12:46
F4453,P0122,节气门位置传感器电压低,本田CR-V,133296,2024-04-27 13:01
F4454,C0035,左前轮速传感器电路故障,比亚迪宋PLUS,138349,2025-12-24 12:04
F4455,P0442,燃油蒸发系统泄漏（小泄漏）,宝马5系,50916,2025-01-27 10:47
F4456,B0200,右前安全气囊传感器故障,奥迪Q5L,137852,2024-06-29 11:06
F4457,P0606,ECM内部控制模块处理器故障,福特锐界,27625,2025-08-21 15:40
F4458,C0051,右后轮速传感器电路故障,吉利博越,33419,2024-08-22 15:45
F4459,B0016,驾驶员侧安全气囊模块故障,长城魏派VV7,48291,2024-05-05 13:08
F4460,P0113,进气温度传感器电压高,奔驰E级,37546,2024-08-26 15:02
F4461,P0301,1缸失火，发动机抖动,丰田卡罗拉,95277,2024-09-27 14:40
F4462,C0045,右前轮速传感器故障,大众朗逸,62556,2025-03-05 12:14
F4463,P0171,燃油系统过稀,本田思域,31490,2024-03-29 14:27
F4464,B1234,空调压缩机不工作,比亚迪汉,41023,2024-07-09 14:57
F4465,P0420,催化转化器效率低,宝马3系,112615,2024-08-16 13:42
F4466,P0299,涡轮增压器压力不足,福特蒙迪欧,133225,2025-03-10 15:20
F4467,C0121,刹车压力传感器信号异常,吉利星越L,39283,2025-12-15 08:50
F4468,B0081,主驾驶安全带传感器故障,奥迪A4L,98349,2024-06-19 08:34
F4469,P0521,机油压力传感器电路范围故障,长城哈弗H6,78648,2025-03-07 13:35
F4470,C0561,ABS系统控制模块故障,奔驰C级,116894,2024-11-08 12:06
F4471,P0340,凸轮轴位置传感器电路故障,丰田凯美瑞,116553,2024-10-19 10:36
F4472,B0100,空气囊控制模块故障,大众帕萨特,77008,2024-06-18 14:40
F4473,P0122,节气门位置传感器电压低,本田CR-V,108386,2024-10-20 08:41
F4474,C0035,左前轮速传感器电路故障,比亚迪宋PLUS,116829,2024-03-07 16:34
F4475,P0442,燃油蒸发系统泄漏（小泄漏）,宝马5系,101228,2024-02-11 15:16
F4476,B0200,右前安全气囊传感器故障,奥迪Q5L,134415,2024-11-02 13:39
F4477,P0606,ECM内部控制模块处理器故障,福特锐界,65726,2025-03-05 10:27
F4478,C0051,右后轮速传感器电路故障,吉利博越,59279,2025-11-12 09:40
F4479,B0016,驾驶员侧安全气囊模块故障,长城魏派VV7,57221,2024-08-09 09:02
F4480,P0113,进气温度传感器电压高,奔驰E级,24193,2025-02-23 11:46
F4481,P0301,1缸失火，发动机抖动,丰田卡罗拉,56757,2024-06-24 08:35
F4482,C0045,右前轮速传感器故障,大众朗逸,56689,2024-09-08 15:33
F4483,P0171,燃油系统过稀,本田思域,54004,2024-11-27 08:29
F4484,B1234,空调压缩机不工作,比亚迪汉,132108,2025-04-13 09:45
F4485,P0420,催化转化器效率低,宝马3系,69012,2025-08-01 08:11
F4486,P0299,涡轮增压器压力不足,福特蒙迪欧,36419,2024-02-28 14:22
F4487,C0121,刹车压力传感器信号异常,吉利星越L,45094,2024-01-14 13:33
F4488,B0081,主驾驶安全带传感器故障,奥迪A4L,27099,2024-04-22 10:12
F4489,P0521,机油压力传感器电路范围故障,长城哈弗H6,51855,2025-01-27 10:46
F4490,C0561,ABS系统控制模块故障,奔驰C级,80818,2024-05-18 16:14
F4491,P0340,凸轮轴位置传感器电路故障,丰田凯美瑞,70738,2025-04-30 16:48
F4492,B0100,空气囊控制模块故障,大众帕萨特,137777,2025-01-12 14:44
F4493,P0122,节气门位置传感器电压低,本田CR-V,130341,2025-10-02 09:19
F4494,C0035,左前轮速传感器电路故障,比亚迪宋PLUS,113894,2025-01-24 14:49
F4495,P0442,燃油蒸发系统泄漏（小泄漏）,宝马5系,20123,2024-01-06 13:33
F4496,B0200,右前安全气囊传感器故障,奥迪Q5L,127388,2024-06-07 08:01
F4497,P0606,ECM内部控制模块处理器故障,福特锐界,49114,2025-02-22 14:32
F4498,C0051,右后轮速传感器电路故障,吉利博越,122362,2024-09-20 11:00
F4499,B0016,驾驶员侧安全气囊模块故障,长城魏派VV7,52864,2025-06-06 15:04
F4500,P0113,进气温度传感器电压高,奔驰E级,40557,2025-12-19 14:03
F4501,P0301,1缸失火，发动机抖动,丰田卡罗拉,68530,2024-01-16 17:32
F4502,C0045,右前轮速传感器故障,大众朗逸,141223,2025-12-07 09:04
F4503,P0171,燃油系统过稀,本田思域,44104,2024-01-21 09:13
F4504,B1234,空调压缩机不工作,比亚迪汉,128415,2024-07-15 15:27
F4505,P0420,催化转化器效率低,宝马3系,118638,2024-10-23 15:42
F4506,P0299,涡轮增压器压力不足,福特蒙迪欧,106843,2025-12-10 09:12
F4507,C0121,刹车压力传感器信号异常,吉利星越L,32650,2024-08-24 14:11
F4508,B0081,主驾驶安全带传感器故障,奥迪A4L,50045,2025-06-20 17:04
F4509,P0521,机油压力传感器电路范围故障,长城哈弗H6,129815,2025-09-12 10:47
F4510,C0561,ABS系统控制模块故障,奔驰C级,72027,2025-12-04 08:27
F4511,P0340,凸轮轴位置传感器电路故障,丰田凯美瑞,69342,2025-09-30 16:57
F4512,B0100,空气囊控制模块故障,大众帕萨特,89693,2024-05-26 16:10
F4513,P0122,节气门位置传感器电压低,本田CR-V,22069,2025-01-25 12:11
F4514,C0035,左前轮速传感器电路故障,比亚迪宋PLUS,29300,2024-12-15 16:23
F4515,P0442,燃油蒸发系统泄漏（小泄漏）,宝马5系,46819,2025-01-07 15:24
F4516,B0200,右前安全气囊传感器故障,奥迪Q5L,34618,2024-12-01 13:07
F4517,P0606,ECM内部控制模块处理器故障,福特锐界,28314,2025-06-21 17:46
F4518,C0051,右后轮速传感器电路故障,吉利博越,140762,2025-02-26 12:31
F4519,B0016,驾驶员侧安全气囊模块故障,长城魏派VV7,68483,2025-09-07 08:17
F4520,P0113,进气温度传感器电压高,奔驰E级,28970,2024-05-06 16:56
F4521,P0301,1缸失火，发动机抖动,丰田卡罗拉,108005,2025-12-09 17:43
F4522,C0045,右前轮速传感器故障,大众朗逸,101300,2024-04-03 11:16
F4523,P0171,燃油系统过稀,本田思域,97741,2025-08-19 15:13
F4524,B1234,空调压缩机不工作,比亚迪汉,65434,2024-01-12 08:21
F4525,P0420,催化转化器效率低,宝马3系,77740,2025-04-13 17:12
F4526,P0299,涡轮增压器压力不足,福特蒙迪欧,122221,2025-04-08 16:52
F4527,C0121,刹车压力传感器信号异常,吉利星越L,116926,2025-12-03 16:48
F4528,B0081,主驾驶安全带传感器故障,奥迪A4L,144245,2024-05-07 08:00
F4529,P0521,机油压力传感器电路范围故障,长城哈弗H6,90955,2024-03-21 12:15
F4530,C0561,ABS系统控制模块故障,奔驰C级,39014,2024-10-30 10:31
F4531,P0340,凸轮轴位置传感器电路故障,丰田凯美瑞,137374,2024-05-15 15:00
F4532,B0100,空气囊控制模块故障,大众帕萨特,82545,2024-09-21 14:53
F4533,P0122,节气门位置传感器电压低,本田CR-V,70784,2024-05-04 15:44
F4534,C0035,左前轮速传感器电路故障,比亚迪宋PLUS,147588,2025-09-13 15:58
F4535,P0442,燃油蒸发系统泄漏（小泄漏）,宝马5系,141544,2024-05-16 17:46
F4536,B0200,右前安全气囊传感器故障,奥迪Q5L,30697,2024-11-03 12:07
F4537,P0606,ECM内部控制模块处理器故障,福特锐界,143359,2025-07-28 17:00
F4538,C0051,右后轮速传感器电路故障,吉利博越,43597,2024-09-05 10:25
F4539,B0016,驾驶员侧安全气囊模块故障,长城魏派VV7,97738,2024-11-19 10:31
F4540,P0113,进气温度传感器电压高,奔驰E级,106920,2025-11-08 11:38
F4541,P0301,1缸失火，发动机抖动,丰田卡罗拉,26638,2024-07-25 13:38
F4542,C0045,右前轮速传感器故障,大众朗逸,21646,2025-08-14 12:24
F4543,P0171,燃油系统过稀,本田思域,50623,2024-10-03 10:03
F4544,B1234,空调压缩机不工作,比亚迪汉,66437,2024-05-08 16:02
F4545,P0420,催化转化器效率低,宝马3系,146559,2024-02-29 12:01
F4546,P0299,涡轮增压器压力不足,福特蒙迪欧,50346,2025-04-29 09:39
F4547,C0121,刹车压力传感器信号异常,吉利星越L,87033,2024-02-29 08:44
F4548,B0081,主驾驶安全带传感器故障,奥迪A4L,112223,2025-03-23 10:50
F4549,P0521,机油压力传感器电路范围故障,长城哈弗H6,111379,2024-11-22 14:27
F4550,C0561,ABS系统控制模块故障,奔驰C级,110234,2025-05-21 15:18
F4551,P0340,凸轮轴位置传感器电路故障,丰田凯美瑞,149830,2024-06-13 15:03
F4552,B0100,空气囊控制模块故障,大众帕萨特,130748,2024-03-20 09:51
F4553,P0122,节气门位置传感器电压低,本田CR-V,84030,2024-02-29 11:18
F4554,C0035,左前轮速传感器电路故障,比亚迪宋PLUS,128483,2024-01-07 15:01
F4555,P0442,燃油蒸发系统泄漏（小泄漏）,宝马5系,99479,2025-04-24 17:47
F4556,B0200,右前安全气囊传感器故障,奥迪Q5L,115616,2024-07-12 08:52
F4557,P0606,ECM内部控制模块处理器故障,福特锐界,22618,2025-10-11 15:48
F4558,C0051,右后轮速传感器电路故障,吉利博越,85882,2025-02-12 15:29
F4559,B0016,驾驶员侧安全气囊模块故障,长城魏派VV7,148739,2025-10-23 08:54
F4560,P0113,进气温度传感器电压高,奔驰E级,105961,2025-10-31 10:58
F4561,P0301,1缸失火，发动机抖动,丰田卡罗拉,46744,2025-11-27 15:28
F4562,C0045,右前轮速传感器故障,大众朗逸,34855,2025-04-21 17:11
F4563,P0171,燃油系统过稀,本田思域,33305,2024-08-28 14:09
F4564,B1234,空调压缩机不工作,比亚迪汉,73451,2024-08-07 16:31
F4565,P0420,催化转化器效率低,宝马3系,148746,2024-03-09 09:37
F4566,P0299,涡轮增压器压力不足,福特蒙迪欧,72665,2025-04-24 11:02
F4567,C0121,刹车压力传感器信号异常,吉利星越L,73710,2025-12-06 13:09
F4568,B0081,主驾驶安全带传感器故障,奥迪A4L,107365,2024-04-22 15:45
F4569,P0521,机油压力传感器电路范围故障,长城哈弗H6,40438,2024-12-24 13:55
F4570,C0561,ABS系统控制模块故障,奔驰C级,49602,2024-08-28 17:12
F4571,P0340,凸轮轴位置传感器电路故障,丰田凯美瑞,67612,2025-12-02 14:23
F4572,B0100,空气囊控制模块故障,大众帕萨特,105456,2025-10-17 08:19
F4573,P0122,节气门位置传感器电压低,本田CR-V,51522,2024-06-29 14:16
F4574,C0035,左前轮速传感器电路故障,比亚迪宋PLUS,105448,2024-04-11 11:57
F4575,P0442,燃油蒸发系统泄漏（小泄漏）,宝马5系,142079,2024-02-05 09:25
F4576,B0200,右前安全气囊传感器故障,奥迪Q5L,125913,2024-06-18 13:13
F4577,P0606,ECM内部控制模块处理器故障,福特锐界,118171,2024-09-03 08:41
F4578,C0051,右后轮速传感器电路故障,吉利博越,124555,2024-11-13 13:19
F4579,B0016,驾驶员侧安全气囊模块故障,长城魏派VV7,80522,2025-07-15 13:11
F4580,P0113,进气温度传感器电压高,奔驰E级,29243,2024-05-14 12:03
F4581,P0301,1缸失火，发动机抖动,丰田卡罗拉,89399,2025-03-13 13:53
F4582,C0045,右前轮速传感器故障,大众朗逸,107107,2025-06-06 12:27
F4583,P0171,燃油系统过稀,本田思域,94069,2024-09-17 15:55
F4584,B1234,空调压缩机不工作,比亚迪汉,36575,2025-09-02 12:27
F4585,P0420,催化转化器效率低,宝马3系,145527,2024-09-07 13:02
F4586,P0299,涡轮增压器压力不足,福特蒙迪欧,89776,2024-04-19 13:45
F4587,C0121,刹车压力传感器信号异常,吉利星越L,39071,2024-09-18 13:06
F4588,B0081,主驾驶安全带传感器故障,奥迪A4L,148765,2024-10-06 12:23
F4589,P0521,机油压力传感器电路范围故障,长城哈弗H6,78794,2024-12-14 16:00
F4590,C0561,ABS系统控制模块故障,奔驰C级,63280,2024-11-04 16:10
F4591,P0340,凸轮轴位置传感器电路故障,丰田凯美瑞,45181,2024-02-14 11:43
F4592,B0100,空气囊控制模块故障,大众帕萨特,22774,2024-08-07 11:46
F4593,P0122,节气门位置传感器电压低,本田CR-V,134812,2024-10-30 10:54
F4594,C0035,左前轮速传感器电路故障,比亚迪宋PLUS,128568,2025-07-21 13:42
F4595,P0442,燃油蒸发系统泄漏（小泄漏）,宝马5系,53912,2024-11-19 14:51
F4596,B0200,右前安全气囊传感器故障,奥迪Q5L,127057,2024-03-04 16:01
F4597,P0606,ECM内部控制模块处理器故障,福特锐界,142007,2024-03-06 08:23
F4598,C0051,右后轮速传感器电路故障,吉利博越,31103,2025-07-21 14:14
F4599,B0016,驾驶员侧安全气囊模块故障,长城魏派VV7,131589,2025-01-20 15:29
F4600,P0113,进气温度传感器电压高,奔驰E级,91774,2025-09-14 17:11
F4601,P0301,1缸失火，发动机抖动,丰田卡罗拉,111183,2025-11-21 09:36
F4602,C0045,右前轮速传感器故障,大众朗逸,140696,2025-03-12 15:10
F4603,P0171,燃油系统过稀,本田思域,145336,2024-12-14 09:17
F4604,B1234,空调压缩机不工作,比亚迪汉,23614,2024-10-09 12:14
F4605,P0420,催化转化器效率低,宝马3系,68618,2024-04-02 16:58
F4606,P0299,涡轮增压器压力不足,福特蒙迪欧,31600,2024-09-22 12:01
F4607,C0121,刹车压力传感器信号异常,吉利星越L,35156,2024-12-31 15:51
F4608,B0081,主驾驶安全带传感器故障,奥迪A4L,67630,2025-08-19 16:16
F4609,P0521,机油压力传感器电路范围故障,长城哈弗H6,138473,2024-11-07 12:51
F4610,C0561,ABS系统控制模块故障,奔驰C级,98038,2025-12-05 17:54
F4611,P0340,凸轮轴位置传感器电路故障,丰田凯美瑞,67510,2024-11-26 10:13
F4612,B0100,空气囊控制模块故障,大众帕萨特,38148,2024-05-31 10:41
F4613,P0122,节气门位置传感器电压低,本田CR-V,149590,2025-10-22 17:24
F4614,C0035,左前轮速传感器电路故障,比亚迪宋PLUS,38089,2024-03-15 15:31
F4615,P0442,燃油蒸发系统泄漏（小泄漏）,宝马5系,31733,2024-08-21 09:51
F4616,B0200,右前安全气囊传感器故障,奥迪Q5L,36470,2025-02-28 12:30
F4617,P0606,ECM内部控制模块处理器故障,福特锐界,76872,2025-05-01 10:15
F4618,C0051,右后轮速传感器电路故障,吉利博越,137433,2025-11-11 09:11
F4619,B0016,驾驶员侧安全气囊模块故障,长城魏派VV7,114480,2025-01-22 09:05
F4620,P0113,进气温度传感器电压高,奔驰E级,129327,2025-10-09 17:25
F4621,P0301,1缸失火，发动机抖动,丰田卡罗拉,52670,2024-01-27 13:16
F4622,C0045,右前轮速传感器故障,大众朗逸,56405,2025-09-26 14:58
F4623,P0171,燃油系统过稀,本田思域,66375,2025-10-29 16:23
F4624,B1234,空调压缩机不工作,比亚迪汉,123630,2025-11-15 12:45
F4625,P0420,催化转化器效率低,宝马3系,27600,2024-10-27 12:27
F4626,P0299,涡轮增压器压力不足,福特蒙迪欧,64421,2025-01-02 09:07
F4627,C0121,刹车压力传感器信号异常,吉利星越L,119760,2025-08-16 16:31
F4628,B0081,主驾驶安全带传感器故障,奥迪A4L,129010,2024-09-02 10:09
F4629,P0521,机油压力传感器电路范围故障,长城哈弗H6,81108,2024-10-31 09:46
F4630,C0561,ABS系统控制模块故障,奔驰C级,82309,2025-12-03 12:19
F4631,P0340,凸轮轴位置传感器电路故障,丰田凯美瑞,113301,2024-06-20 09:21
F4632,B0100,空气囊控制模块故障,大众帕萨特,58801,2024-06-17 10:55
F4633,P0122,节气门位置传感器电压低,本田CR-V,43680,2025-07-30 17:39
F4634,C0035,左前轮速传感器电路故障,比亚迪宋PLUS,138768,2025-11-13 08:33
F4635,P0442,燃油蒸发系统泄漏（小泄漏）,宝马5系,133488,2024-07-07 10:34
F4636,B0200,右前安全气囊传感器故障,奥迪Q5L,108210,2025-04-06 11:46
F4637,P0606,ECM内部控制模块处理器故障,福特锐界,126972,2025-07-19 14:37
F4638,C0051,右后轮速传感器电路故障,吉利博越,40140,2024-04-24 12:06
F4639,B0016,驾驶员侧安全气囊模块故障,长城魏派VV7,145679,2024-02-29 08:57
F4640,P0113,进气温度传感器电压高,奔驰E级,110753,2025-03-13 08:13
F4641,P0301,1缸失火，发动机抖动,丰田卡罗拉,64337,2025-07-20 10:11
F4642,C0045,右前轮速传感器故障,大众朗逸,44640,2024-05-16 16:19
F4643,P0171,燃油系统过稀,本田思域,123389,2024-07-30 13:02
F4644,B1234,空调压缩机不工作,比亚迪汉,29193,2025-10-22 13:40
F4645,P0420,催化转化器效率低,宝马3系,99817,2024-02-04 13:46
F4646,P0299,涡轮增压器压力不足,福特蒙迪欧,28730,2024-11-14 14:05
F4647,C0121,刹车压力传感器信号异常,吉利星越L,117444,2024-10-28 17:48
F4648,B0081,主驾驶安全带传感器故障,奥迪A4L,134233,2024-05-04 11:58
F4649,P0521,机油压力传感器电路范围故障,长城哈弗H6,101570,2024-02-17 13:11
F4650,C0561,ABS系统控制模块故障,奔驰C级,63373,2025-12-01 11:39
F4651,P0340,凸轮轴位置传感器电路故障,丰田凯美瑞,38885,2025-05-01 14:25
F4652,B0100,空气囊控制模块故障,大众帕萨特,63227,2025-08-17 13:59
F4653,P0122,节气门位置传感器电压低,本田CR-V,117628,2025-10-24 12:21
F4654,C0035,左前轮速传感器电路故障,比亚迪宋PLUS,32059,2025-01-05 17:34
F4655,P0442,燃油蒸发系统泄漏（小泄漏）,宝马5系,103263,2025-05-14 15:15
F4656,B0200,右前安全气囊传感器故障,奥迪Q5L,41937,2024-06-01 09:52
F4657,P0606,ECM内部控制模块处理器故障,福特锐界,89824,2025-02-27 09:43
F4658,C0051,右后轮速传感器电路故障,吉利博越,27141,2025-03-09 13:26
F4659,B0016,驾驶员侧安全气囊模块故障,长城魏派VV7,107486,2024-05-02 17:01
F4660,P0113,进气温度传感器电压高,奔驰E级,146297,2024-06-07 11:10
F4661,P0301,1缸失火，发动机抖动,丰田卡罗拉,112220,2024-04-14 12:44
F4662,C0045,右前轮速传感器故障,大众朗逸,97706,2025-03-28 13:27
F4663,P0171,燃油系统过稀,本田思域,78991,2024-01-07 09:22
F4664,B1234,空调压缩机不工作,比亚迪汉,28534,2024-08-14 15:48
F4665,P0420,催化转化器效率低,宝马3系,25173,2024-03-09 17:03
F4666,P0299,涡轮增压器压力不足,福特蒙迪欧,25684,2025-07-15 08:17
F4667,C0121,刹车压力传感器信号异常,吉利星越L,113769,2025-09-19 09:33
F4668,B0081,主驾驶安全带传感器故障,奥迪A4L,58369,2025-08-09 12:08
F4669,P0521,机油压力传感器电路范围故障,长城哈弗H6,64733,2024-01-29 08:13
F4670,C0561,ABS系统控制模块故障,奔驰C级,67027,2025-12-17 10:30
F4671,P0340,凸轮轴位置传感器电路故障,丰田凯美瑞,89334,2025-07-21 13:18
F4672,B0100,空气囊控制模块故障,大众帕萨特,32585,2024-03-10 14:28
F4673,P0122,节气门位置传感器电压低,本田CR-V,103970,2025-08-07 10:38
F4674,C0035,左前轮速传感器电路故障,比亚迪宋PLUS,99022,2024-11-17 16:13
F4675,P0442,燃油蒸发系统泄漏（小泄漏）,宝马5系,75236,2024-08-07 08:26
F4676,B0200,右前安全气囊传感器故障,奥迪Q5L,47060,2025-01-20 15:52
F4677,P0606,ECM内部控制模块处理器故障,福特锐界,107716,2024-04-06 10:41
F4678,C0051,右后轮速传感器电路故障,吉利博越,133611,2024-12-08 11:28
F4679,B0016,驾驶员侧安全气囊模块故障,长城魏派VV7,49640,2025-09-03 16:57
F4680,P0113,进气温度传感器电压高,奔驰E级,35595,2025-04-16 08:12
F4681,P0301,1缸失火，发动机抖动,丰田卡罗拉,32084,2025-03-02 12:50
F4682,C0045,右前轮速传感器故障,大众朗逸,37143,2024-12-12 17:38
F4683,P0171,燃油系统过稀,本田思域,50158,2025-10-10 08:05
F4684,B1234,空调压缩机不工作,比亚迪汉,67968,2024-10-06 15:38
F4685,P0420,催化转化器效率低,宝马3系,32205,2024-11-15 12:10
F4686,P0299,涡轮增压器压力不足,福特蒙迪欧,40717,2024-12-25 08:53
F4687,C0121,刹车压力传感器信号异常,吉利星越L,117037,2024-01-17 17:34
F4688,B0081,主驾驶安全带传感器故障,奥迪A4L,117583,2025-03-10 11:10
F4689,P0521,机油压力传感器电路范围故障,长城哈弗H6,76377,2025-12-13 10:27
F4690,C0561,ABS系统控制模块故障,奔驰C级,98513,2025-09-29 08:55
F4691,P0340,凸轮轴位置传感器电路故障,丰田凯美瑞,131349,2024-12-22 13:08
F4692,B0100,空气囊控制模块故障,大众帕萨特,35981,2024-10-20 09:24
F4693,P0122,节气门位置传感器电压低,本田CR-V,79576,2024-12-29 08:05
F4694,C0035,左前轮速传感器电路故障,比亚迪宋PLUS,133818,2024-12-15 15:39
F4695,P0442,燃油蒸发系统泄漏（小泄漏）,宝马5系,21430,2024-02-11 14:20
F4696,B0200,右前安全气囊传感器故障,奥迪Q5L,106130,2025-07-13 13:13
F4697,P0606,ECM内部控制模块处理器故障,福特锐界,84441,2024-07-31 11:39
F4698,C0051,右后轮速传感器电路故障,吉利博越,63261,2025-08-02 15:09
F4699,B0016,驾驶员侧安全气囊模块故障,长城魏派VV7,51448,2025-10-11 11:57
F4700,P0113,进气温度传感器电压高,奔驰E级,47716,2025-01-10 11:39
F4701,P0301,1缸失火，发动机抖动,丰田卡罗拉,73586,2024-09-20 08:04
F4702,C0045,右前轮速传感器故障,大众朗逸,93808,2024-03-31 10:59
F4703,P0171,燃油系统过稀,本田思域,135021,2024-04-14 12:47
F4704,B1234,空调压缩机不工作,比亚迪汉,68671,2025-12-20 09:17
F4705,P0420,催化转化器效率低,宝马3系,94732,2024-07-18 14:43
F4706,P0299,涡轮增压器压力不足,福特蒙迪欧,39575,2025-04-17 12:53
F4707,C0121,刹车压力传感器信号异常,吉利星越L,137313,2025-06-29 14:59
F4708,B0081,主驾驶安全带传感器故障,奥迪A4L,52756,2024-02-13 16:56
F4709,P0521,机油压力传感器电路范围故障,长城哈弗H6,106136,2024-09-21 17:26
F4710,C0561,ABS系统控制模块故障,奔驰C级,116545,2025-05-07 09:35
F4711,P0340,凸轮轴位置传感器电路故障,丰田凯美瑞,91232,2024-12-24 11:41
F4712,B0100,空气囊控制模块故障,大众帕萨特,122773,2024-01-03 13:45
F4713,P0122,节气门位置传感器电压低,本田CR-V,81342,2024-05-24 10:55
F4714,C0035,左前轮速传感器电路故障,比亚迪宋PLUS,64444,2025-01-18 15:29
F4715,P0442,燃油蒸发系统泄漏（小泄漏）,宝马5系,87299,2025-12-26 08:59
F4716,B0200,右前安全气囊传感器故障,奥迪Q5L,147056,2025-08-07 15:42
F4717,P0606,ECM内部控制模块处理器故障,福特锐界,27702,2024-01-07 14:33
F4718,C0051,右后轮速传感器电路故障,吉利博越,66368,2024-12-02 15:31
F4719,B0016,驾驶员侧安全气囊模块故障,长城魏派VV7,72605,2025-12-03 13:49
F4720,P0113,进气温度传感器电压高,奔驰E级,138982,2025-03-22 10:42
F4721,P0301,1缸失火，发动机抖动,丰田卡罗拉,28150,2025-10-30 16:39
F4722,C0045,右前轮速传感器故障,大众朗逸,115096,2025-11-21 17:51
F4723,P0171,燃油系统过稀,本田思域,65620,2025-07-31 09:18
F4724,B1234,空调压缩机不工作,比亚迪汉,37682,2025-09-22 14:49
F4725,P0420,催化转化器效率低,宝马3系,57977,2024-08-27 08:55
F4726,P0299,涡轮增压器压力不足,福特蒙迪欧,98925,2024-11-01 16:44
F4727,C0121,刹车压力传感器信号异常,吉利星越L,119809,2025-11-30 09:55
F4728,B0081,主驾驶安全带传感器故障,奥迪A4L,73984,2024-06-01 11:16
F4729,P0521,机油压力传感器电路范围故障,长城哈弗H6,132772,2024-08-31 12:51
F4730,C0561,ABS系统控制模块故障,奔驰C级,147886,2024-10-22 12:58
F4731,P0340,凸轮轴位置传感器电路故障,丰田凯美瑞,98654,2024-10-23 13:53
F4732,B0100,空气囊控制模块故障,大众帕萨特,105022,2024-01-12 16:03
F4733,P0122,节气门位置传感器电压低,本田CR-V,91253,2024-05-26 16:18
F4734,C0035,左前轮速传感器电路故障,比亚迪宋PLUS,99277,2025-11-17 15:40
F4735,P0442,燃油蒸发系统泄漏（小泄漏）,宝马5系,53908,2024-09-12 17:27
F4736,B0200,右前安全气囊传感器故障,奥迪Q5L,110552,2024-06-04 16:25
F4737,P0606,ECM内部控制模块处理器故障,福特锐界,67082,2025-11-06 15:37
F4738,C0051,右后轮速传感器电路故障,吉利博越,112352,2024-10-01 15:27
F4739,B0016,驾驶员侧安全气囊模块故障,长城魏派VV7,67277,2024-10-29 13:34
F4740,P0113,进气温度传感器电压高,奔驰E级,59970,2024-04-24 08:46
F4741,P0301,1缸失火，发动机抖动,丰田卡罗拉,87496,2025-10-21 17:36
F4742,C0045,右前轮速传感器故障,大众朗逸,36297,2024-03-22 17:43
F4743,P0171,燃油系统过稀,本田思域,66068,2024-11-07 17:38
F4744,B1234,空调压缩机不工作,比亚迪汉,123982,2024-07-05 08:02
F4745,P0420,催化转化器效率低,宝马3系,121580,2025-09-20 14:44
F4746,P0299,涡轮增压器压力不足,福特蒙迪欧,137202,2024-12-27 08:43
F4747,C0121,刹车压力传感器信号异常,吉利星越L,145651,2024-01-02 12:11
F4748,B0081,主驾驶安全带传感器故障,奥迪A4L,85745,2025-12-07 16:32
F4749,P0521,机油压力传感器电路范围故障,长城哈弗H6,112134,2025-01-04 13:47
F4750,C0561,ABS系统控制模块故障,奔驰C级,92861,2025-01-02 16:09
F4751,P0340,凸轮轴位置传感器电路故障,丰田凯美瑞,33252,2025-04-10 17:58
F4752,B0100,空气囊控制模块故障,大众帕萨特,97730,2025-05-03 13:09
F4753,P0122,节气门位置传感器电压低,本田CR-V,121717,2025-07-30 13:39
F4754,C0035,左前轮速传感器电路故障,比亚迪宋PLUS,121493,2024-02-07 15:03
F4755,P0442,燃油蒸发系统泄漏（小泄漏）,宝马5系,51579,2024-03-04 15:28
F4756,B0200,右前安全气囊传感器故障,奥迪Q5L,32772,2024-06-22 16:03
F4757,P0606,ECM内部控制模块处理器故障,福特锐界,113367,2024-01-04 13:48
F4758,C0051,右后轮速传感器电路故障,吉利博越,28310,2025-08-25 16:20
F4759,B0016,驾驶员侧安全气囊模块故障,长城魏派VV7,63246,2025-06-18 15:23
F4760,P0113,进气温度传感器电压高,奔驰E级,39932,2025-12-26 17:16
F4761,P0301,1缸失火，发动机抖动,丰田卡罗拉,119398,2025-04-01 10:54
F4762,C0045,右前轮速传感器故障,大众朗逸,122299,2024-07-08 15:35
F4763,P0171,燃油系统过稀,本田思域,43364,2024-03-08 11:03
F4764,B1234,空调压缩机不工作,比亚迪汉,77181,2025-05-22 09:14
F4765,P0420,催化转化器效率低,宝马3系,84305,2024-07-18 13:14
F4766,P0299,涡轮增压器压力不足,福特蒙迪欧,42450,2024-04-11 16:45
F4767,C0121,刹车压力传感器信号异常,吉利星越L,68634,2024-04-28 12:09
F4768,B0081,主驾驶安全带传感器故障,奥迪A4L,57366,2024-07-29 10:36
F4769,P0521,机油压力传感器电路范围故障,长城哈弗H6,21287,2024-07-13 17:15
F4770,C0561,ABS系统控制模块故障,奔驰C级,92321,2025-10-17 14:59
F4771,P0340,凸轮轴位置传感器电路故障,丰田凯美瑞,119129,2025-08-30 09:02
F4772,B0100,空气囊控制模块故障,大众帕萨特,144448,2024-12-21 14:27
F4773,P0122,节气门位置传感器电压低,本田CR-V,26038,2025-08-19 08:57
F4774,C0035,左前轮速传感器电路故障,比亚迪宋PLUS,54044,2025-12-08 17:22
F4775,P0442,燃油蒸发系统泄漏（小泄漏）,宝马5系,116938,2025-12-04 12:21
F4776,B0200,右前安全气囊传感器故障,奥迪Q5L,132914,2024-05-23 16:06
F4777,P0606,ECM内部控制模块处理器故障,福特锐界,136786,2025-06-30 11:29
F4778,C0051,右后轮速传感器电路故障,吉利博越,138768,2025-12-10 16:13
F4779,B0016,驾驶员侧安全气囊模块故障,长城魏派VV7,121977,2025-04-05 16:52
F4780,P0113,进气温度传感器电压高,奔驰E级,120888,2024-11-09 12:47
F4781,P0301,1缸失火，发动机抖动,丰田卡罗拉,51437,2025-04-28 12:38
F4782,C0045,右前轮速传感器故障,大众朗逸,64755,2024-08-06 13:55
F4783,P0171,燃油系统过稀,本田思域,24156,2025-03-06 12:12
F4784,B1234,空调压缩机不工作,比亚迪汉,62782,2024-01-05 13:27
F4785,P0420,催化转化器效率低,宝马3系,119904,2025-03-22 10:08
F4786,P0299,涡轮增压器压力不足,福特蒙迪欧,78278,2024-12-16 16:26
F4787,C0121,刹车压力传感器信号异常,吉利星越L,84376,2025-02-18 14:12
F4788,B0081,主驾驶安全带传感器故障,奥迪A4L,22679,2025-01-14 17:55
F4789,P0521,机油压力传感器电路范围故障,长城哈弗H6,146591,2024-04-26 16:54
F4790,C0561,ABS系统控制模块故障,奔驰C级,114094,2025-04-17 08:43
F4791,P0340,凸轮轴位置传感器电路故障,丰田凯美瑞,64590,2025-03-25 08:40
F4792,B0100,空气囊控制模块故障,大众帕萨特,119889,2024-08-13 10:55
F4793,P0122,节气门位置传感器电压低,本田CR-V,82065,2025-08-08 13:27
F4794,C0035,左前轮速传感器电路故障,比亚迪宋PLUS,66955,2024-01-03 13:14
F4795,P0442,燃油蒸发系统泄漏（小泄漏）,宝马5系,27561,2024-01-02 09:29
F4796,B0200,右前安全气囊传感器故障,奥迪Q5L,87385,2025-12-28 14:05
F4797,P0606,ECM内部控制模块处理器故障,福特锐界,72101,2025-12-26 13:50
F4798,C0051,右后轮速传感器电路故障,吉利博越,146071,2024-09-18 16:24
F4799,B0016,驾驶员侧安全气囊模块故障,长城魏派VV7,85513,2025-06-04 15:04
F4800,P0113,进气温度传感器电压高,奔驰E级,26930,2024-07-17 12:06
F4801,P0301,1缸失火，发动机抖动,丰田卡罗拉,23300,2025-02-13 17:32
F4802,C0045,右前轮速传感器故障,大众朗逸,116758,2025-12-05 10:46
F4803,P0171,燃油系统过稀,本田思域,96259,2025-09-25 10:16
F4804,B1234,空调压缩机不工作,比亚迪汉,130271,2025-07-27 10:34
F4805,P0420,催化转化器效率低,宝马3系,121826,2025-04-25 10:53
F4806,P0299,涡轮增压器压力不足,福特蒙迪欧,81185,2025-07-23 09:56
F4807,C0121,刹车压力传感器信号异常,吉利星越L,125717,2025-06-20 13:06
F4808,B0081,主驾驶安全带传感器故障,奥迪A4L,22962,2025-11-24 09:28
F4809,P0521,机油压力传感器电路范围故障,长城哈弗H6,114455,2024-05-29 16:32
F4810,C0561,ABS系统控制模块故障,奔驰C级,90113,2024-08-09 09:05
F4811,P0340,凸轮轴位置传感器电路故障,丰田凯美瑞,127965,2024-09-14 12:44
F4812,B0100,空气囊控制模块故障,大众帕萨特,94864,2024-05-16 14:30
F4813,P0122,节气门位置传感器电压低,本田CR-V,37567,2025-07-12 14:28
F4814,C0035,左前轮速传感器电路故障,比亚迪宋PLUS,145062,2025-01-19 15:31
F4815,P0442,燃油蒸发系统泄漏（小泄漏）,宝马5系,129751,2024-02-24 16:33
F4816,B0200,右前安全气囊传感器故障,奥迪Q5L,87827,2025-11-09 12:17
F4817,P0606,ECM内部控制模块处理器故障,福特锐界,53837,2025-03-23 08:11
F4818,C0051,右后轮速传感器电路故障,吉利博越,123844,2025-06-25 09:12
F4819,B0016,驾驶员侧安全气囊模块故障,长城魏派VV7,87701,2024-08-27 15:23
F4820,P0113,进气温度传感器电压高,奔驰E级,125655,2025-08-24 15:39
F4821,P0301,1缸失火，发动机抖动,丰田卡罗拉,103844,2024-09-12 17:26
F4822,C0045,右前轮速传感器故障,大众朗逸,37788,2024-05-01 16:59
F4823,P0171,燃油系统过稀,本田思域,81341,2024-12-01 15:33
F4824,B1234,空调压缩机不工作,比亚迪汉,124006,2025-01-12 17:57
F4825,P0420,催化转化器效率低,宝马3系,135559,2024-07-24 17:50
F4826,P0299,涡轮增压器压力不足,福特蒙迪欧,143867,2024-07-20 16:23
F4827,C0121,刹车压力传感器信号异常,吉利星越L,38822,2025-12-09 09:16
F4828,B0081,主驾驶安全带传感器故障,奥迪A4L,125999,2024-06-29 15:24
F4829,P0521,机油压力传感器电路范围故障,长城哈弗H6,119288,2024-04-04 14:00
F4830,C0561,ABS系统控制模块故障,奔驰C级,140439,2024-03-01 16:07
F4831,P0340,凸轮轴位置传感器电路故障,丰田凯美瑞,119935,2025-04-14 17:24
F4832,B0100,空气囊控制模块故障,大众帕萨特,100541,2024-08-13 14:44
F4833,P0122,节气门位置传感器电压低,本田CR-V,137399,2025-05-06 11:10
F4834,C0035,左前轮速传感器电路故障,比亚迪宋PLUS,130937,2025-11-24 12:23
F4835,P0442,燃油蒸发系统泄漏（小泄漏）,宝马5系,89208,2024-06-25 09:52
F4836,B0200,右前安全气囊传感器故障,奥迪Q5L,118311,2024-11-28 08:11
F4837,P0606,ECM内部控制模块处理器故障,福特锐界,149151,2024-11-04 10:25
F4838,C0051,右后轮速传感器电路故障,吉利博越,88444,2024-01-24 16:31
F4839,B0016,驾驶员侧安全气囊模块故障,长城魏派VV7,106667,2025-03-27 14:48
F4840,P0113,进气温度传感器电压高,奔驰E级,76530,2025-01-03 16:54
F4841,P0301,1缸失火，发动机抖动,丰田卡罗拉,124211,2025-01-13 14:18
F4842,C0045,右前轮速传感器故障,大众朗逸,65883,2025-07-25 17:48
F4843,P0171,燃油系统过稀,本田思域,61781,2025-02-25 15:25
F4844,B1234,空调压缩机不工作,比亚迪汉,92047,2024-08-11 12:33
F4845,P0420,催化转化器效率低,宝马3系,124621,2025-09-19 11:18
F4846,P0299,涡轮增压器压力不足,福特蒙迪欧,53434,2024-09-29 13:38
F4847,C0121,刹车压力传感器信号异常,吉利星越L,29109,2024-06-01 10:14
F4848,B0081,主驾驶安全带传感器故障,奥迪A4L,93143,2024-09-14 10:43
F4849,P0521,机油压力传感器电路范围故障,长城哈弗H6,121699,2025-11-28 10:05
F4850,C0561,ABS系统控制模块故障,奔驰C级,63960,2025-03-09 08:28
F4851,P0340,凸轮轴位置传感器电路故障,丰田凯美瑞,68220,2025-01-03 09:34
F4852,B0100,空气囊控制模块故障,大众帕萨特,144392,2024-10-18 17:16
F4853,P0122,节气门位置传感器电压低,本田CR-V,149712,2024-03-03 13:02
F4854,C0035,左前轮速传感器电路故障,比亚迪宋PLUS,91195,2024-04-24 08:11
F4855,P0442,燃油蒸发系统泄漏（小泄漏）,宝马5系,90583,2024-07-14 16:15
F4856,B0200,右前安全气囊传感器故障,奥迪Q5L,97806,2025-05-01 14:22
F4857,P0606,ECM内部控制模块处理器故障,福特锐界,132771,2025-03-13 15:17
F4858,C0051,右后轮速传感器电路故障,吉利博越,104152,2025-06-02 09:35
F4859,B0016,驾驶员侧安全气囊模块故障,长城魏派VV7,126141,2024-11-10 14:25
F4860,P0113,进气温度传感器电压高,奔驰E级,125290,2025-02-01 15:15
F4861,P0301,1缸失火，发动机抖动,丰田卡罗拉,117087,2024-12-02 12:46
F4862,C0045,右前轮速传感器故障,大众朗逸,96997,2025-08-19 08:15
F4863,P0171,燃油系统过稀,本田思域,110074,2025-07-11 09:01
F4864,B1234,空调压缩机不工作,比亚迪汉,112125,2025-05-22 15:54
F4865,P0420,催化转化器效率低,宝马3系,88491,2025-05-03 10:32
F4866,P0299,涡轮增压器压力不足,福特蒙迪欧,52491,2025-01-06 10:32
F4867,C0121,刹车压力传感器信号异常,吉利星越L,55305,2025-02-22 17:40
F4868,B0081,主驾驶安全带传感器故障,奥迪A4L,26825,2024-09-22 10:42
F4869,P0521,机油压力传感器电路范围故障,长城哈弗H6,65164,2025-06-20 14:59
F4870,C0561,ABS系统控制模块故障,奔驰C级,69630,2025-09-01 14:49
F4871,P0340,凸轮轴位置传感器电路故障,丰田凯美瑞,35923,2024-04-19 09:14
F4872,B0100,空气囊控制模块故障,大众帕萨特,98652,2025-04-03 09:16
F4873,P0122,节气门位置传感器电压低,本田CR-V,137873,2024-01-14 17:26
F4874,C0035,左前轮速传感器电路故障,比亚迪宋PLUS,130601,2024-06-14 15:25
F4875,P0442,燃油蒸发系统泄漏（小泄漏）,宝马5系,56771,2024-05-29 10:22
F4876,B0200,右前安全气囊传感器故障,奥迪Q5L,49985,2024-08-19 16:30
F4877,P0606,ECM内部控制模块处理器故障,福特锐界,81994,2024-06-10 11:50
F4878,C0051,右后轮速传感器电路故障,吉利博越,59869,2025-02-24 13:01
F4879,B0016,驾驶员侧安全气囊模块故障,长城魏派VV7,114699,2025-05-09 11:07
F4880,P0113,进气温度传感器电压高,奔驰E级,141294,2024-10-05 15:18
F4881,P0301,1缸失火，发动机抖动,丰田卡罗拉,129948,2025-01-18 08:23
F4882,C0045,右前轮速传感器故障,大众朗逸,105568,2025-05-10 10:34
F4883,P0171,燃油系统过稀,本田思域,92135,2025-10-28 16:11
F4884,B1234,空调压缩机不工作,比亚迪汉,80897,2024-06-06 11:35
F4885,P0420,催化转化器效率低,宝马3系,117500,2024-09-12 14:16
F4886,P0299,涡轮增压器压力不足,福特蒙迪欧,48147,2024-06-26 11:05
F4887,C0121,刹车压力传感器信号异常,吉利星越L,49743,2024-06-10 14:10
F4888,B0081,主驾驶安全带传感器故障,奥迪A4L,36511,2024-04-25 09:45
F4889,P0521,机油压力传感器电路范围故障,长城哈弗H6,88180,2025-12-14 09:22
F4890,C0561,ABS系统控制模块故障,奔驰C级,107700,2025-10-10 16:33
F4891,P0340,凸轮轴位置传感器电路故障,丰田凯美瑞,22137,2025-02-02 13:12
F4892,B0100,空气囊控制模块故障,大众帕萨特,132488,2024-07-07 09:40
F4893,P0122,节气门位置传感器电压低,本田CR-V,82100,2025-08-06 14:27
F4894,C0035,左前轮速传感器电路故障,比亚迪宋PLUS,69612,2025-07-10 17:20
F4895,P0442,燃油蒸发系统泄漏（小泄漏）,宝马5系,112538,2024-04-30 11:57
F4896,B0200,右前安全气囊传感器故障,奥迪Q5L,23223,2024-03-26 12:45
F4897,P0606,ECM内部控制模块处理器故障,福特锐界,38191,2025-10-09 12:27
F4898,C0051,右后轮速传感器电路故障,吉利博越,57599,2025-01-15 11:14
F4899,B0016,驾驶员侧安全气囊模块故障,长城魏派VV7,60202,2024-07-22 11:31
F4900,P0113,进气温度传感器电压高,奔驰E级,102627,2024-02-13 09:56
F4901,P0301,1缸失火，发动机抖动,丰田卡罗拉,66488,2024-10-16 15:00
F4902,C0045,右前轮速传感器故障,大众朗逸,98940,2025-09-15 09:42
F4903,P0171,燃油系统过稀,本田思域,38493,2025-11-26 09:34
F4904,B1234,空调压缩机不工作,比亚迪汉,21166,2024-01-10 14:19
F4905,P0420,催化转化器效率低,宝马3系,43145,2024-12-14 15:38
F4906,P0299,涡轮增压器压力不足,福特蒙迪欧,139284,2024-07-10 16:47
F4907,C0121,刹车压力传感器信号异常,吉利星越L,29659,2024-03-27 08:50
F4908,B0081,主驾驶安全带传感器故障,奥迪A4L,147764,2025-05-10 14:43
F4909,P0521,机油压力传感器电路范围故障,长城哈弗H6,112498,2024-05-11 15:43
F4910,C0561,ABS系统控制模块故障,奔驰C级,81409,2025-07-24 14:25
F4911,P0340,凸轮轴位置传感器电路故障,丰田凯美瑞,32279,2024-07-06 11:56
F4912,B0100,空气囊控制模块故障,大众帕萨特,131035,2024-05-20 10:25
F4913,P0122,节气门位置传感器电压低,本田CR-V,124463,2024-11-29 14:27
F4914,C0035,左前轮速传感器电路故障,比亚迪宋PLUS,40796,2025-12-03 12:07
F4915,P0442,燃油蒸发系统泄漏（小泄漏）,宝马5系,22238,2025-08-04 10:57
F4916,B0200,右前安全气囊传感器故障,奥迪Q5L,100756,2024-03-19 08:38
F4917,P0606,ECM内部控制模块处理器故障,福特锐界,109872,2025-12-25 14:04
F4918,C0051,右后轮速传感器电路故障,吉利博越,133524,2025-03-03 14:05
F4919,B0016,驾驶员侧安全气囊模块故障,长城魏派VV7,29886,2024-06-09 11:50
F4920,P0113,进气温度传感器电压高,奔驰E级,21605,2025-10-31 16:32
F4921,P0301,1缸失火，发动机抖动,丰田卡罗拉,62696,2024-02-11 12:14
F4922,C0045,右前轮速传感器故障,大众朗逸,39657,2024-04-21 14:10
F4923,P0171,燃油系统过稀,本田思域,75615,2025-02-06 15:55
F4924,B1234,空调压缩机不工作,比亚迪汉,53749,2025-07-31 14:03
F4925,P0420,催化转化器效率低,宝马3系,149806,2025-05-18 14:29
F4926,P0299,涡轮增压器压力不足,福特蒙迪欧,71403,2024-07-10 17:11
F4927,C0121,刹车压力传感器信号异常,吉利星越L,84701,2025-05-25 13:12
F4928,B0081,主驾驶安全带传感器故障,奥迪A4L,87702,2024-09-12 15:44
F4929,P0521,机油压力传感器电路范围故障,长城哈弗H6,42896,2024-02-11 11:38
F4930,C0561,ABS系统控制模块故障,奔驰C级,128967,2024-03-07 17:59
F4931,P0340,凸轮轴位置传感器电路故障,丰田凯美瑞,22332,2025-01-05 14:58
F4932,B0100,空气囊控制模块故障,大众帕萨特,44736,2024-09-08 10:48
F4933,P0122,节气门位置传感器电压低,本田CR-V,108063,2025-08-19 11:42
F4934,C0035,左前轮速传感器电路故障,比亚迪宋PLUS,29428,2025-02-20 13:21
F4935,P0442,燃油蒸发系统泄漏（小泄漏）,宝马5系,65402,2024-08-31 08:43
F4936,B0200,右前安全气囊传感器故障,奥迪Q5L,135539,2024-12-07 15:37
F4937,P0606,ECM内部控制模块处理器故障,福特锐界,57357,2025-08-12 15:02
F4938,C0051,右后轮速传感器电路故障,吉利博越,51548,2025-06-27 13:40
F4939,B0016,驾驶员侧安全气囊模块故障,长城魏派VV7,76365,2025-02-28 08:12
F4940,P0113,进气温度传感器电压高,奔驰E级,34031,2025-11-13 16:40
F4941,P0301,1缸失火，发动机抖动,丰田卡罗拉,82114,2024-12-16 16:49
F4942,C0045,右前轮速传感器故障,大众朗逸,43216,2024-07-18 08:54
F4943,P0171,燃油系统过稀,本田思域,117616,2024-02-07 14:30
F4944,B1234,空调压缩机不工作,比亚迪汉,62715,2024-09-05 17:10
F4945,P0420,催化转化器效率低,宝马3系,43277,2024-06-19 13:54
F4946,P0299,涡轮增压器压力不足,福特蒙迪欧,146936,2024-04-19 11:56
F4947,C0121,刹车压力传感器信号异常,吉利星越L,147246,2024-03-02 10:56
F4948,B0081,主驾驶安全带传感器故障,奥迪A4L,41114,2025-01-17 14:29
F4949,P0521,机油压力传感器电路范围故障,长城哈弗H6,139293,2024-03-04 09:52
F4950,C0561,ABS系统控制模块故障,奔驰C级,122767,2024-04-20 09:05
F4951,P0340,凸轮轴位置传感器电路故障,丰田凯美瑞,117214,2025-03-24 09:25
F4952,B0100,空气囊控制模块故障,大众帕萨特,134142,2024-07-11 12:56
F4953,P0122,节气门位置传感器电压低,本田CR-V,66835,2025-03-25 11:20
F4954,C0035,左前轮速传感器电路故障,比亚迪宋PLUS,41522,2024-07-10 11:30
F4955,P0442,燃油蒸发系统泄漏（小泄漏）,宝马5系,46370,2025-06-02 11:06
F4956,B0200,右前安全气囊传感器故障,奥迪Q5L,130866,2024-09-05 17:31
F4957,P0606,ECM内部控制模块处理器故障,福特锐界,64687,2024-01-27 13:15
F4958,C0051,右后轮速传感器电路故障,吉利博越,102094,2024-05-19 14:16
F4959,B0016,驾驶员侧安全气囊模块故障,长城魏派VV7,119975,2025-09-30 17:22
F4960,P0113,进气温度传感器电压高,奔驰E级,136061,2025-02-02 17:17
F4961,P0301,1缸失火，发动机抖动,丰田卡罗拉,25817,2024-07-08 14:59
F4962,C0045,右前轮速传感器故障,大众朗逸,66632,2025-12-20 17:59
F4963,P0171,燃油系统过稀,本田思域,130899,2024-12-26 08:53
F4964,B1234,空调压缩机不工作,比亚迪汉,53454,2025-01-29 09:44
F4965,P0420,催化转化器效率低,宝马3系,103115,2024-12-06 08:32
F4966,P0299,涡轮增压器压力不足,福特蒙迪欧,54994,2025-02-10 13:17
F4967,C0121,刹车压力传感器信号异常,吉利星越L,64576,2025-02-14 13:19
F4968,B0081,主驾驶安全带传感器故障,奥迪A4L,25325,2025-05-20 09:32
F4969,P0521,机油压力传感器电路范围故障,长城哈弗H6,146670,2025-11-20 13:02
F4970,C0561,ABS系统控制模块故障,奔驰C级,65632,2024-12-09 15:27
F4971,P0340,凸轮轴位置传感器电路故障,丰田凯美瑞,37747,2024-07-15 12:56
F4972,B0100,空气囊控制模块故障,大众帕萨特,29526,2024-08-24 13:59
F4973,P0122,节气门位置传感器电压低,本田CR-V,25274,2025-08-02 11:27
F4974,C0035,左前轮速传感器电路故障,比亚迪宋PLUS,56731,2025-08-11 11:21
F4975,P0442,燃油蒸发系统泄漏（小泄漏）,宝马5系,24523,2024-12-28 08:15
F4976,B0200,右前安全气囊传感器故障,奥迪Q5L,30226,2025-08-12 11:10
F4977,P0606,ECM内部控制模块处理器故障,福特锐界,86704,2024-11-09 16:58
F4978,C0051,右后轮速传感器电路故障,吉利博越,130298,2024-05-01 10:19
F4979,B0016,驾驶员侧安全气囊模块故障,长城魏派VV7,97986,2025-03-21 13:02
F4980,P0113,进气温度传感器电压高,奔驰E级,108894,2024-08-02 10:45
F4981,P0301,1缸失火，发动机抖动,丰田卡罗拉,58842,2024-10-13 08:32
F4982,C0045,右前轮速传感器故障,大众朗逸,76682,2025-07-15 14:27
F4983,P0171,燃油系统过稀,本田思域,56897,2025-03-02 09:31
F4984,B1234,空调压缩机不工作,比亚迪汉,135389,2025-06-30 17:28
F4985,P0420,催化转化器效率低,宝马3系,61131,2024-04-21 12:50
F4986,P0299,涡轮增压器压力不足,福特蒙迪欧,42245,2024-04-18 14:21
F4987,C0121,刹车压力传感器信号异常,吉利星越L,72715,2025-07-09 16:21
F4988,B0081,主驾驶安全带传感器故障,奥迪A4L,79361,2025-08-12 15:23
F4989,P0521,机油压力传感器电路范围故障,长城哈弗H6,105752,2025-12-22 09:37
F4990,C0561,ABS系统控制模块故障,奔驰C级,38694,2025-11-22 08:20
F4991,P0340,凸轮轴位置传感器电路故障,丰田凯美瑞,32472,2025-02-04 12:58
F4992,B0100,空气囊控制模块故障,大众帕萨特,26194,2025-07-18 08:38
F4993,P0122,节气门位置传感器电压低,本田CR-V,57231,2025-07-02 17:40
F4994,C0035,左前轮速传感器电路故障,比亚迪宋PLUS,102482,2024-02-18 17:14
F4995,P0442,燃油蒸发系统泄漏（小泄漏）,宝马5系,48118,2025-04-12 09:36
F4996,B0200,右前安全气囊传感器故障,奥迪Q5L,100173,2025-09-02 10:59
F4997,P0606,ECM内部控制模块处理器故障,福特锐界,126702,2025-05-31 17:58
F4998,C0051,右后轮速传感器电路故障,吉利博越,54187,2024-09-23 16:09
F4999,B0016,驾驶员侧安全气囊模块故障,长城魏派VV7,139600,2024-03-02 08:36
F5000,P0113,进气温度传感器电压高,奔驰E级,45702,2025-04-17 14:19
F5001,P0301,1缸失火，发动机抖动,丰田卡罗拉,89048,2025-10-05 12:24
F5002,C0045,右前轮速传感器故障,大众朗逸,114865,2025-11-28 10:28
F5003,P0171,燃油系统过稀,本田思域,46833,2025-10-19 09:21
F5004,B1234,空调压缩机不工作,比亚迪汉,69421,2024-08-29 10:10
F5005,P0420,催化转化器效率低,宝马3系,149664,2024-08-02 09:29
F5006,P0299,涡轮增压器压力不足,福特蒙迪欧,67407,2025-12-22 14:23
F5007,C0121,刹车压力传感器信号异常,吉利星越L,71161,2024-12-29 13:16
F5008,B0081,主驾驶安全带传感器故障,奥迪A4L,28857,2024-08-04 11:00
F5009,P0521,机油压力传感器电路范围故障,长城哈弗H6,37582,2024-07-02 13:04
F5010,C0561,ABS系统控制模块故障,奔驰C级,24515,2025-08-06 10:41
F5011,P0340,凸轮轴位置传感器电路故障,丰田凯美瑞,86854,2024-07-09 08:54
F5012,B0100,空气囊控制模块故障,大众帕萨特,98059,2025-08-15 14:45
F5013,P0122,节气门位置传感器电压低,本田CR-V,100698,2024-10-30 17:23
F5014,C0035,左前轮速传感器电路故障,比亚迪宋PLUS,131529,2025-01-31 15:30
F5015,P0442,燃油蒸发系统泄漏（小泄漏）,宝马5系,133830,2024-04-25 08:25
F5016,B0200,右前安全气囊传感器故障,奥迪Q5L,54249,2024-04-02 15:25
F5017,P0606,ECM内部控制模块处理器故障,福特锐界,149518,2025-06-29 17:09
F5018,C0051,右后轮速传感器电路故障,吉利博越,49751,2024-08-28 12:54
F5019,B0016,驾驶员侧安全气囊模块故障,长城魏派VV7,28295,2024-09-16 11:49
F5020,P0113,进气温度传感器电压高,奔驰E级,117096,2024-02-25 12:07
F5021,P0301,1缸失火，发动机抖动,丰田卡罗拉,23096,2025-10-20 13:40
F5022,C0045,右前轮速传感器故障,大众朗逸,72285,2025-10-11 16:09
F5023,P0171,燃油系统过稀,本田思域,97241,2024-12-08 15:14
F5024,B1234,空调压缩机不工作,比亚迪汉,115005,2025-09-26 10:44
F5025,P0420,催化转化器效率低,宝马3系,123948,2025-07-06 12:17
F5026,P0299,涡轮增压器压力不足,福特蒙迪欧,71367,2025-05-14 14:45
F5027,C0121,刹车压力传感器信号异常,吉利星越L,22030,2025-11-18 17:17
F5028,B0081,主驾驶安全带传感器故障,奥迪A4L,112568,2025-05-24 11:05
F5029,P0521,机油压力传感器电路范围故障,长城哈弗H6,141999,2024-12-22 09:45
F5030,C0561,ABS系统控制模块故障,奔驰C级,97581,2025-02-18 14:56
F5031,P0340,凸轮轴位置传感器电路故障,丰田凯美瑞,89864,2024-04-10 15:59
F5032,B0100,空气囊控制模块故障,大众帕萨特,129725,2025-05-17 13:27
F5033,P0122,节气门位置传感器电压低,本田CR-V,45432,2024-08-02 16:09
F5034,C0035,左前轮速传感器电路故障,比亚迪宋PLUS,44337,2024-03-11 17:06
F5035,P0442,燃油蒸发系统泄漏（小泄漏）,宝马5系,109533,2025-02-26 15:06
F5036,B0200,右前安全气囊传感器故障,奥迪Q5L,92457,2024-12-06 14:52
F5037,P0606,ECM内部控制模块处理器故障,福特锐界,78115,2024-12-18 14:45
F5038,C0051,右后轮速传感器电路故障,吉利博越,103757,2024-01-02 08:32
F5039,B0016,驾驶员侧安全气囊模块故障,长城魏派VV7,113440,2025-10-04 14:34
F5040,P0113,进气温度传感器电压高,奔驰E级,81052,2025-05-10 17:37
F5041,P0301,1缸失火，发动机抖动,丰田卡罗拉,27294,2024-01-19 13:05
F5042,C0045,右前轮速传感器故障,大众朗逸,25749,2024-02-09 16:04
F5043,P0171,燃油系统过稀,本田思域,33013,2024-01-19 16:48
F5044,B1234,空调压缩机不工作,比亚迪汉,122389,2025-03-19 08:10
F5045,P0420,催化转化器效率低,宝马3系,20927,2025-01-23 11:41
F5046,P0299,涡轮增压器压力不足,福特蒙迪欧,96623,2025-08-14 15:36
F5047,C0121,刹车压力传感器信号异常,吉利星越L,83228,2024-01-07 12:46
F5048,B0081,主驾驶安全带传感器故障,奥迪A4L,57841,2024-10-31 11:22
F5049,P0521,机油压力传感器电路范围故障,长城哈弗H6,82464,2025-08-15 15:57
F5050,C0561,ABS系统控制模块故障,奔驰C级,95610,2024-07-27 17:06
F5051,P0340,凸轮轴位置传感器电路故障,丰田凯美瑞,129514,2025-04-06 14:56
F5052,B0100,空气囊控制模块故障,大众帕萨特,81661,2025-06-29 13:16
F5053,P0122,节气门位置传感器电压低,本田CR-V,25396,2024-01-03 08:58
F5054,C0035,左前轮速传感器电路故障,比亚迪宋PLUS,104801,2024-10-16 15:34
F5055,P0442,燃油蒸发系统泄漏（小泄漏）,宝马5系,141607,2025-09-29 12:36
F5056,B0200,右前安全气囊传感器故障,奥迪Q5L,59276,2025-12-26 10:33
F5057,P0606,ECM内部控制模块处理器故障,福特锐界,148245,2025-11-04 10:38
F5058,C0051,右后轮速传感器电路故障,吉利博越,95214,2025-06-01 09:18
F5059,B0016,驾驶员侧安全气囊模块故障,长城魏派VV7,46401,2025-08-26 11:59
F5060,P0113,进气温度传感器电压高,奔驰E级,115537,2025-02-10 09:58
F5061,P0301,1缸失火，发动机抖动,丰田卡罗拉,55200,2025-11-01 11:16
F5062,C0045,右前轮速传感器故障,大众朗逸,36388,2024-04-03 14:36
F5063,P0171,燃油系统过稀,本田思域,93550,2024-10-08 09:22
F5064,B1234,空调压缩机不工作,比亚迪汉,145080,2025-04-25 14:16
F5065,P0420,催化转化器效率低,宝马3系,143328,2025-10-20 09:13
F5066,P0299,涡轮增压器压力不足,福特蒙迪欧,137792,2025-04-12 16:27
F5067,C0121,刹车压力传感器信号异常,吉利星越L,83362,2025-08-25 15:31
F5068,B0081,主驾驶安全带传感器故障,奥迪A4L,40413,2025-12-18 12:11
F5069,P0521,机油压力传感器电路范围故障,长城哈弗H6,22918,2024-12-29 08:19
F5070,C0561,ABS系统控制模块故障,奔驰C级,37671,2025-04-06 15:47
F5071,P0340,凸轮轴位置传感器电路故障,丰田凯美瑞,71730,2025-08-27 09:11
F5072,B0100,空气囊控制模块故障,大众帕萨特,45752,2025-03-07 14:58
F5073,P0122,节气门位置传感器电压低,本田CR-V,134957,2025-12-25 09:35
F5074,C0035,左前轮速传感器电路故障,比亚迪宋PLUS,84645,2024-01-19 09:53
F5075,P0442,燃油蒸发系统泄漏（小泄漏）,宝马5系,74838,2024-03-16 17:42
F5076,B0200,右前安全气囊传感器故障,奥迪Q5L,128430,2025-08-26 08:07
F5077,P0606,ECM内部控制模块处理器故障,福特锐界,24376,2025-06-21 16:16
F5078,C0051,右后轮速传感器电路故障,吉利博越,62594,2024-04-18 11:11
F5079,B0016,驾驶员侧安全气囊模块故障,长城魏派VV7,92551,2025-02-14 16:00
F5080,P0113,进气温度传感器电压高,奔驰E级,27231,2025-02-28 10:53
F5081,P0301,1缸失火，发动机抖动,丰田卡罗拉,59318,2025-03-17 16:57
F5082,C0045,右前轮速传感器故障,大众朗逸,35276,2025-12-20 15:35
F5083,P0171,燃油系统过稀,本田思域,80945,2024-12-25 14:20
F5084,B1234,空调压缩机不工作,比亚迪汉,52414,2024-09-11 15:03
F5085,P0420,催化转化器效率低,宝马3系,90373,2024-04-24 16:37
F5086,P0299,涡轮增压器压力不足,福特蒙迪欧,124817,2024-04-03 09:59
F5087,C0121,刹车压力传感器信号异常,吉利星越L,86710,2024-03-23 12:37
F5088,B0081,主驾驶安全带传感器故障,奥迪A4L,27845,2025-09-05 11:47
F5089,P0521,机油压力传感器电路范围故障,长城哈弗H6,77556,2025-06-30 17:59
F5090,C0561,ABS系统控制模块故障,奔驰C级,27865,2024-04-10 10:48
F5091,P0340,凸轮轴位置传感器电路故障,丰田凯美瑞,53337,2025-11-06 14:16
F5092,B0100,空气囊控制模块故障,大众帕萨特,56881,2024-07-12 10:57
F5093,P0122,节气门位置传感器电压低,本田CR-V,113822,2024-06-08 10:03
F5094,C0035,左前轮速传感器电路故障,比亚迪宋PLUS,48370,2024-09-12 15:47
F5095,P0442,燃油蒸发系统泄漏（小泄漏）,宝马5系,47837,2024-07-30 10:40
F5096,B0200,右前安全气囊传感器故障,奥迪Q5L,85337,2024-01-07 17:30
F5097,P0606,ECM内部控制模块处理器故障,福特锐界,85458,2024-07-31 17:00
F5098,C0051,右后轮速传感器电路故障,吉利博越,110007,2025-04-30 09:09
F5099,B0016,驾驶员侧安全气囊模块故障,长城魏派VV7,26326,2025-02-01 08:30
F5100,P0113,进气温度传感器电压高,奔驰E级,51821,2024-06-01 09:39
F5101,P0301,1缸失火，发动机抖动,丰田卡罗拉,65073,2024-07-11 12:57
F5102,C0045,右前轮速传感器故障,大众朗逸,133895,2025-10-25 16:21
F5103,P0171,燃油系统过稀,本田思域,101974,2025-02-13 17:36
F5104,B1234,空调压缩机不工作,比亚迪汉,44251,2024-10-09 16:51
F5105,P0420,催化转化器效率低,宝马3系,91919,2025-02-04 10:15
F5106,P0299,涡轮增压器压力不足,福特蒙迪欧,20593,2025-05-23 09:43
F5107,C0121,刹车压力传感器信号异常,吉利星越L,80963,2025-05-27 15:38
F5108,B0081,主驾驶安全带传感器故障,奥迪A4L,93233,2024-11-05 09:23
F5109,P0521,机油压力传感器电路范围故障,长城哈弗H6,38901,2025-01-02 17:53
F5110,C0561,ABS系统控制模块故障,奔驰C级,69952,2024-04-02 14:03
F5111,P0340,凸轮轴位置传感器电路故障,丰田凯美瑞,130602,2024-06-05 11:45
F5112,B0100,空气囊控制模块故障,大众帕萨特,34111,2025-11-06 16:21
F5113,P0122,节气门位置传感器电压低,本田CR-V,123889,2024-09-19 08:33
F5114,C0035,左前轮速传感器电路故障,比亚迪宋PLUS,85888,2024-03-17 08:27
F5115,P0442,燃油蒸发系统泄漏（小泄漏）,宝马5系,42517,2024-03-13 12:50
F5116,B0200,右前安全气囊传感器故障,奥迪Q5L,32894,2025-11-11 13:39
F5117,P0606,ECM内部控制模块处理器故障,福特锐界,123369,2024-06-28 12:45
F5118,C0051,右后轮速传感器电路故障,吉利博越,84687,2025-08-10 16:12
F5119,B0016,驾驶员侧安全气囊模块故障,长城魏派VV7,43784,2024-02-14 09:34
F5120,P0113,进气温度传感器电压高,奔驰E级,44885,2024-10-13 12:09
F5121,P0301,1缸失火，发动机抖动,丰田卡罗拉,136396,2025-11-20 12:20
F5122,C0045,右前轮速传感器故障,大众朗逸,39121,2024-01-01 09:19
F5123,P0171,燃油系统过稀,本田思域,123530,2025-06-29 08:39
F5124,B1234,空调压缩机不工作,比亚迪汉,118403,2025-01-27 12:14
F5125,P0420,催化转化器效率低,宝马3系,73639,2025-10-05 11:54
F5126,P0299,涡轮增压器压力不足,福特蒙迪欧,107994,2025-09-11 11:14
F5127,C0121,刹车压力传感器信号异常,吉利星越L,105826,2025-12-12 11:18
F5128,B0081,主驾驶安全带传感器故障,奥迪A4L,24279,2024-02-06 08:52
F5129,P0521,机油压力传感器电路范围故障,长城哈弗H6,79356,2024-04-13 13:15
F5130,C0561,ABS系统控制模块故障,奔驰C级,22424,2024-08-29 17:08
F5131,P0340,凸轮轴位置传感器电路故障,丰田凯美瑞,72495,2025-10-27 09:10
F5132,B0100,空气囊控制模块故障,大众帕萨特,134246,2025-09-02 08:05
F5133,P0122,节气门位置传感器电压低,本田CR-V,116533,2025-10-08 10:38
F5134,C0035,左前轮速传感器电路故障,比亚迪宋PLUS,100199,2025-11-28 12:09
F5135,P0442,燃油蒸发系统泄漏（小泄漏）,宝马5系,57963,2025-01-17 12:06
F5136,B0200,右前安全气囊传感器故障,奥迪Q5L,115138,2024-09-02 13:47
F5137,P0606,ECM内部控制模块处理器故障,福特锐界,128601,2025-07-24 14:53
F5138,C0051,右后轮速传感器电路故障,吉利博越,71061,2025-09-13 08:32
F5139,B0016,驾驶员侧安全气囊模块故障,长城魏派VV7,57006,2024-04-08 14:37
F5140,P0113,进气温度传感器电压高,奔驰E级,145548,2025-01-15 08:01
F5141,P0301,1缸失火，发动机抖动,丰田卡罗拉,131287,2025-05-22 15:05
F5142,C0045,右前轮速传感器故障,大众朗逸,149212,2024-12-07 16:32
F5143,P0171,燃油系统过稀,本田思域,44974,2024-01-18 10:17
F5144,B1234,空调压缩机不工作,比亚迪汉,102398,2024-12-06 13:24
F5145,P0420,催化转化器效率低,宝马3系,125642,2025-04-20 17:18
F5146,P0299,涡轮增压器压力不足,福特蒙迪欧,57958,2025-09-08 11:21
F5147,C0121,刹车压力传感器信号异常,吉利星越L,24793,2025-07-01 13:59
F5148,B0081,主驾驶安全带传感器故障,奥迪A4L,67282,2025-08-26 13:41
F5149,P0521,机油压力传感器电路范围故障,长城哈弗H6,39630,2025-12-19 15:32
F5150,C0561,ABS系统控制模块故障,奔驰C级,88573,2024-08-12 14:21
F5151,P0340,凸轮轴位置传感器电路故障,丰田凯美瑞,63359,2025-06-12 10:44
F5152,B0100,空气囊控制模块故障,大众帕萨特,68324,2024-10-07 09:08
F5153,P0122,节气门位置传感器电压低,本田CR-V,110764,2025-10-22 10:01
F5154,C0035,左前轮速传感器电路故障,比亚迪宋PLUS,51810,2024-04-15 16:58
F5155,P0442,燃油蒸发系统泄漏（小泄漏）,宝马5系,82373,2025-11-12 10:43
F5156,B0200,右前安全气囊传感器故障,奥迪Q5L,132511,2025-05-28 11:17
F5157,P0606,ECM内部控制模块处理器故障,福特锐界,45448,2025-01-04 08:22
F5158,C0051,右后轮速传感器电路故障,吉利博越,144762,2025-02-19 10:22
F5159,B0016,驾驶员侧安全气囊模块故障,长城魏派VV7,72370,2025-11-26 10:12
F5160,P0113,进气温度传感器电压高,奔驰E级,110255,2025-02-19 12:22
F5161,P0301,1缸失火，发动机抖动,丰田卡罗拉,67119,2025-12-14 17:50
F5162,C0045,右前轮速传感器故障,大众朗逸,27871,2024-01-20 17:01
F5163,P0171,燃油系统过稀,本田思域,110585,2024-01-12 08:24
F5164,B1234,空调压缩机不工作,比亚迪汉,98245,2025-07-07 08:54
F5165,P0420,催化转化器效率低,宝马3系,141558,2024-01-19 11:10
F5166,P0299,涡轮增压器压力不足,福特蒙迪欧,136881,2024-10-01 11:55
F5167,C0121,刹车压力传感器信号异常,吉利星越L,91997,2025-12-19 12:36
F5168,B0081,主驾驶安全带传感器故障,奥迪A4L,64471,2025-09-06 08:04
F5169,P0521,机油压力传感器电路范围故障,长城哈弗H6,42512,2024-01-28 08:09
F5170,C0561,ABS系统控制模块故障,奔驰C级,40423,2025-03-03 10:02
F5171,P0340,凸轮轴位置传感器电路故障,丰田凯美瑞,61205,2025-03-03 15:26
F5172,B0100,空气囊控制模块故障,大众帕萨特,87415,2025-11-12 17:22
F5173,P0122,节气门位置传感器电压低,本田CR-V,122215,2025-01-27 09:10
F5174,C0035,左前轮速传感器电路故障,比亚迪宋PLUS,112017,2024-05-23 14:17
F5175,P0442,燃油蒸发系统泄漏（小泄漏）,宝马5系,97724,2024-05-14 13:00
F5176,B0200,右前安全气囊传感器故障,奥迪Q5L,31050,2025-11-21 16:31
F5177,P0606,ECM内部控制模块处理器故障,福特锐界,39360,2024-06-24 08:33
F5178,C0051,右后轮速传感器电路故障,吉利博越,90071,2024-03-04 16:13
F5179,B0016,驾驶员侧安全气囊模块故障,长城魏派VV7,146117,2024-05-05 08:43
F5180,P0113,进气温度传感器电压高,奔驰E级,149269,2024-12-08 14:01
F5181,P0301,1缸失火，发动机抖动,丰田卡罗拉,135446,2025-04-19 12:41
F5182,C0045,右前轮速传感器故障,大众朗逸,109600,2025-10-26 09:23
F5183,P0171,燃油系统过稀,本田思域,120449,2024-10-07 13:46
F5184,B1234,空调压缩机不工作,比亚迪汉,83117,2024-10-24 13:48
F5185,P0420,催化转化器效率低,宝马3系,68809,2024-04-19 17:59
F5186,P0299,涡轮增压器压力不足,福特蒙迪欧,85665,2024-06-10 08:31
F5187,C0121,刹车压力传感器信号异常,吉利星越L,116373,2024-12-23 13:14
F5188,B0081,主驾驶安全带传感器故障,奥迪A4L,99164,2025-01-27 09:49
F5189,P0521,机油压力传感器电路范围故障,长城哈弗H6,137823,2025-07-02 12:43
F5190,C0561,ABS系统控制模块故障,奔驰C级,76226,2025-12-04 08:29
F5191,P0340,凸轮轴位置传感器电路故障,丰田凯美瑞,48534,2025-01-17 14:22
F5192,B0100,空气囊控制模块故障,大众帕萨特,48687,2025-12-28 11:18
F5193,P0122,节气门位置传感器电压低,本田CR-V,124290,2025-09-20 10:11
F5194,C0035,左前轮速传感器电路故障,比亚迪宋PLUS,96488,2024-12-19 17:03
F5195,P0442,燃油蒸发系统泄漏（小泄漏）,宝马5系,115616,2025-07-11 09:11
F5196,B0200,右前安全气囊传感器故障,奥迪Q5L,137733,2025-05-20 13:35
F5197,P0606,ECM内部控制模块处理器故障,福特锐界,25566,2024-08-04 10:13
F5198,C0051,右后轮速传感器电路故障,吉利博越,34093,2025-08-11 13:40
F5199,B0016,驾驶员侧安全气囊模块故障,长城魏派VV7,113329,2025-08-16 11:51
F5200,P0113,进气温度传感器电压高,奔驰E级,124804,2025-05-02 16:20
F5201,P0301,1缸失火，发动机抖动,丰田卡罗拉,98038,2024-08-17 12:56
F5202,C0045,右前轮速传感器故障,大众朗逸,49883,2025-01-31 12:13
F5203,P0171,燃油系统过稀,本田思域,127501,2025-01-10 12:25
F5204,B1234,空调压缩机不工作,比亚迪汉,55831,2025-02-08 10:07
F5205,P0420,催化转化器效率低,宝马3系,83943,2024-03-01 11:45
F5206,P0299,涡轮增压器压力不足,福特蒙迪欧,110653,2024-08-22 10:33
F5207,C0121,刹车压力传感器信号异常,吉利星越L,32642,2025-10-25 13:32
F5208,B0081,主驾驶安全带传感器故障,奥迪A4L,27816,2024-09-02 14:07
F5209,P0521,机油压力传感器电路范围故障,长城哈弗H6,44122,2025-01-02 08:51
F5210,C0561,ABS系统控制模块故障,奔驰C级,36599,2024-12-19 15:17
F5211,P0340,凸轮轴位置传感器电路故障,丰田凯美瑞,52328,2024-09-09 12:39
F5212,B0100,空气囊控制模块故障,大众帕萨特,146783,2024-06-01 14:47
F5213,P0122,节气门位置传感器电压低,本田CR-V,131624,2024-05-30 12:04
F5214,C0035,左前轮速传感器电路故障,比亚迪宋PLUS,121748,2025-08-12 15:10
F5215,P0442,燃油蒸发系统泄漏（小泄漏）,宝马5系,26181,2025-04-01 14:34
F5216,B0200,右前安全气囊传感器故障,奥迪Q5L,131765,2025-10-27 17:26
F5217,P0606,ECM内部控制模块处理器故障,福特锐界,94085,2025-01-25 13:05
F5218,C0051,右后轮速传感器电路故障,吉利博越,48494,2024-04-19 11:30
F5219,B0016,驾驶员侧安全气囊模块故障,长城魏派VV7,138265,2025-07-02 10:52
F5220,P0113,进气温度传感器电压高,奔驰E级,39900,2025-03-03 10:34
F5221,P0301,1缸失火，发动机抖动,丰田卡罗拉,66632,2024-09-16 14:45
F5222,C0045,右前轮速传感器故障,大众朗逸,90523,2025-01-13 11:21
F5223,P0171,燃油系统过稀,本田思域,128529,2024-07-03 17:39
F5224,B1234,空调压缩机不工作,比亚迪汉,114312,2024-07-15 11:34
F5225,P0420,催化转化器效率低,宝马3系,30080,2025-11-03 17:50
F5226,P0299,涡轮增压器压力不足,福特蒙迪欧,59716,2025-05-11 14:40
F5227,C0121,刹车压力传感器信号异常,吉利星越L,85237,2025-04-10 12:19
F5228,B0081,主驾驶安全带传感器故障,奥迪A4L,94647,2025-12-18 12:20
F5229,P0521,机油压力传感器电路范围故障,长城哈弗H6,26578,2024-03-11 11:07
F5230,C0561,ABS系统控制模块故障,奔驰C级,49474,2024-09-03 14:58
F5231,P0340,凸轮轴位置传感器电路故障,丰田凯美瑞,116354,2025-10-20 14:31
F5232,B0100,空气囊控制模块故障,大众帕萨特,106214,2025-07-31 15:18
F5233,P0122,节气门位置传感器电压低,本田CR-V,58303,2024-11-30 08:44
F5234,C0035,左前轮速传感器电路故障,比亚迪宋PLUS,32183,2024-02-24 11:56
F5235,P0442,燃油蒸发系统泄漏（小泄漏）,宝马5系,66065,2024-08-02 08:33
F5236,B0200,右前安全气囊传感器故障,奥迪Q5L,66559,2024-03-22 16:04
F5237,P0606,ECM内部控制模块处理器故障,福特锐界,50104,2024-03-07 14:24
F5238,C0051,右后轮速传感器电路故障,吉利博越,100404,2024-03-04 12:47
F5239,B0016,驾驶员侧安全气囊模块故障,长城魏派VV7,112896,2024-05-25 13:46
F5240,P0113,进气温度传感器电压高,奔驰E级,85636,2024-12-06 17:44
F5241,P0301,1缸失火，发动机抖动,丰田卡罗拉,95981,2025-04-14 16:38
F5242,C0045,右前轮速传感器故障,大众朗逸,144408,2025-04-01 13:33
F5243,P0171,燃油系统过稀,本田思域,31168,2024-10-28 13:06
F5244,B1234,空调压缩机不工作,比亚迪汉,87118,2024-04-17 09:53
F5245,P0420,催化转化器效率低,宝马3系,34574,2024-10-05 08:15
F5246,P0299,涡轮增压器压力不足,福特蒙迪欧,38911,2025-02-01 11:53
F5247,C0121,刹车压力传感器信号异常,吉利星越L,94019,2025-10-23 16:17
F5248,B0081,主驾驶安全带传感器故障,奥迪A4L,23098,2025-03-25 12:02
F5249,P0521,机油压力传感器电路范围故障,长城哈弗H6,21460,2024-12-14 08:02
F5250,C0561,ABS系统控制模块故障,奔驰C级,89779,2024-01-15 10:03
F5251,P0340,凸轮轴位置传感器电路故障,丰田凯美瑞,46106,2024-07-17 14:22
F5252,B0100,空气囊控制模块故障,大众帕萨特,120879,2025-03-30 15:37
F5253,P0122,节气门位置传感器电压低,本田CR-V,109708,2025-01-18 12:01
F5254,C0035,左前轮速传感器电路故障,比亚迪宋PLUS,118232,2025-11-25 16:47
F5255,P0442,燃油蒸发系统泄漏（小泄漏）,宝马5系,28173,2025-05-27 15:04
F5256,B0200,右前安全气囊传感器故障,奥迪Q5L,95927,2025-06-20 14:37
F5257,P0606,ECM内部控制模块处理器故障,福特锐界,59605,2024-07-05 12:50
F5258,C0051,右后轮速传感器电路故障,吉利博越,32352,2024-11-08 12:51
F5259,B0016,驾驶员侧安全气囊模块故障,长城魏派VV7,31666,2024-11-28 10:55
F5260,P0113,进气温度传感器电压高,奔驰E级,65459,2025-10-15 13:27
F5261,P0301,1缸失火，发动机抖动,丰田卡罗拉,115324,2025-03-19 09:03
F5262,C0045,右前轮速传感器故障,大众朗逸,122464,2024-01-28 09:54
F5263,P0171,燃油系统过稀,本田思域,68734,2025-05-17 15:56
F5264,B1234,空调压缩机不工作,比亚迪汉,116577,2025-01-25 15:28
F5265,P0420,催化转化器效率低,宝马3系,30073,2024-10-09 16:08
F5266,P0299,涡轮增压器压力不足,福特蒙迪欧,99480,2025-03-06 08:00
F5267,C0121,刹车压力传感器信号异常,吉利星越L,31420,2025-09-19 15:15
F5268,B0081,主驾驶安全带传感器故障,奥迪A4L,24965,2024-01-10 11:31
F5269,P0521,机油压力传感器电路范围故障,长城哈弗H6,91070,2025-02-26 15:16
F5270,C0561,ABS系统控制模块故障,奔驰C级,22017,2024-08-01 15:40
F5271,P0340,凸轮轴位置传感器电路故障,丰田凯美瑞,93640,2024-11-08 16:00
F5272,B0100,空气囊控制模块故障,大众帕萨特,107019,2024-01-29 16:48
F5273,P0122,节气门位置传感器电压低,本田CR-V,48846,2025-06-03 10:22
F5274,C0035,左前轮速传感器电路故障,比亚迪宋PLUS,87247,2024-09-09 11:11
F5275,P0442,燃油蒸发系统泄漏（小泄漏）,宝马5系,66367,2025-12-22 10:26
F5276,B0200,右前安全气囊传感器故障,奥迪Q5L,74880,2025-10-26 15:03
F5277,P0606,ECM内部控制模块处理器故障,福特锐界,32975,2025-07-19 13:43
F5278,C0051,右后轮速传感器电路故障,吉利博越,114340,2024-01-03 12:58
F5279,B0016,驾驶员侧安全气囊模块故障,长城魏派VV7,75637,2024-10-14 14:43
F5280,P0113,进气温度传感器电压高,奔驰E级,27604,2025-02-15 14:13
F5281,P0301,1缸失火，发动机抖动,丰田卡罗拉,139207,2025-03-24 09:00
F5282,C0045,右前轮速传感器故障,大众朗逸,63529,2024-06-28 09:04
F5283,P0171,燃油系统过稀,本田思域,101376,2025-10-07 15:49
F5284,B1234,空调压缩机不工作,比亚迪汉,96691,2024-02-09 13:42
F5285,P0420,催化转化器效率低,宝马3系,80163,2025-08-10 13:20
F5286,P0299,涡轮增压器压力不足,福特蒙迪欧,124102,2025-07-17 13:54
F5287,C0121,刹车压力传感器信号异常,吉利星越L,42628,2025-05-22 16:17
F5288,B0081,主驾驶安全带传感器故障,奥迪A4L,38931,2024-04-22 17:28
F5289,P0521,机油压力传感器电路范围故障,长城哈弗H6,89578,2025-11-21 17:02
F5290,C0561,ABS系统控制模块故障,奔驰C级,67003,2024-09-01 12:26
F5291,P0340,凸轮轴位置传感器电路故障,丰田凯美瑞,53577,2024-04-12 17:17
F5292,B0100,空气囊控制模块故障,大众帕萨特,113937,2024-11-05 14:45
F5293,P0122,节气门位置传感器电压低,本田CR-V,31527,2024-07-12 16:30
F5294,C0035,左前轮速传感器电路故障,比亚迪宋PLUS,139774,2025-10-18 17:56
F5295,P0442,燃油蒸发系统泄漏（小泄漏）,宝马5系,129121,2025-08-25 08:28
F5296,B0200,右前安全气囊传感器故障,奥迪Q5L,29932,2025-06-12 16:38
F5297,P0606,ECM内部控制模块处理器故障,福特锐界,83874,2024-11-09 13:16
F5298,C0051,右后轮速传感器电路故障,吉利博越,73621,2025-02-16 13:31
F5299,B0016,驾驶员侧安全气囊模块故障,长城魏派VV7,56975,2025-06-03 15:21
F5300,P0113,进气温度传感器电压高,奔驰E级,22139,2024-06-28 08:46
F5301,P0301,1缸失火，发动机抖动,丰田卡罗拉,32288,2024-05-07 11:41
F5302,C0045,右前轮速传感器故障,大众朗逸,96027,2024-02-03 10:21
F5303,P0171,燃油系统过稀,本田思域,51666,2024-05-12 14:26
F5304,B1234,空调压缩机不工作,比亚迪汉,57705,2025-05-22 14:15
F5305,P0420,催化转化器效率低,宝马3系,32207,2024-07-14 17:29
F5306,P0299,涡轮增压器压力不足,福特蒙迪欧,108521,2024-05-13 16:31
F5307,C0121,刹车压力传感器信号异常,吉利星越L,80783,2025-07-13 12:49
F5308,B0081,主驾驶安全带传感器故障,奥迪A4L,52236,2025-02-05 16:05
F5309,P0521,机油压力传感器电路范围故障,长城哈弗H6,43655,2024-07-26 12:50
F5310,C0561,ABS系统控制模块故障,奔驰C级,79208,2025-05-23 15:09
F5311,P0340,凸轮轴位置传感器电路故障,丰田凯美瑞,31505,2024-09-28 16:48
F5312,B0100,空气囊控制模块故障,大众帕萨特,120837,2024-04-28 10:44
F5313,P0122,节气门位置传感器电压低,本田CR-V,85826,2024-01-21 11:35
F5314,C0035,左前轮速传感器电路故障,比亚迪宋PLUS,71712,2025-11-23 08:50
F5315,P0442,燃油蒸发系统泄漏（小泄漏）,宝马5系,103961,2024-02-24 10:35
F5316,B0200,右前安全气囊传感器故障,奥迪Q5L,119680,2025-12-28 09:07
F5317,P0606,ECM内部控制模块处理器故障,福特锐界,121689,2024-08-07 10:30
F5318,C0051,右后轮速传感器电路故障,吉利博越,62471,2025-09-30 10:14
F5319,B0016,驾驶员侧安全气囊模块故障,长城魏派VV7,147262,2024-07-25 13:08
F5320,P0113,进气温度传感器电压高,奔驰E级,101807,2024-01-07 09:16
F5321,P0301,1缸失火，发动机抖动,丰田卡罗拉,48074,2024-10-21 10:04
F5322,C0045,右前轮速传感器故障,大众朗逸,114051,2024-04-15 08:19
F5323,P0171,燃油系统过稀,本田思域,87381,2024-12-08 08:18
F5324,B1234,空调压缩机不工作,比亚迪汉,29919,2025-03-05 12:27
F5325,P0420,催化转化器效率低,宝马3系,90173,2025-08-24 13:28
F5326,P0299,涡轮增压器压力不足,福特蒙迪欧,93381,2025-06-25 17:05
F5327,C0121,刹车压力传感器信号异常,吉利星越L,101713,2025-03-25 14:47
F5328,B0081,主驾驶安全带传感器故障,奥迪A4L,71315,2025-01-13 16:57
F5329,P0521,机油压力传感器电路范围故障,长城哈弗H6,101122,2024-01-15 11:07
F5330,C0561,ABS系统控制模块故障,奔驰C级,45958,2025-09-09 13:50
F5331,P0340,凸轮轴位置传感器电路故障,丰田凯美瑞,42623,2025-12-20 12:05
F5332,B0100,空气囊控制模块故障,大众帕萨特,142300,2025-10-04 17:39
F5333,P0122,节气门位置传感器电压低,本田CR-V,106841,2024-12-06 14:50
F5334,C0035,左前轮速传感器电路故障,比亚迪宋PLUS,110295,2025-12-03 12:10
F5335,P0442,燃油蒸发系统泄漏（小泄漏）,宝马5系,114134,2025-07-16 17:08
F5336,B0200,右前安全气囊传感器故障,奥迪Q5L,90870,2025-06-06 16:18
F5337,P0606,ECM内部控制模块处理器故障,福特锐界,103945,2025-02-02 11:01
F5338,C0051,右后轮速传感器电路故障,吉利博越,111881,2025-04-05 15:38
F5339,B0016,驾驶员侧安全气囊模块故障,长城魏派VV7,92271,2024-09-23 10:29
F5340,P0113,进气温度传感器电压高,奔驰E级,120997,2025-02-12 17:49
F5341,P0301,1缸失火，发动机抖动,丰田卡罗拉,103268,2024-09-22 13:46
F5342,C0045,右前轮速传感器故障,大众朗逸,106114,2025-09-03 10:43
F5343,P0171,燃油系统过稀,本田思域,60264,2025-01-08 17:28
F5344,B1234,空调压缩机不工作,比亚迪汉,139790,2025-02-11 11:21
F5345,P0420,催化转化器效率低,宝马3系,89297,2024-04-25 10:10
F5346,P0299,涡轮增压器压力不足,福特蒙迪欧,140482,2025-06-29 10:00
F5347,C0121,刹车压力传感器信号异常,吉利星越L,138058,2024-11-13 16:51
F5348,B0081,主驾驶安全带传感器故障,奥迪A4L,97685,2025-04-01 17:08
F5349,P0521,机油压力传感器电路范围故障,长城哈弗H6,116114,2025-09-02 11:06
F5350,C0561,ABS系统控制模块故障,奔驰C级,124479,2025-04-23 15:49
F5351,P0340,凸轮轴位置传感器电路故障,丰田凯美瑞,120830,2025-09-14 13:54
F5352,B0100,空气囊控制模块故障,大众帕萨特,124010,2024-12-12 16:56
F5353,P0122,节气门位置传感器电压低,本田CR-V,69475,2025-05-28 08:49
F5354,C0035,左前轮速传感器电路故障,比亚迪宋PLUS,147697,2024-09-12 11:51
F5355,P0442,燃油蒸发系统泄漏（小泄漏）,宝马5系,55697,2024-05-01 09:43
F5356,B0200,右前安全气囊传感器故障,奥迪Q5L,23296,2024-09-10 10:02
F5357,P0606,ECM内部控制模块处理器故障,福特锐界,100218,2025-05-26 17:20
F5358,C0051,右后轮速传感器电路故障,吉利博越,135709,2025-09-02 14:23
F5359,B0016,驾驶员侧安全气囊模块故障,长城魏派VV7,121175,2025-10-13 12:30
F5360,P0113,进气温度传感器电压高,奔驰E级,147318,2024-05-25 14:06
F5361,P0301,1缸失火，发动机抖动,丰田卡罗拉,78462,2024-05-04 14:55
F5362,C0045,右前轮速传感器故障,大众朗逸,117923,2025-08-07 08:58
F5363,P0171,燃油系统过稀,本田思域,136159,2025-07-15 11:22
F5364,B1234,空调压缩机不工作,比亚迪汉,93858,2025-01-03 11:40
F5365,P0420,催化转化器效率低,宝马3系,35724,2025-10-11 16:01
F5366,P0299,涡轮增压器压力不足,福特蒙迪欧,110816,2024-02-05 10:16
F5367,C0121,刹车压力传感器信号异常,吉利星越L,63356,2024-01-10 15:21
F5368,B0081,主驾驶安全带传感器故障,奥迪A4L,77611,2024-08-27 16:52
F5369,P0521,机油压力传感器电路范围故障,长城哈弗H6,31681,2025-05-29 15:49
F5370,C0561,ABS系统控制模块故障,奔驰C级,66515,2025-01-07 12:52
F5371,P0340,凸轮轴位置传感器电路故障,丰田凯美瑞,104608,2025-11-10 12:50
F5372,B0100,空气囊控制模块故障,大众帕萨特,64045,2025-03-26 15:19
F5373,P0122,节气门位置传感器电压低,本田CR-V,23059,2025-06-20 09:10
F5374,C0035,左前轮速传感器电路故障,比亚迪宋PLUS,81064,2025-01-09 14:13
F5375,P0442,燃油蒸发系统泄漏（小泄漏）,宝马5系,148635,2025-05-07 17:25
F5376,B0200,右前安全气囊传感器故障,奥迪Q5L,132279,2025-01-26 12:36
F5377,P0606,ECM内部控制模块处理器故障,福特锐界,22253,2024-06-20 09:14
F5378,C0051,右后轮速传感器电路故障,吉利博越,121192,2024-10-18 13:25
F5379,B0016,驾驶员侧安全气囊模块故障,长城魏派VV7,81837,2025-02-26 11:13
F5380,P0113,进气温度传感器电压高,奔驰E级,27509,2025-01-21 16:13
F5381,P0301,1缸失火，发动机抖动,丰田卡罗拉,51151,2024-05-16 14:56
F5382,C0045,右前轮速传感器故障,大众朗逸,117684,2024-11-11 11:52
F5383,P0171,燃油系统过稀,本田思域,129966,2025-03-06 09:27
F5384,B1234,空调压缩机不工作,比亚迪汉,35937,2024-11-01 14:20
F5385,P0420,催化转化器效率低,宝马3系,95002,2025-03-19 11:58
F5386,P0299,涡轮增压器压力不足,福特蒙迪欧,110058,2025-06-01 12:44
F5387,C0121,刹车压力传感器信号异常,吉利星越L,72723,2025-12-21 15:35
F5388,B0081,主驾驶安全带传感器故障,奥迪A4L,21959,2024-10-26 08:40
F5389,P0521,机油压力传感器电路范围故障,长城哈弗H6,127202,2024-06-04 09:06
F5390,C0561,ABS系统控制模块故障,奔驰C级,107734,2024-06-03 11:33
F5391,P0340,凸轮轴位置传感器电路故障,丰田凯美瑞,55157,2025-01-18 11:54
F5392,B0100,空气囊控制模块故障,大众帕萨特,110906,2024-03-28 15:10
F5393,P0122,节气门位置传感器电压低,本田CR-V,115430,2024-10-31 16:04
F5394,C0035,左前轮速传感器电路故障,比亚迪宋PLUS,61258,2024-01-12 14:40
F5395,P0442,燃油蒸发系统泄漏（小泄漏）,宝马5系,82844,2024-02-06 08:50
F5396,B0200,右前安全气囊传感器故障,奥迪Q5L,53374,2024-02-27 15:48
F5397,P0606,ECM内部控制模块处理器故障,福特锐界,124837,2025-11-14 15:46
F5398,C0051,右后轮速传感器电路故障,吉利博越,30438,2024-01-25 16:16
F5399,B0016,驾驶员侧安全气囊模块故障,长城魏派VV7,91962,2025-06-19 11:18
F5400,P0113,进气温度传感器电压高,奔驰E级,45616,2025-05-15 10:11
F5401,P0301,1缸失火，发动机抖动,丰田卡罗拉,141244,2024-01-12 13:50
F5402,C0045,右前轮速传感器故障,大众朗逸,112367,2024-05-18 16:37
F5403,P0171,燃油系统过稀,本田思域,73059,2024-05-07 14:17
F5404,B1234,空调压缩机不工作,比亚迪汉,64503,2025-07-06 13:17
F5405,P0420,催化转化器效率低,宝马3系,107916,2024-02-28 08:55
F5406,P0299,涡轮增压器压力不足,福特蒙迪欧,76627,2025-02-06 10:50
F5407,C0121,刹车压力传感器信号异常,吉利星越L,22034,2025-12-28 11:24
F5408,B0081,主驾驶安全带传感器故障,奥迪A4L,57151,2025-07-21 17:52
F5409,P0521,机油压力传感器电路范围故障,长城哈弗H6,149984,2025-10-07 13:50
F5410,C0561,ABS系统控制模块故障,奔驰C级,81738,2025-12-19 17:03
F5411,P0340,凸轮轴位置传感器电路故障,丰田凯美瑞,91166,2025-04-01 12:30
F5412,B0100,空气囊控制模块故障,大众帕萨特,20181,2025-05-08 12:17
F5413,P0122,节气门位置传感器电压低,本田CR-V,135847,2024-11-09 17:46
F5414,C0035,左前轮速传感器电路故障,比亚迪宋PLUS,145239,2024-10-05 16:57
F5415,P0442,燃油蒸发系统泄漏（小泄漏）,宝马5系,59202,2025-08-07 13:36
F5416,B0200,右前安全气囊传感器故障,奥迪Q5L,134490,2025-12-22 09:35
F5417,P0606,ECM内部控制模块处理器故障,福特锐界,80719,2024-12-22 12:24
F5418,C0051,右后轮速传感器电路故障,吉利博越,82999,2024-08-21 09:35
F5419,B0016,驾驶员侧安全气囊模块故障,长城魏派VV7,141551,2025-03-26 15:22
F5420,P0113,进气温度传感器电压高,奔驰E级,120003,2025-10-06 16:56
F5421,P0301,1缸失火，发动机抖动,丰田卡罗拉,82226,2024-03-06 14:15
F5422,C0045,右前轮速传感器故障,大众朗逸,95965,2024-02-09 11:21
F5423,P0171,燃油系统过稀,本田思域,129165,2024-05-03 08:26
F5424,B1234,空调压缩机不工作,比亚迪汉,45898,2025-09-26 10:20
F5425,P0420,催化转化器效率低,宝马3系,134321,2024-10-18 10:41
F5426,P0299,涡轮增压器压力不足,福特蒙迪欧,86232,2024-04-19 14:44
F5427,C0121,刹车压力传感器信号异常,吉利星越L,111751,2025-07-02 16:43
F5428,B0081,主驾驶安全带传感器故障,奥迪A4L,92712,2025-10-26 14:33
F5429,P0521,机油压力传感器电路范围故障,长城哈弗H6,113879,2025-09-15 15:04
F5430,C0561,ABS系统控制模块故障,奔驰C级,41612,2024-03-29 12:56
F5431,P0340,凸轮轴位置传感器电路故障,丰田凯美瑞,96785,2025-08-11 17:11
F5432,B0100,空气囊控制模块故障,大众帕萨特,121747,2024-04-04 17:33
F5433,P0122,节气门位置传感器电压低,本田CR-V,20477,2025-06-09 11:28
F5434,C0035,左前轮速传感器电路故障,比亚迪宋PLUS,67942,2025-02-20 12:40
F5435,P0442,燃油蒸发系统泄漏（小泄漏）,宝马5系,30573,2025-05-17 12:13
F5436,B0200,右前安全气囊传感器故障,奥迪Q5L,140928,2025-01-01 14:08
F5437,P0606,ECM内部控制模块处理器故障,福特锐界,72785,2025-06-25 12:33
F5438,C0051,右后轮速传感器电路故障,吉利博越,123299,2024-09-10 09:10
F5439,B0016,驾驶员侧安全气囊模块故障,长城魏派VV7,52726,2024-01-07 13:36
F5440,P0113,进气温度传感器电压高,奔驰E级,144917,2025-01-09 10:12
F5441,P0301,1缸失火，发动机抖动,丰田卡罗拉,99494,2024-01-24 08:23
F5442,C0045,右前轮速传感器故障,大众朗逸,31517,2024-02-20 10:55
F5443,P0171,燃油系统过稀,本田思域,121725,2025-04-23 16:41
F5444,B1234,空调压缩机不工作,比亚迪汉,139909,2025-09-23 15:31
F5445,P0420,催化转化器效率低,宝马3系,120386,2025-02-05 15:06
F5446,P0299,涡轮增压器压力不足,福特蒙迪欧,107376,2025-12-10 13:35
F5447,C0121,刹车压力传感器信号异常,吉利星越L,124561,2025-05-06 17:14
F5448,B0081,主驾驶安全带传感器故障,奥迪A4L,148827,2025-05-12 12:04
F5449,P0521,机油压力传感器电路范围故障,长城哈弗H6,32956,2024-07-02 10:08
F5450,C0561,ABS系统控制模块故障,奔驰C级,52062,2025-07-06 17:31
F5451,P0340,凸轮轴位置传感器电路故障,丰田凯美瑞,142718,2024-04-06 16:16
F5452,B0100,空气囊控制模块故障,大众帕萨特,132889,2025-01-23 12:17
F5453,P0122,节气门位置传感器电压低,本田CR-V,72560,2025-11-19 14:35
F5454,C0035,左前轮速传感器电路故障,比亚迪宋PLUS,58698,2025-06-09 08:32
F5455,P0442,燃油蒸发系统泄漏（小泄漏）,宝马5系,23853,2024-10-22 15:09
F5456,B0200,右前安全气囊传感器故障,奥迪Q5L,74631,2025-07-24 08:33
F5457,P0606,ECM内部控制模块处理器故障,福特锐界,64094,2024-04-16 14:57
F5458,C0051,右后轮速传感器电路故障,吉利博越,107770,2025-12-17 14:34
F5459,B0016,驾驶员侧安全气囊模块故障,长城魏派VV7,35898,2025-08-16 11:08
F5460,P0113,进气温度传感器电压高,奔驰E级,23720,2025-07-14 13:52
F5461,P0301,1缸失火，发动机抖动,丰田卡罗拉,63144,2024-06-16 17:39
F5462,C0045,右前轮速传感器故障,大众朗逸,54319,2025-04-20 09:42
F5463,P0171,燃油系统过稀,本田思域,134696,2024-05-18 10:36
F5464,B1234,空调压缩机不工作,比亚迪汉,84493,2025-10-09 13:02
F5465,P0420,催化转化器效率低,宝马3系,149593,2024-03-04 16:27
F5466,P0299,涡轮增压器压力不足,福特蒙迪欧,24618,2025-06-15 16:31
F5467,C0121,刹车压力传感器信号异常,吉利星越L,121586,2025-06-09 11:57
F5468,B0081,主驾驶安全带传感器故障,奥迪A4L,30247,2024-06-04 10:56
F5469,P0521,机油压力传感器电路范围故障,长城哈弗H6,127313,2025-04-29 13:23
F5470,C0561,ABS系统控制模块故障,奔驰C级,124141,2024-12-10 14:59
F5471,P0340,凸轮轴位置传感器电路故障,丰田凯美瑞,97933,2025-07-29 17:36
F5472,B0100,空气囊控制模块故障,大众帕萨特,149970,2025-07-05 12:55
F5473,P0122,节气门位置传感器电压低,本田CR-V,126123,2025-07-08 14:43
F5474,C0035,左前轮速传感器电路故障,比亚迪宋PLUS,148003,2024-04-30 16:05
F5475,P0442,燃油蒸发系统泄漏（小泄漏）,宝马5系,110306,2024-10-06 09:52
F5476,B0200,右前安全气囊传感器故障,奥迪Q5L,50724,2025-06-09 16:28
F5477,P0606,ECM内部控制模块处理器故障,福特锐界,45945,2024-03-21 10:34
F5478,C0051,右后轮速传感器电路故障,吉利博越,51369,2024-03-04 11:17
F5479,B0016,驾驶员侧安全气囊模块故障,长城魏派VV7,78980,2025-09-18 14:06
F5480,P0113,进气温度传感器电压高,奔驰E级,124819,2024-03-13 17:10
F5481,P0301,1缸失火，发动机抖动,丰田卡罗拉,66308,2024-01-09 13:58
F5482,C0045,右前轮速传感器故障,大众朗逸,149811,2024-11-15 10:37
F5483,P0171,燃油系统过稀,本田思域,28403,2025-09-18 12:15
F5484,B1234,空调压缩机不工作,比亚迪汉,47030,2025-12-17 10:11
F5485,P0420,催化转化器效率低,宝马3系,46830,2025-02-04 12:31
F5486,P0299,涡轮增压器压力不足,福特蒙迪欧,54426,2025-12-12 14:15
F5487,C0121,刹车压力传感器信号异常,吉利星越L,87077,2024-01-19 10:04
F5488,B0081,主驾驶安全带传感器故障,奥迪A4L,55927,2024-12-01 17:33
F5489,P0521,机油压力传感器电路范围故障,长城哈弗H6,55836,2025-12-25 09:10
F5490,C0561,ABS系统控制模块故障,奔驰C级,78171,2024-04-11 11:23
F5491,P0340,凸轮轴位置传感器电路故障,丰田凯美瑞,89627,2024-04-28 09:14
F5492,B0100,空气囊控制模块故障,大众帕萨特,135976,2024-11-25 15:13
F5493,P0122,节气门位置传感器电压低,本田CR-V,99723,2025-12-02 09:19
F5494,C0035,左前轮速传感器电路故障,比亚迪宋PLUS,125550,2025-04-07 08:55
F5495,P0442,燃油蒸发系统泄漏（小泄漏）,宝马5系,117979,2025-01-08 08:57
F5496,B0200,右前安全气囊传感器故障,奥迪Q5L,145678,2025-04-01 16:18
F5497,P0606,ECM内部控制模块处理器故障,福特锐界,91281,2024-04-25 13:19
F5498,C0051,右后轮速传感器电路故障,吉利博越,97681,2025-03-16 12:35
F5499,B0016,驾驶员侧安全气囊模块故障,长城魏派VV7,98714,2025-09-11 12:30
F5500,P0113,进气温度传感器电压高,奔驰E级,59834,2025-06-18 11:54
F5501,P0301,1缸失火，发动机抖动,丰田卡罗拉,78833,2025-12-23 17:12
F5502,C0045,右前轮速传感器故障,大众朗逸,61071,2024-07-03 14:10
F5503,P0171,燃油系统过稀,本田思域,118833,2025-03-13 16:12
F5504,B1234,空调压缩机不工作,比亚迪汉,101233,2024-10-22 09:42
F5505,P0420,催化转化器效率低,宝马3系,96447,2024-08-24 15:31
F5506,P0299,涡轮增压器压力不足,福特蒙迪欧,23012,2025-09-28 09:40
F5507,C0121,刹车压力传感器信号异常,吉利星越L,43386,2024-09-03 16:25
F5508,B0081,主驾驶安全带传感器故障,奥迪A4L,73636,2025-11-14 17:18
F5509,P0521,机油压力传感器电路范围故障,长城哈弗H6,135351,2024-06-13 15:51
F5510,C0561,ABS系统控制模块故障,奔驰C级,109657,2025-04-20 08:19
F5511,P0340,凸轮轴位置传感器电路故障,丰田凯美瑞,131832,2024-07-27 16:32
F5512,B0100,空气囊控制模块故障,大众帕萨特,56467,2024-08-20 17:56
F5513,P0122,节气门位置传感器电压低,本田CR-V,77417,2024-04-28 12:18
F5514,C0035,左前轮速传感器电路故障,比亚迪宋PLUS,66563,2024-01-05 08:44
F5515,P0442,燃油蒸发系统泄漏（小泄漏）,宝马5系,142693,2025-02-23 08:17
F5516,B0200,右前安全气囊传感器故障,奥迪Q5L,43501,2025-02-11 12:03
F5517,P0606,ECM内部控制模块处理器故障,福特锐界,61006,2024-11-06 16:10
F5518,C0051,右后轮速传感器电路故障,吉利博越,106701,2024-06-18 10:45
F5519,B0016,驾驶员侧安全气囊模块故障,长城魏派VV7,61799,2025-01-14 13:53
F5520,P0113,进气温度传感器电压高,奔驰E级,74038,2024-10-09 09:45
F5521,P0301,1缸失火，发动机抖动,丰田卡罗拉,120394,2025-12-03 13:37
F5522,C0045,右前轮速传感器故障,大众朗逸,145966,2025-11-18 17:54
F5523,P0171,燃油系统过稀,本田思域,108656,2025-05-01 11:48
F5524,B1234,空调压缩机不工作,比亚迪汉,73448,2024-08-21 16:16
F5525,P0420,催化转化器效率低,宝马3系,69459,2024-09-29 16:56
F5526,P0299,涡轮增压器压力不足,福特蒙迪欧,57376,2024-08-08 12:34
F5527,C0121,刹车压力传感器信号异常,吉利星越L,109331,2025-01-26 11:22
F5528,B0081,主驾驶安全带传感器故障,奥迪A4L,65926,2024-09-11 08:09
F5529,P0521,机油压力传感器电路范围故障,长城哈弗H6,104105,2024-07-30 11:54
F5530,C0561,ABS系统控制模块故障,奔驰C级,145759,2025-02-11 15:16
F5531,P0340,凸轮轴位置传感器电路故障,丰田凯美瑞,99618,2025-03-04 08:49
F5532,B0100,空气囊控制模块故障,大众帕萨特,149898,2024-07-06 08:30
F5533,P0122,节气门位置传感器电压低,本田CR-V,45833,2025-07-19 16:44
F5534,C0035,左前轮速传感器电路故障,比亚迪宋PLUS,112010,2024-01-31 08:41
F5535,P0442,燃油蒸发系统泄漏（小泄漏）,宝马5系,27988,2024-07-09 15:28
F5536,B0200,右前安全气囊传感器故障,奥迪Q5L,25916,2025-04-14 10:01
F5537,P0606,ECM内部控制模块处理器故障,福特锐界,59850,2024-01-18 14:37
F5538,C0051,右后轮速传感器电路故障,吉利博越,99539,2024-07-11 12:10
F5539,B0016,驾驶员侧安全气囊模块故障,长城魏派VV7,62347,2025-05-14 10:02
F5540,P0113,进气温度传感器电压高,奔驰E级,90834,2025-01-09 11:39
F5541,P0301,1缸失火，发动机抖动,丰田卡罗拉,123585,2024-03-27 17:32
F5542,C0045,右前轮速传感器故障,大众朗逸,121633,2025-03-13 12:24
F5543,P0171,燃油系统过稀,本田思域,58399,2025-05-02 12:21
F5544,B1234,空调压缩机不工作,比亚迪汉,122391,2025-05-03 13:04
F5545,P0420,催化转化器效率低,宝马3系,73989,2025-03-15 14:09
F5546,P0299,涡轮增压器压力不足,福特蒙迪欧,67153,2025-03-18 08:45
F5547,C0121,刹车压力传感器信号异常,吉利星越L,80543,2024-08-30 16:21
F5548,B0081,主驾驶安全带传感器故障,奥迪A4L,21602,2025-11-02 15:18
F5549,P0521,机油压力传感器电路范围故障,长城哈弗H6,44018,2025-01-15 16:22
F5550,C0561,ABS系统控制模块故障,奔驰C级,114181,2024-08-23 10:48
F5551,P0340,凸轮轴位置传感器电路故障,丰田凯美瑞,126640,2024-04-22 12:59
F5552,B0100,空气囊控制模块故障,大众帕萨特,62364,2024-12-09 14:13
F5553,P0122,节气门位置传感器电压低,本田CR-V,38649,2024-12-12 10:19
F5554,C0035,左前轮速传感器电路故障,比亚迪宋PLUS,147960,2025-01-09 14:00
F5555,P0442,燃油蒸发系统泄漏（小泄漏）,宝马5系,85537,2025-07-03 17:43
F5556,B0200,右前安全气囊传感器故障,奥迪Q5L,22198,2024-02-05 09:38
F5557,P0606,ECM内部控制模块处理器故障,福特锐界,113323,2025-03-22 12:58
F5558,C0051,右后轮速传感器电路故障,吉利博越,111896,2025-11-28 11:35
F5559,B0016,驾驶员侧安全气囊模块故障,长城魏派VV7,94048,2024-04-25 08:13
F5560,P0113,进气温度传感器电压高,奔驰E级,85661,2025-11-08 09:14
F5561,P0301,1缸失火，发动机抖动,丰田卡罗拉,117013,2025-09-05 16:36
F5562,C0045,右前轮速传感器故障,大众朗逸,80593,2025-08-29 08:23
F5563,P0171,燃油系统过稀,本田思域,74777,2025-07-01 08:31
F5564,B1234,空调压缩机不工作,比亚迪汉,83971,2025-03-28 10:14
F5565,P0420,催化转化器效率低,宝马3系,141960,2025-06-04 13:23
F5566,P0299,涡轮增压器压力不足,福特蒙迪欧,54203,2024-03-05 10:11
F5567,C0121,刹车压力传感器信号异常,吉利星越L,53862,2024-08-12 17:58
F5568,B0081,主驾驶安全带传感器故障,奥迪A4L,77410,2025-01-15 12:22
F5569,P0521,机油压力传感器电路范围故障,长城哈弗H6,145704,2024-07-17 16:31
F5570,C0561,ABS系统控制模块故障,奔驰C级,21041,2024-11-21 17:47
F5571,P0340,凸轮轴位置传感器电路故障,丰田凯美瑞,24280,2024-02-11 15:20
F5572,B0100,空气囊控制模块故障,大众帕萨特,96137,2024-01-26 15:06
F5573,P0122,节气门位置传感器电压低,本田CR-V,28629,2024-05-15 16:16
F5574,C0035,左前轮速传感器电路故障,比亚迪宋PLUS,123781,2024-09-17 13:47
F5575,P0442,燃油蒸发系统泄漏（小泄漏）,宝马5系,109822,2025-06-18 10:18
F5576,B0200,右前安全气囊传感器故障,奥迪Q5L,137656,2025-12-04 15:22
F5577,P0606,ECM内部控制模块处理器故障,福特锐界,51471,2025-10-22 16:07
F5578,C0051,右后轮速传感器电路故障,吉利博越,57497,2024-12-12 14:03
F5579,B0016,驾驶员侧安全气囊模块故障,长城魏派VV7,126163,2024-04-22 16:04
F5580,P0113,进气温度传感器电压高,奔驰E级,80238,2025-02-20 08:16
F5581,P0301,1缸失火，发动机抖动,丰田卡罗拉,43397,2024-06-07 13:08
F5582,C0045,右前轮速传感器故障,大众朗逸,112067,2024-02-12 17:27
F5583,P0171,燃油系统过稀,本田思域,66083,2024-03-11 12:15
F5584,B1234,空调压缩机不工作,比亚迪汉,121640,2024-04-20 09:29
F5585,P0420,催化转化器效率低,宝马3系,30709,2024-11-28 12:34
F5586,P0299,涡轮增压器压力不足,福特蒙迪欧,141992,2024-05-26 16:55
F5587,C0121,刹车压力传感器信号异常,吉利星越L,35244,2024-06-08 13:32
F5588,B0081,主驾驶安全带传感器故障,奥迪A4L,68709,2025-09-24 16:12
F5589,P0521,机油压力传感器电路范围故障,长城哈弗H6,54984,2024-08-21 17:53
F5590,C0561,ABS系统控制模块故障,奔驰C级,30057,2024-04-14 16:20
F5591,P0340,凸轮轴位置传感器电路故障,丰田凯美瑞,24927,2024-11-18 15:01
F5592,B0100,空气囊控制模块故障,大众帕萨特,43852,2024-01-28 12:13
F5593,P0122,节气门位置传感器电压低,本田CR-V,111609,2025-12-06 10:07
F5594,C0035,左前轮速传感器电路故障,比亚迪宋PLUS,120059,2025-07-16 16:19
F5595,P0442,燃油蒸发系统泄漏（小泄漏）,宝马5系,73330,2024-06-02 14:37
F5596,B0200,右前安全气囊传感器故障,奥迪Q5L,75900,2024-08-19 09:52
F5597,P0606,ECM内部控制模块处理器故障,福特锐界,43111,2024-02-10 10:28
F5598,C0051,右后轮速传感器电路故障,吉利博越,121360,2024-03-21 16:20
F5599,B0016,驾驶员侧安全气囊模块故障,长城魏派VV7,33324,2024-05-18 09:52
F5600,P0113,进气温度传感器电压高,奔驰E级,74474,2024-10-22 15:46
F5601,P0301,1缸失火，发动机抖动,丰田卡罗拉,121679,2025-05-01 08:07
F5602,C0045,右前轮速传感器故障,大众朗逸,64197,2025-10-11 11:32
F5603,P0171,燃油系统过稀,本田思域,117912,2024-07-18 12:31
F5604,B1234,空调压缩机不工作,比亚迪汉,42291,2024-11-07 11:38
F5605,P0420,催化转化器效率低,宝马3系,114857,2024-09-07 12:25
F5606,P0299,涡轮增压器压力不足,福特蒙迪欧,135016,2024-02-07 08:26
F5607,C0121,刹车压力传感器信号异常,吉利星越L,61614,2024-04-17 08:48
F5608,B0081,主驾驶安全带传感器故障,奥迪A4L,30164,2024-05-26 09:25
F5609,P0521,机油压力传感器电路范围故障,长城哈弗H6,79408,2025-10-30 08:47
F5610,C0561,ABS系统控制模块故障,奔驰C级,29941,2025-08-26 12:15
F5611,P0340,凸轮轴位置传感器电路故障,丰田凯美瑞,101602,2024-12-28 08:11
F5612,B0100,空气囊控制模块故障,大众帕萨特,61470,2025-02-23 11:32
F5613,P0122,节气门位置传感器电压低,本田CR-V,115050,2025-01-16 11:02
F5614,C0035,左前轮速传感器电路故障,比亚迪宋PLUS,102073,2025-03-25 11:22
F5615,P0442,燃油蒸发系统泄漏（小泄漏）,宝马5系,77124,2025-06-11 13:54
F5616,B0200,右前安全气囊传感器故障,奥迪Q5L,36605,2024-11-20 14:51
F5617,P0606,ECM内部控制模块处理器故障,福特锐界,107300,2025-12-06 16:02
F5618,C0051,右后轮速传感器电路故障,吉利博越,28658,2025-08-08 09:34
F5619,B0016,驾驶员侧安全气囊模块故障,长城魏派VV7,81949,2025-09-20 10:08
F5620,P0113,进气温度传感器电压高,奔驰E级,141063,2024-04-05 17:28
F5621,P0301,1缸失火，发动机抖动,丰田卡罗拉,45707,2024-08-01 08:15
F5622,C0045,右前轮速传感器故障,大众朗逸,79495,2025-04-29 13:04
F5623,P0171,燃油系统过稀,本田思域,35919,2024-04-04 13:28
F5624,B1234,空调压缩机不工作,比亚迪汉,117069,2025-05-02 17:51
F5625,P0420,催化转化器效率低,宝马3系,113299,2025-01-03 16:11
F5626,P0299,涡轮增压器压力不足,福特蒙迪欧,25456,2024-01-01 15:28
F5627,C0121,刹车压力传感器信号异常,吉利星越L,65368,2024-07-02 14:37
F5628,B0081,主驾驶安全带传感器故障,奥迪A4L,32729,2024-02-03 13:34
F5629,P0521,机油压力传感器电路范围故障,长城哈弗H6,113575,2025-07-07 09:07
F5630,C0561,ABS系统控制模块故障,奔驰C级,79190,2024-08-29 10:04
F5631,P0340,凸轮轴位置传感器电路故障,丰田凯美瑞,108981,2024-01-03 12:55
F5632,B0100,空气囊控制模块故障,大众帕萨特,89676,2024-09-01 16:52
F5633,P0122,节气门位置传感器电压低,本田CR-V,106257,2024-09-16 13:35
F5634,C0035,左前轮速传感器电路故障,比亚迪宋PLUS,122956,2024-09-23 11:57
F5635,P0442,燃油蒸发系统泄漏（小泄漏）,宝马5系,136825,2024-06-12 16:54
F5636,B0200,右前安全气囊传感器故障,奥迪Q5L,100390,2025-01-03 16:37
F5637,P0606,ECM内部控制模块处理器故障,福特锐界,113778,2024-01-28 11:06
F5638,C0051,右后轮速传感器电路故障,吉利博越,60892,2024-03-29 11:33
F5639,B0016,驾驶员侧安全气囊模块故障,长城魏派VV7,100656,2025-09-12 13:50
F5640,P0113,进气温度传感器电压高,奔驰E级,132951,2024-05-06 08:25
F5641,P0301,1缸失火，发动机抖动,丰田卡罗拉,126313,2025-03-17 08:14
F5642,C0045,右前轮速传感器故障,大众朗逸,97202,2025-08-29 14:27
F5643,P0171,燃油系统过稀,本田思域,101350,2024-04-19 08:08
F5644,B1234,空调压缩机不工作,比亚迪汉,69412,2025-01-06 14:55
F5645,P0420,催化转化器效率低,宝马3系,42978,2025-04-05 12:26
F5646,P0299,涡轮增压器压力不足,福特蒙迪欧,147054,2024-10-28 12:59
F5647,C0121,刹车压力传感器信号异常,吉利星越L,109523,2024-10-10 14:34
F5648,B0081,主驾驶安全带传感器故障,奥迪A4L,35340,2025-06-16 16:11
F5649,P0521,机油压力传感器电路范围故障,长城哈弗H6,103294,2025-08-27 16:16
F5650,C0561,ABS系统控制模块故障,奔驰C级,130907,2025-10-28 13:05
F5651,P0340,凸轮轴位置传感器电路故障,丰田凯美瑞,128027,2024-07-06 17:08
F5652,B0100,空气囊控制模块故障,大众帕萨特,143437,2025-10-28 10:46
F5653,P0122,节气门位置传感器电压低,本田CR-V,69102,2025-02-22 16:34
F5654,C0035,左前轮速传感器电路故障,比亚迪宋PLUS,126435,2024-05-01 14:40
F5655,P0442,燃油蒸发系统泄漏（小泄漏）,宝马5系,139952,2024-08-23 14:53
F5656,B0200,右前安全气囊传感器故障,奥迪Q5L,56678,2024-12-01 12:56
F5657,P0606,ECM内部控制模块处理器故障,福特锐界,25707,2024-10-13 14:27
F5658,C0051,右后轮速传感器电路故障,吉利博越,51424,2024-10-22 11:36
F5659,B0016,驾驶员侧安全气囊模块故障,长城魏派VV7,86327,2025-02-01 11:26
F5660,P0113,进气温度传感器电压高,奔驰E级,107557,2025-10-19 08:05
F5661,P0301,1缸失火，发动机抖动,丰田卡罗拉,21908,2024-10-14 13:50
F5662,C0045,右前轮速传感器故障,大众朗逸,111237,2024-10-07 08:47
F5663,P0171,燃油系统过稀,本田思域,74060,2024-08-31 13:45
F5664,B1234,空调压缩机不工作,比亚迪汉,44271,2024-07-09 10:54
F5665,P0420,催化转化器效率低,宝马3系,101053,2024-09-12 10:42
F5666,P0299,涡轮增压器压力不足,福特蒙迪欧,81663,2025-11-07 14:09
F5667,C0121,刹车压力传感器信号异常,吉利星越L,97428,2024-09-23 08:26
F5668,B0081,主驾驶安全带传感器故障,奥迪A4L,46972,2024-01-20 09:56
F5669,P0521,机油压力传感器电路范围故障,长城哈弗H6,69207,2025-08-04 15:32
F5670,C0561,ABS系统控制模块故障,奔驰C级,121846,2024-09-21 08:19
F5671,P0340,凸轮轴位置传感器电路故障,丰田凯美瑞,128523,2024-07-19 10:02
F5672,B0100,空气囊控制模块故障,大众帕萨特,61982,2024-04-27 15:25
F5673,P0122,节气门位置传感器电压低,本田CR-V,102700,2025-10-02 08:35
F5674,C0035,左前轮速传感器电路故障,比亚迪宋PLUS,31998,2024-06-04 14:23
F5675,P0442,燃油蒸发系统泄漏（小泄漏）,宝马5系,102720,2025-10-26 09:22
F5676,B0200,右前安全气囊传感器故障,奥迪Q5L,114438,2025-06-15 11:23
F5677,P0606,ECM内部控制模块处理器故障,福特锐界,71657,2025-06-23 15:35
F5678,C0051,右后轮速传感器电路故障,吉利博越,101547,2024-10-16 13:00
F5679,B0016,驾驶员侧安全气囊模块故障,长城魏派VV7,141245,2024-12-07 17:19
F5680,P0113,进气温度传感器电压高,奔驰E级,125434,2024-08-27 09:56
F5681,P0301,1缸失火，发动机抖动,丰田卡罗拉,140783,2025-11-15 14:24
F5682,C0045,右前轮速传感器故障,大众朗逸,78459,2024-09-23 12:21
F5683,P0171,燃油系统过稀,本田思域,90673,2024-07-24 17:27
F5684,B1234,空调压缩机不工作,比亚迪汉,68468,2024-01-16 12:15
F5685,P0420,催化转化器效率低,宝马3系,120748,2025-04-10 13:34
F5686,P0299,涡轮增压器压力不足,福特蒙迪欧,61269,2024-09-21 10:23
F5687,C0121,刹车压力传感器信号异常,吉利星越L,82119,2024-09-23 12:56
F5688,B0081,主驾驶安全带传感器故障,奥迪A4L,139083,2025-01-08 13:50
F5689,P0521,机油压力传感器电路范围故障,长城哈弗H6,114413,2025-04-25 08:12
F5690,C0561,ABS系统控制模块故障,奔驰C级,22818,2024-05-07 13:02
F5691,P0340,凸轮轴位置传感器电路故障,丰田凯美瑞,132411,2024-10-30 11:50
F5692,B0100,空气囊控制模块故障,大众帕萨特,23191,2025-07-27 08:49
F5693,P0122,节气门位置传感器电压低,本田CR-V,29599,2024-10-12 11:23
F5694,C0035,左前轮速传感器电路故障,比亚迪宋PLUS,51521,2025-02-25 09:17
F5695,P0442,燃油蒸发系统泄漏（小泄漏）,宝马5系,54475,2025-07-23 14:07
F5696,B0200,右前安全气囊传感器故障,奥迪Q5L,23420,2025-04-04 12:52
F5697,P0606,ECM内部控制模块处理器故障,福特锐界,31195,2024-03-24 11:07
F5698,C0051,右后轮速传感器电路故障,吉利博越,103156,2025-04-12 09:31
F5699,B0016,驾驶员侧安全气囊模块故障,长城魏派VV7,48966,2025-05-13 15:35
F5700,P0113,进气温度传感器电压高,奔驰E级,97556,2025-01-16 11:51
F5701,P0301,1缸失火，发动机抖动,丰田卡罗拉,72968,2025-04-29 08:50
F5702,C0045,右前轮速传感器故障,大众朗逸,100390,2025-06-14 08:47
F5703,P0171,燃油系统过稀,本田思域,87353,2025-05-27 15:00
F5704,B1234,空调压缩机不工作,比亚迪汉,47027,2025-01-05 08:03
F5705,P0420,催化转化器效率低,宝马3系,57863,2025-07-13 16:01
F5706,P0299,涡轮增压器压力不足,福特蒙迪欧,147246,2025-11-27 17:06
F5707,C0121,刹车压力传感器信号异常,吉利星越L,43071,2025-10-04 10:49
F5708,B0081,主驾驶安全带传感器故障,奥迪A4L,78233,2025-11-12 10:45
F5709,P0521,机油压力传感器电路范围故障,长城哈弗H6,44859,2025-03-15 09:52
F5710,C0561,ABS系统控制模块故障,奔驰C级,81907,2025-12-05 10:45
F5711,P0340,凸轮轴位置传感器电路故障,丰田凯美瑞,103691,2025-02-19 16:09
F5712,B0100,空气囊控制模块故障,大众帕萨特,56126,2024-07-31 08:28
F5713,P0122,节气门位置传感器电压低,本田CR-V,148986,2024-05-27 11:15
F5714,C0035,左前轮速传感器电路故障,比亚迪宋PLUS,31933,2025-06-02 16:21
F5715,P0442,燃油蒸发系统泄漏（小泄漏）,宝马5系,35008,2025-01-13 16:29
F5716,B0200,右前安全气囊传感器故障,奥迪Q5L,116750,2025-05-11 10:59
F5717,P0606,ECM内部控制模块处理器故障,福特锐界,56208,2025-11-28 12:45
F5718,C0051,右后轮速传感器电路故障,吉利博越,31335,2025-11-19 14:12
F5719,B0016,驾驶员侧安全气囊模块故障,长城魏派VV7,147124,2025-05-31 10:36
F5720,P0113,进气温度传感器电压高,奔驰E级,37712,2025-12-19 11:01
F5721,P0301,1缸失火，发动机抖动,丰田卡罗拉,127251,2024-02-26 10:30
F5722,C0045,右前轮速传感器故障,大众朗逸,112430,2024-08-09 11:16
F5723,P0171,燃油系统过稀,本田思域,40489,2025-02-02 08:20
F5724,B1234,空调压缩机不工作,比亚迪汉,50468,2024-06-11 11:54
F5725,P0420,催化转化器效率低,宝马3系,128910,2024-01-02 11:04
F5726,P0299,涡轮增压器压力不足,福特蒙迪欧,131053,2025-06-02 09:45
F5727,C0121,刹车压力传感器信号异常,吉利星越L,53231,2025-02-25 15:33
F5728,B0081,主驾驶安全带传感器故障,奥迪A4L,139131,2025-10-05 15:57
F5729,P0521,机油压力传感器电路范围故障,长城哈弗H6,45145,2025-08-12 14:42
F5730,C0561,ABS系统控制模块故障,奔驰C级,26667,2025-07-30 08:03
F5731,P0340,凸轮轴位置传感器电路故障,丰田凯美瑞,130144,2025-08-05 15:55
F5732,B0100,空气囊控制模块故障,大众帕萨特,110046,2024-01-23 16:56
F5733,P0122,节气门位置传感器电压低,本田CR-V,134025,2025-12-14 13:01
F5734,C0035,左前轮速传感器电路故障,比亚迪宋PLUS,67597,2025-12-07 11:59
F5735,P0442,燃油蒸发系统泄漏（小泄漏）,宝马5系,70847,2025-04-14 16:33
F5736,B0200,右前安全气囊传感器故障,奥迪Q5L,87034,2024-05-01 14:52
F5737,P0606,ECM内部控制模块处理器故障,福特锐界,93444,2024-10-18 08:44
F5738,C0051,右后轮速传感器电路故障,吉利博越,121442,2024-06-21 17:36
F5739,B0016,驾驶员侧安全气囊模块故障,长城魏派VV7,134469,2025-09-02 08:07
F5740,P0113,进气温度传感器电压高,奔驰E级,63877,2024-09-10 16:20
F5741,P0301,1缸失火，发动机抖动,丰田卡罗拉,36748,2024-11-01 10:54
F5742,C0045,右前轮速传感器故障,大众朗逸,39694,2024-01-07 15:28
F5743,P0171,燃油系统过稀,本田思域,62918,2024-01-20 12:21
F5744,B1234,空调压缩机不工作,比亚迪汉,98570,2025-08-14 13:16
F5745,P0420,催化转化器效率低,宝马3系,145644,2025-08-13 13:06
F5746,P0299,涡轮增压器压力不足,福特蒙迪欧,134119,2024-07-12 09:27
F5747,C0121,刹车压力传感器信号异常,吉利星越L,124198,2025-06-14 13:40
F5748,B0081,主驾驶安全带传感器故障,奥迪A4L,35580,2024-04-23 11:37
F5749,P0521,机油压力传感器电路范围故障,长城哈弗H6,49232,2024-06-29 08:58
F5750,C0561,ABS系统控制模块故障,奔驰C级,38345,2025-10-01 17:10
F5751,P0340,凸轮轴位置传感器电路故障,丰田凯美瑞,120081,2025-12-30 08:34
F5752,B0100,空气囊控制模块故障,大众帕萨特,116129,2025-08-09 17:27
F5753,P0122,节气门位置传感器电压低,本田CR-V,55892,2025-12-10 15:42
F5754,C0035,左前轮速传感器电路故障,比亚迪宋PLUS,111977,2025-02-11 14:33
F5755,P0442,燃油蒸发系统泄漏（小泄漏）,宝马5系,115399,2024-05-17 09:19
F5756,B0200,右前安全气囊传感器故障,奥迪Q5L,83799,2024-06-27 13:10
F5757,P0606,ECM内部控制模块处理器故障,福特锐界,29327,2025-06-15 08:03
F5758,C0051,右后轮速传感器电路故障,吉利博越,136445,2024-12-11 14:16
F5759,B0016,驾驶员侧安全气囊模块故障,长城魏派VV7,83975,2024-07-21 13:21
F5760,P0113,进气温度传感器电压高,奔驰E级,110356,2025-09-17 12:07
F5761,P0301,1缸失火，发动机抖动,丰田卡罗拉,81746,2025-12-21 09:04
F5762,C0045,右前轮速传感器故障,大众朗逸,69586,2025-04-01 14:18
F5763,P0171,燃油系统过稀,本田思域,108185,2025-06-01 15:09
F5764,B1234,空调压缩机不工作,比亚迪汉,36066,2025-05-05 15:42
F5765,P0420,催化转化器效率低,宝马3系,61159,2024-01-20 08:18
F5766,P0299,涡轮增压器压力不足,福特蒙迪欧,123755,2025-07-03 10:29
F5767,C0121,刹车压力传感器信号异常,吉利星越L,44957,2025-12-08 14:02
F5768,B0081,主驾驶安全带传感器故障,奥迪A4L,109203,2025-10-14 15:07
F5769,P0521,机油压力传感器电路范围故障,长城哈弗H6,61339,2024-06-26 08:13
F5770,C0561,ABS系统控制模块故障,奔驰C级,133131,2024-02-16 10:53
F5771,P0340,凸轮轴位置传感器电路故障,丰田凯美瑞,48406,2024-06-07 09:54
F5772,B0100,空气囊控制模块故障,大众帕萨特,68739,2025-09-10 10:21
F5773,P0122,节气门位置传感器电压低,本田CR-V,136531,2024-08-11 09:11
F5774,C0035,左前轮速传感器电路故障,比亚迪宋PLUS,40600,2025-08-11 13:37
F5775,P0442,燃油蒸发系统泄漏（小泄漏）,宝马5系,91598,2024-04-24 10:44
F5776,B0200,右前安全气囊传感器故障,奥迪Q5L,129824,2024-03-31 16:18
F5777,P0606,ECM内部控制模块处理器故障,福特锐界,142204,2024-04-03 13:18
F5778,C0051,右后轮速传感器电路故障,吉利博越,63614,2024-06-14 16:28
F5779,B0016,驾驶员侧安全气囊模块故障,长城魏派VV7,83528,2024-10-05 13:19
F5780,P0113,进气温度传感器电压高,奔驰E级,49558,2024-03-26 11:15
F5781,P0301,1缸失火，发动机抖动,丰田卡罗拉,85497,2024-11-26 15:42
F5782,C0045,右前轮速传感器故障,大众朗逸,37999,2025-06-21 08:10
F5783,P0171,燃油系统过稀,本田思域,140647,2025-05-27 17:23
F5784,B1234,空调压缩机不工作,比亚迪汉,106297,2024-10-01 17:22
F5785,P0420,催化转化器效率低,宝马3系,67857,2024-06-21 15:14
F5786,P0299,涡轮增压器压力不足,福特蒙迪欧,84728,2025-04-26 08:24
F5787,C0121,刹车压力传感器信号异常,吉利星越L,59231,2025-10-27 11:27
F5788,B0081,主驾驶安全带传感器故障,奥迪A4L,24944,2025-10-13 09:07
F5789,P0521,机油压力传感器电路范围故障,长城哈弗H6,137844,2024-04-12 08:46
F5790,C0561,ABS系统控制模块故障,奔驰C级,71065,2025-10-07 15:28
F5791,P0340,凸轮轴位置传感器电路故障,丰田凯美瑞,48796,2024-11-18 11:00
F5792,B0100,空气囊控制模块故障,大众帕萨特,121093,2024-07-03 09:04
F5793,P0122,节气门位置传感器电压低,本田CR-V,115788,2025-08-12 09:18
F5794,C0035,左前轮速传感器电路故障,比亚迪宋PLUS,115440,2024-03-01 14:45
F5795,P0442,燃油蒸发系统泄漏（小泄漏）,宝马5系,25844,2024-09-24 08:42
F5796,B0200,右前安全气囊传感器故障,奥迪Q5L,57859,2024-04-15 08:05
F5797,P0606,ECM内部控制模块处理器故障,福特锐界,108204,2024-11-25 08:43
F5798,C0051,右后轮速传感器电路故障,吉利博越,35152,2024-03-10 14:21
F5799,B0016,驾驶员侧安全气囊模块故障,长城魏派VV7,49991,2025-04-10 09:26
F5800,P0113,进气温度传感器电压高,奔驰E级,38392,2024-10-01 15:29
F5801,P0301,1缸失火，发动机抖动,丰田卡罗拉,141073,2024-12-29 13:45
F5802,C0045,右前轮速传感器故障,大众朗逸,120670,2024-12-22 12:24
F5803,P0171,燃油系统过稀,本田思域,47710,2024-07-28 10:46
F5804,B1234,空调压缩机不工作,比亚迪汉,120782,2024-01-24 09:26
F5805,P0420,催化转化器效率低,宝马3系,141517,2024-04-04 08:10
F5806,P0299,涡轮增压器压力不足,福特蒙迪欧,30733,2025-08-11 13:24
F5807,C0121,刹车压力传感器信号异常,吉利星越L,142105,2025-02-03 10:41
F5808,B0081,主驾驶安全带传感器故障,奥迪A4L,120092,2024-09-01 10:38
F5809,P0521,机油压力传感器电路范围故障,长城哈弗H6,131495,2024-04-11 12:05
F5810,C0561,ABS系统控制模块故障,奔驰C级,135401,2024-12-15 09:18
F5811,P0340,凸轮轴位置传感器电路故障,丰田凯美瑞,59857,2025-08-06 10:10
F5812,B0100,空气囊控制模块故障,大众帕萨特,109495,2024-03-17 08:36
F5813,P0122,节气门位置传感器电压低,本田CR-V,23547,2024-12-04 09:11
F5814,C0035,左前轮速传感器电路故障,比亚迪宋PLUS,85635,2024-04-18 10:19
F5815,P0442,燃油蒸发系统泄漏（小泄漏）,宝马5系,141474,2024-04-08 16:17
F5816,B0200,右前安全气囊传感器故障,奥迪Q5L,105985,2024-12-04 15:31
F5817,P0606,ECM内部控制模块处理器故障,福特锐界,111029,2024-05-15 08:29
F5818,C0051,右后轮速传感器电路故障,吉利博越,90348,2024-11-10 15:31
F5819,B0016,驾驶员侧安全气囊模块故障,长城魏派VV7,25011,2025-05-17 13:34
F5820,P0113,进气温度传感器电压高,奔驰E级,26654,2024-11-03 15:08
F5821,P0301,1缸失火，发动机抖动,丰田卡罗拉,62081,2024-09-06 09:06
F5822,C0045,右前轮速传感器故障,大众朗逸,91614,2025-10-17 12:25
F5823,P0171,燃油系统过稀,本田思域,50276,2024-11-12 13:29
F5824,B1234,空调压缩机不工作,比亚迪汉,132246,2025-07-07 15:01
F5825,P0420,催化转化器效率低,宝马3系,109994,2024-10-05 08:32
F5826,P0299,涡轮增压器压力不足,福特蒙迪欧,124852,2024-09-26 16:14
F5827,C0121,刹车压力传感器信号异常,吉利星越L,24279,2025-07-26 08:00
F5828,B0081,主驾驶安全带传感器故障,奥迪A4L,99411,2025-03-09 16:18
F5829,P0521,机油压力传感器电路范围故障,长城哈弗H6,32847,2025-07-20 09:29
F5830,C0561,ABS系统控制模块故障,奔驰C级,82029,2025-01-24 08:38
F5831,P0340,凸轮轴位置传感器电路故障,丰田凯美瑞,50042,2024-01-07 14:13
F5832,B0100,空气囊控制模块故障,大众帕萨特,116938,2025-07-06 10:09
F5833,P0122,节气门位置传感器电压低,本田CR-V,67991,2024-08-06 10:11
F5834,C0035,左前轮速传感器电路故障,比亚迪宋PLUS,102261,2025-08-12 13:46
F5835,P0442,燃油蒸发系统泄漏（小泄漏）,宝马5系,110269,2024-09-22 12:10
F5836,B0200,右前安全气囊传感器故障,奥迪Q5L,117605,2024-11-06 17:47
F5837,P0606,ECM内部控制模块处理器故障,福特锐界,143165,2025-03-29 09:17
F5838,C0051,右后轮速传感器电路故障,吉利博越,132615,2025-07-01 17:13
F5839,B0016,驾驶员侧安全气囊模块故障,长城魏派VV7,36319,2024-10-14 12:06
F5840,P0113,进气温度传感器电压高,奔驰E级,54553,2024-02-12 09:00
F5841,P0301,1缸失火，发动机抖动,丰田卡罗拉,57094,2024-09-10 13:20
F5842,C0045,右前轮速传感器故障,大众朗逸,25355,2025-07-05 12:40
F5843,P0171,燃油系统过稀,本田思域,45301,2025-01-24 15:55
F5844,B1234,空调压缩机不工作,比亚迪汉,121843,2024-02-19 16:02
F5845,P0420,催化转化器效率低,宝马3系,129990,2025-12-05 12:40
F5846,P0299,涡轮增压器压力不足,福特蒙迪欧,142448,2024-10-13 12:17
F5847,C0121,刹车压力传感器信号异常,吉利星越L,114152,2024-09-18 16:37
F5848,B0081,主驾驶安全带传感器故障,奥迪A4L,115262,2025-08-02 12:16
F5849,P0521,机油压力传感器电路范围故障,长城哈弗H6,36445,2024-03-05 16:12
F5850,C0561,ABS系统控制模块故障,奔驰C级,37210,2025-12-16 09:12
F5851,P0340,凸轮轴位置传感器电路故障,丰田凯美瑞,142138,2024-01-01 11:16
F5852,B0100,空气囊控制模块故障,大众帕萨特,81506,2024-04-02 15:13
F5853,P0122,节气门位置传感器电压低,本田CR-V,98395,2025-03-30 16:31
F5854,C0035,左前轮速传感器电路故障,比亚迪宋PLUS,144273,2025-03-30 09:44
F5855,P0442,燃油蒸发系统泄漏（小泄漏）,宝马5系,115449,2025-09-17 11:15
F5856,B0200,右前安全气囊传感器故障,奥迪Q5L,109996,2024-02-26 09:36
F5857,P0606,ECM内部控制模块处理器故障,福特锐界,41756,2025-09-11 17:18
F5858,C0051,右后轮速传感器电路故障,吉利博越,147179,2025-02-26 08:54
F5859,B0016,驾驶员侧安全气囊模块故障,长城魏派VV7,68181,2024-12-14 08:22
F5860,P0113,进气温度传感器电压高,奔驰E级,116471,2025-07-07 10:17
F5861,P0301,1缸失火，发动机抖动,丰田卡罗拉,130184,2025-08-01 10:21
F5862,C0045,右前轮速传感器故障,大众朗逸,25887,2024-11-08 16:28
F5863,P0171,燃油系统过稀,本田思域,143812,2024-10-28 10:16
F5864,B1234,空调压缩机不工作,比亚迪汉,81710,2024-02-05 08:16
F5865,P0420,催化转化器效率低,宝马3系,55727,2024-07-06 14:24
F5866,P0299,涡轮增压器压力不足,福特蒙迪欧,32275,2024-11-18 15:53
F5867,C0121,刹车压力传感器信号异常,吉利星越L,129693,2024-06-19 09:11
F5868,B0081,主驾驶安全带传感器故障,奥迪A4L,128706,2024-11-09 11:47
F5869,P0521,机油压力传感器电路范围故障,长城哈弗H6,121494,2025-07-25 14:04
F5870,C0561,ABS系统控制模块故障,奔驰C级,82340,2024-08-11 08:39
F5871,P0340,凸轮轴位置传感器电路故障,丰田凯美瑞,50185,2024-08-12 13:11
F5872,B0100,空气囊控制模块故障,大众帕萨特,87554,2025-04-13 17:10
F5873,P0122,节气门位置传感器电压低,本田CR-V,109899,2024-07-11 08:10
F5874,C0035,左前轮速传感器电路故障,比亚迪宋PLUS,92880,2025-04-28 08:37
F5875,P0442,燃油蒸发系统泄漏（小泄漏）,宝马5系,122159,2024-07-22 13:56
F5876,B0200,右前安全气囊传感器故障,奥迪Q5L,54766,2024-10-30 11:28
F5877,P0606,ECM内部控制模块处理器故障,福特锐界,105992,2024-05-20 14:17
F5878,C0051,右后轮速传感器电路故障,吉利博越,65350,2025-01-14 12:31
F5879,B0016,驾驶员侧安全气囊模块故障,长城魏派VV7,145261,2025-04-09 15:56
F5880,P0113,进气温度传感器电压高,奔驰E级,51744,2024-05-30 17:18
F5881,P0301,1缸失火，发动机抖动,丰田卡罗拉,109488,2024-09-21 10:26
F5882,C0045,右前轮速传感器故障,大众朗逸,77229,2024-12-22 09:19
F5883,P0171,燃油系统过稀,本田思域,104453,2025-09-01 12:42
F5884,B1234,空调压缩机不工作,比亚迪汉,26942,2024-07-25 09:18
F5885,P0420,催化转化器效率低,宝马3系,69286,2025-05-15 12:55
F5886,P0299,涡轮增压器压力不足,福特蒙迪欧,147244,2024-01-06 10:12
F5887,C0121,刹车压力传感器信号异常,吉利星越L,31136,2025-08-01 13:43
F5888,B0081,主驾驶安全带传感器故障,奥迪A4L,29860,2024-11-28 15:43
F5889,P0521,机油压力传感器电路范围故障,长城哈弗H6,25012,2024-02-17 17:56
F5890,C0561,ABS系统控制模块故障,奔驰C级,119756,2025-01-18 13:25
F5891,P0340,凸轮轴位置传感器电路故障,丰田凯美瑞,62149,2025-11-23 10:57
F5892,B0100,空气囊控制模块故障,大众帕萨特,119784,2025-07-24 12:11
F5893,P0122,节气门位置传感器电压低,本田CR-V,62932,2025-01-23 09:27
F5894,C0035,左前轮速传感器电路故障,比亚迪宋PLUS,22158,2025-12-16 09:40
F5895,P0442,燃油蒸发系统泄漏（小泄漏）,宝马5系,22344,2024-06-19 10:46
F5896,B0200,右前安全气囊传感器故障,奥迪Q5L,100129,2025-06-23 12:41
F5897,P0606,ECM内部控制模块处理器故障,福特锐界,143440,2025-11-14 16:31
F5898,C0051,右后轮速传感器电路故障,吉利博越,72942,2025-10-31 13:41
F5899,B0016,驾驶员侧安全气囊模块故障,长城魏派VV7,109869,2024-01-28 15:13
F5900,P0113,进气温度传感器电压高,奔驰E级,93999,2024-10-23 11:33
F5901,P0301,1缸失火，发动机抖动,丰田卡罗拉,130020,2024-01-27 08:30
F5902,C0045,右前轮速传感器故障,大众朗逸,59236,2025-08-19 11:53
F5903,P0171,燃油系统过稀,本田思域,21654,2024-04-07 15:35
F5904,B1234,空调压缩机不工作,比亚迪汉,20158,2024-06-01 09:15
F5905,P0420,催化转化器效率低,宝马3系,83770,2025-07-22 14:43
F5906,P0299,涡轮增压器压力不足,福特蒙迪欧,138161,2024-06-18 17:10
F5907,C0121,刹车压力传感器信号异常,吉利星越L,66763,2025-12-05 15:35
F5908,B0081,主驾驶安全带传感器故障,奥迪A4L,139085,2024-04-02 15:48
F5909,P0521,机油压力传感器电路范围故障,长城哈弗H6,79437,2025-08-04 13:09
F5910,C0561,ABS系统控制模块故障,奔驰C级,68960,2025-08-06 14:39
F5911,P0340,凸轮轴位置传感器电路故障,丰田凯美瑞,90664,2025-05-17 16:59
F5912,B0100,空气囊控制模块故障,大众帕萨特,34726,2025-01-12 10:05
F5913,P0122,节气门位置传感器电压低,本田CR-V,123091,2024-12-11 17:25
F5914,C0035,左前轮速传感器电路故障,比亚迪宋PLUS,68057,2024-04-03 14:35
F5915,P0442,燃油蒸发系统泄漏（小泄漏）,宝马5系,86659,2025-08-20 10:43
F5916,B0200,右前安全气囊传感器故障,奥迪Q5L,73223,2024-05-19 16:29
F5917,P0606,ECM内部控制模块处理器故障,福特锐界,74716,2024-05-17 17:49
F5918,C0051,右后轮速传感器电路故障,吉利博越,92831,2025-05-25 11:55
F5919,B0016,驾驶员侧安全气囊模块故障,长城魏派VV7,130158,2025-07-22 11:16
F5920,P0113,进气温度传感器电压高,奔驰E级,148876,2024-05-24 15:06
F5921,P0301,1缸失火，发动机抖动,丰田卡罗拉,125696,2024-02-12 14:55
F5922,C0045,右前轮速传感器故障,大众朗逸,80598,2024-07-15 15:13
F5923,P0171,燃油系统过稀,本田思域,80798,2025-11-17 13:44
F5924,B1234,空调压缩机不工作,比亚迪汉,70069,2024-01-04 10:26
F5925,P0420,催化转化器效率低,宝马3系,65191,2025-03-29 16:24
F5926,P0299,涡轮增压器压力不足,福特蒙迪欧,65675,2024-04-04 11:07
F5927,C0121,刹车压力传感器信号异常,吉利星越L,141564,2025-06-25 17:53
F5928,B0081,主驾驶安全带传感器故障,奥迪A4L,50532,2025-12-20 14:40
F5929,P0521,机油压力传感器电路范围故障,长城哈弗H6,42829,2025-09-24 16:47
F5930,C0561,ABS系统控制模块故障,奔驰C级,73886,2024-03-17 15:39
F5931,P0340,凸轮轴位置传感器电路故障,丰田凯美瑞,105442,2025-05-27 08:50
F5932,B0100,空气囊控制模块故障,大众帕萨特,104960,2025-06-19 08:36
F5933,P0122,节气门位置传感器电压低,本田CR-V,62236,2025-03-28 14:38
F5934,C0035,左前轮速传感器电路故障,比亚迪宋PLUS,64114,2025-06-04 10:11
F5935,P0442,燃油蒸发系统泄漏（小泄漏）,宝马5系,64216,2024-06-03 14:12
F5936,B0200,右前安全气囊传感器故障,奥迪Q5L,61359,2025-07-08 09:38
F5937,P0606,ECM内部控制模块处理器故障,福特锐界,146178,2025-08-01 11:59
F5938,C0051,右后轮速传感器电路故障,吉利博越,46690,2024-11-05 12:33
F5939,B0016,驾驶员侧安全气囊模块故障,长城魏派VV7,68010,2024-04-17 10:49
F5940,P0113,进气温度传感器电压高,奔驰E级,58508,2024-10-07 08:21
F5941,P0301,1缸失火，发动机抖动,丰田卡罗拉,133262,2024-10-11 10:18
F5942,C0045,右前轮速传感器故障,大众朗逸,67908,2025-06-13 12:20
F5943,P0171,燃油系统过稀,本田思域,79999,2024-01-06 17:03
F5944,B1234,空调压缩机不工作,比亚迪汉,61772,2025-07-13 09:02
F5945,P0420,催化转化器效率低,宝马3系,35774,2025-05-21 11:38
F5946,P0299,涡轮增压器压力不足,福特蒙迪欧,80421,2024-03-24 10:19
F5947,C0121,刹车压力传感器信号异常,吉利星越L,57402,2025-01-27 10:49
F5948,B0081,主驾驶安全带传感器故障,奥迪A4L,108578,2024-03-16 14:15
F5949,P0521,机油压力传感器电路范围故障,长城哈弗H6,110257,2024-03-13 12:21
F5950,C0561,ABS系统控制模块故障,奔驰C级,102949,2024-11-11 11:05
F5951,P0340,凸轮轴位置传感器电路故障,丰田凯美瑞,20020,2025-08-24 14:36
F5952,B0100,空气囊控制模块故障,大众帕萨特,112404,2025-07-31 12:27
F5953,P0122,节气门位置传感器电压低,本田CR-V,93748,2025-01-14 13:53
F5954,C0035,左前轮速传感器电路故障,比亚迪宋PLUS,20286,2024-06-12 10:04
F5955,P0442,燃油蒸发系统泄漏（小泄漏）,宝马5系,45807,2024-01-09 16:03
F5956,B0200,右前安全气囊传感器故障,奥迪Q5L,89115,2024-08-09 15:24
F5957,P0606,ECM内部控制模块处理器故障,福特锐界,41279,2025-03-12 15:35
F5958,C0051,右后轮速传感器电路故障,吉利博越,130127,2024-10-28 10:45
F5959,B0016,驾驶员侧安全气囊模块故障,长城魏派VV7,122750,2024-11-29 12:49
F5960,P0113,进气温度传感器电压高,奔驰E级,139118,2024-12-16 08:55
F5961,P0301,1缸失火，发动机抖动,丰田卡罗拉,56195,2025-07-21 08:36
F5962,C0045,右前轮速传感器故障,大众朗逸,52541,2024-05-02 16:25
F5963,P0171,燃油系统过稀,本田思域,111734,2025-04-03 14:43
F5964,B1234,空调压缩机不工作,比亚迪汉,50580,2025-03-28 09:11
F5965,P0420,催化转化器效率低,宝马3系,44060,2025-09-10 12:46
F5966,P0299,涡轮增压器压力不足,福特蒙迪欧,52668,2025-04-09 13:35
F5967,C0121,刹车压力传感器信号异常,吉利星越L,119620,2025-02-07 09:34
F5968,B0081,主驾驶安全带传感器故障,奥迪A4L,101291,2025-10-16 11:29
F5969,P0521,机油压力传感器电路范围故障,长城哈弗H6,145449,2025-04-12 12:56
F5970,C0561,ABS系统控制模块故障,奔驰C级,77968,2025-08-17 08:30
F5971,P0340,凸轮轴位置传感器电路故障,丰田凯美瑞,54054,2025-12-29 17:45
F5972,B0100,空气囊控制模块故障,大众帕萨特,26041,2025-08-28 10:31
F5973,P0122,节气门位置传感器电压低,本田CR-V,30616,2024-07-30 09:57
F5974,C0035,左前轮速传感器电路故障,比亚迪宋PLUS,31178,2025-10-01 13:58
F5975,P0442,燃油蒸发系统泄漏（小泄漏）,宝马5系,49829,2024-04-28 12:10
F5976,B0200,右前安全气囊传感器故障,奥迪Q5L,67456,2025-05-04 15:21
F5977,P0606,ECM内部控制模块处理器故障,福特锐界,38151,2024-08-09 11:54
F5978,C0051,右后轮速传感器电路故障,吉利博越,115209,2025-08-22 13:10
F5979,B0016,驾驶员侧安全气囊模块故障,长城魏派VV7,73228,2025-07-04 10:02
F5980,P0113,进气温度传感器电压高,奔驰E级,136182,2024-09-11 16:31
F5981,P0301,1缸失火，发动机抖动,丰田卡罗拉,117438,2024-01-21 16:31
F5982,C0045,右前轮速传感器故障,大众朗逸,67849,2024-09-29 14:30
F5983,P0171,燃油系统过稀,本田思域,116332,2025-08-02 15:48
F5984,B1234,空调压缩机不工作,比亚迪汉,140089,2025-08-17 13:05
F5985,P0420,催化转化器效率低,宝马3系,122930,2025-02-07 17:32
F5986,P0299,涡轮增压器压力不足,福特蒙迪欧,144681,2024-11-10 10:50
F5987,C0121,刹车压力传感器信号异常,吉利星越L,96547,2025-06-26 08:38
F5988,B0081,主驾驶安全带传感器故障,奥迪A4L,111816,2025-10-02 11:26
F5989,P0521,机油压力传感器电路范围故障,长城哈弗H6,130356,2024-08-15 08:43
F5990,C0561,ABS系统控制模块故障,奔驰C级,37324,2025-01-15 12:19
F5991,P0340,凸轮轴位置传感器电路故障,丰田凯美瑞,41393,2025-12-20 16:11
F5992,B0100,空气囊控制模块故障,大众帕萨特,35023,2024-07-18 13:18
F5993,P0122,节气门位置传感器电压低,本田CR-V,78857,2024-12-02 14:41
F5994,C0035,左前轮速传感器电路故障,比亚迪宋PLUS,61277,2025-06-26 10:29
F5995,P0442,燃油蒸发系统泄漏（小泄漏）,宝马5系,38716,2025-12-05 17:10
F5996,B0200,右前安全气囊传感器故障,奥迪Q5L,23004,2025-02-18 17:41
F5997,P0606,ECM内部控制模块处理器故障,福特锐界,120739,2025-11-16 17:31
F5998,C0051,右后轮速传感器电路故障,吉利博越,96464,2024-07-05 08:18
F5999,B0016,驾驶员侧安全气囊模块故障,长城魏派VV7,140985,2025-06-13 16:40
F6000,P0113,进气温度传感器电压高,奔驰E级,38126,2025-04-07 16:03
F6001,P0301,1缸失火，发动机抖动,丰田卡罗拉,98701,2025-06-09 17:11
F6002,C0045,右前轮速传感器故障,大众朗逸,145163,2024-07-16 16:05
F6003,P0171,燃油系统过稀,本田思域,105199,2025-08-01 11:54
F6004,B1234,空调压缩机不工作,比亚迪汉,85946,2024-10-03 15:39
F6005,P0420,催化转化器效率低,宝马3系,69423,2025-08-07 12:38
F6006,P0299,涡轮增压器压力不足,福特蒙迪欧,125876,2025-10-29 16:42
F6007,C0121,刹车压力传感器信号异常,吉利星越L,34642,2024-10-09 17:14
F6008,B0081,主驾驶安全带传感器故障,奥迪A4L,135500,2025-01-07 14:03
F6009,P0521,机油压力传感器电路范围故障,长城哈弗H6,61053,2025-07-25 09:08
F6010,C0561,ABS系统控制模块故障,奔驰C级,126923,2024-11-09 10:13
F6011,P0340,凸轮轴位置传感器电路故障,丰田凯美瑞,74410,2024-03-23 14:56
F6012,B0100,空气囊控制模块故障,大众帕萨特,141112,2025-02-11 10:10
F6013,P0122,节气门位置传感器电压低,本田CR-V,144583,2025-01-21 10:04
F6014,C0035,左前轮速传感器电路故障,比亚迪宋PLUS,148302,2025-02-20 16:17
F6015,P0442,燃油蒸发系统泄漏（小泄漏）,宝马5系,129298,2024-06-08 17:49
F6016,B0200,右前安全气囊传感器故障,奥迪Q5L,123866,2024-11-26 12:51
F6017,P0606,ECM内部控制模块处理器故障,福特锐界,70407,2024-04-16 10:06
F6018,C0051,右后轮速传感器电路故障,吉利博越,69354,2024-04-06 11:02
F6019,B0016,驾驶员侧安全气囊模块故障,长城魏派VV7,63838,2025-08-14 11:22
F6020,P0113,进气温度传感器电压高,奔驰E级,65880,2025-07-21 16:18
F6021,P0301,1缸失火，发动机抖动,丰田卡罗拉,149377,2025-07-08 09:41
F6022,C0045,右前轮速传感器故障,大众朗逸,147966,2024-10-26 10:03
F6023,P0171,燃油系统过稀,本田思域,47563,2025-02-26 11:47
F6024,B1234,空调压缩机不工作,比亚迪汉,74151,2025-02-08 15:17
F6025,P0420,催化转化器效率低,宝马3系,87544,2025-01-08 10:01
F6026,P0299,涡轮增压器压力不足,福特蒙迪欧,122480,2024-10-13 12:36
F6027,C0121,刹车压力传感器信号异常,吉利星越L,105261,2025-04-01 16:28
F6028,B0081,主驾驶安全带传感器故障,奥迪A4L,126092,2025-10-31 12:25
F6029,P0521,机油压力传感器电路范围故障,长城哈弗H6,131807,2025-02-06 12:34
F6030,C0561,ABS系统控制模块故障,奔驰C级,101752,2024-07-07 13:33
F6031,P0340,凸轮轴位置传感器电路故障,丰田凯美瑞,124595,2024-08-24 11:41
F6032,B0100,空气囊控制模块故障,大众帕萨特,116792,2024-05-19 16:48
F6033,P0122,节气门位置传感器电压低,本田CR-V,126490,2025-07-16 11:34
F6034,C0035,左前轮速传感器电路故障,比亚迪宋PLUS,142544,2025-03-14 15:50
F6035,P0442,燃油蒸发系统泄漏（小泄漏）,宝马5系,37336,2025-01-16 17:28
F6036,B0200,右前安全气囊传感器故障,奥迪Q5L,55176,2024-05-11 08:42
F6037,P0606,ECM内部控制模块处理器故障,福特锐界,90820,2024-06-13 16:36
F6038,C0051,右后轮速传感器电路故障,吉利博越,110462,2025-10-04 14:14
F6039,B0016,驾驶员侧安全气囊模块故障,长城魏派VV7,123898,2025-09-22 13:17
F6040,P0113,进气温度传感器电压高,奔驰E级,136156,2024-07-02 08:55
F6041,P0301,1缸失火，发动机抖动,丰田卡罗拉,58328,2025-11-30 17:55
F6042,C0045,右前轮速传感器故障,大众朗逸,95416,2024-03-06 17:51
F6043,P0171,燃油系统过稀,本田思域,54390,2025-12-21 17:15
F6044,B1234,空调压缩机不工作,比亚迪汉,31266,2025-01-25 11:32
F6045,P0420,催化转化器效率低,宝马3系,65888,2025-10-06 17:11
F6046,P0299,涡轮增压器压力不足,福特蒙迪欧,141998,2024-10-08 10:50
F6047,C0121,刹车压力传感器信号异常,吉利星越L,95814,2025-09-05 10:53
F6048,B0081,主驾驶安全带传感器故障,奥迪A4L,98969,2024-03-04 12:40
F6049,P0521,机油压力传感器电路范围故障,长城哈弗H6,33744,2024-12-04 12:22
F6050,C0561,ABS系统控制模块故障,奔驰C级,109627,2024-04-26 08:23
F6051,P0340,凸轮轴位置传感器电路故障,丰田凯美瑞,39581,2025-05-09 13:13
F6052,B0100,空气囊控制模块故障,大众帕萨特,76578,2025-11-15 12:33
F6053,P0122,节气门位置传感器电压低,本田CR-V,141036,2025-07-06 11:27
F6054,C0035,左前轮速传感器电路故障,比亚迪宋PLUS,54465,2024-11-05 08:49
F6055,P0442,燃油蒸发系统泄漏（小泄漏）,宝马5系,63144,2024-05-14 17:36
F6056,B0200,右前安全气囊传感器故障,奥迪Q5L,99350,2024-07-12 10:57
F6057,P0606,ECM内部控制模块处理器故障,福特锐界,52717,2025-08-15 10:21
F6058,C0051,右后轮速传感器电路故障,吉利博越,29985,2025-07-01 12:29
F6059,B0016,驾驶员侧安全气囊模块故障,长城魏派VV7,114591,2024-10-18 17:17
F6060,P0113,进气温度传感器电压高,奔驰E级,137113,2024-06-23 17:10
F6061,P0301,1缸失火，发动机抖动,丰田卡罗拉,69622,2025-10-23 17:40
F6062,C0045,右前轮速传感器故障,大众朗逸,56568,2025-11-23 09:12
F6063,P0171,燃油系统过稀,本田思域,49011,2024-05-12 11:18
F6064,B1234,空调压缩机不工作,比亚迪汉,149272,2024-08-31 10:07
F6065,P0420,催化转化器效率低,宝马3系,115916,2025-04-02 17:55
F6066,P0299,涡轮增压器压力不足,福特蒙迪欧,63510,2024-04-11 14:21
F6067,C0121,刹车压力传感器信号异常,吉利星越L,141017,2024-02-27 13:02
F6068,B0081,主驾驶安全带传感器故障,奥迪A4L,79946,2024-09-02 16:14
F6069,P0521,机油压力传感器电路范围故障,长城哈弗H6,85050,2024-11-25 17:32
F6070,C0561,ABS系统控制模块故障,奔驰C级,51171,2025-06-19 14:14
F6071,P0340,凸轮轴位置传感器电路故障,丰田凯美瑞,62807,2025-06-03 12:09
F6072,B0100,空气囊控制模块故障,大众帕萨特,122998,2024-02-22 08:17
F6073,P0122,节气门位置传感器电压低,本田CR-V,101690,2024-11-12 12:58
F6074,C0035,左前轮速传感器电路故障,比亚迪宋PLUS,60539,2024-04-23 10:39
F6075,P0442,燃油蒸发系统泄漏（小泄漏）,宝马5系,99077,2024-06-03 15:50
F6076,B0200,右前安全气囊传感器故障,奥迪Q5L,141463,2024-09-12 15:55
F6077,P0606,ECM内部控制模块处理器故障,福特锐界,82673,2025-11-04 14:46
F6078,C0051,右后轮速传感器电路故障,吉利博越,100242,2025-05-02 09:46
F6079,B0016,驾驶员侧安全气囊模块故障,长城魏派VV7,96670,2025-04-14 13:17
F6080,P0113,进气温度传感器电压高,奔驰E级,36200,2025-12-04 10:47
F6081,P0301,1缸失火，发动机抖动,丰田卡罗拉,109904,2025-03-18 08:11
F6082,C0045,右前轮速传感器故障,大众朗逸,24402,2025-12-10 12:01
F6083,P0171,燃油系统过稀,本田思域,93426,2025-07-09 10:49
F6084,B1234,空调压缩机不工作,比亚迪汉,47704,2025-12-26 14:53
F6085,P0420,催化转化器效率低,宝马3系,43413,2025-04-25 09:55
F6086,P0299,涡轮增压器压力不足,福特蒙迪欧,123578,2025-08-17 14:10
F6087,C0121,刹车压力传感器信号异常,吉利星越L,101670,2024-12-14 10:47
F6088,B0081,主驾驶安全带传感器故障,奥迪A4L,44950,2024-09-01 12:16
F6089,P0521,机油压力传感器电路范围故障,长城哈弗H6,53243,2025-11-07 17:11
F6090,C0561,ABS系统控制模块故障,奔驰C级,82756,2025-12-10 10:36
F6091,P0340,凸轮轴位置传感器电路故障,丰田凯美瑞,121748,2025-01-12 08:00
F6092,B0100,空气囊控制模块故障,大众帕萨特,99148,2024-06-02 10:50
F6093,P0122,节气门位置传感器电压低,本田CR-V,127992,2024-11-11 16:26
F6094,C0035,左前轮速传感器电路故障,比亚迪宋PLUS,114494,2025-07-01 17:07
F6095,P0442,燃油蒸发系统泄漏（小泄漏）,宝马5系,50453,2024-03-14 16:14
F6096,B0200,右前安全气囊传感器故障,奥迪Q5L,41616,2025-10-18 10:27
F6097,P0606,ECM内部控制模块处理器故障,福特锐界,123028,2025-01-05 14:24
F6098,C0051,右后轮速传感器电路故障,吉利博越,127015,2024-07-07 11:44
F6099,B0016,驾驶员侧安全气囊模块故障,长城魏派VV7,113587,2025-10-21 16:15
F6100,P0113,进气温度传感器电压高,奔驰E级,137097,2024-03-31 11:56
F6101,P0301,1缸失火，发动机抖动,丰田卡罗拉,149179,2024-07-27 16:23
F6102,C0045,右前轮速传感器故障,大众朗逸,41552,2024-01-15 15:14
F6103,P0171,燃油系统过稀,本田思域,42342,2024-10-05 12:03
F6104,B1234,空调压缩机不工作,比亚迪汉,59691,2025-02-22 12:35
F6105,P0420,催化转化器效率低,宝马3系,138498,2025-06-15 11:58
F6106,P0299,涡轮增压器压力不足,福特蒙迪欧,69513,2024-02-05 10:07
F6107,C0121,刹车压力传感器信号异常,吉利星越L,144714,2024-09-08 15:39
F6108,B0081,主驾驶安全带传感器故障,奥迪A4L,32352,2024-12-10 17:55
F6109,P0521,机油压力传感器电路范围故障,长城哈弗H6,83440,2025-04-13 10:03
F6110,C0561,ABS系统控制模块故障,奔驰C级,144557,2025-11-05 13:28
F6111,P0340,凸轮轴位置传感器电路故障,丰田凯美瑞,91988,2025-04-16 12:25
F6112,B0100,空气囊控制模块故障,大众帕萨特,82400,2024-08-12 10:20
F6113,P0122,节气门位置传感器电压低,本田CR-V,77010,2025-08-16 11:16
F6114,C0035,左前轮速传感器电路故障,比亚迪宋PLUS,66416,2024-08-26 09:46
F6115,P0442,燃油蒸发系统泄漏（小泄漏）,宝马5系,81491,2024-01-02 13:25
F6116,B0200,右前安全气囊传感器故障,奥迪Q5L,23655,2025-02-22 09:45
F6117,P0606,ECM内部控制模块处理器故障,福特锐界,68994,2024-07-25 08:52
F6118,C0051,右后轮速传感器电路故障,吉利博越,125039,2024-09-28 12:22
F6119,B0016,驾驶员侧安全气囊模块故障,长城魏派VV7,137506,2024-12-28 13:25
F6120,P0113,进气温度传感器电压高,奔驰E级,118370,2025-07-09 14:20
F6121,P0301,1缸失火，发动机抖动,丰田卡罗拉,149822,2024-08-24 10:56
F6122,C0045,右前轮速传感器故障,大众朗逸,97781,2025-06-04 13:20
F6123,P0171,燃油系统过稀,本田思域,31633,2025-03-23 17:56
F6124,B1234,空调压缩机不工作,比亚迪汉,55333,2024-07-10 09:11
F6125,P0420,催化转化器效率低,宝马3系,76808,2024-09-11 10:23
F6126,P0299,涡轮增压器压力不足,福特蒙迪欧,130013,2024-01-31 16:34
F6127,C0121,刹车压力传感器信号异常,吉利星越L,130680,2024-08-31 08:38
F6128,B0081,主驾驶安全带传感器故障,奥迪A4L,134770,2024-05-13 17:47
F6129,P0521,机油压力传感器电路范围故障,长城哈弗H6,59941,2024-12-03 16:20
F6130,C0561,ABS系统控制模块故障,奔驰C级,143532,2024-05-05 12:14
F6131,P0340,凸轮轴位置传感器电路故障,丰田凯美瑞,80192,2025-03-06 16:15
F6132,B0100,空气囊控制模块故障,大众帕萨特,127228,2025-04-21 11:18
F6133,P0122,节气门位置传感器电压低,本田CR-V,109485,2024-01-10 09:18
F6134,C0035,左前轮速传感器电路故障,比亚迪宋PLUS,109376,2024-02-02 10:33
F6135,P0442,燃油蒸发系统泄漏（小泄漏）,宝马5系,54028,2024-08-26 13:21
F6136,B0200,右前安全气囊传感器故障,奥迪Q5L,101534,2024-01-18 14:53
F6137,P0606,ECM内部控制模块处理器故障,福特锐界,80804,2025-07-09 11:29
F6138,C0051,右后轮速传感器电路故障,吉利博越,145514,2024-09-02 11:14
F6139,B0016,驾驶员侧安全气囊模块故障,长城魏派VV7,145161,2025-12-19 13:24
F6140,P0113,进气温度传感器电压高,奔驰E级,88711,2024-06-09 15:32
F6141,P0301,1缸失火，发动机抖动,丰田卡罗拉,101048,2025-12-16 15:04
F6142,C0045,右前轮速传感器故障,大众朗逸,23582,2024-07-22 11:50
F6143,P0171,燃油系统过稀,本田思域,95158,2024-10-02 13:00
F6144,B1234,空调压缩机不工作,比亚迪汉,32482,2025-10-21 17:57
F6145,P0420,催化转化器效率低,宝马3系,37131,2025-12-20 13:32
F6146,P0299,涡轮增压器压力不足,福特蒙迪欧,147715,2025-05-28 16:42
F6147,C0121,刹车压力传感器信号异常,吉利星越L,136497,2025-01-27 11:24
F6148,B0081,主驾驶安全带传感器故障,奥迪A4L,110291,2025-04-07 09:00
F6149,P0521,机油压力传感器电路范围故障,长城哈弗H6,68313,2024-08-31 09:24
F6150,C0561,ABS系统控制模块故障,奔驰C级,49698,2024-09-23 13:09
F6151,P0340,凸轮轴位置传感器电路故障,丰田凯美瑞,66859,2025-11-28 13:36
F6152,B0100,空气囊控制模块故障,大众帕萨特,128316,2025-10-31 08:19
F6153,P0122,节气门位置传感器电压低,本田CR-V,128103,2024-12-06 15:25
F6154,C0035,左前轮速传感器电路故障,比亚迪宋PLUS,93771,2024-02-09 16:03
F6155,P0442,燃油蒸发系统泄漏（小泄漏）,宝马5系,25999,2025-01-04 14:00
F6156,B0200,右前安全气囊传感器故障,奥迪Q5L,41756,2025-12-06 14:43
F6157,P0606,ECM内部控制模块处理器故障,福特锐界,59451,2025-08-08 13:13
F6158,C0051,右后轮速传感器电路故障,吉利博越,88532,2025-10-11 08:32
F6159,B0016,驾驶员侧安全气囊模块故障,长城魏派VV7,72182,2025-04-25 11:59
F6160,P0113,进气温度传感器电压高,奔驰E级,22437,2024-06-27 08:05
F6161,P0301,1缸失火，发动机抖动,丰田卡罗拉,97192,2024-11-09 13:25
F6162,C0045,右前轮速传感器故障,大众朗逸,48480,2024-12-04 09:34
F6163,P0171,燃油系统过稀,本田思域,85594,2024-11-12 14:24
F6164,B1234,空调压缩机不工作,比亚迪汉,137463,2025-04-22 09:39
F6165,P0420,催化转化器效率低,宝马3系,121088,2024-01-12 17:59
F6166,P0299,涡轮增压器压力不足,福特蒙迪欧,130584,2025-06-24 14:04
F6167,C0121,刹车压力传感器信号异常,吉利星越L,29205,2024-12-29 10:41
F6168,B0081,主驾驶安全带传感器故障,奥迪A4L,88413,2025-11-15 14:15
F6169,P0521,机油压力传感器电路范围故障,长城哈弗H6,29547,2025-08-09 15:52
F6170,C0561,ABS系统控制模块故障,奔驰C级,119079,2025-07-30 09:57
F6171,P0340,凸轮轴位置传感器电路故障,丰田凯美瑞,120471,2024-10-11 11:11
F6172,B0100,空气囊控制模块故障,大众帕萨特,51005,2025-12-17 14:59
F6173,P0122,节气门位置传感器电压低,本田CR-V,80720,2024-06-06 12:07
F6174,C0035,左前轮速传感器电路故障,比亚迪宋PLUS,147723,2024-05-21 14:48
F6175,P0442,燃油蒸发系统泄漏（小泄漏）,宝马5系,148474,2024-05-28 12:11
F6176,B0200,右前安全气囊传感器故障,奥迪Q5L,98217,2024-09-05 13:28
F6177,P0606,ECM内部控制模块处理器故障,福特锐界,115082,2024-04-20 17:43
F6178,C0051,右后轮速传感器电路故障,吉利博越,129545,2024-02-13 10:59
F6179,B0016,驾驶员侧安全气囊模块故障,长城魏派VV7,143529,2025-03-24 14:03
F6180,P0113,进气温度传感器电压高,奔驰E级,20803,2024-03-12 12:37
F6181,P0301,1缸失火，发动机抖动,丰田卡罗拉,101061,2024-07-05 11:06
F6182,C0045,右前轮速传感器故障,大众朗逸,52423,2025-07-22 11:24
F6183,P0171,燃油系统过稀,本田思域,96686,2025-03-07 13:22
F6184,B1234,空调压缩机不工作,比亚迪汉,34820,2024-10-19 12:07
F6185,P0420,催化转化器效率低,宝马3系,127231,2025-11-17 14:03
F6186,P0299,涡轮增压器压力不足,福特蒙迪欧,98664,2024-03-16 14:52
F6187,C0121,刹车压力传感器信号异常,吉利星越L,128091,2025-08-29 08:35
F6188,B0081,主驾驶安全带传感器故障,奥迪A4L,137751,2024-08-04 10:04
F6189,P0521,机油压力传感器电路范围故障,长城哈弗H6,73776,2024-08-11 16:08
F6190,C0561,ABS系统控制模块故障,奔驰C级,130767,2024-10-29 16:24
F6191,P0340,凸轮轴位置传感器电路故障,丰田凯美瑞,113317,2024-12-22 16:01
F6192,B0100,空气囊控制模块故障,大众帕萨特,129954,2025-12-13 16:58
F6193,P0122,节气门位置传感器电压低,本田CR-V,33000,2025-02-21 16:02
F6194,C0035,左前轮速传感器电路故障,比亚迪宋PLUS,41731,2025-05-12 16:42
F6195,P0442,燃油蒸发系统泄漏（小泄漏）,宝马5系,20686,2025-10-07 17:36
F6196,B0200,右前安全气囊传感器故障,奥迪Q5L,55265,2024-01-31 17:11
F6197,P0606,ECM内部控制模块处理器故障,福特锐界,137749,2024-09-07 08:26
F6198,C0051,右后轮速传感器电路故障,吉利博越,114674,2025-03-18 15:10
F6199,B0016,驾驶员侧安全气囊模块故障,长城魏派VV7,65110,2024-09-17 14:52
F6200,P0113,进气温度传感器电压高,奔驰E级,119974,2025-03-04 15:08
F6201,P0301,1缸失火，发动机抖动,丰田卡罗拉,125757,2025-07-03 12:38
F6202,C0045,右前轮速传感器故障,大众朗逸,42843,2025-06-04 11:59
F6203,P0171,燃油系统过稀,本田思域,144382,2024-02-22 11:10
F6204,B1234,空调压缩机不工作,比亚迪汉,79690,2025-04-02 11:10
F6205,P0420,催化转化器效率低,宝马3系,90240,2024-10-31 15:24
F6206,P0299,涡轮增压器压力不足,福特蒙迪欧,79881,2024-02-06 17:36
F6207,C0121,刹车压力传感器信号异常,吉利星越L,88395,2024-12-28 12:17
F6208,B0081,主驾驶安全带传感器故障,奥迪A4L,39144,2024-06-11 12:41
F6209,P0521,机油压力传感器电路范围故障,长城哈弗H6,28926,2024-03-28 10:18
F6210,C0561,ABS系统控制模块故障,奔驰C级,48014,2024-06-25 09:21
F6211,P0340,凸轮轴位置传感器电路故障,丰田凯美瑞,51490,2024-12-16 08:17
F6212,B0100,空气囊控制模块故障,大众帕萨特,88637,2025-09-22 15:18
F6213,P0122,节气门位置传感器电压低,本田CR-V,140191,2025-12-13 16:45
F6214,C0035,左前轮速传感器电路故障,比亚迪宋PLUS,76966,2024-08-31 15:24
F6215,P0442,燃油蒸发系统泄漏（小泄漏）,宝马5系,145606,2025-07-20 08:26
F6216,B0200,右前安全气囊传感器故障,奥迪Q5L,57179,2025-08-04 17:41
F6217,P0606,ECM内部控制模块处理器故障,福特锐界,62897,2025-05-09 16:47
F6218,C0051,右后轮速传感器电路故障,吉利博越,93269,2025-10-31 12:17
F6219,B0016,驾驶员侧安全气囊模块故障,长城魏派VV7,135772,2025-08-04 08:07
F6220,P0113,进气温度传感器电压高,奔驰E级,118614,2025-03-26 17:42
F6221,P0301,1缸失火，发动机抖动,丰田卡罗拉,133113,2025-03-11 17:40
F6222,C0045,右前轮速传感器故障,大众朗逸,27765,2024-11-22 08:18
F6223,P0171,燃油系统过稀,本田思域,53658,2024-09-12 09:07
F6224,B1234,空调压缩机不工作,比亚迪汉,125232,2025-11-30 09:18
F6225,P0420,催化转化器效率低,宝马3系,140499,2025-09-06 11:58
F6226,P0299,涡轮增压器压力不足,福特蒙迪欧,102548,2025-01-11 16:11
F6227,C0121,刹车压力传感器信号异常,吉利星越L,73316,2024-12-30 14:30
F6228,B0081,主驾驶安全带传感器故障,奥迪A4L,140501,2024-11-08 10:54
F6229,P0521,机油压力传感器电路范围故障,长城哈弗H6,123880,2024-08-20 12:57
F6230,C0561,ABS系统控制模块故障,奔驰C级,75841,2024-01-16 15:30
F6231,P0340,凸轮轴位置传感器电路故障,丰田凯美瑞,67685,2025-05-08 09:42
F6232,B0100,空气囊控制模块故障,大众帕萨特,142989,2025-01-02 08:00
F6233,P0122,节气门位置传感器电压低,本田CR-V,100230,2024-06-12 11:38
F6234,C0035,左前轮速传感器电路故障,比亚迪宋PLUS,77455,2025-02-08 11:59
F6235,P0442,燃油蒸发系统泄漏（小泄漏）,宝马5系,66037,2024-07-16 11:59
F6236,B0200,右前安全气囊传感器故障,奥迪Q5L,41850,2024-02-13 12:12
F6237,P0606,ECM内部控制模块处理器故障,福特锐界,44788,2025-09-28 12:35
F6238,C0051,右后轮速传感器电路故障,吉利博越,36985,2024-10-08 08:18
F6239,B0016,驾驶员侧安全气囊模块故障,长城魏派VV7,146890,2025-08-12 17:31
F6240,P0113,进气温度传感器电压高,奔驰E级,56947,2025-09-07 17:52
F6241,P0301,1缸失火，发动机抖动,丰田卡罗拉,37403,2025-07-27 16:31
F6242,C0045,右前轮速传感器故障,大众朗逸,103242,2024-02-18 17:01
F6243,P0171,燃油系统过稀,本田思域,135705,2025-09-19 10:28
F6244,B1234,空调压缩机不工作,比亚迪汉,146505,2024-12-19 08:07
F6245,P0420,催化转化器效率低,宝马3系,131261,2024-03-25 17:20
F6246,P0299,涡轮增压器压力不足,福特蒙迪欧,50174,2024-06-10 17:56
F6247,C0121,刹车压力传感器信号异常,吉利星越L,35662,2025-05-09 13:27
F6248,B0081,主驾驶安全带传感器故障,奥迪A4L,128988,2025-07-14 17:59
F6249,P0521,机油压力传感器电路范围故障,长城哈弗H6,134280,2025-08-04 11:01
F6250,C0561,ABS系统控制模块故障,奔驰C级,73127,2025-06-14 17:48
F6251,P0340,凸轮轴位置传感器电路故障,丰田凯美瑞,130794,2024-10-18 08:03
F6252,B0100,空气囊控制模块故障,大众帕萨特,143673,2024-01-18 13:50
F6253,P0122,节气门位置传感器电压低,本田CR-V,77211,2024-09-21 17:13
F6254,C0035,左前轮速传感器电路故障,比亚迪宋PLUS,120821,2025-05-29 17:18
F6255,P0442,燃油蒸发系统泄漏（小泄漏）,宝马5系,119712,2024-12-13 15:58
F6256,B0200,右前安全气囊传感器故障,奥迪Q5L,59885,2024-09-09 12:47
F6257,P0606,ECM内部控制模块处理器故障,福特锐界,141952,2024-10-20 12:50
F6258,C0051,右后轮速传感器电路故障,吉利博越,113947,2024-02-28 08:42
F6259,B0016,驾驶员侧安全气囊模块故障,长城魏派VV7,112181,2024-10-16 11:21
F6260,P0113,进气温度传感器电压高,奔驰E级,26158,2025-07-14 13:18
F6261,P0301,1缸失火，发动机抖动,丰田卡罗拉,27313,2025-10-01 10:05
F6262,C0045,右前轮速传感器故障,大众朗逸,20769,2024-07-12 09:39
F6263,P0171,燃油系统过稀,本田思域,104954,2024-12-24 16:42
F6264,B1234,空调压缩机不工作,比亚迪汉,110394,2025-04-02 14:12
F6265,P0420,催化转化器效率低,宝马3系,107111,2024-08-05 12:41
F6266,P0299,涡轮增压器压力不足,福特蒙迪欧,44718,2025-09-11 17:04
F6267,C0121,刹车压力传感器信号异常,吉利星越L,32369,2025-06-20 11:32
F6268,B0081,主驾驶安全带传感器故障,奥迪A4L,113558,2025-12-30 09:09
F6269,P0521,机油压力传感器电路范围故障,长城哈弗H6,126419,2024-05-07 16:58
F6270,C0561,ABS系统控制模块故障,奔驰C级,22724,2024-02-26 13:27
F6271,P0340,凸轮轴位置传感器电路故障,丰田凯美瑞,31195,2024-01-11 08:30
F6272,B0100,空气囊控制模块故障,大众帕萨特,127495,2025-05-14 14:02
F6273,P0122,节气门位置传感器电压低,本田CR-V,110016,2024-03-29 15:52
F6274,C0035,左前轮速传感器电路故障,比亚迪宋PLUS,53994,2024-06-28 14:17
F6275,P0442,燃油蒸发系统泄漏（小泄漏）,宝马5系,106936,2025-11-14 13:51
F6276,B0200,右前安全气囊传感器故障,奥迪Q5L,68766,2024-04-05 12:57
F6277,P0606,ECM内部控制模块处理器故障,福特锐界,78132,2024-11-07 12:00
F6278,C0051,右后轮速传感器电路故障,吉利博越,46312,2025-08-06 15:47
F6279,B0016,驾驶员侧安全气囊模块故障,长城魏派VV7,91950,2025-10-19 11:33
F6280,P0113,进气温度传感器电压高,奔驰E级,126273,2024-01-25 16:32
F6281,P0301,1缸失火，发动机抖动,丰田卡罗拉,32810,2025-03-13 12:21
F6282,C0045,右前轮速传感器故障,大众朗逸,47236,2024-06-24 08:56
F6283,P0171,燃油系统过稀,本田思域,38983,2025-09-02 15:53
F6284,B1234,空调压缩机不工作,比亚迪汉,50391,2024-03-18 14:36
F6285,P0420,催化转化器效率低,宝马3系,70890,2025-11-25 15:38
F6286,P0299,涡轮增压器压力不足,福特蒙迪欧,110226,2025-11-15 09:27
F6287,C0121,刹车压力传感器信号异常,吉利星越L,138784,2024-11-12 12:11
F6288,B0081,主驾驶安全带传感器故障,奥迪A4L,131327,2025-10-05 13:45
F6289,P0521,机油压力传感器电路范围故障,长城哈弗H6,92072,2025-02-13 10:19
F6290,C0561,ABS系统控制模块故障,奔驰C级,29464,2024-06-06 15:18
F6291,P0340,凸轮轴位置传感器电路故障,丰田凯美瑞,43549,2025-11-10 12:02
F6292,B0100,空气囊控制模块故障,大众帕萨特,48570,2024-12-30 11:40
F6293,P0122,节气门位置传感器电压低,本田CR-V,41548,2024-09-18 14:46
F6294,C0035,左前轮速传感器电路故障,比亚迪宋PLUS,103042,2024-11-03 13:34
F6295,P0442,燃油蒸发系统泄漏（小泄漏）,宝马5系,107459,2024-11-06 10:05
F6296,B0200,右前安全气囊传感器故障,奥迪Q5L,54335,2024-07-09 09:39
F6297,P0606,ECM内部控制模块处理器故障,福特锐界,135678,2024-08-31 14:04
F6298,C0051,右后轮速传感器电路故障,吉利博越,133991,2024-02-02 17:49
F6299,B0016,驾驶员侧安全气囊模块故障,长城魏派VV7,41795,2024-06-15 08:24
F6300,P0113,进气温度传感器电压高,奔驰E级,82764,2025-03-07 13:16
F6301,P0301,1缸失火，发动机抖动,丰田卡罗拉,100025,2025-09-14 16:03
F6302,C0045,右前轮速传感器故障,大众朗逸,28324,2024-08-08 13:43
F6303,P0171,燃油系统过稀,本田思域,25502,2024-08-19 13:36
F6304,B1234,空调压缩机不工作,比亚迪汉,28379,2025-12-22 11:24
F6305,P0420,催化转化器效率低,宝马3系,21492,2025-05-05 09:31
F6306,P0299,涡轮增压器压力不足,福特蒙迪欧,87749,2025-07-04 08:22
F6307,C0121,刹车压力传感器信号异常,吉利星越L,136085,2024-09-28 08:51
F6308,B0081,主驾驶安全带传感器故障,奥迪A4L,111113,2024-10-13 17:30
F6309,P0521,机油压力传感器电路范围故障,长城哈弗H6,100856,2025-09-02 10:47
F6310,C0561,ABS系统控制模块故障,奔驰C级,105959,2024-12-14 15:14
F6311,P0340,凸轮轴位置传感器电路故障,丰田凯美瑞,103963,2025-11-19 13:15
F6312,B0100,空气囊控制模块故障,大众帕萨特,62200,2024-10-15 10:07
F6313,P0122,节气门位置传感器电压低,本田CR-V,57773,2024-04-21 08:36
F6314,C0035,左前轮速传感器电路故障,比亚迪宋PLUS,101114,2025-09-15 15:36
F6315,P0442,燃油蒸发系统泄漏（小泄漏）,宝马5系,27706,2024-01-22 10:47
F6316,B0200,右前安全气囊传感器故障,奥迪Q5L,55002,2025-05-05 09:53
F6317,P0606,ECM内部控制模块处理器故障,福特锐界,51994,2025-08-31 14:16
F6318,C0051,右后轮速传感器电路故障,吉利博越,76953,2025-05-09 10:40
F6319,B0016,驾驶员侧安全气囊模块故障,长城魏派VV7,96385,2024-09-20 13:05
F6320,P0113,进气温度传感器电压高,奔驰E级,67415,2024-11-28 11:03
F6321,P0301,1缸失火，发动机抖动,丰田卡罗拉,145747,2025-05-17 08:33
F6322,C0045,右前轮速传感器故障,大众朗逸,46871,2024-12-17 09:41
F6323,P0171,燃油系统过稀,本田思域,92520,2024-01-24 11:23
F6324,B1234,空调压缩机不工作,比亚迪汉,82542,2025-11-17 10:02
F6325,P0420,催化转化器效率低,宝马3系,28444,2024-07-03 09:52
F6326,P0299,涡轮增压器压力不足,福特蒙迪欧,88973,2025-02-14 16:28
F6327,C0121,刹车压力传感器信号异常,吉利星越L,72441,2024-05-01 12:46
F6328,B0081,主驾驶安全带传感器故障,奥迪A4L,22299,2024-09-10 12:23
F6329,P0521,机油压力传感器电路范围故障,长城哈弗H6,91405,2025-04-08 08:18
F6330,C0561,ABS系统控制模块故障,奔驰C级,21567,2025-12-08 08:36
F6331,P0340,凸轮轴位置传感器电路故障,丰田凯美瑞,148968,2025-11-02 11:30
F6332,B0100,空气囊控制模块故障,大众帕萨特,62672,2025-11-06 15:43
F6333,P0122,节气门位置传感器电压低,本田CR-V,128507,2024-10-02 15:35
F6334,C0035,左前轮速传感器电路故障,比亚迪宋PLUS,111128,2024-03-29 12:47
F6335,P0442,燃油蒸发系统泄漏（小泄漏）,宝马5系,126043,2025-10-17 16:29
F6336,B0200,右前安全气囊传感器故障,奥迪Q5L,110588,2024-09-03 17:52
F6337,P0606,ECM内部控制模块处理器故障,福特锐界,35136,2025-11-17 10:30
F6338,C0051,右后轮速传感器电路故障,吉利博越,122426,2024-01-31 09:17
F6339,B0016,驾驶员侧安全气囊模块故障,长城魏派VV7,117920,2025-10-27 15:42
F6340,P0113,进气温度传感器电压高,奔驰E级,49794,2025-11-24 15:33
F6341,P0301,1缸失火，发动机抖动,丰田卡罗拉,54145,2024-09-26 15:14
F6342,C0045,右前轮速传感器故障,大众朗逸,137203,2024-03-15 09:18
F6343,P0171,燃油系统过稀,本田思域,92418,2025-10-01 14:24
F6344,B1234,空调压缩机不工作,比亚迪汉,25631,2024-11-20 11:47
F6345,P0420,催化转化器效率低,宝马3系,68561,2024-03-17 14:41
F6346,P0299,涡轮增压器压力不足,福特蒙迪欧,32802,2025-10-13 14:24
F6347,C0121,刹车压力传感器信号异常,吉利星越L,50932,2025-02-14 12:13
F6348,B0081,主驾驶安全带传感器故障,奥迪A4L,98187,2024-11-15 10:28
F6349,P0521,机油压力传感器电路范围故障,长城哈弗H6,74196,2024-08-31 13:44
F6350,C0561,ABS系统控制模块故障,奔驰C级,50083,2024-08-12 10:49
F6351,P0340,凸轮轴位置传感器电路故障,丰田凯美瑞,94881,2024-07-16 10:44
F6352,B0100,空气囊控制模块故障,大众帕萨特,57340,2025-05-06 15:56
F6353,P0122,节气门位置传感器电压低,本田CR-V,71758,2024-11-09 15:22
F6354,C0035,左前轮速传感器电路故障,比亚迪宋PLUS,37387,2025-06-22 16:30
F6355,P0442,燃油蒸发系统泄漏（小泄漏）,宝马5系,87129,2024-10-28 12:05
F6356,B0200,右前安全气囊传感器故障,奥迪Q5L,35895,2024-02-09 09:54
F6357,P0606,ECM内部控制模块处理器故障,福特锐界,100712,2025-01-03 12:59
F6358,C0051,右后轮速传感器电路故障,吉利博越,57593,2025-04-10 10:18
F6359,B0016,驾驶员侧安全气囊模块故障,长城魏派VV7,145977,2025-04-14 14:23
F6360,P0113,进气温度传感器电压高,奔驰E级,55286,2025-07-06 08:54
F6361,P0301,1缸失火，发动机抖动,丰田卡罗拉,84857,2024-01-16 13:22
F6362,C0045,右前轮速传感器故障,大众朗逸,112916,2024-04-04 12:45
F6363,P0171,燃油系统过稀,本田思域,49869,2024-02-12 14:15
F6364,B1234,空调压缩机不工作,比亚迪汉,42114,2025-04-04 16:51
F6365,P0420,催化转化器效率低,宝马3系,82747,2024-06-24 14:51
F6366,P0299,涡轮增压器压力不足,福特蒙迪欧,143537,2024-12-25 13:32
F6367,C0121,刹车压力传感器信号异常,吉利星越L,81418,2024-07-08 12:22
F6368,B0081,主驾驶安全带传感器故障,奥迪A4L,55996,2025-03-08 12:58
F6369,P0521,机油压力传感器电路范围故障,长城哈弗H6,45932,2025-12-07 13:16
F6370,C0561,ABS系统控制模块故障,奔驰C级,33580,2025-04-21 11:17
F6371,P0340,凸轮轴位置传感器电路故障,丰田凯美瑞,22421,2025-12-17 09:00
F6372,B0100,空气囊控制模块故障,大众帕萨特,137418,2025-03-10 13:57
F6373,P0122,节气门位置传感器电压低,本田CR-V,40952,2025-02-10 12:20
F6374,C0035,左前轮速传感器电路故障,比亚迪宋PLUS,24773,2024-06-03 08:00
F6375,P0442,燃油蒸发系统泄漏（小泄漏）,宝马5系,99053,2024-06-02 13:42
F6376,B0200,右前安全气囊传感器故障,奥迪Q5L,78936,2025-06-26 14:01
F6377,P0606,ECM内部控制模块处理器故障,福特锐界,96793,2025-07-31 08:31
F6378,C0051,右后轮速传感器电路故障,吉利博越,121914,2024-02-14 17:45
F6379,B0016,驾驶员侧安全气囊模块故障,长城魏派VV7,135342,2025-07-25 08:56
F6380,P0113,进气温度传感器电压高,奔驰E级,131510,2024-03-30 13:29
F6381,P0301,1缸失火，发动机抖动,丰田卡罗拉,89885,2025-03-30 10:31
F6382,C0045,右前轮速传感器故障,大众朗逸,56028,2025-06-17 17:06
F6383,P0171,燃油系统过稀,本田思域,45173,2024-10-21 10:42
F6384,B1234,空调压缩机不工作,比亚迪汉,122582,2025-09-18 08:23
F6385,P0420,催化转化器效率低,宝马3系,141786,2025-04-10 11:06
F6386,P0299,涡轮增压器压力不足,福特蒙迪欧,72620,2025-01-15 17:31
F6387,C0121,刹车压力传感器信号异常,吉利星越L,69966,2024-10-04 17:40
F6388,B0081,主驾驶安全带传感器故障,奥迪A4L,109757,2025-01-31 15:00
F6389,P0521,机油压力传感器电路范围故障,长城哈弗H6,60228,2024-05-24 16:27
F6390,C0561,ABS系统控制模块故障,奔驰C级,42420,2025-05-31 15:58
F6391,P0340,凸轮轴位置传感器电路故障,丰田凯美瑞,121530,2024-03-31 11:42
F6392,B0100,空气囊控制模块故障,大众帕萨特,42195,2025-07-16 12:51
F6393,P0122,节气门位置传感器电压低,本田CR-V,66349,2024-02-09 17:05
F6394,C0035,左前轮速传感器电路故障,比亚迪宋PLUS,81646,2024-04-05 10:18
F6395,P0442,燃油蒸发系统泄漏（小泄漏）,宝马5系,39175,2025-05-20 12:11
F6396,B0200,右前安全气囊传感器故障,奥迪Q5L,139042,2024-07-05 14:16
F6397,P0606,ECM内部控制模块处理器故障,福特锐界,46048,2025-12-28 08:20
F6398,C0051,右后轮速传感器电路故障,吉利博越,98969,2025-08-18 16:55
F6399,B0016,驾驶员侧安全气囊模块故障,长城魏派VV7,40182,2024-01-14 13:18
F6400,P0113,进气温度传感器电压高,奔驰E级,61086,2025-10-27 15:38
F6401,P0301,1缸失火，发动机抖动,丰田卡罗拉,62397,2024-11-30 17:40
F6402,C0045,右前轮速传感器故障,大众朗逸,27326,2025-09-09 11:43
F6403,P0171,燃油系统过稀,本田思域,101843,2024-12-11 11:53
F6404,B1234,空调压缩机不工作,比亚迪汉,147911,2025-01-18 09:31
F6405,P0420,催化转化器效率低,宝马3系,84176,2025-07-28 09:57
F6406,P0299,涡轮增压器压力不足,福特蒙迪欧,105873,2025-12-29 08:12
F6407,C0121,刹车压力传感器信号异常,吉利星越L,96885,2025-01-02 11:28
F6408,B0081,主驾驶安全带传感器故障,奥迪A4L,24201,2025-03-24 11:33
F6409,P0521,机油压力传感器电路范围故障,长城哈弗H6,91027,2024-03-08 09:16
F6410,C0561,ABS系统控制模块故障,奔驰C级,115741,2025-06-13 16:31
F6411,P0340,凸轮轴位置传感器电路故障,丰田凯美瑞,20030,2025-12-13 08:49
F6412,B0100,空气囊控制模块故障,大众帕萨特,124674,2025-10-31 16:25
F6413,P0122,节气门位置传感器电压低,本田CR-V,149457,2024-05-29 10:45
F6414,C0035,左前轮速传感器电路故障,比亚迪宋PLUS,43760,2024-05-15 11:56
F6415,P0442,燃油蒸发系统泄漏（小泄漏）,宝马5系,97815,2025-10-16 09:22
F6416,B0200,右前安全气囊传感器故障,奥迪Q5L,64674,2025-11-22 16:38
F6417,P0606,ECM内部控制模块处理器故障,福特锐界,129645,2024-08-21 11:53
F6418,C0051,右后轮速传感器电路故障,吉利博越,88116,2025-08-10 08:18
F6419,B0016,驾驶员侧安全气囊模块故障,长城魏派VV7,80121,2024-08-03 10:02
F6420,P0113,进气温度传感器电压高,奔驰E级,124065,2024-05-14 08:35
F6421,P0301,1缸失火，发动机抖动,丰田卡罗拉,71319,2025-10-12 11:53
F6422,C0045,右前轮速传感器故障,大众朗逸,21340,2025-01-10 16:25
F6423,P0171,燃油系统过稀,本田思域,59672,2025-08-05 11:45
F6424,B1234,空调压缩机不工作,比亚迪汉,34388,2024-03-03 16:35
F6425,P0420,催化转化器效率低,宝马3系,59830,2024-07-09 14:12
F6426,P0299,涡轮增压器压力不足,福特蒙迪欧,86705,2025-10-30 10:29
F6427,C0121,刹车压力传感器信号异常,吉利星越L,148182,2024-03-25 14:14
F6428,B0081,主驾驶安全带传感器故障,奥迪A4L,24398,2025-10-24 17:15
F6429,P0521,机油压力传感器电路范围故障,长城哈弗H6,62901,2025-04-15 12:38
F6430,C0561,ABS系统控制模块故障,奔驰C级,100389,2024-03-23 10:44
F6431,P0340,凸轮轴位置传感器电路故障,丰田凯美瑞,40348,2024-09-30 14:01
F6432,B0100,空气囊控制模块故障,大众帕萨特,34200,2024-07-11 12:49
F6433,P0122,节气门位置传感器电压低,本田CR-V,93722,2024-10-20 13:13
F6434,C0035,左前轮速传感器电路故障,比亚迪宋PLUS,42487,2025-06-07 08:09
F6435,P0442,燃油蒸发系统泄漏（小泄漏）,宝马5系,116172,2024-12-25 08:06
F6436,B0200,右前安全气囊传感器故障,奥迪Q5L,101411,2024-09-26 15:27
F6437,P0606,ECM内部控制模块处理器故障,福特锐界,32290,2025-04-26 09:12
F6438,C0051,右后轮速传感器电路故障,吉利博越,138466,2025-08-23 08:17
F6439,B0016,驾驶员侧安全气囊模块故障,长城魏派VV7,37254,2025-07-21 11:41
F6440,P0113,进气温度传感器电压高,奔驰E级,75779,2024-01-18 11:25
F6441,P0301,1缸失火，发动机抖动,丰田卡罗拉,95664,2025-02-23 16:00
F6442,C0045,右前轮速传感器故障,大众朗逸,71387,2025-05-21 10:32
F6443,P0171,燃油系统过稀,本田思域,126383,2025-07-23 10:21
F6444,B1234,空调压缩机不工作,比亚迪汉,57944,2024-10-30 11:11
F6445,P0420,催化转化器效率低,宝马3系,132073,2025-04-28 15:06
F6446,P0299,涡轮增压器压力不足,福特蒙迪欧,114089,2024-02-12 12:11
F6447,C0121,刹车压力传感器信号异常,吉利星越L,56356,2025-11-05 08:55
F6448,B0081,主驾驶安全带传感器故障,奥迪A4L,124089,2024-02-02 17:42
F6449,P0521,机油压力传感器电路范围故障,长城哈弗H6,73943,2024-03-23 08:31
F6450,C0561,ABS系统控制模块故障,奔驰C级,70336,2025-11-02 15:55
F6451,P0340,凸轮轴位置传感器电路故障,丰田凯美瑞,142453,2024-04-11 12:29
F6452,B0100,空气囊控制模块故障,大众帕萨特,135900,2024-04-14 12:09
F6453,P0122,节气门位置传感器电压低,本田CR-V,115293,2025-04-16 16:10
F6454,C0035,左前轮速传感器电路故障,比亚迪宋PLUS,44588,2025-02-28 09:43
F6455,P0442,燃油蒸发系统泄漏（小泄漏）,宝马5系,58201,2025-01-11 09:49
F6456,B0200,右前安全气囊传感器故障,奥迪Q5L,118885,2024-06-15 17:02
F6457,P0606,ECM内部控制模块处理器故障,福特锐界,105762,2024-06-07 17:33
F6458,C0051,右后轮速传感器电路故障,吉利博越,21248,2025-03-01 15:02
F6459,B0016,驾驶员侧安全气囊模块故障,长城魏派VV7,105780,2025-09-01 10:01
F6460,P0113,进气温度传感器电压高,奔驰E级,44142,2024-06-30 17:27
F6461,P0301,1缸失火，发动机抖动,丰田卡罗拉,62957,2024-01-12 15:15
F6462,C0045,右前轮速传感器故障,大众朗逸,125557,2025-07-23 08:20
F6463,P0171,燃油系统过稀,本田思域,87972,2025-08-22 10:01
F6464,B1234,空调压缩机不工作,比亚迪汉,136712,2025-06-12 11:48
F6465,P0420,催化转化器效率低,宝马3系,117396,2024-03-16 09:33
F6466,P0299,涡轮增压器压力不足,福特蒙迪欧,81220,2024-04-08 15:22
F6467,C0121,刹车压力传感器信号异常,吉利星越L,60088,2025-03-08 09:22
F6468,B0081,主驾驶安全带传感器故障,奥迪A4L,64609,2025-06-23 13:24
F6469,P0521,机油压力传感器电路范围故障,长城哈弗H6,132682,2024-10-20 09:21
F6470,C0561,ABS系统控制模块故障,奔驰C级,44875,2025-04-06 17:00
F6471,P0340,凸轮轴位置传感器电路故障,丰田凯美瑞,45991,2025-06-05 09:34
F6472,B0100,空气囊控制模块故障,大众帕萨特,126699,2024-06-12 10:58
F6473,P0122,节气门位置传感器电压低,本田CR-V,66127,2024-02-06 13:12
F6474,C0035,左前轮速传感器电路故障,比亚迪宋PLUS,145764,2024-10-18 17:34
F6475,P0442,燃油蒸发系统泄漏（小泄漏）,宝马5系,99268,2025-04-15 12:18
F6476,B0200,右前安全气囊传感器故障,奥迪Q5L,46666,2025-02-19 09:59
F6477,P0606,ECM内部控制模块处理器故障,福特锐界,41272,2025-12-27 17:14
F6478,C0051,右后轮速传感器电路故障,吉利博越,64918,2024-01-04 16:42
F6479,B0016,驾驶员侧安全气囊模块故障,长城魏派VV7,79448,2024-06-15 16:13
F6480,P0113,进气温度传感器电压高,奔驰E级,49548,2025-07-30 09:51
F6481,P0301,1缸失火，发动机抖动,丰田卡罗拉,136545,2025-11-14 11:48
F6482,C0045,右前轮速传感器故障,大众朗逸,93269,2024-10-05 16:37
F6483,P0171,燃油系统过稀,本田思域,49724,2024-07-19 15:11
F6484,B1234,空调压缩机不工作,比亚迪汉,40619,2024-07-12 09:38
F6485,P0420,催化转化器效率低,宝马3系,75959,2025-02-25 16:25
F6486,P0299,涡轮增压器压力不足,福特蒙迪欧,82163,2025-10-09 16:05
F6487,C0121,刹车压力传感器信号异常,吉利星越L,75826,2024-09-15 15:10
F6488,B0081,主驾驶安全带传感器故障,奥迪A4L,55525,2025-09-14 14:11
F6489,P0521,机油压力传感器电路范围故障,长城哈弗H6,28729,2025-03-28 13:46
F6490,C0561,ABS系统控制模块故障,奔驰C级,48118,2025-08-17 15:46
F6491,P0340,凸轮轴位置传感器电路故障,丰田凯美瑞,26780,2025-07-12 12:18
F6492,B0100,空气囊控制模块故障,大众帕萨特,74931,2025-11-24 17:54
F6493,P0122,节气门位置传感器电压低,本田CR-V,113451,2025-11-29 11:44
F6494,C0035,左前轮速传感器电路故障,比亚迪宋PLUS,140734,2024-06-06 14:24
F6495,P0442,燃油蒸发系统泄漏（小泄漏）,宝马5系,27507,2024-07-17 08:14
F6496,B0200,右前安全气囊传感器故障,奥迪Q5L,87503,2025-02-25 14:19
F6497,P0606,ECM内部控制模块处理器故障,福特锐界,57600,2024-06-23 17:24
F6498,C0051,右后轮速传感器电路故障,吉利博越,67915,2024-09-22 14:23
F6499,B0016,驾驶员侧安全气囊模块故障,长城魏派VV7,118621,2025-11-17 08:26
F6500,P0113,进气温度传感器电压高,奔驰E级,42193,2025-06-15 15:30
F6501,P0301,1缸失火，发动机抖动,丰田卡罗拉,142031,2025-04-25 13:24
F6502,C0045,右前轮速传感器故障,大众朗逸,90684,2024-02-28 11:35
F6503,P0171,燃油系统过稀,本田思域,64712,2025-02-09 12:09
F6504,B1234,空调压缩机不工作,比亚迪汉,79552,2024-09-24 17:58
F6505,P0420,催化转化器效率低,宝马3系,98112,2024-08-16 09:58
F6506,P0299,涡轮增压器压力不足,福特蒙迪欧,58753,2024-01-14 13:58
F6507,C0121,刹车压力传感器信号异常,吉利星越L,108415,2024-03-15 12:34
F6508,B0081,主驾驶安全带传感器故障,奥迪A4L,145471,2025-11-03 14:50
F6509,P0521,机油压力传感器电路范围故障,长城哈弗H6,137608,2025-03-21 10:24
F6510,C0561,ABS系统控制模块故障,奔驰C级,145212,2024-07-24 10:58
F6511,P0340,凸轮轴位置传感器电路故障,丰田凯美瑞,89021,2024-11-08 12:54
F6512,B0100,空气囊控制模块故障,大众帕萨特,31938,2025-08-19 11:43
F6513,P0122,节气门位置传感器电压低,本田CR-V,134352,2024-10-17 14:54
F6514,C0035,左前轮速传感器电路故障,比亚迪宋PLUS,113698,2024-12-19 09:18
F6515,P0442,燃油蒸发系统泄漏（小泄漏）,宝马5系,89113,2025-08-09 09:37
F6516,B0200,右前安全气囊传感器故障,奥迪Q5L,108174,2025-02-16 16:00
F6517,P0606,ECM内部控制模块处理器故障,福特锐界,66243,2025-09-05 17:55
F6518,C0051,右后轮速传感器电路故障,吉利博越,139469,2025-09-23 09:13
F6519,B0016,驾驶员侧安全气囊模块故障,长城魏派VV7,125332,2024-03-17 14:14
F6520,P0113,进气温度传感器电压高,奔驰E级,109301,2024-08-04 10:50
F6521,P0301,1缸失火，发动机抖动,丰田卡罗拉,92613,2025-07-12 09:28
F6522,C0045,右前轮速传感器故障,大众朗逸,67833,2024-01-02 13:24
F6523,P0171,燃油系统过稀,本田思域,67088,2025-08-28 10:29
F6524,B1234,空调压缩机不工作,比亚迪汉,75086,2024-03-16 10:09
F6525,P0420,催化转化器效率低,宝马3系,83363,2025-03-07 11:53
F6526,P0299,涡轮增压器压力不足,福特蒙迪欧,79552,2024-11-05 08:04
F6527,C0121,刹车压力传感器信号异常,吉利星越L,121518,2025-02-24 08:49
F6528,B0081,主驾驶安全带传感器故障,奥迪A4L,41319,2024-07-16 08:05
F6529,P0521,机油压力传感器电路范围故障,长城哈弗H6,33916,2025-06-04 13:47
F6530,C0561,ABS系统控制模块故障,奔驰C级,40397,2024-10-19 09:02
F6531,P0340,凸轮轴位置传感器电路故障,丰田凯美瑞,73822,2024-02-06 16:03
F6532,B0100,空气囊控制模块故障,大众帕萨特,26687,2025-11-09 10:17
F6533,P0122,节气门位置传感器电压低,本田CR-V,70697,2024-11-27 13:09
F6534,C0035,左前轮速传感器电路故障,比亚迪宋PLUS,48523,2024-03-10 17:10
F6535,P0442,燃油蒸发系统泄漏（小泄漏）,宝马5系,33229,2024-01-27 16:03
F6536,B0200,右前安全气囊传感器故障,奥迪Q5L,67419,2024-05-24 08:52
F6537,P0606,ECM内部控制模块处理器故障,福特锐界,124400,2025-01-21 08:46
F6538,C0051,右后轮速传感器电路故障,吉利博越,58304,2024-09-09 17:17
F6539,B0016,驾驶员侧安全气囊模块故障,长城魏派VV7,132415,2024-11-04 11:58
F6540,P0113,进气温度传感器电压高,奔驰E级,106392,2025-03-20 12:32
F6541,P0301,1缸失火，发动机抖动,丰田卡罗拉,39920,2024-08-19 17:26
F6542,C0045,右前轮速传感器故障,大众朗逸,149827,2024-04-27 11:57
F6543,P0171,燃油系统过稀,本田思域,139432,2024-04-27 08:29
F6544,B1234,空调压缩机不工作,比亚迪汉,63259,2025-04-08 09:21
F6545,P0420,催化转化器效率低,宝马3系,89011,2025-01-13 09:43
F6546,P0299,涡轮增压器压力不足,福特蒙迪欧,107210,2024-03-31 17:30
F6547,C0121,刹车压力传感器信号异常,吉利星越L,98452,2025-02-11 08:05
F6548,B0081,主驾驶安全带传感器故障,奥迪A4L,42638,2024-06-08 08:35
F6549,P0521,机油压力传感器电路范围故障,长城哈弗H6,96225,2024-11-04 08:22
F6550,C0561,ABS系统控制模块故障,奔驰C级,45018,2024-03-01 11:33
F6551,P0340,凸轮轴位置传感器电路故障,丰田凯美瑞,76270,2024-02-28 08:22
F6552,B0100,空气囊控制模块故障,大众帕萨特,111543,2024-03-18 17:51
F6553,P0122,节气门位置传感器电压低,本田CR-V,84412,2024-11-21 14:15
F6554,C0035,左前轮速传感器电路故障,比亚迪宋PLUS,136402,2024-07-22 13:39
F6555,P0442,燃油蒸发系统泄漏（小泄漏）,宝马5系,116460,2024-03-02 09:00
F6556,B0200,右前安全气囊传感器故障,奥迪Q5L,27490,2024-12-07 08:29
F6557,P0606,ECM内部控制模块处理器故障,福特锐界,124140,2024-08-10 11:04
F6558,C0051,右后轮速传感器电路故障,吉利博越,86272,2024-03-19 15:20
F6559,B0016,驾驶员侧安全气囊模块故障,长城魏派VV7,26216,2024-05-16 13:47
F6560,P0113,进气温度传感器电压高,奔驰E级,112275,2025-10-18 11:23
F6561,P0301,1缸失火，发动机抖动,丰田卡罗拉,91121,2024-05-18 12:14
F6562,C0045,右前轮速传感器故障,大众朗逸,148317,2025-03-05 12:19
F6563,P0171,燃油系统过稀,本田思域,71978,2024-04-27 17:19
F6564,B1234,空调压缩机不工作,比亚迪汉,95444,2025-04-26 16:37
F6565,P0420,催化转化器效率低,宝马3系,86852,2025-02-21 11:15
F6566,P0299,涡轮增压器压力不足,福特蒙迪欧,120348,2024-05-19 15:43
F6567,C0121,刹车压力传感器信号异常,吉利星越L,132905,2024-07-16 14:36
F6568,B0081,主驾驶安全带传感器故障,奥迪A4L,99630,2025-11-26 14:50
F6569,P0521,机油压力传感器电路范围故障,长城哈弗H6,85672,2025-05-30 08:52
F6570,C0561,ABS系统控制模块故障,奔驰C级,144912,2024-06-06 09:54
F6571,P0340,凸轮轴位置传感器电路故障,丰田凯美瑞,26318,2025-09-21 16:29
F6572,B0100,空气囊控制模块故障,大众帕萨特,53481,2024-07-31 08:12
F6573,P0122,节气门位置传感器电压低,本田CR-V,103638,2025-03-16 09:19
F6574,C0035,左前轮速传感器电路故障,比亚迪宋PLUS,124530,2024-02-29 09:09
F6575,P0442,燃油蒸发系统泄漏（小泄漏）,宝马5系,69933,2025-02-11 11:13
F6576,B0200,右前安全气囊传感器故障,奥迪Q5L,49968,2024-08-07 12:00
F6577,P0606,ECM内部控制模块处理器故障,福特锐界,51330,2025-01-29 12:11
F6578,C0051,右后轮速传感器电路故障,吉利博越,72051,2025-01-01 08:00
F6579,B0016,驾驶员侧安全气囊模块故障,长城魏派VV7,34908,2024-12-27 10:48
F6580,P0113,进气温度传感器电压高,奔驰E级,124700,2024-02-10 12:42
F6581,P0301,1缸失火，发动机抖动,丰田卡罗拉,102479,2025-01-04 15:53
F6582,C0045,右前轮速传感器故障,大众朗逸,26794,2025-02-18 14:59
F6583,P0171,燃油系统过稀,本田思域,109604,2025-05-10 13:00
F6584,B1234,空调压缩机不工作,比亚迪汉,102128,2025-09-05 08:53
F6585,P0420,催化转化器效率低,宝马3系,108536,2024-11-24 12:05
F6586,P0299,涡轮增压器压力不足,福特蒙迪欧,23044,2024-07-01 16:19
F6587,C0121,刹车压力传感器信号异常,吉利星越L,68853,2024-11-13 14:44
F6588,B0081,主驾驶安全带传感器故障,奥迪A4L,108066,2024-10-21 14:22
F6589,P0521,机油压力传感器电路范围故障,长城哈弗H6,86352,2025-10-28 09:22
F6590,C0561,ABS系统控制模块故障,奔驰C级,143401,2025-09-07 14:26
F6591,P0340,凸轮轴位置传感器电路故障,丰田凯美瑞,88883,2024-11-23 12:04
F6592,B0100,空气囊控制模块故障,大众帕萨特,88083,2025-04-26 15:35
F6593,P0122,节气门位置传感器电压低,本田CR-V,72374,2025-08-26 08:39
F6594,C0035,左前轮速传感器电路故障,比亚迪宋PLUS,95960,2025-02-11 11:35
F6595,P0442,燃油蒸发系统泄漏（小泄漏）,宝马5系,129973,2024-12-28 14:49
F6596,B0200,右前安全气囊传感器故障,奥迪Q5L,62858,2024-10-13 12:53
F6597,P0606,ECM内部控制模块处理器故障,福特锐界,99180,2025-12-19 09:52
F6598,C0051,右后轮速传感器电路故障,吉利博越,97579,2024-12-20 17:14
F6599,B0016,驾驶员侧安全气囊模块故障,长城魏派VV7,62020,2025-05-18 08:41
F6600,P0113,进气温度传感器电压高,奔驰E级,26307,2025-12-26 10:35
F6601,P0301,1缸失火，发动机抖动,丰田卡罗拉,29376,2024-01-08 09:26
F6602,C0045,右前轮速传感器故障,大众朗逸,87453,2024-10-15 08:34
F6603,P0171,燃油系统过稀,本田思域,123699,2024-02-25 16:09
F6604,B1234,空调压缩机不工作,比亚迪汉,32707,2025-04-27 15:41
F6605,P0420,催化转化器效率低,宝马3系,64606,2025-12-11 08:45
F6606,P0299,涡轮增压器压力不足,福特蒙迪欧,134452,2025-07-07 15:31
F6607,C0121,刹车压力传感器信号异常,吉利星越L,132775,2024-11-30 08:10
F6608,B0081,主驾驶安全带传感器故障,奥迪A4L,89237,2025-06-22 11:17
F6609,P0521,机油压力传感器电路范围故障,长城哈弗H6,39544,2025-02-15 09:34
F6610,C0561,ABS系统控制模块故障,奔驰C级,118562,2025-04-24 15:42
F6611,P0340,凸轮轴位置传感器电路故障,丰田凯美瑞,34826,2025-03-03 16:15
F6612,B0100,空气囊控制模块故障,大众帕萨特,68553,2024-08-24 14:09
F6613,P0122,节气门位置传感器电压低,本田CR-V,60931,2025-03-10 15:43
F6614,C0035,左前轮速传感器电路故障,比亚迪宋PLUS,31620,2025-03-27 15:39
F6615,P0442,燃油蒸发系统泄漏（小泄漏）,宝马5系,138504,2025-09-03 15:43
F6616,B0200,右前安全气囊传感器故障,奥迪Q5L,53266,2024-08-10 17:36
F6617,P0606,ECM内部控制模块处理器故障,福特锐界,131848,2024-02-03 16:58
F6618,C0051,右后轮速传感器电路故障,吉利博越,56111,2024-07-15 10:10
F6619,B0016,驾驶员侧安全气囊模块故障,长城魏派VV7,86319,2024-05-08 10:21
F6620,P0113,进气温度传感器电压高,奔驰E级,106972,2025-06-23 17:16
F6621,P0301,1缸失火，发动机抖动,丰田卡罗拉,147507,2025-12-25 10:00
F6622,C0045,右前轮速传感器故障,大众朗逸,27771,2025-12-12 09:58
F6623,P0171,燃油系统过稀,本田思域,92246,2025-12-23 09:43
F6624,B1234,空调压缩机不工作,比亚迪汉,39337,2024-04-07 11:32
F6625,P0420,催化转化器效率低,宝马3系,74838,2025-11-06 16:55
F6626,P0299,涡轮增压器压力不足,福特蒙迪欧,40493,2025-04-18 12:06
F6627,C0121,刹车压力传感器信号异常,吉利星越L,114509,2024-02-14 15:34
F6628,B0081,主驾驶安全带传感器故障,奥迪A4L,149625,2025-05-08 12:26
F6629,P0521,机油压力传感器电路范围故障,长城哈弗H6,149387,2024-08-15 11:11
F6630,C0561,ABS系统控制模块故障,奔驰C级,96421,2024-08-19 16:12
F6631,P0340,凸轮轴位置传感器电路故障,丰田凯美瑞,105416,2024-11-22 13:38
F6632,B0100,空气囊控制模块故障,大众帕萨特,26919,2025-05-19 13:53
F6633,P0122,节气门位置传感器电压低,本田CR-V,73758,2024-08-09 14:23
F6634,C0035,左前轮速传感器电路故障,比亚迪宋PLUS,55926,2025-01-07 15:17
F6635,P0442,燃油蒸发系统泄漏（小泄漏）,宝马5系,85117,2025-07-31 12:15
F6636,B0200,右前安全气囊传感器故障,奥迪Q5L,44812,2024-02-22 08:33
F6637,P0606,ECM内部控制模块处理器故障,福特锐界,25477,2024-04-16 15:04
F6638,C0051,右后轮速传感器电路故障,吉利博越,109773,2025-04-06 10:57
F6639,B0016,驾驶员侧安全气囊模块故障,长城魏派VV7,147687,2024-01-07 13:30
F6640,P0113,进气温度传感器电压高,奔驰E级,74846,2025-05-22 13:31
F6641,P0301,1缸失火，发动机抖动,丰田卡罗拉,83907,2024-01-20 09:25
F6642,C0045,右前轮速传感器故障,大众朗逸,136864,2024-09-13 08:50
F6643,P0171,燃油系统过稀,本田思域,111887,2024-07-01 14:10
F6644,B1234,空调压缩机不工作,比亚迪汉,106346,2025-10-26 13:13
F6645,P0420,催化转化器效率低,宝马3系,59221,2024-06-11 17:45
F6646,P0299,涡轮增压器压力不足,福特蒙迪欧,149253,2025-09-03 11:36
F6647,C0121,刹车压力传感器信号异常,吉利星越L,114968,2024-04-26 16:25
F6648,B0081,主驾驶安全带传感器故障,奥迪A4L,34341,2025-12-01 08:27
F6649,P0521,机油压力传感器电路范围故障,长城哈弗H6,116906,2025-07-25 17:59
F6650,C0561,ABS系统控制模块故障,奔驰C级,59730,2024-05-21 12:07
F6651,P0340,凸轮轴位置传感器电路故障,丰田凯美瑞,103297,2025-03-03 15:36
F6652,B0100,空气囊控制模块故障,大众帕萨特,68385,2025-07-05 10:52
F6653,P0122,节气门位置传感器电压低,本田CR-V,73600,2024-07-11 09:31
F6654,C0035,左前轮速传感器电路故障,比亚迪宋PLUS,31129,2024-09-14 12:54
F6655,P0442,燃油蒸发系统泄漏（小泄漏）,宝马5系,64743,2025-02-01 09:25
F6656,B0200,右前安全气囊传感器故障,奥迪Q5L,88560,2025-11-27 16:36
F6657,P0606,ECM内部控制模块处理器故障,福特锐界,127226,2025-08-23 12:48
F6658,C0051,右后轮速传感器电路故障,吉利博越,88051,2024-01-21 13:43
F6659,B0016,驾驶员侧安全气囊模块故障,长城魏派VV7,65969,2024-01-16 13:33
F6660,P0113,进气温度传感器电压高,奔驰E级,45206,2024-08-22 15:06
F6661,P0301,1缸失火，发动机抖动,丰田卡罗拉,104230,2025-03-18 11:32
F6662,C0045,右前轮速传感器故障,大众朗逸,53083,2025-07-04 11:09
F6663,P0171,燃油系统过稀,本田思域,117149,2025-11-24 10:37
F6664,B1234,空调压缩机不工作,比亚迪汉,127745,2024-07-23 16:43
F6665,P0420,催化转化器效率低,宝马3系,136101,2024-10-04 08:12
F6666,P0299,涡轮增压器压力不足,福特蒙迪欧,102666,2025-09-15 13:40
F6667,C0121,刹车压力传感器信号异常,吉利星越L,99418,2024-06-20 11:23
F6668,B0081,主驾驶安全带传感器故障,奥迪A4L,51413,2025-06-01 13:19
F6669,P0521,机油压力传感器电路范围故障,长城哈弗H6,112825,2024-06-03 12:07
F6670,C0561,ABS系统控制模块故障,奔驰C级,68116,2025-05-23 14:50
F6671,P0340,凸轮轴位置传感器电路故障,丰田凯美瑞,95487,2025-10-12 13:19
F6672,B0100,空气囊控制模块故障,大众帕萨特,91675,2024-09-26 16:13
F6673,P0122,节气门位置传感器电压低,本田CR-V,116716,2024-12-21 08:33
F6674,C0035,左前轮速传感器电路故障,比亚迪宋PLUS,78790,2024-04-02 11:27
F6675,P0442,燃油蒸发系统泄漏（小泄漏）,宝马5系,20831,2024-07-30 13:34
F6676,B0200,右前安全气囊传感器故障,奥迪Q5L,26621,2024-11-24 12:39
F6677,P0606,ECM内部控制模块处理器故障,福特锐界,52837,2024-08-14 11:58
F6678,C0051,右后轮速传感器电路故障,吉利博越,71848,2025-09-18 14:25
F6679,B0016,驾驶员侧安全气囊模块故障,长城魏派VV7,116004,2024-01-22 09:49
F6680,P0113,进气温度传感器电压高,奔驰E级,25789,2025-01-04 15:17
F6681,P0301,1缸失火，发动机抖动,丰田卡罗拉,54947,2025-05-14 13:19
F6682,C0045,右前轮速传感器故障,大众朗逸,53089,2024-01-25 12:35
F6683,P0171,燃油系统过稀,本田思域,139530,2025-03-31 17:38
F6684,B1234,空调压缩机不工作,比亚迪汉,79540,2024-01-30 13:23
F6685,P0420,催化转化器效率低,宝马3系,139109,2025-12-03 09:05
F6686,P0299,涡轮增压器压力不足,福特蒙迪欧,144664,2024-12-27 11:56
F6687,C0121,刹车压力传感器信号异常,吉利星越L,141094,2025-03-17 15:49
F6688,B0081,主驾驶安全带传感器故障,奥迪A4L,127731,2025-10-13 10:05
F6689,P0521,机油压力传感器电路范围故障,长城哈弗H6,111783,2024-07-29 09:16
F6690,C0561,ABS系统控制模块故障,奔驰C级,48218,2024-01-27 14:31
F6691,P0340,凸轮轴位置传感器电路故障,丰田凯美瑞,116890,2025-07-25 16:50
F6692,B0100,空气囊控制模块故障,大众帕萨特,116760,2025-03-04 14:54
F6693,P0122,节气门位置传感器电压低,本田CR-V,31172,2024-04-20 17:46
F6694,C0035,左前轮速传感器电路故障,比亚迪宋PLUS,41976,2025-02-02 10:03
F6695,P0442,燃油蒸发系统泄漏（小泄漏）,宝马5系,90211,2024-03-31 13:45
F6696,B0200,右前安全气囊传感器故障,奥迪Q5L,108130,2024-10-14 09:53
F6697,P0606,ECM内部控制模块处理器故障,福特锐界,39028,2024-06-26 10:19
F6698,C0051,右后轮速传感器电路故障,吉利博越,71495,2025-03-10 16:22
F6699,B0016,驾驶员侧安全气囊模块故障,长城魏派VV7,34903,2024-03-11 10:00
F6700,P0113,进气温度传感器电压高,奔驰E级,39442,2024-01-05 10:59
F6701,P0301,1缸失火，发动机抖动,丰田卡罗拉,96982,2025-03-09 12:57
F6702,C0045,右前轮速传感器故障,大众朗逸,128825,2024-02-17 08:17
F6703,P0171,燃油系统过稀,本田思域,114000,2024-11-27 16:54
F6704,B1234,空调压缩机不工作,比亚迪汉,138109,2024-11-29 11:39
F6705,P0420,催化转化器效率低,宝马3系,146282,2024-02-27 12:28
F6706,P0299,涡轮增压器压力不足,福特蒙迪欧,105210,2024-11-20 14:25
F6707,C0121,刹车压力传感器信号异常,吉利星越L,100878,2024-04-15 08:16
F6708,B0081,主驾驶安全带传感器故障,奥迪A4L,105563,2025-03-27 17:01
F6709,P0521,机油压力传感器电路范围故障,长城哈弗H6,111536,2025-05-12 13:41
F6710,C0561,ABS系统控制模块故障,奔驰C级,92283,2025-12-16 10:25
F6711,P0340,凸轮轴位置传感器电路故障,丰田凯美瑞,145707,2025-12-13 15:05
F6712,B0100,空气囊控制模块故障,大众帕萨特,87122,2024-04-01 13:29
F6713,P0122,节气门位置传感器电压低,本田CR-V,39631,2025-11-14 15:47
F6714,C0035,左前轮速传感器电路故障,比亚迪宋PLUS,109050,2025-10-17 14:24
F6715,P0442,燃油蒸发系统泄漏（小泄漏）,宝马5系,115751,2024-08-06 08:11
F6716,B0200,右前安全气囊传感器故障,奥迪Q5L,48484,2024-01-16 12:11
F6717,P0606,ECM内部控制模块处理器故障,福特锐界,65873,2025-01-26 15:14
F6718,C0051,右后轮速传感器电路故障,吉利博越,22893,2025-06-12 10:56
F6719,B0016,驾驶员侧安全气囊模块故障,长城魏派VV7,93569,2024-06-10 17:09
F6720,P0113,进气温度传感器电压高,奔驰E级,20635,2024-08-13 14:45
F6721,P0301,1缸失火，发动机抖动,丰田卡罗拉,98200,2024-10-14 17:14
F6722,C0045,右前轮速传感器故障,大众朗逸,137482,2024-03-07 09:58
F6723,P0171,燃油系统过稀,本田思域,81958,2024-02-14 14:21
F6724,B1234,空调压缩机不工作,比亚迪汉,35216,2025-09-06 11:39
F6725,P0420,催化转化器效率低,宝马3系,52463,2024-02-12 17:39
F6726,P0299,涡轮增压器压力不足,福特蒙迪欧,128022,2025-05-15 17:50
F6727,C0121,刹车压力传感器信号异常,吉利星越L,42114,2024-10-09 16:17
F6728,B0081,主驾驶安全带传感器故障,奥迪A4L,75781,2025-07-29 11:10
F6729,P0521,机油压力传感器电路范围故障,长城哈弗H6,55229,2024-09-26 14:08
F6730,C0561,ABS系统控制模块故障,奔驰C级,57786,2024-10-31 10:05
F6731,P0340,凸轮轴位置传感器电路故障,丰田凯美瑞,114983,2024-03-14 08:33
F6732,B0100,空气囊控制模块故障,大众帕萨特,118156,2025-08-04 08:26
F6733,P0122,节气门位置传感器电压低,本田CR-V,96570,2025-10-04 11:32
F6734,C0035,左前轮速传感器电路故障,比亚迪宋PLUS,64734,2024-07-20 08:11
F6735,P0442,燃油蒸发系统泄漏（小泄漏）,宝马5系,20123,2024-08-17 10:57
F6736,B0200,右前安全气囊传感器故障,奥迪Q5L,93158,2024-03-14 13:09
F6737,P0606,ECM内部控制模块处理器故障,福特锐界,101840,2025-12-18 14:30
F6738,C0051,右后轮速传感器电路故障,吉利博越,68000,2024-12-16 13:02
F6739,B0016,驾驶员侧安全气囊模块故障,长城魏派VV7,43854,2024-01-22 15:29
F6740,P0113,进气温度传感器电压高,奔驰E级,75250,2024-01-02 09:54
F6741,P0301,1缸失火，发动机抖动,丰田卡罗拉,126219,2025-11-06 15:17
F6742,C0045,右前轮速传感器故障,大众朗逸,100273,2025-08-28 11:12
F6743,P0171,燃油系统过稀,本田思域,106322,2025-03-19 17:23
F6744,B1234,空调压缩机不工作,比亚迪汉,104214,2024-05-05 12:17
F6745,P0420,催化转化器效率低,宝马3系,91741,2025-09-11 16:53
F6746,P0299,涡轮增压器压力不足,福特蒙迪欧,125865,2025-09-21 12:38
F6747,C0121,刹车压力传感器信号异常,吉利星越L,143361,2024-04-18 11:46
F6748,B0081,主驾驶安全带传感器故障,奥迪A4L,134741,2025-09-16 08:36
F6749,P0521,机油压力传感器电路范围故障,长城哈弗H6,74072,2025-01-25 16:50
F6750,C0561,ABS系统控制模块故障,奔驰C级,125307,2025-03-10 13:45
F6751,P0340,凸轮轴位置传感器电路故障,丰田凯美瑞,68952,2025-07-13 09:40
F6752,B0100,空气囊控制模块故障,大众帕萨特,96287,2024-07-08 08:47
F6753,P0122,节气门位置传感器电压低,本田CR-V,30709,2024-04-30 10:00
F6754,C0035,左前轮速传感器电路故障,比亚迪宋PLUS,120881,2024-05-05 08:56
F6755,P0442,燃油蒸发系统泄漏（小泄漏）,宝马5系,144710,2025-05-07 14:49
F6756,B0200,右前安全气囊传感器故障,奥迪Q5L,101389,2025-08-17 17:34
F6757,P0606,ECM内部控制模块处理器故障,福特锐界,128870,2024-09-26 09:14
F6758,C0051,右后轮速传感器电路故障,吉利博越,51853,2025-03-27 16:42
F6759,B0016,驾驶员侧安全气囊模块故障,长城魏派VV7,114610,2024-11-04 16:59
F6760,P0113,进气温度传感器电压高,奔驰E级,61382,2024-10-19 08:05
F6761,P0301,1缸失火，发动机抖动,丰田卡罗拉,28503,2025-03-20 13:44
F6762,C0045,右前轮速传感器故障,大众朗逸,117792,2025-03-30 13:00
F6763,P0171,燃油系统过稀,本田思域,149873,2025-05-23 15:45
F6764,B1234,空调压缩机不工作,比亚迪汉,39064,2025-08-21 09:55
F6765,P0420,催化转化器效率低,宝马3系,88690,2025-08-27 10:47
F6766,P0299,涡轮增压器压力不足,福特蒙迪欧,58271,2024-06-04 12:11
F6767,C0121,刹车压力传感器信号异常,吉利星越L,101045,2024-01-14 10:39
F6768,B0081,主驾驶安全带传感器故障,奥迪A4L,62158,2025-05-01 12:21
F6769,P0521,机油压力传感器电路范围故障,长城哈弗H6,46527,2025-01-23 11:28
F6770,C0561,ABS系统控制模块故障,奔驰C级,110887,2025-10-25 10:48
F6771,P0340,凸轮轴位置传感器电路故障,丰田凯美瑞,102674,2024-12-06 14:20
F6772,B0100,空气囊控制模块故障,大众帕萨特,134065,2024-05-15 08:41
F6773,P0122,节气门位置传感器电压低,本田CR-V,98936,2025-10-26 17:16
F6774,C0035,左前轮速传感器电路故障,比亚迪宋PLUS,43533,2025-01-01 17:53
F6775,P0442,燃油蒸发系统泄漏（小泄漏）,宝马5系,90061,2025-06-22 15:37
F6776,B0200,右前安全气囊传感器故障,奥迪Q5L,123126,2025-04-30 11:08
F6777,P0606,ECM内部控制模块处理器故障,福特锐界,146290,2025-10-13 14:12
F6778,C0051,右后轮速传感器电路故障,吉利博越,50939,2024-04-24 16:46
F6779,B0016,驾驶员侧安全气囊模块故障,长城魏派VV7,119713,2025-03-10 15:07
F6780,P0113,进气温度传感器电压高,奔驰E级,71515,2024-02-08 09:33
F6781,P0301,1缸失火，发动机抖动,丰田卡罗拉,46041,2024-01-07 17:11
F6782,C0045,右前轮速传感器故障,大众朗逸,108560,2025-04-12 13:45
F6783,P0171,燃油系统过稀,本田思域,76314,2025-06-14 11:40
F6784,B1234,空调压缩机不工作,比亚迪汉,78977,2025-09-07 10:55
F6785,P0420,催化转化器效率低,宝马3系,47921,2024-02-15 14:59
F6786,P0299,涡轮增压器压力不足,福特蒙迪欧,55739,2024-10-22 14:38
F6787,C0121,刹车压力传感器信号异常,吉利星越L,58902,2025-01-28 11:12
F6788,B0081,主驾驶安全带传感器故障,奥迪A4L,61394,2024-11-22 16:57
F6789,P0521,机油压力传感器电路范围故障,长城哈弗H6,26440,2025-07-25 17:07
F6790,C0561,ABS系统控制模块故障,奔驰C级,106055,2024-02-07 08:25
F6791,P0340,凸轮轴位置传感器电路故障,丰田凯美瑞,102859,2024-05-14 10:18
F6792,B0100,空气囊控制模块故障,大众帕萨特,57971,2025-03-30 15:54
F6793,P0122,节气门位置传感器电压低,本田CR-V,43927,2024-11-29 16:16
F6794,C0035,左前轮速传感器电路故障,比亚迪宋PLUS,75793,2025-06-24 09:34
F6795,P0442,燃油蒸发系统泄漏（小泄漏）,宝马5系,147969,2024-06-07 08:17
F6796,B0200,右前安全气囊传感器故障,奥迪Q5L,78218,2024-07-07 09:29
F6797,P0606,ECM内部控制模块处理器故障,福特锐界,149119,2025-01-18 12:03
F6798,C0051,右后轮速传感器电路故障,吉利博越,101233,2024-07-03 13:59
F6799,B0016,驾驶员侧安全气囊模块故障,长城魏派VV7,85586,2025-12-07 14:30
F6800,P0113,进气温度传感器电压高,奔驰E级,74887,2024-05-05 12:56
F6801,P0301,1缸失火，发动机抖动,丰田卡罗拉,54518,2025-08-05 11:20
F6802,C0045,右前轮速传感器故障,大众朗逸,137509,2024-01-23 13:37
F6803,P0171,燃油系统过稀,本田思域,121857,2024-08-29 14:28
F6804,B1234,空调压缩机不工作,比亚迪汉,82006,2025-09-20 17:07
F6805,P0420,催化转化器效率低,宝马3系,141288,2024-08-08 15:16
F6806,P0299,涡轮增压器压力不足,福特蒙迪欧,80168,2024-08-07 08:37
F6807,C0121,刹车压力传感器信号异常,吉利星越L,106375,2024-10-17 15:23
F6808,B0081,主驾驶安全带传感器故障,奥迪A4L,99777,2024-11-11 14:34
F6809,P0521,机油压力传感器电路范围故障,长城哈弗H6,148213,2024-05-05 14:44
F6810,C0561,ABS系统控制模块故障,奔驰C级,123562,2024-03-13 09:02
F6811,P0340,凸轮轴位置传感器电路故障,丰田凯美瑞,60804,2024-11-28 10:29
F6812,B0100,空气囊控制模块故障,大众帕萨特,90223,2025-10-10 09:15
F6813,P0122,节气门位置传感器电压低,本田CR-V,84430,2025-09-30 11:40
F6814,C0035,左前轮速传感器电路故障,比亚迪宋PLUS,89299,2025-03-10 16:54
F6815,P0442,燃油蒸发系统泄漏（小泄漏）,宝马5系,118901,2024-05-14 09:30
F6816,B0200,右前安全气囊传感器故障,奥迪Q5L,142692,2024-04-26 13:55
F6817,P0606,ECM内部控制模块处理器故障,福特锐界,62225,2024-04-13 08:10
F6818,C0051,右后轮速传感器电路故障,吉利博越,45406,2025-12-17 14:00
F6819,B0016,驾驶员侧安全气囊模块故障,长城魏派VV7,27544,2025-09-03 17:44
F6820,P0113,进气温度传感器电压高,奔驰E级,133273,2024-11-13 13:23
F6821,P0301,1缸失火，发动机抖动,丰田卡罗拉,86012,2024-10-06 08:47
F6822,C0045,右前轮速传感器故障,大众朗逸,98836,2025-07-05 15:15
F6823,P0171,燃油系统过稀,本田思域,26216,2024-02-24 12:01
F6824,B1234,空调压缩机不工作,比亚迪汉,67599,2024-10-14 11:24
F6825,P0420,催化转化器效率低,宝马3系,29554,2024-04-23 10:44
F6826,P0299,涡轮增压器压力不足,福特蒙迪欧,71099,2025-10-22 16:37
F6827,C0121,刹车压力传感器信号异常,吉利星越L,59425,2025-07-18 17:11
F6828,B0081,主驾驶安全带传感器故障,奥迪A4L,48295,2024-10-10 12:09
F6829,P0521,机油压力传感器电路范围故障,长城哈弗H6,71792,2024-04-13 10:14
F6830,C0561,ABS系统控制模块故障,奔驰C级,92287,2025-02-17 13:15
F6831,P0340,凸轮轴位置传感器电路故障,丰田凯美瑞,83220,2025-01-03 12:27
F6832,B0100,空气囊控制模块故障,大众帕萨特,127108,2025-05-21 12:06
F6833,P0122,节气门位置传感器电压低,本田CR-V,88493,2025-07-25 09:03
F6834,C0035,左前轮速传感器电路故障,比亚迪宋PLUS,100920,2025-10-10 12:36
F6835,P0442,燃油蒸发系统泄漏（小泄漏）,宝马5系,149557,2024-11-23 15:39
F6836,B0200,右前安全气囊传感器故障,奥迪Q5L,141833,2025-12-25 14:40
F6837,P0606,ECM内部控制模块处理器故障,福特锐界,20796,2024-02-22 13:28
F6838,C0051,右后轮速传感器电路故障,吉利博越,110987,2024-01-08 12:50
F6839,B0016,驾驶员侧安全气囊模块故障,长城魏派VV7,143600,2024-12-03 13:06
F6840,P0113,进气温度传感器电压高,奔驰E级,119536,2025-02-14 09:38
F6841,P0301,1缸失火，发动机抖动,丰田卡罗拉,68195,2025-03-01 12:06
F6842,C0045,右前轮速传感器故障,大众朗逸,30526,2025-11-15 16:45
F6843,P0171,燃油系统过稀,本田思域,50762,2024-08-18 13:33
F6844,B1234,空调压缩机不工作,比亚迪汉,51120,2024-11-07 16:59
F6845,P0420,催化转化器效率低,宝马3系,54950,2025-05-10 09:25
F6846,P0299,涡轮增压器压力不足,福特蒙迪欧,90569,2025-02-10 14:39
F6847,C0121,刹车压力传感器信号异常,吉利星越L,99020,2024-01-22 14:52
F6848,B0081,主驾驶安全带传感器故障,奥迪A4L,112899,2024-07-20 09:39
F6849,P0521,机油压力传感器电路范围故障,长城哈弗H6,67392,2024-02-21 09:29
F6850,C0561,ABS系统控制模块故障,奔驰C级,116202,2024-07-22 10:05
F6851,P0340,凸轮轴位置传感器电路故障,丰田凯美瑞,39151,2025-04-07 09:18
F6852,B0100,空气囊控制模块故障,大众帕萨特,145927,2024-11-27 11:55
F6853,P0122,节气门位置传感器电压低,本田CR-V,134983,2024-04-17 10:59
F6854,C0035,左前轮速传感器电路故障,比亚迪宋PLUS,137765,2025-04-18 17:51
F6855,P0442,燃油蒸发系统泄漏（小泄漏）,宝马5系,23012,2025-10-16 17:30
F6856,B0200,右前安全气囊传感器故障,奥迪Q5L,49052,2024-07-12 14:04
F6857,P0606,ECM内部控制模块处理器故障,福特锐界,52698,2024-08-08 11:39
F6858,C0051,右后轮速传感器电路故障,吉利博越,26207,2025-10-06 14:44
F6859,B0016,驾驶员侧安全气囊模块故障,长城魏派VV7,61984,2025-06-07 13:00
F6860,P0113,进气温度传感器电压高,奔驰E级,32523,2025-08-15 08:06
F6861,P0301,1缸失火，发动机抖动,丰田卡罗拉,130431,2025-10-21 13:13
F6862,C0045,右前轮速传感器故障,大众朗逸,37723,2024-11-22 09:35
F6863,P0171,燃油系统过稀,本田思域,114966,2024-09-01 17:45
F6864,B1234,空调压缩机不工作,比亚迪汉,55117,2025-04-15 10:38
F6865,P0420,催化转化器效率低,宝马3系,89410,2024-10-25 17:18
F6866,P0299,涡轮增压器压力不足,福特蒙迪欧,53408,2024-03-29 13:36
F6867,C0121,刹车压力传感器信号异常,吉利星越L,69246,2025-11-28 09:07
F6868,B0081,主驾驶安全带传感器故障,奥迪A4L,38993,2025-02-17 12:14
F6869,P0521,机油压力传感器电路范围故障,长城哈弗H6,52395,2025-10-09 11:56
F6870,C0561,ABS系统控制模块故障,奔驰C级,143914,2025-11-01 15:37
F6871,P0340,凸轮轴位置传感器电路故障,丰田凯美瑞,43209,2025-10-01 13:19
F6872,B0100,空气囊控制模块故障,大众帕萨特,120873,2024-10-02 11:19
F6873,P0122,节气门位置传感器电压低,本田CR-V,141469,2025-10-03 12:50
F6874,C0035,左前轮速传感器电路故障,比亚迪宋PLUS,81216,2025-01-20 14:54
F6875,P0442,燃油蒸发系统泄漏（小泄漏）,宝马5系,41061,2024-02-09 16:17
F6876,B0200,右前安全气囊传感器故障,奥迪Q5L,130501,2025-03-10 11:54
F6877,P0606,ECM内部控制模块处理器故障,福特锐界,105499,2024-04-04 16:24
F6878,C0051,右后轮速传感器电路故障,吉利博越,48822,2025-01-19 10:55
F6879,B0016,驾驶员侧安全气囊模块故障,长城魏派VV7,58322,2024-11-24 11:57
F6880,P0113,进气温度传感器电压高,奔驰E级,116367,2025-12-07 12:27
F6881,P0301,1缸失火，发动机抖动,丰田卡罗拉,47124,2025-12-26 09:31
F6882,C0045,右前轮速传感器故障,大众朗逸,138236,2024-03-12 11:02
F6883,P0171,燃油系统过稀,本田思域,139245,2024-08-19 17:51
F6884,B1234,空调压缩机不工作,比亚迪汉,24482,2024-05-15 12:28
F6885,P0420,催化转化器效率低,宝马3系,130052,2024-12-13 13:35
F6886,P0299,涡轮增压器压力不足,福特蒙迪欧,57235,2025-06-10 09:24
F6887,C0121,刹车压力传感器信号异常,吉利星越L,52396,2024-06-01 17:51
F6888,B0081,主驾驶安全带传感器故障,奥迪A4L,31524,2025-01-11 16:16
F6889,P0521,机油压力传感器电路范围故障,长城哈弗H6,122219,2025-09-06 09:34
F6890,C0561,ABS系统控制模块故障,奔驰C级,77477,2025-09-01 11:35
F6891,P0340,凸轮轴位置传感器电路故障,丰田凯美瑞,53868,2024-02-09 16:22
F6892,B0100,空气囊控制模块故障,大众帕萨特,85595,2025-12-18 17:14
F6893,P0122,节气门位置传感器电压低,本田CR-V,142628,2024-09-02 13:57
F6894,C0035,左前轮速传感器电路故障,比亚迪宋PLUS,27821,2025-11-10 09:40
F6895,P0442,燃油蒸发系统泄漏（小泄漏）,宝马5系,141531,2024-02-13 11:49
F6896,B0200,右前安全气囊传感器故障,奥迪Q5L,65380,2024-03-02 14:48
F6897,P0606,ECM内部控制模块处理器故障,福特锐界,116468,2025-03-25 12:49
F6898,C0051,右后轮速传感器电路故障,吉利博越,141325,2025-10-31 12:00
F6899,B0016,驾驶员侧安全气囊模块故障,长城魏派VV7,101975,2024-12-12 16:56
F6900,P0113,进气温度传感器电压高,奔驰E级,124925,2025-02-09 11:58
F6901,P0301,1缸失火，发动机抖动,丰田卡罗拉,47196,2024-03-01 14:31
F6902,C0045,右前轮速传感器故障,大众朗逸,57167,2024-10-02 08:47
F6903,P0171,燃油系统过稀,本田思域,129423,2024-08-20 14:54
F6904,B1234,空调压缩机不工作,比亚迪汉,84432,2025-04-02 12:56
F6905,P0420,催化转化器效率低,宝马3系,46798,2025-01-04 11:20
F6906,P0299,涡轮增压器压力不足,福特蒙迪欧,142704,2024-01-04 09:44
F6907,C0121,刹车压力传感器信号异常,吉利星越L,131097,2024-05-26 10:10
F6908,B0081,主驾驶安全带传感器故障,奥迪A4L,119315,2024-03-14 16:39
F6909,P0521,机油压力传感器电路范围故障,长城哈弗H6,108337,2024-10-12 16:14
F6910,C0561,ABS系统控制模块故障,奔驰C级,139768,2024-03-18 11:41
F6911,P0340,凸轮轴位置传感器电路故障,丰田凯美瑞,70567,2025-09-24 12:34
F6912,B0100,空气囊控制模块故障,大众帕萨特,99291,2025-12-17 10:31
F6913,P0122,节气门位置传感器电压低,本田CR-V,83406,2024-11-10 11:40
F6914,C0035,左前轮速传感器电路故障,比亚迪宋PLUS,101120,2025-03-23 08:52
F6915,P0442,燃油蒸发系统泄漏（小泄漏）,宝马5系,35063,2025-07-17 11:09
F6916,B0200,右前安全气囊传感器故障,奥迪Q5L,96266,2025-09-30 15:39
F6917,P0606,ECM内部控制模块处理器故障,福特锐界,22083,2024-03-08 15:05
F6918,C0051,右后轮速传感器电路故障,吉利博越,117425,2025-05-12 13:24
F6919,B0016,驾驶员侧安全气囊模块故障,长城魏派VV7,125919,2024-07-05 15:46
F6920,P0113,进气温度传感器电压高,奔驰E级,60622,2024-02-07 08:36
F6921,P0301,1缸失火，发动机抖动,丰田卡罗拉,72237,2024-06-26 10:47
F6922,C0045,右前轮速传感器故障,大众朗逸,25743,2024-09-23 12:48
F6923,P0171,燃油系统过稀,本田思域,128534,2025-12-09 14:34
F6924,B1234,空调压缩机不工作,比亚迪汉,31118,2024-10-08 11:48
F6925,P0420,催化转化器效率低,宝马3系,78807,2025-11-28 11:14
F6926,P0299,涡轮增压器压力不足,福特蒙迪欧,116039,2024-12-23 14:18
F6927,C0121,刹车压力传感器信号异常,吉利星越L,21648,2025-09-12 16:00
F6928,B0081,主驾驶安全带传感器故障,奥迪A4L,60899,2024-01-11 17:40
F6929,P0521,机油压力传感器电路范围故障,长城哈弗H6,58016,2025-10-07 14:20
F6930,C0561,ABS系统控制模块故障,奔驰C级,22851,2025-02-20 13:01
F6931,P0340,凸轮轴位置传感器电路故障,丰田凯美瑞,74303,2024-04-18 10:10
F6932,B0100,空气囊控制模块故障,大众帕萨特,84816,2024-07-11 10:52
F6933,P0122,节气门位置传感器电压低,本田CR-V,132886,2025-05-24 12:14
F6934,C0035,左前轮速传感器电路故障,比亚迪宋PLUS,55411,2024-03-31 16:14
F6935,P0442,燃油蒸发系统泄漏（小泄漏）,宝马5系,77128,2025-06-26 16:55
F6936,B0200,右前安全气囊传感器故障,奥迪Q5L,136841,2024-08-11 12:25
F6937,P0606,ECM内部控制模块处理器故障,福特锐界,126063,2025-10-21 11:24
F6938,C0051,右后轮速传感器电路故障,吉利博越,77527,2025-12-02 15:11
F6939,B0016,驾驶员侧安全气囊模块故障,长城魏派VV7,63606,2024-06-06 08:07
F6940,P0113,进气温度传感器电压高,奔驰E级,149792,2025-04-10 11:25
F6941,P0301,1缸失火，发动机抖动,丰田卡罗拉,36966,2024-03-29 10:38
F6942,C0045,右前轮速传感器故障,大众朗逸,118000,2024-02-09 17:36
F6943,P0171,燃油系统过稀,本田思域,88665,2025-08-25 17:34
F6944,B1234,空调压缩机不工作,比亚迪汉,88154,2025-02-27 14:18
F6945,P0420,催化转化器效率低,宝马3系,136215,2025-03-27 11:08
F6946,P0299,涡轮增压器压力不足,福特蒙迪欧,133591,2025-10-04 12:54
F6947,C0121,刹车压力传感器信号异常,吉利星越L,53362,2024-11-18 15:52
F6948,B0081,主驾驶安全带传感器故障,奥迪A4L,30762,2024-05-02 13:20
F6949,P0521,机油压力传感器电路范围故障,长城哈弗H6,131091,2025-05-09 12:24
F6950,C0561,ABS系统控制模块故障,奔驰C级,120569,2024-12-08 10:29
F6951,P0340,凸轮轴位置传感器电路故障,丰田凯美瑞,29325,2025-08-06 13:28
F6952,B0100,空气囊控制模块故障,大众帕萨特,100713,2025-05-12 11:46
F6953,P0122,节气门位置传感器电压低,本田CR-V,73627,2025-05-15 09:24
F6954,C0035,左前轮速传感器电路故障,比亚迪宋PLUS,130036,2025-09-02 08:32
F6955,P0442,燃油蒸发系统泄漏（小泄漏）,宝马5系,107817,2024-07-15 12:14
F6956,B0200,右前安全气囊传感器故障,奥迪Q5L,131281,2025-10-20 17:00
F6957,P0606,ECM内部控制模块处理器故障,福特锐界,116360,2025-04-15 13:50
F6958,C0051,右后轮速传感器电路故障,吉利博越,128294,2024-12-28 09:35
F6959,B0016,驾驶员侧安全气囊模块故障,长城魏派VV7,145655,2025-10-09 10:28
F6960,P0113,进气温度传感器电压高,奔驰E级,41311,2024-01-10 09:35
F6961,P0301,1缸失火，发动机抖动,丰田卡罗拉,149787,2024-09-23 12:25
F6962,C0045,右前轮速传感器故障,大众朗逸,89258,2025-04-17 16:31
F6963,P0171,燃油系统过稀,本田思域,109720,2024-06-23 08:49
F6964,B1234,空调压缩机不工作,比亚迪汉,34896,2024-08-16 08:42
F6965,P0420,催化转化器效率低,宝马3系,132889,2024-04-01 16:57
F6966,P0299,涡轮增压器压力不足,福特蒙迪欧,149714,2025-06-25 17:28
F6967,C0121,刹车压力传感器信号异常,吉利星越L,135193,2025-11-24 13:33
F6968,B0081,主驾驶安全带传感器故障,奥迪A4L,62130,2024-10-02 17:38
F6969,P0521,机油压力传感器电路范围故障,长城哈弗H6,101882,2025-02-09 09:37
F6970,C0561,ABS系统控制模块故障,奔驰C级,86995,2025-08-25 09:32
F6971,P0340,凸轮轴位置传感器电路故障,丰田凯美瑞,74786,2024-08-04 09:45
F6972,B0100,空气囊控制模块故障,大众帕萨特,31192,2025-03-08 14:22
F6973,P0122,节气门位置传感器电压低,本田CR-V,141181,2025-10-08 13:13
F6974,C0035,左前轮速传感器电路故障,比亚迪宋PLUS,132048,2024-01-11 15:53
F6975,P0442,燃油蒸发系统泄漏（小泄漏）,宝马5系,66295,2025-01-27 08:09
F6976,B0200,右前安全气囊传感器故障,奥迪Q5L,142163,2025-12-07 13:13
F6977,P0606,ECM内部控制模块处理器故障,福特锐界,29925,2024-10-11 14:11
F6978,C0051,右后轮速传感器电路故障,吉利博越,121166,2024-01-24 10:52
F6979,B0016,驾驶员侧安全气囊模块故障,长城魏派VV7,140821,2024-07-02 09:40
F6980,P0113,进气温度传感器电压高,奔驰E级,106665,2025-06-22 09:19
F6981,P0301,1缸失火，发动机抖动,丰田卡罗拉,72624,2025-06-15 17:47
F6982,C0045,右前轮速传感器故障,大众朗逸,147054,2025-06-02 13:11
F6983,P0171,燃油系统过稀,本田思域,118558,2024-07-09 11:06
F6984,B1234,空调压缩机不工作,比亚迪汉,143396,2024-02-02 16:38
F6985,P0420,催化转化器效率低,宝马3系,57441,2024-01-08 11:06
F6986,P0299,涡轮增压器压力不足,福特蒙迪欧,99923,2025-10-19 08:07
F6987,C0121,刹车压力传感器信号异常,吉利星越L,98586,2024-10-19 17:52
F6988,B0081,主驾驶安全带传感器故障,奥迪A4L,117181,2025-06-14 16:38
F6989,P0521,机油压力传感器电路范围故障,长城哈弗H6,87256,2025-10-29 12:18
F6990,C0561,ABS系统控制模块故障,奔驰C级,82577,2025-08-10 17:04
F6991,P0340,凸轮轴位置传感器电路故障,丰田凯美瑞,85518,2025-05-31 15:02
F6992,B0100,空气囊控制模块故障,大众帕萨特,62234,2024-10-05 11:28
F6993,P0122,节气门位置传感器电压低,本田CR-V,48246,2025-03-19 11:49
F6994,C0035,左前轮速传感器电路故障,比亚迪宋PLUS,123478,2024-08-07 15:37
F6995,P0442,燃油蒸发系统泄漏（小泄漏）,宝马5系,61164,2024-11-29 13:16
F6996,B0200,右前安全气囊传感器故障,奥迪Q5L,138063,2025-05-24 17:16
F6997,P0606,ECM内部控制模块处理器故障,福特锐界,143344,2025-08-14 15:35
F6998,C0051,右后轮速传感器电路故障,吉利博越,132947,2024-04-15 15:20
F6999,B0016,驾驶员侧安全气囊模块故障,长城魏派VV7,147762,2024-10-10 11:59
F7000,P0113,进气温度传感器电压高,奔驰E级,103294,2025-09-17 16:21
F7001,P0301,1缸失火，发动机抖动,丰田卡罗拉,112573,2025-04-10 16:42
F7002,C0045,右前轮速传感器故障,大众朗逸,25157,2024-03-08 11:10
F7003,P0171,燃油系统过稀,本田思域,28165,2024-03-24 08:04
F7004,B1234,空调压缩机不工作,比亚迪汉,133159,2025-12-10 10:52
F7005,P0420,催化转化器效率低,宝马3系,141420,2024-03-31 08:40
F7006,P0299,涡轮增压器压力不足,福特蒙迪欧,125896,2025-03-08 11:24
F7007,C0121,刹车压力传感器信号异常,吉利星越L,81606,2025-06-02 12:06
F7008,B0081,主驾驶安全带传感器故障,奥迪A4L,88143,2024-12-15 13:38
F7009,P0521,机油压力传感器电路范围故障,长城哈弗H6,131217,2025-01-25 12:51
F7010,C0561,ABS系统控制模块故障,奔驰C级,34545,2025-02-02 17:25
F7011,P0340,凸轮轴位置传感器电路故障,丰田凯美瑞,86037,2025-05-19 17:53
F7012,B0100,空气囊控制模块故障,大众帕萨特,40177,2024-02-23 11:55
F7013,P0122,节气门位置传感器电压低,本田CR-V,97636,2024-01-17 15:59
F7014,C0035,左前轮速传感器电路故障,比亚迪宋PLUS,86475,2025-07-02 12:40
F7015,P0442,燃油蒸发系统泄漏（小泄漏）,宝马5系,41199,2025-05-15 12:17
F7016,B0200,右前安全气囊传感器故障,奥迪Q5L,38767,2025-11-06 12:07
F7017,P0606,ECM内部控制模块处理器故障,福特锐界,58841,2025-08-14 16:24
F7018,C0051,右后轮速传感器电路故障,吉利博越,107534,2024-12-30 13:49
F7019,B0016,驾驶员侧安全气囊模块故障,长城魏派VV7,50541,2025-01-20 08:28
F7020,P0113,进气温度传感器电压高,奔驰E级,120381,2025-01-14 10:44
F7021,P0301,1缸失火，发动机抖动,丰田卡罗拉,47346,2024-04-27 15:17
F7022,C0045,右前轮速传感器故障,大众朗逸,148426,2024-07-24 10:09
F7023,P0171,燃油系统过稀,本田思域,55424,2025-06-04 11:29
F7024,B1234,空调压缩机不工作,比亚迪汉,114278,2025-11-27 08:14
F7025,P0420,催化转化器效率低,宝马3系,100176,2025-08-23 14:58
F7026,P0299,涡轮增压器压力不足,福特蒙迪欧,68716,2025-04-25 09:26
F7027,C0121,刹车压力传感器信号异常,吉利星越L,99392,2025-11-03 12:53
F7028,B0081,主驾驶安全带传感器故障,奥迪A4L,52061,2025-11-09 13:07
F7029,P0521,机油压力传感器电路范围故障,长城哈弗H6,32099,2025-01-02 11:53
F7030,C0561,ABS系统控制模块故障,奔驰C级,58783,2024-06-19 11:48
F7031,P0340,凸轮轴位置传感器电路故障,丰田凯美瑞,143177,2024-10-18 11:58
F7032,B0100,空气囊控制模块故障,大众帕萨特,132902,2025-06-29 16:18
F7033,P0122,节气门位置传感器电压低,本田CR-V,27726,2024-08-07 08:37
F7034,C0035,左前轮速传感器电路故障,比亚迪宋PLUS,80752,2025-06-28 14:54
F7035,P0442,燃油蒸发系统泄漏（小泄漏）,宝马5系,135200,2025-09-20 14:10
F7036,B0200,右前安全气囊传感器故障,奥迪Q5L,143516,2024-10-11 14:46
F7037,P0606,ECM内部控制模块处理器故障,福特锐界,79093,2025-04-01 09:57
F7038,C0051,右后轮速传感器电路故障,吉利博越,129978,2024-06-22 08:27
F7039,B0016,驾驶员侧安全气囊模块故障,长城魏派VV7,113557,2025-11-18 13:48
F7040,P0113,进气温度传感器电压高,奔驰E级,79372,2025-03-14 17:35
F7041,P0301,1缸失火，发动机抖动,丰田卡罗拉,139452,2025-03-08 13:48
F7042,C0045,右前轮速传感器故障,大众朗逸,148325,2025-07-12 16:43
F7043,P0171,燃油系统过稀,本田思域,61522,2024-04-11 08:56
F7044,B1234,空调压缩机不工作,比亚迪汉,99711,2024-01-15 12:19
F7045,P0420,催化转化器效率低,宝马3系,118298,2025-03-03 08:37
F7046,P0299,涡轮增压器压力不足,福特蒙迪欧,76779,2025-02-23 08:28
F7047,C0121,刹车压力传感器信号异常,吉利星越L,52098,2024-10-08 17:26
F7048,B0081,主驾驶安全带传感器故障,奥迪A4L,119965,2025-07-15 10:30
F7049,P0521,机油压力传感器电路范围故障,长城哈弗H6,78089,2025-04-02 12:02
F7050,C0561,ABS系统控制模块故障,奔驰C级,86848,2024-01-20 15:28
F7051,P0340,凸轮轴位置传感器电路故障,丰田凯美瑞,106395,2024-08-04 13:32
F7052,B0100,空气囊控制模块故障,大众帕萨特,120102,2025-11-15 10:23
F7053,P0122,节气门位置传感器电压低,本田CR-V,47268,2025-07-17 08:33
F7054,C0035,左前轮速传感器电路故障,比亚迪宋PLUS,93372,2024-07-02 10:29
F7055,P0442,燃油蒸发系统泄漏（小泄漏）,宝马5系,142025,2025-08-25 08:03
F7056,B0200,右前安全气囊传感器故障,奥迪Q5L,39989,2025-01-24 15:01
F7057,P0606,ECM内部控制模块处理器故障,福特锐界,131055,2025-11-19 12:19
F7058,C0051,右后轮速传感器电路故障,吉利博越,24785,2025-04-13 12:52
F7059,B0016,驾驶员侧安全气囊模块故障,长城魏派VV7,146085,2025-11-16 09:59
F7060,P0113,进气温度传感器电压高,奔驰E级,120058,2024-10-28 12:27
F7061,P0301,1缸失火，发动机抖动,丰田卡罗拉,96231,2025-01-25 15:48
F7062,C0045,右前轮速传感器故障,大众朗逸,26753,2024-02-05 17:48
F7063,P0171,燃油系统过稀,本田思域,95422,2025-11-27 12:32
F7064,B1234,空调压缩机不工作,比亚迪汉,42395,2024-04-11 12:31
F7065,P0420,催化转化器效率低,宝马3系,36310,2025-07-25 09:44
F7066,P0299,涡轮增压器压力不足,福特蒙迪欧,109154,2025-02-06 10:51
F7067,C0121,刹车压力传感器信号异常,吉利星越L,56453,2024-06-11 16:47
F7068,B0081,主驾驶安全带传感器故障,奥迪A4L,83325,2025-08-27 13:23
F7069,P0521,机油压力传感器电路范围故障,长城哈弗H6,35533,2025-04-02 13:31
F7070,C0561,ABS系统控制模块故障,奔驰C级,120359,2025-09-03 16:31
F7071,P0340,凸轮轴位置传感器电路故障,丰田凯美瑞,143893,2024-05-18 16:11
F7072,B0100,空气囊控制模块故障,大众帕萨特,32584,2024-11-10 14:49
F7073,P0122,节气门位置传感器电压低,本田CR-V,123485,2025-05-21 16:44
F7074,C0035,左前轮速传感器电路故障,比亚迪宋PLUS,26706,2025-06-07 08:27
F7075,P0442,燃油蒸发系统泄漏（小泄漏）,宝马5系,123830,2024-12-13 16:06
F7076,B0200,右前安全气囊传感器故障,奥迪Q5L,102083,2025-05-10 12:12
F7077,P0606,ECM内部控制模块处理器故障,福特锐界,106657,2025-03-14 16:14
F7078,C0051,右后轮速传感器电路故障,吉利博越,100885,2024-07-29 12:29
F7079,B0016,驾驶员侧安全气囊模块故障,长城魏派VV7,69885,2025-03-13 10:37
F7080,P0113,进气温度传感器电压高,奔驰E级,141598,2025-11-25 11:35
F7081,P0301,1缸失火，发动机抖动,丰田卡罗拉,82259,2024-06-09 14:06
F7082,C0045,右前轮速传感器故障,大众朗逸,82773,2025-03-22 15:46
F7083,P0171,燃油系统过稀,本田思域,45434,2025-09-27 13:17
F7084,B1234,空调压缩机不工作,比亚迪汉,40410,2025-02-03 13:47
F7085,P0420,催化转化器效率低,宝马3系,21843,2024-06-03 16:09
F7086,P0299,涡轮增压器压力不足,福特蒙迪欧,23342,2024-09-07 10:49
F7087,C0121,刹车压力传感器信号异常,吉利星越L,24831,2024-03-17 11:39
F7088,B0081,主驾驶安全带传感器故障,奥迪A4L,132988,2024-07-25 08:57
F7089,P0521,机油压力传感器电路范围故障,长城哈弗H6,61984,2025-07-11 12:10
F7090,C0561,ABS系统控制模块故障,奔驰C级,63998,2024-11-11 08:27
F7091,P0340,凸轮轴位置传感器电路故障,丰田凯美瑞,58645,2025-06-09 14:49
F7092,B0100,空气囊控制模块故障,大众帕萨特,52188,2024-05-18 10:58
F7093,P0122,节气门位置传感器电压低,本田CR-V,123629,2024-02-24 14:32
F7094,C0035,左前轮速传感器电路故障,比亚迪宋PLUS,122646,2024-06-17 16:03
F7095,P0442,燃油蒸发系统泄漏（小泄漏）,宝马5系,123797,2024-05-08 10:12
F7096,B0200,右前安全气囊传感器故障,奥迪Q5L,62179,2024-07-22 13:00
F7097,P0606,ECM内部控制模块处理器故障,福特锐界,130299,2024-05-27 13:34
F7098,C0051,右后轮速传感器电路故障,吉利博越,34004,2024-04-30 16:43
F7099,B0016,驾驶员侧安全气囊模块故障,长城魏派VV7,123291,2025-12-08 14:24
F7100,P0113,进气温度传感器电压高,奔驰E级,110203,2024-02-26 17:27
F7101,P0301,1缸失火，发动机抖动,丰田卡罗拉,96367,2025-02-03 09:28
F7102,C0045,右前轮速传感器故障,大众朗逸,31971,2025-02-04 16:23
F7103,P0171,燃油系统过稀,本田思域,88954,2025-07-27 10:09
F7104,B1234,空调压缩机不工作,比亚迪汉,62021,2024-10-21 17:30
F7105,P0420,催化转化器效率低,宝马3系,95071,2024-05-28 13:14
F7106,P0299,涡轮增压器压力不足,福特蒙迪欧,134985,2024-10-04 15:48
F7107,C0121,刹车压力传感器信号异常,吉利星越L,92021,2025-06-27 14:50
F7108,B0081,主驾驶安全带传感器故障,奥迪A4L,101160,2024-12-19 08:43
F7109,P0521,机油压力传感器电路范围故障,长城哈弗H6,42678,2025-03-16 10:27
F7110,C0561,ABS系统控制模块故障,奔驰C级,26317,2024-03-06 13:10
F7111,P0340,凸轮轴位置传感器电路故障,丰田凯美瑞,101298,2024-12-19 12:30
F7112,B0100,空气囊控制模块故障,大众帕萨特,42915,2025-11-11 10:23
F7113,P0122,节气门位置传感器电压低,本田CR-V,119806,2025-11-01 15:39
F7114,C0035,左前轮速传感器电路故障,比亚迪宋PLUS,78548,2024-01-04 13:04
F7115,P0442,燃油蒸发系统泄漏（小泄漏）,宝马5系,143587,2024-09-26 12:46
F7116,B0200,右前安全气囊传感器故障,奥迪Q5L,120776,2024-08-26 11:31
F7117,P0606,ECM内部控制模块处理器故障,福特锐界,44187,2025-02-08 12:29
F7118,C0051,右后轮速传感器电路故障,吉利博越,88103,2025-09-10 09:31
F7119,B0016,驾驶员侧安全气囊模块故障,长城魏派VV7,67249,2024-04-20 14:46
F7120,P0113,进气温度传感器电压高,奔驰E级,136339,2024-07-01 09:50
F7121,P0301,1缸失火，发动机抖动,丰田卡罗拉,23416,2024-12-02 14:51
F7122,C0045,右前轮速传感器故障,大众朗逸,51959,2024-09-03 13:33
F7123,P0171,燃油系统过稀,本田思域,92101,2025-04-18 09:59
F7124,B1234,空调压缩机不工作,比亚迪汉,106803,2025-08-09 09:39
F7125,P0420,催化转化器效率低,宝马3系,66941,2025-08-07 09:57
F7126,P0299,涡轮增压器压力不足,福特蒙迪欧,24780,2025-06-11 09:22
F7127,C0121,刹车压力传感器信号异常,吉利星越L,36533,2025-05-12 13:05
F7128,B0081,主驾驶安全带传感器故障,奥迪A4L,73300,2025-01-31 17:12
F7129,P0521,机油压力传感器电路范围故障,长城哈弗H6,104351,2024-09-28 12:38
F7130,C0561,ABS系统控制模块故障,奔驰C级,124676,2024-03-28 14:58
F7131,P0340,凸轮轴位置传感器电路故障,丰田凯美瑞,44804,2025-07-13 09:22
F7132,B0100,空气囊控制模块故障,大众帕萨特,82173,2025-03-05 16:58
F7133,P0122,节气门位置传感器电压低,本田CR-V,136871,2024-11-08 17:40
F7134,C0035,左前轮速传感器电路故障,比亚迪宋PLUS,115365,2025-07-07 15:58
F7135,P0442,燃油蒸发系统泄漏（小泄漏）,宝马5系,31755,2025-05-15 15:27
F7136,B0200,右前安全气囊传感器故障,奥迪Q5L,133384,2025-01-01 15:25
F7137,P0606,ECM内部控制模块处理器故障,福特锐界,38321,2024-02-07 14:36
F7138,C0051,右后轮速传感器电路故障,吉利博越,100119,2024-11-12 08:45
F7139,B0016,驾驶员侧安全气囊模块故障,长城魏派VV7,136840,2024-11-27 17:12
F7140,P0113,进气温度传感器电压高,奔驰E级,137826,2024-03-01 08:30
F7141,P0301,1缸失火，发动机抖动,丰田卡罗拉,46819,2024-01-19 09:12
F7142,C0045,右前轮速传感器故障,大众朗逸,65920,2024-12-26 09:51
F7143,P0171,燃油系统过稀,本田思域,111036,2024-07-30 11:06
F7144,B1234,空调压缩机不工作,比亚迪汉,75459,2024-03-04 08:26
F7145,P0420,催化转化器效率低,宝马3系,73298,2024-06-25 17:21
F7146,P0299,涡轮增压器压力不足,福特蒙迪欧,144445,2025-11-08 15:41
F7147,C0121,刹车压力传感器信号异常,吉利星越L,35554,2024-11-23 11:23
F7148,B0081,主驾驶安全带传感器故障,奥迪A4L,43966,2024-08-06 13:14
F7149,P0521,机油压力传感器电路范围故障,长城哈弗H6,24159,2025-09-29 08:51
F7150,C0561,ABS系统控制模块故障,奔驰C级,64451,2024-08-16 11:37
F7151,P0340,凸轮轴位置传感器电路故障,丰田凯美瑞,72126,2025-07-31 08:45
F7152,B0100,空气囊控制模块故障,大众帕萨特,138084,2024-06-26 16:27
F7153,P0122,节气门位置传感器电压低,本田CR-V,141905,2025-06-05 09:09
F7154,C0035,左前轮速传感器电路故障,比亚迪宋PLUS,140555,2025-07-01 14:18
F7155,P0442,燃油蒸发系统泄漏（小泄漏）,宝马5系,83552,2024-05-06 10:12
F7156,B0200,右前安全气囊传感器故障,奥迪Q5L,142192,2024-10-30 16:24
F7157,P0606,ECM内部控制模块处理器故障,福特锐界,115594,2024-08-09 14:34
F7158,C0051,右后轮速传感器电路故障,吉利博越,33481,2025-12-02 16:30
F7159,B0016,驾驶员侧安全气囊模块故障,长城魏派VV7,137328,2025-01-26 09:23
F7160,P0113,进气温度传感器电压高,奔驰E级,118597,2024-04-21 10:55
F7161,P0301,1缸失火，发动机抖动,丰田卡罗拉,73563,2024-04-19 15:58
F7162,C0045,右前轮速传感器故障,大众朗逸,129246,2025-06-20 16:47
F7163,P0171,燃油系统过稀,本田思域,76857,2025-09-25 11:38
F7164,B1234,空调压缩机不工作,比亚迪汉,132730,2025-12-26 14:36
F7165,P0420,催化转化器效率低,宝马3系,38233,2025-04-13 15:22
F7166,P0299,涡轮增压器压力不足,福特蒙迪欧,68677,2025-04-09 08:04
F7167,C0121,刹车压力传感器信号异常,吉利星越L,94124,2024-06-19 10:21
F7168,B0081,主驾驶安全带传感器故障,奥迪A4L,146189,2025-03-24 09:02
F7169,P0521,机油压力传感器电路范围故障,长城哈弗H6,36289,2025-07-25 13:17
F7170,C0561,ABS系统控制模块故障,奔驰C级,34085,2024-08-21 15:38
F7171,P0340,凸轮轴位置传感器电路故障,丰田凯美瑞,142073,2025-04-29 12:37
F7172,B0100,空气囊控制模块故障,大众帕萨特,43955,2025-06-14 15:39
F7173,P0122,节气门位置传感器电压低,本田CR-V,93700,2024-01-01 08:03
F7174,C0035,左前轮速传感器电路故障,比亚迪宋PLUS,126753,2025-11-26 12:51
F7175,P0442,燃油蒸发系统泄漏（小泄漏）,宝马5系,103086,2024-03-24 08:19
F7176,B0200,右前安全气囊传感器故障,奥迪Q5L,27604,2025-11-04 17:38
F7177,P0606,ECM内部控制模块处理器故障,福特锐界,32066,2025-12-06 13:25
F7178,C0051,右后轮速传感器电路故障,吉利博越,143855,2024-02-27 14:37
F7179,B0016,驾驶员侧安全气囊模块故障,长城魏派VV7,33959,2025-12-04 15:00
F7180,P0113,进气温度传感器电压高,奔驰E级,128812,2025-06-30 13:06
F7181,P0301,1缸失火，发动机抖动,丰田卡罗拉,119216,2024-02-05 08:10
F7182,C0045,右前轮速传感器故障,大众朗逸,109814,2024-08-29 13:47
F7183,P0171,燃油系统过稀,本田思域,31993,2024-11-18 12:07
F7184,B1234,空调压缩机不工作,比亚迪汉,44757,2024-01-25 13:12
F7185,P0420,催化转化器效率低,宝马3系,71660,2024-02-18 08:37
F7186,P0299,涡轮增压器压力不足,福特蒙迪欧,69966,2025-02-27 09:37
F7187,C0121,刹车压力传感器信号异常,吉利星越L,44155,2025-01-27 13:38
F7188,B0081,主驾驶安全带传感器故障,奥迪A4L,63909,2024-09-09 16:25
F7189,P0521,机油压力传感器电路范围故障,长城哈弗H6,139734,2025-10-06 15:40
F7190,C0561,ABS系统控制模块故障,奔驰C级,42487,2024-02-15 12:15
F7191,P0340,凸轮轴位置传感器电路故障,丰田凯美瑞,128120,2024-02-16 17:31
F7192,B0100,空气囊控制模块故障,大众帕萨特,97266,2025-06-15 14:30
F7193,P0122,节气门位置传感器电压低,本田CR-V,135858,2025-08-20 13:37
F7194,C0035,左前轮速传感器电路故障,比亚迪宋PLUS,94372,2024-07-23 12:00
F7195,P0442,燃油蒸发系统泄漏（小泄漏）,宝马5系,47039,2025-01-26 16:21
F7196,B0200,右前安全气囊传感器故障,奥迪Q5L,110165,2024-11-03 10:52
F7197,P0606,ECM内部控制模块处理器故障,福特锐界,22449,2024-02-06 16:50
F7198,C0051,右后轮速传感器电路故障,吉利博越,115817,2024-12-28 08:37
F7199,B0016,驾驶员侧安全气囊模块故障,长城魏派VV7,20977,2024-11-15 15:15
F7200,P0113,进气温度传感器电压高,奔驰E级,34818,2024-11-29 13:11
F7201,P0301,1缸失火，发动机抖动,丰田卡罗拉,44669,2025-04-04 09:48
F7202,C0045,右前轮速传感器故障,大众朗逸,38753,2025-02-13 15:15
F7203,P0171,燃油系统过稀,本田思域,103235,2024-02-29 16:37
F7204,B1234,空调压缩机不工作,比亚迪汉,31236,2025-09-14 13:24
F7205,P0420,催化转化器效率低,宝马3系,65179,2025-03-01 13:10
F7206,P0299,涡轮增压器压力不足,福特蒙迪欧,62931,2024-06-22 16:24
F7207,C0121,刹车压力传感器信号异常,吉利星越L,132887,2024-07-31 14:45
F7208,B0081,主驾驶安全带传感器故障,奥迪A4L,138332,2024-03-12 10:58
F7209,P0521,机油压力传感器电路范围故障,长城哈弗H6,59014,2024-11-11 15:23
F7210,C0561,ABS系统控制模块故障,奔驰C级,128334,2024-02-16 17:55
F7211,P0340,凸轮轴位置传感器电路故障,丰田凯美瑞,28881,2025-12-10 09:30
F7212,B0100,空气囊控制模块故障,大众帕萨特,90614,2025-06-15 15:04
F7213,P0122,节气门位置传感器电压低,本田CR-V,91163,2025-10-11 15:28
F7214,C0035,左前轮速传感器电路故障,比亚迪宋PLUS,51411,2024-02-19 14:00
F7215,P0442,燃油蒸发系统泄漏（小泄漏）,宝马5系,126943,2025-02-21 11:33
F7216,B0200,右前安全气囊传感器故障,奥迪Q5L,39485,2024-06-06 14:16
F7217,P0606,ECM内部控制模块处理器故障,福特锐界,22170,2024-10-17 16:56
F7218,C0051,右后轮速传感器电路故障,吉利博越,129813,2025-12-04 10:20
F7219,B0016,驾驶员侧安全气囊模块故障,长城魏派VV7,39529,2025-07-24 13:29
F7220,P0113,进气温度传感器电压高,奔驰E级,75984,2024-11-24 10:27
F7221,P0301,1缸失火，发动机抖动,丰田卡罗拉,147701,2025-12-12 14:17
F7222,C0045,右前轮速传感器故障,大众朗逸,119712,2025-03-13 14:24
F7223,P0171,燃油系统过稀,本田思域,97385,2024-02-01 17:35
F7224,B1234,空调压缩机不工作,比亚迪汉,119216,2024-09-13 13:52
F7225,P0420,催化转化器效率低,宝马3系,75544,2024-03-01 11:25
F7226,P0299,涡轮增压器压力不足,福特蒙迪欧,78430,2024-01-26 11:13
F7227,C0121,刹车压力传感器信号异常,吉利星越L,131197,2025-03-13 13:11
F7228,B0081,主驾驶安全带传感器故障,奥迪A4L,149283,2024-10-25 08:41
F7229,P0521,机油压力传感器电路范围故障,长城哈弗H6,62628,2025-11-18 09:38
F7230,C0561,ABS系统控制模块故障,奔驰C级,35457,2024-04-13 14:28
F7231,P0340,凸轮轴位置传感器电路故障,丰田凯美瑞,51397,2024-11-27 11:10
F7232,B0100,空气囊控制模块故障,大众帕萨特,105333,2024-03-18 13:17
F7233,P0122,节气门位置传感器电压低,本田CR-V,27795,2024-10-15 13:42
F7234,C0035,左前轮速传感器电路故障,比亚迪宋PLUS,146667,2025-12-24 16:06
F7235,P0442,燃油蒸发系统泄漏（小泄漏）,宝马5系,33675,2025-06-18 10:14
F7236,B0200,右前安全气囊传感器故障,奥迪Q5L,132661,2025-10-25 16:17
F7237,P0606,ECM内部控制模块处理器故障,福特锐界,122425,2024-10-30 12:58
F7238,C0051,右后轮速传感器电路故障,吉利博越,61657,2025-11-13 13:40
F7239,B0016,驾驶员侧安全气囊模块故障,长城魏派VV7,112275,2025-06-22 09:35
F7240,P0113,进气温度传感器电压高,奔驰E级,49622,2025-07-27 12:35
F7241,P0301,1缸失火，发动机抖动,丰田卡罗拉,147959,2025-11-13 16:14
F7242,C0045,右前轮速传感器故障,大众朗逸,54255,2024-05-06 15:18
F7243,P0171,燃油系统过稀,本田思域,44181,2025-06-19 12:23
F7244,B1234,空调压缩机不工作,比亚迪汉,105056,2025-11-03 12:25
F7245,P0420,催化转化器效率低,宝马3系,35725,2024-04-05 11:43
F7246,P0299,涡轮增压器压力不足,福特蒙迪欧,23354,2025-04-30 13:29
F7247,C0121,刹车压力传感器信号异常,吉利星越L,109983,2025-05-15 09:53
F7248,B0081,主驾驶安全带传感器故障,奥迪A4L,116704,2024-06-03 17:42
F7249,P0521,机油压力传感器电路范围故障,长城哈弗H6,51437,2025-04-15 10:48
F7250,C0561,ABS系统控制模块故障,奔驰C级,115411,2025-04-24 14:57
F7251,P0340,凸轮轴位置传感器电路故障,丰田凯美瑞,122437,2025-09-10 09:42
F7252,B0100,空气囊控制模块故障,大众帕萨特,140354,2025-01-12 08:50
F7253,P0122,节气门位置传感器电压低,本田CR-V,70119,2025-05-02 16:17
F7254,C0035,左前轮速传感器电路故障,比亚迪宋PLUS,136634,2024-11-08 14:42
F7255,P0442,燃油蒸发系统泄漏（小泄漏）,宝马5系,22207,2024-10-10 14:00
F7256,B0200,右前安全气囊传感器故障,奥迪Q5L,133091,2025-06-01 17:52
F7257,P0606,ECM内部控制模块处理器故障,福特锐界,33789,2025-10-12 16:09
F7258,C0051,右后轮速传感器电路故障,吉利博越,23100,2024-03-20 14:15
F7259,B0016,驾驶员侧安全气囊模块故障,长城魏派VV7,98712,2025-08-22 10:25
F7260,P0113,进气温度传感器电压高,奔驰E级,142059,2024-05-24 17:26
F7261,P0301,1缸失火，发动机抖动,丰田卡罗拉,56253,2024-01-02 16:15
F7262,C0045,右前轮速传感器故障,大众朗逸,51990,2025-03-21 12:12
F7263,P0171,燃油系统过稀,本田思域,31103,2025-03-16 09:38
F7264,B1234,空调压缩机不工作,比亚迪汉,139416,2025-02-01 10:39
F7265,P0420,催化转化器效率低,宝马3系,105664,2024-07-12 08:03
F7266,P0299,涡轮增压器压力不足,福特蒙迪欧,105847,2025-03-17 12:02
F7267,C0121,刹车压力传感器信号异常,吉利星越L,74113,2025-04-16 09:38
F7268,B0081,主驾驶安全带传感器故障,奥迪A4L,56604,2024-08-02 08:07
F7269,P0521,机油压力传感器电路范围故障,长城哈弗H6,20421,2025-09-07 16:12
F7270,C0561,ABS系统控制模块故障,奔驰C级,71838,2025-04-08 16:19
F7271,P0340,凸轮轴位置传感器电路故障,丰田凯美瑞,32931,2025-07-29 08:29
F7272,B0100,空气囊控制模块故障,大众帕萨特,34248,2024-01-05 08:09
F7273,P0122,节气门位置传感器电压低,本田CR-V,72890,2024-12-18 13:32
F7274,C0035,左前轮速传感器电路故障,比亚迪宋PLUS,58435,2024-04-17 15:45
F7275,P0442,燃油蒸发系统泄漏（小泄漏）,宝马5系,102102,2024-02-15 15:41
F7276,B0200,右前安全气囊传感器故障,奥迪Q5L,82511,2025-01-04 16:14
F7277,P0606,ECM内部控制模块处理器故障,福特锐界,65775,2025-04-06 12:32
F7278,C0051,右后轮速传感器电路故障,吉利博越,97421,2024-11-20 17:58
F7279,B0016,驾驶员侧安全气囊模块故障,长城魏派VV7,86540,2024-03-01 14:14
F7280,P0113,进气温度传感器电压高,奔驰E级,110934,2025-11-04 14:41
F7281,P0301,1缸失火，发动机抖动,丰田卡罗拉,140951,2025-02-15 12:45
F7282,C0045,右前轮速传感器故障,大众朗逸,144436,2024-11-19 09:18
F7283,P0171,燃油系统过稀,本田思域,49322,2025-05-14 11:07
F7284,B1234,空调压缩机不工作,比亚迪汉,139103,2025-08-26 16:25
F7285,P0420,催化转化器效率低,宝马3系,71704,2025-01-20 12:27
F7286,P0299,涡轮增压器压力不足,福特蒙迪欧,139236,2024-11-28 17:44
F7287,C0121,刹车压力传感器信号异常,吉利星越L,110298,2024-06-27 14:28
F7288,B0081,主驾驶安全带传感器故障,奥迪A4L,145426,2024-06-29 14:13
F7289,P0521,机油压力传感器电路范围故障,长城哈弗H6,82621,2024-04-29 10:03
F7290,C0561,ABS系统控制模块故障,奔驰C级,83471,2024-01-27 11:21
F7291,P0340,凸轮轴位置传感器电路故障,丰田凯美瑞,125244,2024-04-10 08:38
F7292,B0100,空气囊控制模块故障,大众帕萨特,70309,2024-10-07 17:22
F7293,P0122,节气门位置传感器电压低,本田CR-V,53016,2025-10-11 12:58
F7294,C0035,左前轮速传感器电路故障,比亚迪宋PLUS,147059,2024-08-03 10:31
F7295,P0442,燃油蒸发系统泄漏（小泄漏）,宝马5系,131529,2024-08-17 12:52
F7296,B0200,右前安全气囊传感器故障,奥迪Q5L,66199,2024-06-01 08:49
F7297,P0606,ECM内部控制模块处理器故障,福特锐界,90194,2024-12-29 13:56
F7298,C0051,右后轮速传感器电路故障,吉利博越,69130,2024-05-30 14:25
F7299,B0016,驾驶员侧安全气囊模块故障,长城魏派VV7,31821,2025-08-26 13:46
F7300,P0113,进气温度传感器电压高,奔驰E级,119312,2025-08-04 16:27
F7301,P0301,1缸失火，发动机抖动,丰田卡罗拉,49064,2025-06-24 16:04
F7302,C0045,右前轮速传感器故障,大众朗逸,60272,2025-02-11 16:15
F7303,P0171,燃油系统过稀,本田思域,60601,2025-02-13 09:12
F7304,B1234,空调压缩机不工作,比亚迪汉,68861,2024-05-29 13:06
F7305,P0420,催化转化器效率低,宝马3系,135254,2024-09-05 08:45
F7306,P0299,涡轮增压器压力不足,福特蒙迪欧,104605,2024-03-29 11:54
F7307,C0121,刹车压力传感器信号异常,吉利星越L,52125,2024-08-03 16:04
F7308,B0081,主驾驶安全带传感器故障,奥迪A4L,77980,2024-06-23 08:30
F7309,P0521,机油压力传感器电路范围故障,长城哈弗H6,41931,2025-06-14 12:25
F7310,C0561,ABS系统控制模块故障,奔驰C级,20468,2024-05-15 11:58
F7311,P0340,凸轮轴位置传感器电路故障,丰田凯美瑞,121714,2024-11-20 17:02
F7312,B0100,空气囊控制模块故障,大众帕萨特,49179,2025-12-07 12:46
F7313,P0122,节气门位置传感器电压低,本田CR-V,111913,2025-12-24 14:46
F7314,C0035,左前轮速传感器电路故障,比亚迪宋PLUS,78613,2025-08-21 15:46
F7315,P0442,燃油蒸发系统泄漏（小泄漏）,宝马5系,59975,2025-10-26 12:29
F7316,B0200,右前安全气囊传感器故障,奥迪Q5L,124749,2025-11-09 13:11
F7317,P0606,ECM内部控制模块处理器故障,福特锐界,61501,2025-12-21 08:08
F7318,C0051,右后轮速传感器电路故障,吉利博越,102569,2024-06-27 10:39
F7319,B0016,驾驶员侧安全气囊模块故障,长城魏派VV7,67032,2024-06-21 12:55
F7320,P0113,进气温度传感器电压高,奔驰E级,135656,2025-12-16 15:18
F7321,P0301,1缸失火，发动机抖动,丰田卡罗拉,47735,2024-02-13 10:05
F7322,C0045,右前轮速传感器故障,大众朗逸,101076,2025-06-04 11:00
F7323,P0171,燃油系统过稀,本田思域,92300,2025-05-26 08:51
F7324,B1234,空调压缩机不工作,比亚迪汉,77483,2024-04-21 09:33
F7325,P0420,催化转化器效率低,宝马3系,134379,2024-01-31 15:04
F7326,P0299,涡轮增压器压力不足,福特蒙迪欧,89960,2025-03-23 15:05
F7327,C0121,刹车压力传感器信号异常,吉利星越L,121395,2024-11-22 12:04
F7328,B0081,主驾驶安全带传感器故障,奥迪A4L,43643,2024-06-12 10:13
F7329,P0521,机油压力传感器电路范围故障,长城哈弗H6,75739,2025-06-17 16:19
F7330,C0561,ABS系统控制模块故障,奔驰C级,91410,2024-02-04 15:44
F7331,P0340,凸轮轴位置传感器电路故障,丰田凯美瑞,148847,2025-03-19 12:22
F7332,B0100,空气囊控制模块故障,大众帕萨特,71721,2025-11-28 08:09
F7333,P0122,节气门位置传感器电压低,本田CR-V,83549,2024-08-09 15:58
F7334,C0035,左前轮速传感器电路故障,比亚迪宋PLUS,71767,2024-07-05 13:11
F7335,P0442,燃油蒸发系统泄漏（小泄漏）,宝马5系,28088,2025-05-13 12:18
F7336,B0200,右前安全气囊传感器故障,奥迪Q5L,60530,2025-10-10 08:19
F7337,P0606,ECM内部控制模块处理器故障,福特锐界,54896,2025-05-26 08:05
F7338,C0051,右后轮速传感器电路故障,吉利博越,59350,2024-11-20 12:43
F7339,B0016,驾驶员侧安全气囊模块故障,长城魏派VV7,149211,2024-05-15 16:00
F7340,P0113,进气温度传感器电压高,奔驰E级,20364,2025-05-11 14:07
F7341,P0301,1缸失火，发动机抖动,丰田卡罗拉,64649,2025-02-14 17:24
F7342,C0045,右前轮速传感器故障,大众朗逸,50991,2024-04-04 15:09
F7343,P0171,燃油系统过稀,本田思域,109369,2025-06-08 08:09
F7344,B1234,空调压缩机不工作,比亚迪汉,116433,2025-11-26 17:56
F7345,P0420,催化转化器效率低,宝马3系,56966,2024-08-21 10:00
F7346,P0299,涡轮增压器压力不足,福特蒙迪欧,50318,2025-08-24 11:39
F7347,C0121,刹车压力传感器信号异常,吉利星越L,93986,2025-11-28 09:25
F7348,B0081,主驾驶安全带传感器故障,奥迪A4L,50431,2025-08-04 12:42
F7349,P0521,机油压力传感器电路范围故障,长城哈弗H6,120007,2025-07-12 08:06
F7350,C0561,ABS系统控制模块故障,奔驰C级,68881,2025-01-08 11:58
F7351,P0340,凸轮轴位置传感器电路故障,丰田凯美瑞,29284,2025-09-16 08:52
F7352,B0100,空气囊控制模块故障,大众帕萨特,20687,2024-08-28 15:00
F7353,P0122,节气门位置传感器电压低,本田CR-V,52909,2024-12-29 09:37
F7354,C0035,左前轮速传感器电路故障,比亚迪宋PLUS,140342,2025-05-24 12:22
F7355,P0442,燃油蒸发系统泄漏（小泄漏）,宝马5系,58181,2025-06-27 10:03
F7356,B0200,右前安全气囊传感器故障,奥迪Q5L,101298,2025-05-09 15:06
F7357,P0606,ECM内部控制模块处理器故障,福特锐界,54795,2025-03-19 17:03
F7358,C0051,右后轮速传感器电路故障,吉利博越,133046,2025-01-25 17:27
F7359,B0016,驾驶员侧安全气囊模块故障,长城魏派VV7,132193,2025-01-19 16:14
F7360,P0113,进气温度传感器电压高,奔驰E级,122594,2025-01-13 12:52
F7361,P0301,1缸失火，发动机抖动,丰田卡罗拉,99139,2024-01-28 14:06
F7362,C0045,右前轮速传感器故障,大众朗逸,65814,2025-03-07 09:49
F7363,P0171,燃油系统过稀,本田思域,109384,2024-11-30 11:03
F7364,B1234,空调压缩机不工作,比亚迪汉,45660,2024-07-03 16:08
F7365,P0420,催化转化器效率低,宝马3系,103672,2025-01-18 08:08
F7366,P0299,涡轮增压器压力不足,福特蒙迪欧,30026,2024-05-08 15:05
F7367,C0121,刹车压力传感器信号异常,吉利星越L,116053,2025-05-31 16:16
F7368,B0081,主驾驶安全带传感器故障,奥迪A4L,69802,2025-09-21 16:16
F7369,P0521,机油压力传感器电路范围故障,长城哈弗H6,51279,2024-11-19 11:46
F7370,C0561,ABS系统控制模块故障,奔驰C级,113660,2025-07-23 13:46
F7371,P0340,凸轮轴位置传感器电路故障,丰田凯美瑞,73618,2024-06-09 09:46
F7372,B0100,空气囊控制模块故障,大众帕萨特,113490,2024-01-07 15:48
F7373,P0122,节气门位置传感器电压低,本田CR-V,76167,2024-05-07 13:45
F7374,C0035,左前轮速传感器电路故障,比亚迪宋PLUS,96602,2024-03-02 11:14
F7375,P0442,燃油蒸发系统泄漏（小泄漏）,宝马5系,50282,2025-01-05 13:47
F7376,B0200,右前安全气囊传感器故障,奥迪Q5L,72690,2024-07-10 13:08
F7377,P0606,ECM内部控制模块处理器故障,福特锐界,136352,2025-07-07 08:16
F7378,C0051,右后轮速传感器电路故障,吉利博越,46753,2025-12-24 12:50
F7379,B0016,驾驶员侧安全气囊模块故障,长城魏派VV7,38226,2025-09-25 09:13
F7380,P0113,进气温度传感器电压高,奔驰E级,138641,2024-02-24 10:45
F7381,P0301,1缸失火，发动机抖动,丰田卡罗拉,86238,2024-05-25 13:57
F7382,C0045,右前轮速传感器故障,大众朗逸,128971,2025-12-25 13:59
F7383,P0171,燃油系统过稀,本田思域,113342,2024-10-21 11:59
F7384,B1234,空调压缩机不工作,比亚迪汉,113059,2024-01-27 17:52
F7385,P0420,催化转化器效率低,宝马3系,26992,2025-06-23 15:37
F7386,P0299,涡轮增压器压力不足,福特蒙迪欧,146269,2025-05-24 17:07
F7387,C0121,刹车压力传感器信号异常,吉利星越L,56913,2024-05-31 09:22
F7388,B0081,主驾驶安全带传感器故障,奥迪A4L,35555,2024-01-17 12:31
F7389,P0521,机油压力传感器电路范围故障,长城哈弗H6,71833,2024-10-20 14:06
F7390,C0561,ABS系统控制模块故障,奔驰C级,89907,2024-12-19 16:56
F7391,P0340,凸轮轴位置传感器电路故障,丰田凯美瑞,89487,2024-05-30 14:03
F7392,B0100,空气囊控制模块故障,大众帕萨特,34790,2024-03-23 08:49
F7393,P0122,节气门位置传感器电压低,本田CR-V,39639,2025-09-20 13:36
F7394,C0035,左前轮速传感器电路故障,比亚迪宋PLUS,109251,2025-06-10 11:25
F7395,P0442,燃油蒸发系统泄漏（小泄漏）,宝马5系,33703,2025-06-05 08:56
F7396,B0200,右前安全气囊传感器故障,奥迪Q5L,132238,2025-05-25 17:01
F7397,P0606,ECM内部控制模块处理器故障,福特锐界,134907,2024-05-06 10:42
F7398,C0051,右后轮速传感器电路故障,吉利博越,28223,2024-12-24 17:38
F7399,B0016,驾驶员侧安全气囊模块故障,长城魏派VV7,41867,2025-06-20 17:01
F7400,P0113,进气温度传感器电压高,奔驰E级,103913,2025-08-21 12:25
F7401,P0301,1缸失火，发动机抖动,丰田卡罗拉,68045,2024-10-31 11:03
F7402,C0045,右前轮速传感器故障,大众朗逸,23700,2025-11-10 09:30
F7403,P0171,燃油系统过稀,本田思域,33350,2025-09-27 11:48
F7404,B1234,空调压缩机不工作,比亚迪汉,89501,2024-01-05 10:26
F7405,P0420,催化转化器效率低,宝马3系,28822,2025-01-04 11:14
F7406,P0299,涡轮增压器压力不足,福特蒙迪欧,37032,2025-08-27 16:34
F7407,C0121,刹车压力传感器信号异常,吉利星越L,80204,2024-12-16 15:27
F7408,B0081,主驾驶安全带传感器故障,奥迪A4L,49084,2024-10-08 12:34
F7409,P0521,机油压力传感器电路范围故障,长城哈弗H6,20980,2025-01-12 15:42
F7410,C0561,ABS系统控制模块故障,奔驰C级,38297,2025-03-31 16:48
F7411,P0340,凸轮轴位置传感器电路故障,丰田凯美瑞,104924,2024-04-03 13:53
F7412,B0100,空气囊控制模块故障,大众帕萨特,40718,2024-11-10 15:09
F7413,P0122,节气门位置传感器电压低,本田CR-V,53121,2024-06-27 08:33
F7414,C0035,左前轮速传感器电路故障,比亚迪宋PLUS,128576,2025-03-29 10:01
F7415,P0442,燃油蒸发系统泄漏（小泄漏）,宝马5系,92492,2025-06-24 17:08
F7416,B0200,右前安全气囊传感器故障,奥迪Q5L,77203,2024-08-04 08:31
F7417,P0606,ECM内部控制模块处理器故障,福特锐界,147472,2024-07-29 15:50
F7418,C0051,右后轮速传感器电路故障,吉利博越,88586,2024-09-25 17:49
F7419,B0016,驾驶员侧安全气囊模块故障,长城魏派VV7,62756,2025-02-26 14:29
F7420,P0113,进气温度传感器电压高,奔驰E级,100914,2024-01-30 12:05
F7421,P0301,1缸失火，发动机抖动,丰田卡罗拉,137714,2025-07-02 12:44
F7422,C0045,右前轮速传感器故障,大众朗逸,101701,2025-12-10 11:40
F7423,P0171,燃油系统过稀,本田思域,32508,2024-09-01 08:29
F7424,B1234,空调压缩机不工作,比亚迪汉,133198,2024-01-07 12:45
F7425,P0420,催化转化器效率低,宝马3系,62079,2024-03-06 15:12
F7426,P0299,涡轮增压器压力不足,福特蒙迪欧,90173,2024-06-28 08:14
F7427,C0121,刹车压力传感器信号异常,吉利星越L,121168,2025-04-24 14:50
F7428,B0081,主驾驶安全带传感器故障,奥迪A4L,76330,2025-11-14 08:55
F7429,P0521,机油压力传感器电路范围故障,长城哈弗H6,78940,2024-07-22 12:43
F7430,C0561,ABS系统控制模块故障,奔驰C级,94427,2025-12-19 17:38
F7431,P0340,凸轮轴位置传感器电路故障,丰田凯美瑞,113661,2024-01-22 12:39
F7432,B0100,空气囊控制模块故障,大众帕萨特,72213,2024-01-25 16:05
F7433,P0122,节气门位置传感器电压低,本田CR-V,134735,2025-10-30 15:49
F7434,C0035,左前轮速传感器电路故障,比亚迪宋PLUS,109914,2024-08-03 15:06
F7435,P0442,燃油蒸发系统泄漏（小泄漏）,宝马5系,56345,2025-02-09 14:01
F7436,B0200,右前安全气囊传感器故障,奥迪Q5L,60538,2025-05-05 11:50
F7437,P0606,ECM内部控制模块处理器故障,福特锐界,54295,2025-07-13 15:56
F7438,C0051,右后轮速传感器电路故障,吉利博越,71129,2024-04-17 13:46
F7439,B0016,驾驶员侧安全气囊模块故障,长城魏派VV7,97145,2024-12-19 08:58
F7440,P0113,进气温度传感器电压高,奔驰E级,92314,2024-11-13 09:33
F7441,P0301,1缸失火，发动机抖动,丰田卡罗拉,30782,2025-12-28 15:17
F7442,C0045,右前轮速传感器故障,大众朗逸,138142,2025-08-18 17:43
F7443,P0171,燃油系统过稀,本田思域,98971,2024-10-17 17:01
F7444,B1234,空调压缩机不工作,比亚迪汉,36732,2024-05-08 08:56
F7445,P0420,催化转化器效率低,宝马3系,109857,2024-10-23 10:43
F7446,P0299,涡轮增压器压力不足,福特蒙迪欧,123998,2025-11-10 14:14
F7447,C0121,刹车压力传感器信号异常,吉利星越L,54329,2025-08-15 09:55
F7448,B0081,主驾驶安全带传感器故障,奥迪A4L,65173,2025-01-30 08:20
F7449,P0521,机油压力传感器电路范围故障,长城哈弗H6,142696,2024-07-26 12:12
F7450,C0561,ABS系统控制模块故障,奔驰C级,103607,2025-04-30 15:40
F7451,P0340,凸轮轴位置传感器电路故障,丰田凯美瑞,60185,2024-04-16 13:29
F7452,B0100,空气囊控制模块故障,大众帕萨特,85244,2024-10-11 15:33
F7453,P0122,节气门位置传感器电压低,本田CR-V,95797,2024-01-29 09:38
F7454,C0035,左前轮速传感器电路故障,比亚迪宋PLUS,53179,2024-05-08 13:32
F7455,P0442,燃油蒸发系统泄漏（小泄漏）,宝马5系,34268,2025-11-30 08:00
F7456,B0200,右前安全气囊传感器故障,奥迪Q5L,21642,2024-09-22 17:08
F7457,P0606,ECM内部控制模块处理器故障,福特锐界,102002,2024-06-05 16:24
F7458,C0051,右后轮速传感器电路故障,吉利博越,97782,2025-08-11 12:08
F7459,B0016,驾驶员侧安全气囊模块故障,长城魏派VV7,72641,2024-01-02 14:34
F7460,P0113,进气温度传感器电压高,奔驰E级,142991,2025-11-12 08:06
F7461,P0301,1缸失火，发动机抖动,丰田卡罗拉,59195,2025-11-16 08:57
F7462,C0045,右前轮速传感器故障,大众朗逸,48830,2024-10-16 17:03
F7463,P0171,燃油系统过稀,本田思域,102400,2025-06-27 08:40
F7464,B1234,空调压缩机不工作,比亚迪汉,64325,2024-08-20 16:27
F7465,P0420,催化转化器效率低,宝马3系,21113,2024-09-17 16:40
F7466,P0299,涡轮增压器压力不足,福特蒙迪欧,49889,2024-05-24 08:07
F7467,C0121,刹车压力传感器信号异常,吉利星越L,86982,2025-05-07 16:08
F7468,B0081,主驾驶安全带传感器故障,奥迪A4L,22416,2025-07-06 08:58
F7469,P0521,机油压力传感器电路范围故障,长城哈弗H6,93817,2024-02-13 15:14
F7470,C0561,ABS系统控制模块故障,奔驰C级,23211,2024-12-09 13:18
F7471,P0340,凸轮轴位置传感器电路故障,丰田凯美瑞,26199,2024-12-26 16:34
F7472,B0100,空气囊控制模块故障,大众帕萨特,134368,2024-03-27 15:01
F7473,P0122,节气门位置传感器电压低,本田CR-V,41709,2025-01-07 13:57
F7474,C0035,左前轮速传感器电路故障,比亚迪宋PLUS,50856,2024-02-21 14:43
F7475,P0442,燃油蒸发系统泄漏（小泄漏）,宝马5系,136857,2024-03-30 13:12
F7476,B0200,右前安全气囊传感器故障,奥迪Q5L,25291,2025-07-17 13:02
F7477,P0606,ECM内部控制模块处理器故障,福特锐界,54707,2024-04-11 15:09
F7478,C0051,右后轮速传感器电路故障,吉利博越,20597,2024-01-13 08:11
F7479,B0016,驾驶员侧安全气囊模块故障,长城魏派VV7,128164,2024-07-09 08:34
F7480,P0113,进气温度传感器电压高,奔驰E级,57958,2024-03-03 10:04
F7481,P0301,1缸失火，发动机抖动,丰田卡罗拉,45379,2024-06-28 08:10
F7482,C0045,右前轮速传感器故障,大众朗逸,43559,2025-07-23 09:28
F7483,P0171,燃油系统过稀,本田思域,52873,2024-08-05 17:34
F7484,B1234,空调压缩机不工作,比亚迪汉,62150,2025-06-23 08:10
F7485,P0420,催化转化器效率低,宝马3系,40224,2024-11-25 13:05
F7486,P0299,涡轮增压器压力不足,福特蒙迪欧,20200,2025-05-30 08:53
F7487,C0121,刹车压力传感器信号异常,吉利星越L,34538,2024-06-02 08:32
F7488,B0081,主驾驶安全带传感器故障,奥迪A4L,58796,2025-11-02 14:28
F7489,P0521,机油压力传感器电路范围故障,长城哈弗H6,43413,2024-06-23 16:41
F7490,C0561,ABS系统控制模块故障,奔驰C级,86749,2025-05-07 17:41
F7491,P0340,凸轮轴位置传感器电路故障,丰田凯美瑞,139890,2024-10-21 10:32
F7492,B0100,空气囊控制模块故障,大众帕萨特,73787,2025-07-18 13:57
F7493,P0122,节气门位置传感器电压低,本田CR-V,21282,2024-12-24 15:45
F7494,C0035,左前轮速传感器电路故障,比亚迪宋PLUS,53204,2025-01-26 16:33
F7495,P0442,燃油蒸发系统泄漏（小泄漏）,宝马5系,138834,2024-03-03 13:16
F7496,B0200,右前安全气囊传感器故障,奥迪Q5L,35628,2025-03-18 14:07
F7497,P0606,ECM内部控制模块处理器故障,福特锐界,94807,2024-12-29 10:30
F7498,C0051,右后轮速传感器电路故障,吉利博越,70965,2024-03-19 08:12
F7499,B0016,驾驶员侧安全气囊模块故障,长城魏派VV7,49497,2025-05-25 14:30
F7500,P0113,进气温度传感器电压高,奔驰E级,40464,2025-08-01 13:46
F7501,P0301,1缸失火，发动机抖动,丰田卡罗拉,102742,2024-05-24 10:49
F7502,C0045,右前轮速传感器故障,大众朗逸,93590,2025-06-05 11:41
F7503,P0171,燃油系统过稀,本田思域,104020,2025-07-06 16:42
F7504,B1234,空调压缩机不工作,比亚迪汉,36419,2025-08-01 15:09
F7505,P0420,催化转化器效率低,宝马3系,27314,2025-04-16 11:15
F7506,P0299,涡轮增压器压力不足,福特蒙迪欧,29752,2024-10-09 15:10
F7507,C0121,刹车压力传感器信号异常,吉利星越L,41767,2025-05-18 10:01
F7508,B0081,主驾驶安全带传感器故障,奥迪A4L,97533,2025-02-03 12:33
F7509,P0521,机油压力传感器电路范围故障,长城哈弗H6,103166,2025-06-03 12:52
F7510,C0561,ABS系统控制模块故障,奔驰C级,63062,2025-01-05 09:17
F7511,P0340,凸轮轴位置传感器电路故障,丰田凯美瑞,25910,2025-10-26 17:33
F7512,B0100,空气囊控制模块故障,大众帕萨特,84654,2025-12-16 16:02
F7513,P0122,节气门位置传感器电压低,本田CR-V,45451,2025-02-06 10:05
F7514,C0035,左前轮速传感器电路故障,比亚迪宋PLUS,147984,2025-04-14 09:29
F7515,P0442,燃油蒸发系统泄漏（小泄漏）,宝马5系,33578,2025-11-23 10:57
F7516,B0200,右前安全气囊传感器故障,奥迪Q5L,49265,2024-11-20 13:50
F7517,P0606,ECM内部控制模块处理器故障,福特锐界,85463,2024-11-24 12:55
F7518,C0051,右后轮速传感器电路故障,吉利博越,67358,2024-12-25 12:28
F7519,B0016,驾驶员侧安全气囊模块故障,长城魏派VV7,98436,2025-11-30 10:52
F7520,P0113,进气温度传感器电压高,奔驰E级,75642,2025-05-30 12:32
F7521,P0301,1缸失火，发动机抖动,丰田卡罗拉,70951,2025-03-31 10:50
F7522,C0045,右前轮速传感器故障,大众朗逸,49228,2025-09-19 10:43
F7523,P0171,燃油系统过稀,本田思域,98611,2025-03-20 08:18
F7524,B1234,空调压缩机不工作,比亚迪汉,124305,2025-02-23 10:00
F7525,P0420,催化转化器效率低,宝马3系,35865,2025-02-14 16:43
F7526,P0299,涡轮增压器压力不足,福特蒙迪欧,20197,2025-07-08 08:15
F7527,C0121,刹车压力传感器信号异常,吉利星越L,135413,2025-06-13 14:54
F7528,B0081,主驾驶安全带传感器故障,奥迪A4L,90779,2024-09-29 08:59
F7529,P0521,机油压力传感器电路范围故障,长城哈弗H6,113295,2025-05-26 10:55
F7530,C0561,ABS系统控制模块故障,奔驰C级,125723,2024-02-10 12:15
F7531,P0340,凸轮轴位置传感器电路故障,丰田凯美瑞,27787,2024-02-24 11:25
F7532,B0100,空气囊控制模块故障,大众帕萨特,106673,2025-09-10 16:15
F7533,P0122,节气门位置传感器电压低,本田CR-V,81276,2025-09-30 14:55
F7534,C0035,左前轮速传感器电路故障,比亚迪宋PLUS,145863,2025-09-10 08:28
F7535,P0442,燃油蒸发系统泄漏（小泄漏）,宝马5系,78090,2024-09-29 15:07
F7536,B0200,右前安全气囊传感器故障,奥迪Q5L,96263,2024-10-11 09:27
F7537,P0606,ECM内部控制模块处理器故障,福特锐界,39068,2024-05-28 16:54
F7538,C0051,右后轮速传感器电路故障,吉利博越,116132,2025-04-15 11:31
F7539,B0016,驾驶员侧安全气囊模块故障,长城魏派VV7,119226,2024-02-10 08:52
F7540,P0113,进气温度传感器电压高,奔驰E级,39483,2024-10-30 10:38
F7541,P0301,1缸失火，发动机抖动,丰田卡罗拉,128965,2025-01-19 14:01
F7542,C0045,右前轮速传感器故障,大众朗逸,133026,2025-02-03 08:32
F7543,P0171,燃油系统过稀,本田思域,78046,2025-08-01 17:08
F7544,B1234,空调压缩机不工作,比亚迪汉,39047,2024-01-12 09:02
F7545,P0420,催化转化器效率低,宝马3系,23217,2024-02-01 12:50
F7546,P0299,涡轮增压器压力不足,福特蒙迪欧,146192,2024-08-13 12:00
F7547,C0121,刹车压力传感器信号异常,吉利星越L,22989,2024-11-15 08:09
F7548,B0081,主驾驶安全带传感器故障,奥迪A4L,57708,2024-03-12 17:17
F7549,P0521,机油压力传感器电路范围故障,长城哈弗H6,86291,2024-02-10 11:22
F7550,C0561,ABS系统控制模块故障,奔驰C级,92481,2024-02-02 16:53
F7551,P0340,凸轮轴位置传感器电路故障,丰田凯美瑞,124750,2025-02-22 17:06
F7552,B0100,空气囊控制模块故障,大众帕萨特,123154,2024-12-22 12:46
F7553,P0122,节气门位置传感器电压低,本田CR-V,20141,2024-03-24 12:26
F7554,C0035,左前轮速传感器电路故障,比亚迪宋PLUS,76094,2025-01-09 17:08
F7555,P0442,燃油蒸发系统泄漏（小泄漏）,宝马5系,48149,2024-05-28 14:07
F7556,B0200,右前安全气囊传感器故障,奥迪Q5L,29585,2025-06-05 13:24
F7557,P0606,ECM内部控制模块处理器故障,福特锐界,29437,2025-03-23 09:16
F7558,C0051,右后轮速传感器电路故障,吉利博越,70767,2024-04-01 17:33
F7559,B0016,驾驶员侧安全气囊模块故障,长城魏派VV7,23689,2025-12-08 16:13
F7560,P0113,进气温度传感器电压高,奔驰E级,91230,2024-01-14 08:09
F7561,P0301,1缸失火，发动机抖动,丰田卡罗拉,97364,2025-07-06 10:00
F7562,C0045,右前轮速传感器故障,大众朗逸,146629,2024-10-02 08:27
F7563,P0171,燃油系统过稀,本田思域,83257,2024-05-28 09:15
F7564,B1234,空调压缩机不工作,比亚迪汉,142185,2025-08-30 12:17
F7565,P0420,催化转化器效率低,宝马3系,42958,2025-06-26 08:55
F7566,P0299,涡轮增压器压力不足,福特蒙迪欧,109880,2025-03-04 11:06
F7567,C0121,刹车压力传感器信号异常,吉利星越L,86866,2025-09-17 08:35
F7568,B0081,主驾驶安全带传感器故障,奥迪A4L,141266,2025-07-13 12:40
F7569,P0521,机油压力传感器电路范围故障,长城哈弗H6,83857,2025-10-06 13:49
F7570,C0561,ABS系统控制模块故障,奔驰C级,46874,2024-02-27 16:00
F7571,P0340,凸轮轴位置传感器电路故障,丰田凯美瑞,120404,2025-09-21 08:30
F7572,B0100,空气囊控制模块故障,大众帕萨特,33161,2025-01-20 11:58
F7573,P0122,节气门位置传感器电压低,本田CR-V,116792,2025-08-05 11:19
F7574,C0035,左前轮速传感器电路故障,比亚迪宋PLUS,20828,2025-12-18 08:00
F7575,P0442,燃油蒸发系统泄漏（小泄漏）,宝马5系,110236,2024-03-11 10:13
F7576,B0200,右前安全气囊传感器故障,奥迪Q5L,93949,2024-03-08 08:01
F7577,P0606,ECM内部控制模块处理器故障,福特锐界,35473,2024-10-09 08:29
F7578,C0051,右后轮速传感器电路故障,吉利博越,61541,2025-04-21 16:32
F7579,B0016,驾驶员侧安全气囊模块故障,长城魏派VV7,65131,2024-10-12 10:39
F7580,P0113,进气温度传感器电压高,奔驰E级,94794,2024-05-25 08:40
F7581,P0301,1缸失火，发动机抖动,丰田卡罗拉,38350,2024-04-16 09:28
F7582,C0045,右前轮速传感器故障,大众朗逸,108797,2024-01-18 11:26
F7583,P0171,燃油系统过稀,本田思域,71252,2024-01-21 11:00
F7584,B1234,空调压缩机不工作,比亚迪汉,91451,2024-01-05 14:42
F7585,P0420,催化转化器效率低,宝马3系,125544,2025-03-28 14:22
F7586,P0299,涡轮增压器压力不足,福特蒙迪欧,134566,2024-03-04 08:59
F7587,C0121,刹车压力传感器信号异常,吉利星越L,36069,2025-05-30 14:22
F7588,B0081,主驾驶安全带传感器故障,奥迪A4L,76144,2024-12-04 13:50
F7589,P0521,机油压力传感器电路范围故障,长城哈弗H6,25928,2024-09-16 17:35
F7590,C0561,ABS系统控制模块故障,奔驰C级,107180,2025-01-22 12:44
F7591,P0340,凸轮轴位置传感器电路故障,丰田凯美瑞,49549,2024-09-26 10:26
F7592,B0100,空气囊控制模块故障,大众帕萨特,114450,2025-07-06 15:49
F7593,P0122,节气门位置传感器电压低,本田CR-V,98829,2025-12-09 13:59
F7594,C0035,左前轮速传感器电路故障,比亚迪宋PLUS,98624,2025-03-16 16:26
F7595,P0442,燃油蒸发系统泄漏（小泄漏）,宝马5系,20432,2024-05-29 17:15
F7596,B0200,右前安全气囊传感器故障,奥迪Q5L,86210,2025-10-11 13:34
F7597,P0606,ECM内部控制模块处理器故障,福特锐界,132929,2025-12-13 09:27
F7598,C0051,右后轮速传感器电路故障,吉利博越,95985,2024-06-09 13:53
F7599,B0016,驾驶员侧安全气囊模块故障,长城魏派VV7,99175,2024-12-18 09:01
F7600,P0113,进气温度传感器电压高,奔驰E级,65080,2025-06-16 16:57
F7601,P0301,1缸失火，发动机抖动,丰田卡罗拉,114382,2024-10-08 14:49
F7602,C0045,右前轮速传感器故障,大众朗逸,141037,2024-04-23 15:22
F7603,P0171,燃油系统过稀,本田思域,149999,2025-04-19 10:39
F7604,B1234,空调压缩机不工作,比亚迪汉,133921,2025-10-30 11:29
F7605,P0420,催化转化器效率低,宝马3系,41749,2024-03-12 11:19
F7606,P0299,涡轮增压器压力不足,福特蒙迪欧,28150,2025-08-09 13:05
F7607,C0121,刹车压力传感器信号异常,吉利星越L,26539,2024-07-29 15:13
F7608,B0081,主驾驶安全带传感器故障,奥迪A4L,113813,2025-04-12 10:26
F7609,P0521,机油压力传感器电路范围故障,长城哈弗H6,126786,2024-06-29 09:09
F7610,C0561,ABS系统控制模块故障,奔驰C级,21604,2024-07-31 17:34
F7611,P0340,凸轮轴位置传感器电路故障,丰田凯美瑞,70663,2025-06-21 14:03
F7612,B0100,空气囊控制模块故障,大众帕萨特,75782,2025-07-08 09:43
F7613,P0122,节气门位置传感器电压低,本田CR-V,144823,2025-05-30 14:25
F7614,C0035,左前轮速传感器电路故障,比亚迪宋PLUS,39538,2024-01-18 11:56
F7615,P0442,燃油蒸发系统泄漏（小泄漏）,宝马5系,65240,2024-10-07 13:25
F7616,B0200,右前安全气囊传感器故障,奥迪Q5L,140900,2025-07-14 17:54
F7617,P0606,ECM内部控制模块处理器故障,福特锐界,129303,2024-06-22 09:21
F7618,C0051,右后轮速传感器电路故障,吉利博越,149510,2024-11-21 09:18
F7619,B0016,驾驶员侧安全气囊模块故障,长城魏派VV7,23727,2024-07-29 11:20
F7620,P0113,进气温度传感器电压高,奔驰E级,118504,2024-12-08 14:16
F7621,P0301,1缸失火，发动机抖动,丰田卡罗拉,126747,2025-01-12 11:13
F7622,C0045,右前轮速传感器故障,大众朗逸,88557,2025-05-08 09:12
F7623,P0171,燃油系统过稀,本田思域,128524,2024-12-14 10:33
F7624,B1234,空调压缩机不工作,比亚迪汉,71231,2024-11-08 11:13
F7625,P0420,催化转化器效率低,宝马3系,23841,2024-10-28 10:25
F7626,P0299,涡轮增压器压力不足,福特蒙迪欧,136163,2024-06-27 16:40
F7627,C0121,刹车压力传感器信号异常,吉利星越L,116310,2025-05-24 08:48
F7628,B0081,主驾驶安全带传感器故障,奥迪A4L,144236,2025-02-02 15:34
F7629,P0521,机油压力传感器电路范围故障,长城哈弗H6,77179,2024-08-22 09:04
F7630,C0561,ABS系统控制模块故障,奔驰C级,28933,2025-10-20 10:46
F7631,P0340,凸轮轴位置传感器电路故障,丰田凯美瑞,64769,2024-12-16 11:12
F7632,B0100,空气囊控制模块故障,大众帕萨特,23363,2024-02-01 11:56
F7633,P0122,节气门位置传感器电压低,本田CR-V,58685,2025-10-07 14:32
F7634,C0035,左前轮速传感器电路故障,比亚迪宋PLUS,66750,2025-02-18 14:21
F7635,P0442,燃油蒸发系统泄漏（小泄漏）,宝马5系,82091,2025-02-21 09:24
F7636,B0200,右前安全气囊传感器故障,奥迪Q5L,79421,2025-08-11 11:23
F7637,P0606,ECM内部控制模块处理器故障,福特锐界,118171,2024-07-29 15:47
F7638,C0051,右后轮速传感器电路故障,吉利博越,42280,2025-02-10 15:21
F7639,B0016,驾驶员侧安全气囊模块故障,长城魏派VV7,49119,2024-09-03 13:12
F7640,P0113,进气温度传感器电压高,奔驰E级,117042,2025-06-26 08:51
F7641,P0301,1缸失火，发动机抖动,丰田卡罗拉,108205,2025-06-01 08:39
F7642,C0045,右前轮速传感器故障,大众朗逸,121463,2024-10-15 16:45
F7643,P0171,燃油系统过稀,本田思域,129780,2024-05-08 09:20
F7644,B1234,空调压缩机不工作,比亚迪汉,59268,2024-02-13 15:25
F7645,P0420,催化转化器效率低,宝马3系,36886,2025-10-29 17:42
F7646,P0299,涡轮增压器压力不足,福特蒙迪欧,89570,2025-03-18 10:01
F7647,C0121,刹车压力传感器信号异常,吉利星越L,112399,2025-07-31 16:21
F7648,B0081,主驾驶安全带传感器故障,奥迪A4L,121543,2025-12-15 10:16
F7649,P0521,机油压力传感器电路范围故障,长城哈弗H6,136698,2024-02-25 16:11
F7650,C0561,ABS系统控制模块故障,奔驰C级,22886,2025-04-21 09:53
F7651,P0340,凸轮轴位置传感器电路故障,丰田凯美瑞,121695,2024-03-17 13:58
F7652,B0100,空气囊控制模块故障,大众帕萨特,149250,2024-10-27 14:36
F7653,P0122,节气门位置传感器电压低,本田CR-V,122944,2025-11-23 09:00
F7654,C0035,左前轮速传感器电路故障,比亚迪宋PLUS,126347,2025-02-07 14:56
F7655,P0442,燃油蒸发系统泄漏（小泄漏）,宝马5系,105102,2025-01-16 08:07
F7656,B0200,右前安全气囊传感器故障,奥迪Q5L,62973,2025-04-24 11:23
F7657,P0606,ECM内部控制模块处理器故障,福特锐界,51137,2025-10-23 14:11
F7658,C0051,右后轮速传感器电路故障,吉利博越,85666,2024-07-09 16:20
F7659,B0016,驾驶员侧安全气囊模块故障,长城魏派VV7,48816,2024-03-19 08:34
F7660,P0113,进气温度传感器电压高,奔驰E级,45857,2025-02-07 13:42
F7661,P0301,1缸失火，发动机抖动,丰田卡罗拉,108574,2024-03-19 12:46
F7662,C0045,右前轮速传感器故障,大众朗逸,90169,2025-01-27 17:15
F7663,P0171,燃油系统过稀,本田思域,23638,2025-01-11 10:14
F7664,B1234,空调压缩机不工作,比亚迪汉,87305,2024-08-15 10:49
F7665,P0420,催化转化器效率低,宝马3系,140061,2025-07-07 17:45
F7666,P0299,涡轮增压器压力不足,福特蒙迪欧,45918,2025-05-24 13:35
F7667,C0121,刹车压力传感器信号异常,吉利星越L,76002,2024-03-20 09:03
F7668,B0081,主驾驶安全带传感器故障,奥迪A4L,88891,2025-11-09 17:46
F7669,P0521,机油压力传感器电路范围故障,长城哈弗H6,97030,2025-07-15 13:58
F7670,C0561,ABS系统控制模块故障,奔驰C级,127192,2025-08-28 16:54
F7671,P0340,凸轮轴位置传感器电路故障,丰田凯美瑞,36725,2025-08-15 12:03
F7672,B0100,空气囊控制模块故障,大众帕萨特,94609,2024-09-15 13:37
F7673,P0122,节气门位置传感器电压低,本田CR-V,51681,2025-11-10 12:26
F7674,C0035,左前轮速传感器电路故障,比亚迪宋PLUS,138392,2024-02-07 10:57
F7675,P0442,燃油蒸发系统泄漏（小泄漏）,宝马5系,36844,2024-01-03 08:26
F7676,B0200,右前安全气囊传感器故障,奥迪Q5L,147445,2025-10-17 12:20
F7677,P0606,ECM内部控制模块处理器故障,福特锐界,65758,2024-06-20 14:36
F7678,C0051,右后轮速传感器电路故障,吉利博越,55231,2025-05-05 11:19
F7679,B0016,驾驶员侧安全气囊模块故障,长城魏派VV7,100985,2024-11-09 09:36
F7680,P0113,进气温度传感器电压高,奔驰E级,80471,2024-10-29 09:54
F7681,P0301,1缸失火，发动机抖动,丰田卡罗拉,114565,2024-09-03 13:26
F7682,C0045,右前轮速传感器故障,大众朗逸,127215,2024-08-20 16:33
F7683,P0171,燃油系统过稀,本田思域,81279,2025-12-08 12:11
F7684,B1234,空调压缩机不工作,比亚迪汉,108820,2024-01-30 13:30
F7685,P0420,催化转化器效率低,宝马3系,59148,2025-02-16 12:41
F7686,P0299,涡轮增压器压力不足,福特蒙迪欧,51383,2024-06-05 16:35
F7687,C0121,刹车压力传感器信号异常,吉利星越L,81062,2024-05-15 09:22
F7688,B0081,主驾驶安全带传感器故障,奥迪A4L,95830,2024-05-26 14:06
F7689,P0521,机油压力传感器电路范围故障,长城哈弗H6,114020,2025-12-13 11:06
F7690,C0561,ABS系统控制模块故障,奔驰C级,108892,2025-10-25 16:30
F7691,P0340,凸轮轴位置传感器电路故障,丰田凯美瑞,130170,2024-10-18 10:58
F7692,B0100,空气囊控制模块故障,大众帕萨特,107417,2025-09-19 11:01
F7693,P0122,节气门位置传感器电压低,本田CR-V,54823,2024-01-30 17:08
F7694,C0035,左前轮速传感器电路故障,比亚迪宋PLUS,25131,2024-01-18 16:10
F7695,P0442,燃油蒸发系统泄漏（小泄漏）,宝马5系,96705,2025-01-08 09:06
F7696,B0200,右前安全气囊传感器故障,奥迪Q5L,58097,2025-07-25 11:45
F7697,P0606,ECM内部控制模块处理器故障,福特锐界,49109,2024-03-27 09:54
F7698,C0051,右后轮速传感器电路故障,吉利博越,128768,2024-07-26 10:21
F7699,B0016,驾驶员侧安全气囊模块故障,长城魏派VV7,141583,2025-06-27 10:07
F7700,P0113,进气温度传感器电压高,奔驰E级,146196,2024-05-12 08:33
F7701,P0301,1缸失火，发动机抖动,丰田卡罗拉,134607,2024-04-21 14:11
F7702,C0045,右前轮速传感器故障,大众朗逸,142150,2025-05-09 17:26
F7703,P0171,燃油系统过稀,本田思域,56805,2024-06-23 11:00
F7704,B1234,空调压缩机不工作,比亚迪汉,123119,2024-03-10 11:49
F7705,P0420,催化转化器效率低,宝马3系,132862,2024-07-23 15:21
F7706,P0299,涡轮增压器压力不足,福特蒙迪欧,68311,2024-03-06 12:10
F7707,C0121,刹车压力传感器信号异常,吉利星越L,53504,2024-03-27 16:12
F7708,B0081,主驾驶安全带传感器故障,奥迪A4L,118782,2024-07-26 09:10
F7709,P0521,机油压力传感器电路范围故障,长城哈弗H6,39953,2024-04-23 09:09
F7710,C0561,ABS系统控制模块故障,奔驰C级,50911,2025-03-05 15:26
F7711,P0340,凸轮轴位置传感器电路故障,丰田凯美瑞,140866,2025-07-20 12:21
F7712,B0100,空气囊控制模块故障,大众帕萨特,118894,2024-02-01 13:21
F7713,P0122,节气门位置传感器电压低,本田CR-V,137078,2025-11-13 10:28
F7714,C0035,左前轮速传感器电路故障,比亚迪宋PLUS,66684,2024-07-01 08:38
F7715,P0442,燃油蒸发系统泄漏（小泄漏）,宝马5系,95678,2024-08-03 10:55
F7716,B0200,右前安全气囊传感器故障,奥迪Q5L,48287,2025-01-12 15:06
F7717,P0606,ECM内部控制模块处理器故障,福特锐界,148521,2024-12-15 12:02
F7718,C0051,右后轮速传感器电路故障,吉利博越,97011,2024-11-22 11:58
F7719,B0016,驾驶员侧安全气囊模块故障,长城魏派VV7,111704,2024-07-18 14:41
F7720,P0113,进气温度传感器电压高,奔驰E级,63631,2025-12-10 08:13
F7721,P0301,1缸失火，发动机抖动,丰田卡罗拉,125590,2024-08-20 10:44
F7722,C0045,右前轮速传感器故障,大众朗逸,128063,2024-03-21 14:50
F7723,P0171,燃油系统过稀,本田思域,72204,2024-02-17 16:55
F7724,B1234,空调压缩机不工作,比亚迪汉,64106,2025-12-12 15:11
F7725,P0420,催化转化器效率低,宝马3系,48943,2025-12-25 16:35
F7726,P0299,涡轮增压器压力不足,福特蒙迪欧,141960,2024-09-01 14:24
F7727,C0121,刹车压力传感器信号异常,吉利星越L,30344,2024-09-12 16:58
F7728,B0081,主驾驶安全带传感器故障,奥迪A4L,65299,2024-05-28 09:17
F7729,P0521,机油压力传感器电路范围故障,长城哈弗H6,44452,2024-03-16 16:31
F7730,C0561,ABS系统控制模块故障,奔驰C级,107505,2025-01-11 12:54
F7731,P0340,凸轮轴位置传感器电路故障,丰田凯美瑞,148461,2024-07-15 17:06
F7732,B0100,空气囊控制模块故障,大众帕萨特,57429,2025-09-06 17:00
F7733,P0122,节气门位置传感器电压低,本田CR-V,86583,2025-01-31 13:11
F7734,C0035,左前轮速传感器电路故障,比亚迪宋PLUS,139366,2025-02-13 11:36
F7735,P0442,燃油蒸发系统泄漏（小泄漏）,宝马5系,116564,2025-06-02 17:29
F7736,B0200,右前安全气囊传感器故障,奥迪Q5L,26563,2025-02-05 14:16
F7737,P0606,ECM内部控制模块处理器故障,福特锐界,60876,2025-10-11 14:39
F7738,C0051,右后轮速传感器电路故障,吉利博越,112802,2024-02-14 08:14
F7739,B0016,驾驶员侧安全气囊模块故障,长城魏派VV7,25623,2025-12-28 12:33
F7740,P0113,进气温度传感器电压高,奔驰E级,140582,2025-09-15 14:00
F7741,P0301,1缸失火，发动机抖动,丰田卡罗拉,51452,2025-01-22 14:45
F7742,C0045,右前轮速传感器故障,大众朗逸,146128,2025-06-09 09:48
F7743,P0171,燃油系统过稀,本田思域,59838,2024-08-25 17:10
F7744,B1234,空调压缩机不工作,比亚迪汉,71964,2024-03-08 10:56
F7745,P0420,催化转化器效率低,宝马3系,133088,2025-06-15 09:28
F7746,P0299,涡轮增压器压力不足,福特蒙迪欧,47564,2024-03-14 10:07
F7747,C0121,刹车压力传感器信号异常,吉利星越L,96826,2024-06-01 10:36
F7748,B0081,主驾驶安全带传感器故障,奥迪A4L,29789,2025-04-16 16:55
F7749,P0521,机油压力传感器电路范围故障,长城哈弗H6,110415,2025-08-07 09:35
F7750,C0561,ABS系统控制模块故障,奔驰C级,97741,2024-04-18 10:15
F7751,P0340,凸轮轴位置传感器电路故障,丰田凯美瑞,133549,2025-07-15 14:39
F7752,B0100,空气囊控制模块故障,大众帕萨特,76231,2025-02-04 11:16
F7753,P0122,节气门位置传感器电压低,本田CR-V,118052,2024-08-31 10:05
F7754,C0035,左前轮速传感器电路故障,比亚迪宋PLUS,37487,2024-10-01 14:12
F7755,P0442,燃油蒸发系统泄漏（小泄漏）,宝马5系,73374,2024-08-21 17:16
F7756,B0200,右前安全气囊传感器故障,奥迪Q5L,111320,2024-07-08 17:42
F7757,P0606,ECM内部控制模块处理器故障,福特锐界,52523,2025-02-26 08:05
F7758,C0051,右后轮速传感器电路故障,吉利博越,52768,2025-06-18 12:38
F7759,B0016,驾驶员侧安全气囊模块故障,长城魏派VV7,61150,2025-07-22 09:08
F7760,P0113,进气温度传感器电压高,奔驰E级,48814,2024-12-17 09:34
F7761,P0301,1缸失火，发动机抖动,丰田卡罗拉,96305,2025-03-02 12:38
F7762,C0045,右前轮速传感器故障,大众朗逸,88518,2025-01-10 12:35
F7763,P0171,燃油系统过稀,本田思域,112120,2024-03-04 10:32
F7764,B1234,空调压缩机不工作,比亚迪汉,33330,2025-11-23 17:52
F7765,P0420,催化转化器效率低,宝马3系,143787,2024-02-17 14:00
F7766,P0299,涡轮增压器压力不足,福特蒙迪欧,109827,2024-04-06 12:45
F7767,C0121,刹车压力传感器信号异常,吉利星越L,33081,2025-11-18 12:12
F7768,B0081,主驾驶安全带传感器故障,奥迪A4L,102541,2024-08-12 08:43
F7769,P0521,机油压力传感器电路范围故障,长城哈弗H6,85554,2025-04-25 15:58
F7770,C0561,ABS系统控制模块故障,奔驰C级,44962,2024-04-11 15:43
F7771,P0340,凸轮轴位置传感器电路故障,丰田凯美瑞,98965,2024-05-30 17:09
F7772,B0100,空气囊控制模块故障,大众帕萨特,24838,2025-01-30 15:13
F7773,P0122,节气门位置传感器电压低,本田CR-V,132248,2025-05-11 08:50
F7774,C0035,左前轮速传感器电路故障,比亚迪宋PLUS,113255,2025-10-05 08:18
F7775,P0442,燃油蒸发系统泄漏（小泄漏）,宝马5系,116815,2025-04-27 09:28
F7776,B0200,右前安全气囊传感器故障,奥迪Q5L,33847,2025-11-30 14:43
F7777,P0606,ECM内部控制模块处理器故障,福特锐界,129237,2025-08-18 13:42
F7778,C0051,右后轮速传感器电路故障,吉利博越,103785,2025-10-28 12:03
F7779,B0016,驾驶员侧安全气囊模块故障,长城魏派VV7,44792,2024-12-10 15:55
F7780,P0113,进气温度传感器电压高,奔驰E级,125846,2024-07-01 13:01
F7781,P0301,1缸失火，发动机抖动,丰田卡罗拉,109672,2024-01-25 12:30
F7782,C0045,右前轮速传感器故障,大众朗逸,38504,2025-03-10 15:25
F7783,P0171,燃油系统过稀,本田思域,68452,2024-05-22 10:29
F7784,B1234,空调压缩机不工作,比亚迪汉,27986,2025-03-21 17:00
F7785,P0420,催化转化器效率低,宝马3系,68643,2024-07-16 08:49
F7786,P0299,涡轮增压器压力不足,福特蒙迪欧,103121,2024-02-20 08:41
F7787,C0121,刹车压力传感器信号异常,吉利星越L,87750,2024-07-27 13:17
F7788,B0081,主驾驶安全带传感器故障,奥迪A4L,45888,2025-07-05 08:20
F7789,P0521,机油压力传感器电路范围故障,长城哈弗H6,68867,2025-11-14 11:37
F7790,C0561,ABS系统控制模块故障,奔驰C级,28841,2024-02-25 16:52
F7791,P0340,凸轮轴位置传感器电路故障,丰田凯美瑞,117395,2024-12-20 09:11
F7792,B0100,空气囊控制模块故障,大众帕萨特,118664,2025-07-05 13:11
F7793,P0122,节气门位置传感器电压低,本田CR-V,117774,2025-09-02 15:08
F7794,C0035,左前轮速传感器电路故障,比亚迪宋PLUS,137302,2024-02-22 10:25
F7795,P0442,燃油蒸发系统泄漏（小泄漏）,宝马5系,66586,2024-10-30 11:20
F7796,B0200,右前安全气囊传感器故障,奥迪Q5L,84210,2024-06-18 16:24
F7797,P0606,ECM内部控制模块处理器故障,福特锐界,123675,2024-09-20 17:51
F7798,C0051,右后轮速传感器电路故障,吉利博越,31763,2024-04-21 14:30
F7799,B0016,驾驶员侧安全气囊模块故障,长城魏派VV7,121693,2025-02-03 12:39
F7800,P0113,进气温度传感器电压高,奔驰E级,72557,2025-09-05 15:33
F7801,P0301,1缸失火，发动机抖动,丰田卡罗拉,117170,2024-10-16 17:30
F7802,C0045,右前轮速传感器故障,大众朗逸,20566,2025-12-19 09:55
F7803,P0171,燃油系统过稀,本田思域,37415,2025-11-07 11:52
F7804,B1234,空调压缩机不工作,比亚迪汉,115622,2025-04-14 09:32
F7805,P0420,催化转化器效率低,宝马3系,133368,2025-04-13 09:23
F7806,P0299,涡轮增压器压力不足,福特蒙迪欧,98563,2024-08-18 10:00
F7807,C0121,刹车压力传感器信号异常,吉利星越L,145539,2024-10-27 13:11
F7808,B0081,主驾驶安全带传感器故障,奥迪A4L,53179,2025-03-05 14:49
F7809,P0521,机油压力传感器电路范围故障,长城哈弗H6,98458,2024-05-05 08:39
F7810,C0561,ABS系统控制模块故障,奔驰C级,85110,2025-07-04 16:52
F7811,P0340,凸轮轴位置传感器电路故障,丰田凯美瑞,73831,2025-06-02 14:52
F7812,B0100,空气囊控制模块故障,大众帕萨特,66772,2024-11-23 14:27
F7813,P0122,节气门位置传感器电压低,本田CR-V,148943,2025-01-20 17:41
F7814,C0035,左前轮速传感器电路故障,比亚迪宋PLUS,47486,2024-11-28 12:09
F7815,P0442,燃油蒸发系统泄漏（小泄漏）,宝马5系,61750,2024-07-05 08:00
F7816,B0200,右前安全气囊传感器故障,奥迪Q5L,52948,2024-10-30 14:12
F7817,P0606,ECM内部控制模块处理器故障,福特锐界,75853,2025-02-11 14:57
F7818,C0051,右后轮速传感器电路故障,吉利博越,60087,2025-11-05 08:46
F7819,B0016,驾驶员侧安全气囊模块故障,长城魏派VV7,111537,2025-08-29 08:52
F7820,P0113,进气温度传感器电压高,奔驰E级,85993,2025-01-13 13:04
F7821,P0301,1缸失火，发动机抖动,丰田卡罗拉,107512,2025-12-08 11:48
F7822,C0045,右前轮速传感器故障,大众朗逸,147086,2025-11-03 08:08
F7823,P0171,燃油系统过稀,本田思域,85065,2024-03-23 10:19
F7824,B1234,空调压缩机不工作,比亚迪汉,20040,2024-12-16 14:27
F7825,P0420,催化转化器效率低,宝马3系,91254,2025-08-31 14:22
F7826,P0299,涡轮增压器压力不足,福特蒙迪欧,59687,2025-06-03 15:17
F7827,C0121,刹车压力传感器信号异常,吉利星越L,63518,2024-07-27 10:33
F7828,B0081,主驾驶安全带传感器故障,奥迪A4L,34804,2024-07-19 13:58
F7829,P0521,机油压力传感器电路范围故障,长城哈弗H6,142060,2025-03-10 14:17
F7830,C0561,ABS系统控制模块故障,奔驰C级,32046,2025-03-08 14:54
F7831,P0340,凸轮轴位置传感器电路故障,丰田凯美瑞,55014,2025-12-04 09:14
F7832,B0100,空气囊控制模块故障,大众帕萨特,83567,2025-11-25 10:03
F7833,P0122,节气门位置传感器电压低,本田CR-V,123160,2024-07-27 13:29
F7834,C0035,左前轮速传感器电路故障,比亚迪宋PLUS,102027,2025-08-30 10:42
F7835,P0442,燃油蒸发系统泄漏（小泄漏）,宝马5系,122765,2025-05-02 13:06
F7836,B0200,右前安全气囊传感器故障,奥迪Q5L,76152,2025-06-01 13:40
F7837,P0606,ECM内部控制模块处理器故障,福特锐界,125474,2025-10-11 08:34
F7838,C0051,右后轮速传感器电路故障,吉利博越,21045,2025-11-27 08:58
F7839,B0016,驾驶员侧安全气囊模块故障,长城魏派VV7,133352,2024-11-25 16:31
F7840,P0113,进气温度传感器电压高,奔驰E级,75344,2025-08-28 16:21
F7841,P0301,1缸失火，发动机抖动,丰田卡罗拉,54371,2024-01-29 11:40
F7842,C0045,右前轮速传感器故障,大众朗逸,25639,2024-05-16 10:20
F7843,P0171,燃油系统过稀,本田思域,80901,2025-01-21 08:13
F7844,B1234,空调压缩机不工作,比亚迪汉,60265,2025-01-20 13:29
F7845,P0420,催化转化器效率低,宝马3系,21089,2024-03-11 17:31
F7846,P0299,涡轮增压器压力不足,福特蒙迪欧,65732,2024-07-28 14:04
F7847,C0121,刹车压力传感器信号异常,吉利星越L,110499,2025-08-02 10:23
F7848,B0081,主驾驶安全带传感器故障,奥迪A4L,109043,2025-12-22 09:41
F7849,P0521,机油压力传感器电路范围故障,长城哈弗H6,37206,2025-05-21 08:36
F7850,C0561,ABS系统控制模块故障,奔驰C级,122656,2024-12-09 13:00
F7851,P0340,凸轮轴位置传感器电路故障,丰田凯美瑞,147686,2025-10-14 17:05
F7852,B0100,空气囊控制模块故障,大众帕萨特,66503,2024-10-24 15:38
F7853,P0122,节气门位置传感器电压低,本田CR-V,101222,2024-12-26 17:49
F7854,C0035,左前轮速传感器电路故障,比亚迪宋PLUS,84935,2024-02-17 08:58
F7855,P0442,燃油蒸发系统泄漏（小泄漏）,宝马5系,32121,2025-08-27 17:14
F7856,B0200,右前安全气囊传感器故障,奥迪Q5L,127446,2024-05-16 11:50
F7857,P0606,ECM内部控制模块处理器故障,福特锐界,118878,2024-11-11 08:36
F7858,C0051,右后轮速传感器电路故障,吉利博越,81804,2024-06-07 10:09
F7859,B0016,驾驶员侧安全气囊模块故障,长城魏派VV7,130775,2025-06-25 10:23
F7860,P0113,进气温度传感器电压高,奔驰E级,129362,2024-09-17 14:09
F7861,P0301,1缸失火，发动机抖动,丰田卡罗拉,79460,2025-11-09 09:35
F7862,C0045,右前轮速传感器故障,大众朗逸,24429,2024-05-05 08:32
F7863,P0171,燃油系统过稀,本田思域,91821,2025-01-01 09:37
F7864,B1234,空调压缩机不工作,比亚迪汉,111418,2025-11-23 15:44
F7865,P0420,催化转化器效率低,宝马3系,51829,2025-09-23 15:29
F7866,P0299,涡轮增压器压力不足,福特蒙迪欧,107512,2024-11-08 13:03
F7867,C0121,刹车压力传感器信号异常,吉利星越L,48661,2024-06-28 16:50
F7868,B0081,主驾驶安全带传感器故障,奥迪A4L,129949,2024-10-29 11:35
F7869,P0521,机油压力传感器电路范围故障,长城哈弗H6,89962,2024-08-18 12:31
F7870,C0561,ABS系统控制模块故障,奔驰C级,68917,2024-05-13 13:24
F7871,P0340,凸轮轴位置传感器电路故障,丰田凯美瑞,109332,2025-01-10 17:08
F7872,B0100,空气囊控制模块故障,大众帕萨特,104289,2024-08-25 10:45
F7873,P0122,节气门位置传感器电压低,本田CR-V,30926,2025-01-10 13:19
F7874,C0035,左前轮速传感器电路故障,比亚迪宋PLUS,101305,2024-12-08 13:19
F7875,P0442,燃油蒸发系统泄漏（小泄漏）,宝马5系,99340,2025-01-05 09:01
F7876,B0200,右前安全气囊传感器故障,奥迪Q5L,103969,2024-06-17 15:38
F7877,P0606,ECM内部控制模块处理器故障,福特锐界,112117,2025-08-23 13:35
F7878,C0051,右后轮速传感器电路故障,吉利博越,93126,2024-05-05 09:17
F7879,B0016,驾驶员侧安全气囊模块故障,长城魏派VV7,66577,2025-03-04 12:24
F7880,P0113,进气温度传感器电压高,奔驰E级,66142,2024-01-20 08:46
F7881,P0301,1缸失火，发动机抖动,丰田卡罗拉,51316,2025-12-09 16:17
F7882,C0045,右前轮速传感器故障,大众朗逸,52050,2025-04-06 10:27
F7883,P0171,燃油系统过稀,本田思域,45710,2024-10-01 08:25
F7884,B1234,空调压缩机不工作,比亚迪汉,32960,2025-12-02 10:20
F7885,P0420,催化转化器效率低,宝马3系,41752,2024-03-01 11:30
F7886,P0299,涡轮增压器压力不足,福特蒙迪欧,110054,2024-09-21 17:00
F7887,C0121,刹车压力传感器信号异常,吉利星越L,130485,2024-11-24 13:43
F7888,B0081,主驾驶安全带传感器故障,奥迪A4L,62955,2025-10-09 15:06
F7889,P0521,机油压力传感器电路范围故障,长城哈弗H6,50571,2025-06-30 14:49
F7890,C0561,ABS系统控制模块故障,奔驰C级,125373,2025-10-02 09:59
F7891,P0340,凸轮轴位置传感器电路故障,丰田凯美瑞,127168,2025-06-17 12:17
F7892,B0100,空气囊控制模块故障,大众帕萨特,125327,2024-10-17 12:56
F7893,P0122,节气门位置传感器电压低,本田CR-V,61665,2024-08-06 11:13
F7894,C0035,左前轮速传感器电路故障,比亚迪宋PLUS,83573,2024-10-26 10:52
F7895,P0442,燃油蒸发系统泄漏（小泄漏）,宝马5系,132050,2025-12-03 12:23
F7896,B0200,右前安全气囊传感器故障,奥迪Q5L,61875,2024-07-25 17:44
F7897,P0606,ECM内部控制模块处理器故障,福特锐界,131896,2025-10-02 10:22
F7898,C0051,右后轮速传感器电路故障,吉利博越,121678,2024-12-02 11:08
F7899,B0016,驾驶员侧安全气囊模块故障,长城魏派VV7,49799,2025-06-18 12:43
F7900,P0113,进气温度传感器电压高,奔驰E级,147846,2025-09-02 17:16
F7901,P0301,1缸失火，发动机抖动,丰田卡罗拉,140857,2024-09-14 12:35
F7902,C0045,右前轮速传感器故障,大众朗逸,57290,2025-10-10 09:40
F7903,P0171,燃油系统过稀,本田思域,77905,2024-07-28 13:19
F7904,B1234,空调压缩机不工作,比亚迪汉,50883,2025-04-25 17:21
F7905,P0420,催化转化器效率低,宝马3系,62576,2025-07-30 08:56
F7906,P0299,涡轮增压器压力不足,福特蒙迪欧,59938,2024-07-26 15:17
F7907,C0121,刹车压力传感器信号异常,吉利星越L,148493,2025-01-28 08:32
F7908,B0081,主驾驶安全带传感器故障,奥迪A4L,107500,2025-07-13 11:08
F7909,P0521,机油压力传感器电路范围故障,长城哈弗H6,48579,2024-02-28 17:34
F7910,C0561,ABS系统控制模块故障,奔驰C级,33117,2025-03-19 13:56
F7911,P0340,凸轮轴位置传感器电路故障,丰田凯美瑞,75533,2024-01-20 09:42
F7912,B0100,空气囊控制模块故障,大众帕萨特,39475,2025-07-14 17:33
F7913,P0122,节气门位置传感器电压低,本田CR-V,111984,2024-09-28 12:10
F7914,C0035,左前轮速传感器电路故障,比亚迪宋PLUS,63824,2024-12-19 15:17
F7915,P0442,燃油蒸发系统泄漏（小泄漏）,宝马5系,25504,2024-01-12 15:55
F7916,B0200,右前安全气囊传感器故障,奥迪Q5L,141432,2025-05-23 11:47
F7917,P0606,ECM内部控制模块处理器故障,福特锐界,39791,2024-12-22 16:15
F7918,C0051,右后轮速传感器电路故障,吉利博越,66007,2025-03-04 14:38
F7919,B0016,驾驶员侧安全气囊模块故障,长城魏派VV7,35654,2024-02-19 14:43
F7920,P0113,进气温度传感器电压高,奔驰E级,26240,2025-11-19 09:01
F7921,P0301,1缸失火，发动机抖动,丰田卡罗拉,148265,2025-06-12 11:57
F7922,C0045,右前轮速传感器故障,大众朗逸,109142,2024-10-11 14:32
F7923,P0171,燃油系统过稀,本田思域,32498,2024-12-26 15:05
F7924,B1234,空调压缩机不工作,比亚迪汉,30697,2025-09-23 17:20
F7925,P0420,催化转化器效率低,宝马3系,120318,2025-06-11 12:46
F7926,P0299,涡轮增压器压力不足,福特蒙迪欧,31831,2024-05-27 12:10
F7927,C0121,刹车压力传感器信号异常,吉利星越L,102530,2024-02-02 09:43
F7928,B0081,主驾驶安全带传感器故障,奥迪A4L,52659,2024-05-29 08:28
F7929,P0521,机油压力传感器电路范围故障,长城哈弗H6,31907,2024-06-15 16:30
F7930,C0561,ABS系统控制模块故障,奔驰C级,22735,2025-12-08 13:47
F7931,P0340,凸轮轴位置传感器电路故障,丰田凯美瑞,60937,2024-07-01 16:28
F7932,B0100,空气囊控制模块故障,大众帕萨特,130074,2024-04-04 10:19
F7933,P0122,节气门位置传感器电压低,本田CR-V,117414,2024-05-09 13:25
F7934,C0035,左前轮速传感器电路故障,比亚迪宋PLUS,26909,2025-06-27 11:39
F7935,P0442,燃油蒸发系统泄漏（小泄漏）,宝马5系,59792,2024-09-16 11:46
F7936,B0200,右前安全气囊传感器故障,奥迪Q5L,58728,2024-11-04 13:02
F7937,P0606,ECM内部控制模块处理器故障,福特锐界,118213,2025-02-20 13:37
F7938,C0051,右后轮速传感器电路故障,吉利博越,98064,2024-06-13 16:47
F7939,B0016,驾驶员侧安全气囊模块故障,长城魏派VV7,20686,2024-08-15 14:13
F7940,P0113,进气温度传感器电压高,奔驰E级,110928,2024-11-15 10:23
F7941,P0301,1缸失火，发动机抖动,丰田卡罗拉,101724,2024-12-20 08:09
F7942,C0045,右前轮速传感器故障,大众朗逸,121425,2025-02-28 13:31
F7943,P0171,燃油系统过稀,本田思域,81500,2025-02-08 08:15
F7944,B1234,空调压缩机不工作,比亚迪汉,25201,2025-07-08 08:14
F7945,P0420,催化转化器效率低,宝马3系,108271,2025-01-30 15:57
F7946,P0299,涡轮增压器压力不足,福特蒙迪欧,41436,2024-09-24 10:41
F7947,C0121,刹车压力传感器信号异常,吉利星越L,119787,2024-08-22 15:57
F7948,B0081,主驾驶安全带传感器故障,奥迪A4L,80875,2025-04-18 13:45
F7949,P0521,机油压力传感器电路范围故障,长城哈弗H6,106201,2025-02-10 08:11
F7950,C0561,ABS系统控制模块故障,奔驰C级,96451,2024-07-28 12:07
F7951,P0340,凸轮轴位置传感器电路故障,丰田凯美瑞,68013,2024-09-07 16:45
F7952,B0100,空气囊控制模块故障,大众帕萨特,92690,2024-09-29 15:48
F7953,P0122,节气门位置传感器电压低,本田CR-V,57901,2025-06-30 14:32
F7954,C0035,左前轮速传感器电路故障,比亚迪宋PLUS,79105,2024-07-28 09:12
F7955,P0442,燃油蒸发系统泄漏（小泄漏）,宝马5系,94113,2024-07-22 09:35
F7956,B0200,右前安全气囊传感器故障,奥迪Q5L,44143,2024-03-17 15:58
F7957,P0606,ECM内部控制模块处理器故障,福特锐界,70394,2025-05-04 13:36
F7958,C0051,右后轮速传感器电路故障,吉利博越,133159,2024-11-01 16:10
F7959,B0016,驾驶员侧安全气囊模块故障,长城魏派VV7,80915,2025-10-14 08:16
F7960,P0113,进气温度传感器电压高,奔驰E级,128469,2024-11-22 14:15
F7961,P0301,1缸失火，发动机抖动,丰田卡罗拉,31117,2025-08-11 13:23
F7962,C0045,右前轮速传感器故障,大众朗逸,26423,2025-08-30 17:39
F7963,P0171,燃油系统过稀,本田思域,44842,2025-05-05 14:57
F7964,B1234,空调压缩机不工作,比亚迪汉,75077,2025-05-13 14:47
F7965,P0420,催化转化器效率低,宝马3系,53189,2024-02-06 14:04
F7966,P0299,涡轮增压器压力不足,福特蒙迪欧,98882,2025-10-24 16:17
F7967,C0121,刹车压力传感器信号异常,吉利星越L,74718,2025-06-09 12:05
F7968,B0081,主驾驶安全带传感器故障,奥迪A4L,90069,2024-10-29 13:38
F7969,P0521,机油压力传感器电路范围故障,长城哈弗H6,74214,2025-10-12 12:33
F7970,C0561,ABS系统控制模块故障,奔驰C级,106227,2024-08-04 13:03
F7971,P0340,凸轮轴位置传感器电路故障,丰田凯美瑞,76730,2024-12-09 17:00
F7972,B0100,空气囊控制模块故障,大众帕萨特,32066,2024-08-17 11:47
F7973,P0122,节气门位置传感器电压低,本田CR-V,39416,2024-12-23 17:34
F7974,C0035,左前轮速传感器电路故障,比亚迪宋PLUS,80344,2025-02-10 15:20
F7975,P0442,燃油蒸发系统泄漏（小泄漏）,宝马5系,35604,2024-04-20 08:01
F7976,B0200,右前安全气囊传感器故障,奥迪Q5L,28947,2025-04-06 14:25
F7977,P0606,ECM内部控制模块处理器故障,福特锐界,24156,2025-06-30 16:38
F7978,C0051,右后轮速传感器电路故障,吉利博越,27606,2025-02-02 09:25
F7979,B0016,驾驶员侧安全气囊模块故障,长城魏派VV7,23741,2024-10-15 10:45
F7980,P0113,进气温度传感器电压高,奔驰E级,93900,2024-12-02 09:24
F7981,P0301,1缸失火，发动机抖动,丰田卡罗拉,65379,2024-08-16 13:22
F7982,C0045,右前轮速传感器故障,大众朗逸,24131,2025-08-28 13:34
F7983,P0171,燃油系统过稀,本田思域,35158,2024-05-19 08:11
F7984,B1234,空调压缩机不工作,比亚迪汉,89480,2025-04-22 14:31
F7985,P0420,催化转化器效率低,宝马3系,111343,2025-03-22 17:44
F7986,P0299,涡轮增压器压力不足,福特蒙迪欧,69171,2024-12-28 08:33
F7987,C0121,刹车压力传感器信号异常,吉利星越L,124415,2024-11-08 16:41
F7988,B0081,主驾驶安全带传感器故障,奥迪A4L,110080,2024-09-27 13:45
F7989,P0521,机油压力传感器电路范围故障,长城哈弗H6,51208,2025-08-16 13:02
F7990,C0561,ABS系统控制模块故障,奔驰C级,59938,2024-05-31 15:41
F7991,P0340,凸轮轴位置传感器电路故障,丰田凯美瑞,75642,2025-09-20 17:33
F7992,B0100,空气囊控制模块故障,大众帕萨特,30217,2025-01-01 09:42
F7993,P0122,节气门位置传感器电压低,本田CR-V,147401,2025-01-31 17:12
F7994,C0035,左前轮速传感器电路故障,比亚迪宋PLUS,34837,2025-02-03 14:56
F7995,P0442,燃油蒸发系统泄漏（小泄漏）,宝马5系,136298,2025-09-27 10:13
F7996,B0200,右前安全气囊传感器故障,奥迪Q5L,63164,2024-02-19 15:15
F7997,P0606,ECM内部控制模块处理器故障,福特锐界,39427,2025-11-17 08:29
F7998,C0051,右后轮速传感器电路故障,吉利博越,20512,2024-06-29 13:30
F7999,B0016,驾驶员侧安全气囊模块故障,长城魏派VV7,132306,2024-03-02 13:45
F8000,P0113,进气温度传感器电压高,奔驰E级,81972,2025-08-12 17:05
F8001,P0301,1缸失火，发动机抖动,丰田卡罗拉,41886,2025-10-19 15:03
F8002,C0045,右前轮速传感器故障,大众朗逸,111320,2024-05-14 15:41
F8003,P0171,燃油系统过稀,本田思域,46041,2025-02-28 16:47
F8004,B1234,空调压缩机不工作,比亚迪汉,90136,2024-01-16 13:12
F8005,P0420,催化转化器效率低,宝马3系,25868,2025-11-06 08:33
F8006,P0299,涡轮增压器压力不足,福特蒙迪欧,33519,2025-11-17 13:26
F8007,C0121,刹车压力传感器信号异常,吉利星越L,72085,2024-01-02 08:29
F8008,B0081,主驾驶安全带传感器故障,奥迪A4L,110169,2025-03-10 12:49
F8009,P0521,机油压力传感器电路范围故障,长城哈弗H6,117137,2024-09-12 08:29
F8010,C0561,ABS系统控制模块故障,奔驰C级,31458,2025-09-01 09:54
F8011,P0340,凸轮轴位置传感器电路故障,丰田凯美瑞,109522,2025-06-13 15:29
F8012,B0100,空气囊控制模块故障,大众帕萨特,76132,2024-07-29 15:30
F8013,P0122,节气门位置传感器电压低,本田CR-V,95353,2024-04-20 11:21
F8014,C0035,左前轮速传感器电路故障,比亚迪宋PLUS,55268,2025-08-03 16:46
F8015,P0442,燃油蒸发系统泄漏（小泄漏）,宝马5系,26133,2025-02-22 12:52
F8016,B0200,右前安全气囊传感器故障,奥迪Q5L,113752,2024-06-08 11:26
F8017,P0606,ECM内部控制模块处理器故障,福特锐界,36500,2025-10-09 14:45
F8018,C0051,右后轮速传感器电路故障,吉利博越,47634,2025-03-23 08:21
F8019,B0016,驾驶员侧安全气囊模块故障,长城魏派VV7,116976,2024-12-20 13:31
F8020,P0113,进气温度传感器电压高,奔驰E级,121258,2025-11-20 13:00
F8021,P0301,1缸失火，发动机抖动,丰田卡罗拉,101332,2024-08-01 09:02
F8022,C0045,右前轮速传感器故障,大众朗逸,113975,2025-12-27 17:36
F8023,P0171,燃油系统过稀,本田思域,119014,2024-06-27 16:53
F8024,B1234,空调压缩机不工作,比亚迪汉,25343,2024-09-13 17:06
F8025,P0420,催化转化器效率低,宝马3系,110688,2025-06-28 14:25
F8026,P0299,涡轮增压器压力不足,福特蒙迪欧,32216,2025-04-16 11:53
F8027,C0121,刹车压力传感器信号异常,吉利星越L,76348,2025-12-16 16:53
F8028,B0081,主驾驶安全带传感器故障,奥迪A4L,129363,2024-06-27 10:32
F8029,P0521,机油压力传感器电路范围故障,长城哈弗H6,131188,2024-07-19 14:10
F8030,C0561,ABS系统控制模块故障,奔驰C级,121225,2025-11-07 13:20
F8031,P0340,凸轮轴位置传感器电路故障,丰田凯美瑞,55824,2024-03-08 11:08
F8032,B0100,空气囊控制模块故障,大众帕萨特,108459,2025-05-01 09:59
F8033,P0122,节气门位置传感器电压低,本田CR-V,75354,2025-07-16 10:42
F8034,C0035,左前轮速传感器电路故障,比亚迪宋PLUS,77949,2024-04-14 12:00
F8035,P0442,燃油蒸发系统泄漏（小泄漏）,宝马5系,38419,2024-06-11 09:40
F8036,B0200,右前安全气囊传感器故障,奥迪Q5L,139971,2024-12-16 09:41
F8037,P0606,ECM内部控制模块处理器故障,福特锐界,143881,2024-01-23 16:16
F8038,C0051,右后轮速传感器电路故障,吉利博越,47169,2024-01-30 17:57
F8039,B0016,驾驶员侧安全气囊模块故障,长城魏派VV7,113430,2024-11-10 17:24
F8040,P0113,进气温度传感器电压高,奔驰E级,105994,2025-06-28 08:47
F8041,P0301,1缸失火，发动机抖动,丰田卡罗拉,110638,2025-09-06 15:07
F8042,C0045,右前轮速传感器故障,大众朗逸,56997,2025-06-26 09:15
F8043,P0171,燃油系统过稀,本田思域,48369,2024-08-12 17:32
F8044,B1234,空调压缩机不工作,比亚迪汉,147111,2025-06-17 13:46
F8045,P0420,催化转化器效率低,宝马3系,87475,2024-10-06 10:25
F8046,P0299,涡轮增压器压力不足,福特蒙迪欧,134662,2024-08-06 17:43
F8047,C0121,刹车压力传感器信号异常,吉利星越L,125934,2025-12-16 14:44
F8048,B0081,主驾驶安全带传感器故障,奥迪A4L,90134,2024-01-21 16:23
F8049,P0521,机油压力传感器电路范围故障,长城哈弗H6,106136,2025-08-23 08:44
F8050,C0561,ABS系统控制模块故障,奔驰C级,96071,2025-10-20 08:40
F8051,P0340,凸轮轴位置传感器电路故障,丰田凯美瑞,90983,2024-01-15 08:30
F8052,B0100,空气囊控制模块故障,大众帕萨特,48810,2025-05-29 09:40
F8053,P0122,节气门位置传感器电压低,本田CR-V,72743,2024-11-13 16:30
F8054,C0035,左前轮速传感器电路故障,比亚迪宋PLUS,145888,2025-10-31 08:28
F8055,P0442,燃油蒸发系统泄漏（小泄漏）,宝马5系,149004,2024-04-29 15:02
F8056,B0200,右前安全气囊传感器故障,奥迪Q5L,63977,2024-04-09 13:56
F8057,P0606,ECM内部控制模块处理器故障,福特锐界,22659,2024-12-07 15:59
F8058,C0051,右后轮速传感器电路故障,吉利博越,56450,2024-03-31 08:00
F8059,B0016,驾驶员侧安全气囊模块故障,长城魏派VV7,115782,2024-02-21 08:56
F8060,P0113,进气温度传感器电压高,奔驰E级,90111,2024-04-04 15:45
F8061,P0301,1缸失火，发动机抖动,丰田卡罗拉,37610,2024-08-06 12:06
F8062,C0045,右前轮速传感器故障,大众朗逸,67896,2024-08-13 11:36
F8063,P0171,燃油系统过稀,本田思域,147499,2024-10-22 15:07
F8064,B1234,空调压缩机不工作,比亚迪汉,85078,2024-07-10 15:36
F8065,P0420,催化转化器效率低,宝马3系,113994,2025-09-17 15:30
F8066,P0299,涡轮增压器压力不足,福特蒙迪欧,56457,2024-02-06 10:44
F8067,C0121,刹车压力传感器信号异常,吉利星越L,31074,2025-09-07 11:25
F8068,B0081,主驾驶安全带传感器故障,奥迪A4L,73959,2025-04-28 15:41
F8069,P0521,机油压力传感器电路范围故障,长城哈弗H6,35531,2024-11-03 08:45
F8070,C0561,ABS系统控制模块故障,奔驰C级,134586,2025-07-11 10:59
F8071,P0340,凸轮轴位置传感器电路故障,丰田凯美瑞,93002,2024-01-08 16:42
F8072,B0100,空气囊控制模块故障,大众帕萨特,118087,2024-08-19 11:52
F8073,P0122,节气门位置传感器电压低,本田CR-V,113199,2024-11-10 10:40
F8074,C0035,左前轮速传感器电路故障,比亚迪宋PLUS,131742,2024-03-26 15:23
F8075,P0442,燃油蒸发系统泄漏（小泄漏）,宝马5系,96444,2025-09-03 12:23
F8076,B0200,右前安全气囊传感器故障,奥迪Q5L,92818,2024-06-02 10:41
F8077,P0606,ECM内部控制模块处理器故障,福特锐界,25093,2025-06-07 12:43
F8078,C0051,右后轮速传感器电路故障,吉利博越,53719,2024-10-26 09:36
F8079,B0016,驾驶员侧安全气囊模块故障,长城魏派VV7,39200,2025-04-30 17:01
F8080,P0113,进气温度传感器电压高,奔驰E级,52016,2025-10-08 14:03
F8081,P0301,1缸失火，发动机抖动,丰田卡罗拉,27131,2024-07-11 16:56
F8082,C0045,右前轮速传感器故障,大众朗逸,131787,2024-10-22 08:34
F8083,P0171,燃油系统过稀,本田思域,41534,2025-03-05 15:55
F8084,B1234,空调压缩机不工作,比亚迪汉,25210,2025-05-05 10:06
F8085,P0420,催化转化器效率低,宝马3系,74883,2024-12-07 16:39
F8086,P0299,涡轮增压器压力不足,福特蒙迪欧,124644,2024-01-09 12:22
F8087,C0121,刹车压力传感器信号异常,吉利星越L,93534,2025-07-12 13:49
F8088,B0081,主驾驶安全带传感器故障,奥迪A4L,20630,2024-05-25 16:12
F8089,P0521,机油压力传感器电路范围故障,长城哈弗H6,72363,2024-08-02 09:04
F8090,C0561,ABS系统控制模块故障,奔驰C级,59553,2025-05-11 14:18
F8091,P0340,凸轮轴位置传感器电路故障,丰田凯美瑞,137030,2025-05-16 09:48
F8092,B0100,空气囊控制模块故障,大众帕萨特,54354,2025-11-22 12:03
F8093,P0122,节气门位置传感器电压低,本田CR-V,22332,2024-05-27 13:33
F8094,C0035,左前轮速传感器电路故障,比亚迪宋PLUS,90048,2024-05-19 16:17
F8095,P0442,燃油蒸发系统泄漏（小泄漏）,宝马5系,108175,2025-04-21 08:13
F8096,B0200,右前安全气囊传感器故障,奥迪Q5L,27467,2024-01-03 12:12
F8097,P0606,ECM内部控制模块处理器故障,福特锐界,129079,2025-01-28 08:21
F8098,C0051,右后轮速传感器电路故障,吉利博越,88024,2025-07-04 11:39
F8099,B0016,驾驶员侧安全气囊模块故障,长城魏派VV7,142881,2024-11-18 12:56
F8100,P0113,进气温度传感器电压高,奔驰E级,120092,2025-02-21 14:38
F8101,P0301,1缸失火，发动机抖动,丰田卡罗拉,73375,2025-07-04 11:31
F8102,C0045,右前轮速传感器故障,大众朗逸,50138,2025-04-01 17:00
F8103,P0171,燃油系统过稀,本田思域,108748,2025-07-01 09:40
F8104,B1234,空调压缩机不工作,比亚迪汉,22371,2025-04-18 16:14
F8105,P0420,催化转化器效率低,宝马3系,27786,2025-09-24 13:19
F8106,P0299,涡轮增压器压力不足,福特蒙迪欧,68044,2024-12-27 10:51
F8107,C0121,刹车压力传感器信号异常,吉利星越L,21598,2025-11-20 12:22
F8108,B0081,主驾驶安全带传感器故障,奥迪A4L,45407,2024-02-17 14:56
F8109,P0521,机油压力传感器电路范围故障,长城哈弗H6,41859,2024-06-16 14:03
F8110,C0561,ABS系统控制模块故障,奔驰C级,20387,2025-06-11 10:05
F8111,P0340,凸轮轴位置传感器电路故障,丰田凯美瑞,59642,2025-11-05 16:29
F8112,B0100,空气囊控制模块故障,大众帕萨特,54368,2024-06-29 17:42
F8113,P0122,节气门位置传感器电压低,本田CR-V,90141,2024-04-15 12:44
F8114,C0035,左前轮速传感器电路故障,比亚迪宋PLUS,65391,2025-07-02 17:32
F8115,P0442,燃油蒸发系统泄漏（小泄漏）,宝马5系,70392,2024-04-28 12:13
F8116,B0200,右前安全气囊传感器故障,奥迪Q5L,86398,2024-09-13 13:47
F8117,P0606,ECM内部控制模块处理器故障,福特锐界,50704,2024-09-04 14:02
F8118,C0051,右后轮速传感器电路故障,吉利博越,131054,2024-09-27 16:25
F8119,B0016,驾驶员侧安全气囊模块故障,长城魏派VV7,54007,2024-12-07 12:01
F8120,P0113,进气温度传感器电压高,奔驰E级,90110,2025-02-02 08:04
F8121,P0301,1缸失火，发动机抖动,丰田卡罗拉,22931,2025-06-29 13:53
F8122,C0045,右前轮速传感器故障,大众朗逸,69577,2025-06-10 08:38
F8123,P0171,燃油系统过稀,本田思域,98437,2024-07-20 12:25
F8124,B1234,空调压缩机不工作,比亚迪汉,103209,2024-01-07 14:59
F8125,P0420,催化转化器效率低,宝马3系,30314,2024-05-03 12:44
F8126,P0299,涡轮增压器压力不足,福特蒙迪欧,82344,2025-03-10 10:12
F8127,C0121,刹车压力传感器信号异常,吉利星越L,139304,2024-08-18 11:42
F8128,B0081,主驾驶安全带传感器故障,奥迪A4L,37047,2025-09-21 11:39
F8129,P0521,机油压力传感器电路范围故障,长城哈弗H6,76935,2025-12-10 13:59
F8130,C0561,ABS系统控制模块故障,奔驰C级,100363,2025-05-07 13:21
F8131,P0340,凸轮轴位置传感器电路故障,丰田凯美瑞,32988,2024-04-26 13:46
F8132,B0100,空气囊控制模块故障,大众帕萨特,132987,2025-03-14 09:44
F8133,P0122,节气门位置传感器电压低,本田CR-V,111600,2024-06-24 17:07
F8134,C0035,左前轮速传感器电路故障,比亚迪宋PLUS,106879,2025-09-17 12:15
F8135,P0442,燃油蒸发系统泄漏（小泄漏）,宝马5系,76023,2024-11-22 14:51
F8136,B0200,右前安全气囊传感器故障,奥迪Q5L,22080,2024-11-20 14:50
F8137,P0606,ECM内部控制模块处理器故障,福特锐界,70066,2024-09-07 14:34
F8138,C0051,右后轮速传感器电路故障,吉利博越,57668,2025-08-31 13:34
F8139,B0016,驾驶员侧安全气囊模块故障,长城魏派VV7,73709,2025-04-17 12:15
F8140,P0113,进气温度传感器电压高,奔驰E级,51329,2024-08-24 14:37
F8141,P0301,1缸失火，发动机抖动,丰田卡罗拉,88964,2025-09-18 16:11
F8142,C0045,右前轮速传感器故障,大众朗逸,147254,2025-03-25 17:20
F8143,P0171,燃油系统过稀,本田思域,53942,2025-06-24 16:42
F8144,B1234,空调压缩机不工作,比亚迪汉,43899,2024-12-05 14:20
F8145,P0420,催化转化器效率低,宝马3系,43705,2024-09-10 08:37
F8146,P0299,涡轮增压器压力不足,福特蒙迪欧,31872,2025-12-27 11:26
F8147,C0121,刹车压力传感器信号异常,吉利星越L,42144,2024-11-25 16:59
F8148,B0081,主驾驶安全带传感器故障,奥迪A4L,124019,2024-01-02 08:50
F8149,P0521,机油压力传感器电路范围故障,长城哈弗H6,49432,2024-09-13 12:51
F8150,C0561,ABS系统控制模块故障,奔驰C级,69229,2024-01-05 09:17
F8151,P0340,凸轮轴位置传感器电路故障,丰田凯美瑞,48835,2025-11-27 15:13
F8152,B0100,空气囊控制模块故障,大众帕萨特,76044,2025-07-28 17:32
F8153,P0122,节气门位置传感器电压低,本田CR-V,120571,2025-10-15 15:38
F8154,C0035,左前轮速传感器电路故障,比亚迪宋PLUS,104947,2024-07-01 16:48
F8155,P0442,燃油蒸发系统泄漏（小泄漏）,宝马5系,88819,2025-03-08 13:51
F8156,B0200,右前安全气囊传感器故障,奥迪Q5L,136285,2025-09-21 09:00
F8157,P0606,ECM内部控制模块处理器故障,福特锐界,84928,2025-07-29 17:29
F8158,C0051,右后轮速传感器电路故障,吉利博越,78821,2024-08-02 16:15
F8159,B0016,驾驶员侧安全气囊模块故障,长城魏派VV7,126960,2025-03-18 16:10
F8160,P0113,进气温度传感器电压高,奔驰E级,129814,2025-07-15 16:46
F8161,P0301,1缸失火，发动机抖动,丰田卡罗拉,88491,2025-06-29 08:27
F8162,C0045,右前轮速传感器故障,大众朗逸,20245,2024-05-21 10:53
F8163,P0171,燃油系统过稀,本田思域,126918,2025-04-06 11:03
F8164,B1234,空调压缩机不工作,比亚迪汉,124049,2024-01-09 11:33
F8165,P0420,催化转化器效率低,宝马3系,85533,2025-03-16 16:26
F8166,P0299,涡轮增压器压力不足,福特蒙迪欧,89623,2025-06-21 09:48
F8167,C0121,刹车压力传感器信号异常,吉利星越L,112775,2024-01-30 08:56
F8168,B0081,主驾驶安全带传感器故障,奥迪A4L,50245,2025-09-03 08:36
F8169,P0521,机油压力传感器电路范围故障,长城哈弗H6,35917,2024-01-05 13:05
F8170,C0561,ABS系统控制模块故障,奔驰C级,72549,2024-09-16 13:57
F8171,P0340,凸轮轴位置传感器电路故障,丰田凯美瑞,48562,2025-05-09 13:46
F8172,B0100,空气囊控制模块故障,大众帕萨特,50228,2024-10-13 15:15
F8173,P0122,节气门位置传感器电压低,本田CR-V,28879,2025-09-20 11:03
F8174,C0035,左前轮速传感器电路故障,比亚迪宋PLUS,103347,2024-10-06 14:04
F8175,P0442,燃油蒸发系统泄漏（小泄漏）,宝马5系,127731,2024-04-17 16:03
F8176,B0200,右前安全气囊传感器故障,奥迪Q5L,53076,2024-09-21 17:16
F8177,P0606,ECM内部控制模块处理器故障,福特锐界,132523,2025-10-08 12:52
F8178,C0051,右后轮速传感器电路故障,吉利博越,133217,2024-06-14 10:44
F8179,B0016,驾驶员侧安全气囊模块故障,长城魏派VV7,120471,2024-09-29 15:25
F8180,P0113,进气温度传感器电压高,奔驰E级,25939,2025-11-08 12:31
F8181,P0301,1缸失火，发动机抖动,丰田卡罗拉,42626,2024-08-27 10:55
F8182,C0045,右前轮速传感器故障,大众朗逸,120517,2024-01-08 15:58
F8183,P0171,燃油系统过稀,本田思域,75846,2024-10-09 08:49
F8184,B1234,空调压缩机不工作,比亚迪汉,32502,2025-12-22 15:36
F8185,P0420,催化转化器效率低,宝马3系,101329,2025-05-20 12:26
F8186,P0299,涡轮增压器压力不足,福特蒙迪欧,115192,2025-06-07 10:25
F8187,C0121,刹车压力传感器信号异常,吉利星越L,141483,2024-09-09 16:11
F8188,B0081,主驾驶安全带传感器故障,奥迪A4L,79263,2025-04-29 16:06
F8189,P0521,机油压力传感器电路范围故障,长城哈弗H6,76446,2025-10-25 11:25
F8190,C0561,ABS系统控制模块故障,奔驰C级,61763,2024-10-14 10:23
F8191,P0340,凸轮轴位置传感器电路故障,丰田凯美瑞,35136,2024-12-11 13:39
F8192,B0100,空气囊控制模块故障,大众帕萨特,61261,2024-12-30 08:20
F8193,P0122,节气门位置传感器电压低,本田CR-V,125404,2024-10-04 14:26
F8194,C0035,左前轮速传感器电路故障,比亚迪宋PLUS,119732,2025-07-24 16:49
F8195,P0442,燃油蒸发系统泄漏（小泄漏）,宝马5系,56501,2024-07-05 14:46
F8196,B0200,右前安全气囊传感器故障,奥迪Q5L,124077,2025-11-29 17:03
F8197,P0606,ECM内部控制模块处理器故障,福特锐界,136468,2024-07-14 10:16
F8198,C0051,右后轮速传感器电路故障,吉利博越,90881,2025-03-15 14:57
F8199,B0016,驾驶员侧安全气囊模块故障,长城魏派VV7,106181,2024-02-15 10:15
F8200,P0113,进气温度传感器电压高,奔驰E级,144412,2025-05-22 17:41
F8201,P0301,1缸失火，发动机抖动,丰田卡罗拉,70902,2024-06-18 13:05
F8202,C0045,右前轮速传感器故障,大众朗逸,113467,2025-12-03 15:34
F8203,P0171,燃油系统过稀,本田思域,73742,2025-12-11 09:23
F8204,B1234,空调压缩机不工作,比亚迪汉,72531,2025-12-09 14:15
F8205,P0420,催化转化器效率低,宝马3系,114384,2024-08-18 12:05
F8206,P0299,涡轮增压器压力不足,福特蒙迪欧,38084,2024-06-17 09:09
F8207,C0121,刹车压力传感器信号异常,吉利星越L,129168,2024-04-26 08:40
F8208,B0081,主驾驶安全带传感器故障,奥迪A4L,43691,2024-01-03 15:56
F8209,P0521,机油压力传感器电路范围故障,长城哈弗H6,106873,2024-11-05 09:55
F8210,C0561,ABS系统控制模块故障,奔驰C级,138975,2025-08-26 16:21
F8211,P0340,凸轮轴位置传感器电路故障,丰田凯美瑞,103107,2024-04-23 09:48
F8212,B0100,空气囊控制模块故障,大众帕萨特,77011,2024-05-11 08:22
F8213,P0122,节气门位置传感器电压低,本田CR-V,25813,2024-06-25 08:58
F8214,C0035,左前轮速传感器电路故障,比亚迪宋PLUS,65095,2025-09-12 10:11
F8215,P0442,燃油蒸发系统泄漏（小泄漏）,宝马5系,122984,2025-02-27 13:16
F8216,B0200,右前安全气囊传感器故障,奥迪Q5L,127428,2025-07-26 08:57
F8217,P0606,ECM内部控制模块处理器故障,福特锐界,38850,2024-10-18 15:46
F8218,C0051,右后轮速传感器电路故障,吉利博越,98640,2024-10-29 09:25
F8219,B0016,驾驶员侧安全气囊模块故障,长城魏派VV7,92799,2025-10-10 16:43
F8220,P0113,进气温度传感器电压高,奔驰E级,75628,2024-09-04 15:27
F8221,P0301,1缸失火，发动机抖动,丰田卡罗拉,97426,2024-02-20 11:21
F8222,C0045,右前轮速传感器故障,大众朗逸,32905,2025-03-04 09:28
F8223,P0171,燃油系统过稀,本田思域,129816,2025-12-20 11:21
F8224,B1234,空调压缩机不工作,比亚迪汉,98865,2025-02-22 15:33
F8225,P0420,催化转化器效率低,宝马3系,41731,2024-11-01 12:56
F8226,P0299,涡轮增压器压力不足,福特蒙迪欧,85427,2024-09-13 10:55
F8227,C0121,刹车压力传感器信号异常,吉利星越L,70695,2025-10-13 15:25
F8228,B0081,主驾驶安全带传感器故障,奥迪A4L,95479,2024-12-01 15:14
F8229,P0521,机油压力传感器电路范围故障,长城哈弗H6,121113,2025-10-12 08:11
F8230,C0561,ABS系统控制模块故障,奔驰C级,62542,2024-09-07 17:46
F8231,P0340,凸轮轴位置传感器电路故障,丰田凯美瑞,38289,2025-10-13 11:49
F8232,B0100,空气囊控制模块故障,大众帕萨特,101430,2025-11-21 08:04
F8233,P0122,节气门位置传感器电压低,本田CR-V,110771,2024-11-07 10:27
F8234,C0035,左前轮速传感器电路故障,比亚迪宋PLUS,138338,2024-01-14 08:27
F8235,P0442,燃油蒸发系统泄漏（小泄漏）,宝马5系,140581,2024-06-17 12:39
F8236,B0200,右前安全气囊传感器故障,奥迪Q5L,47863,2024-06-20 10:44
F8237,P0606,ECM内部控制模块处理器故障,福特锐界,93062,2024-05-16 12:14
F8238,C0051,右后轮速传感器电路故障,吉利博越,70893,2024-08-15 12:04
F8239,B0016,驾驶员侧安全气囊模块故障,长城魏派VV7,103981,2024-02-04 13:51
F8240,P0113,进气温度传感器电压高,奔驰E级,69851,2024-04-20 11:33
F8241,P0301,1缸失火，发动机抖动,丰田卡罗拉,39644,2025-12-29 10:10
F8242,C0045,右前轮速传感器故障,大众朗逸,77977,2024-08-16 12:20
F8243,P0171,燃油系统过稀,本田思域,40559,2024-12-13 17:51
F8244,B1234,空调压缩机不工作,比亚迪汉,125107,2024-03-31 10:48
F8245,P0420,催化转化器效率低,宝马3系,132266,2024-03-02 16:35
F8246,P0299,涡轮增压器压力不足,福特蒙迪欧,115930,2025-10-26 16:20
F8247,C0121,刹车压力传感器信号异常,吉利星越L,62619,2025-01-08 08:41
F8248,B0081,主驾驶安全带传感器故障,奥迪A4L,140800,2024-01-23 09:35
F8249,P0521,机油压力传感器电路范围故障,长城哈弗H6,113201,2025-08-04 09:17
F8250,C0561,ABS系统控制模块故障,奔驰C级,81852,2025-01-18 15:07
F8251,P0340,凸轮轴位置传感器电路故障,丰田凯美瑞,115916,2025-12-23 13:41
F8252,B0100,空气囊控制模块故障,大众帕萨特,36205,2024-10-21 17:15
F8253,P0122,节气门位置传感器电压低,本田CR-V,58542,2025-03-06 13:12
F8254,C0035,左前轮速传感器电路故障,比亚迪宋PLUS,94435,2024-05-26 16:02
F8255,P0442,燃油蒸发系统泄漏（小泄漏）,宝马5系,89741,2025-01-18 08:20
F8256,B0200,右前安全气囊传感器故障,奥迪Q5L,126781,2024-10-03 15:42
F8257,P0606,ECM内部控制模块处理器故障,福特锐界,84064,2024-08-30 12:43
F8258,C0051,右后轮速传感器电路故障,吉利博越,117377,2025-04-22 08:30
F8259,B0016,驾驶员侧安全气囊模块故障,长城魏派VV7,124438,2024-03-18 09:45
F8260,P0113,进气温度传感器电压高,奔驰E级,35390,2024-01-06 15:11
F8261,P0301,1缸失火，发动机抖动,丰田卡罗拉,98391,2025-03-16 14:39
F8262,C0045,右前轮速传感器故障,大众朗逸,128035,2024-03-08 13:59
F8263,P0171,燃油系统过稀,本田思域,109997,2024-04-16 11:19
F8264,B1234,空调压缩机不工作,比亚迪汉,129877,2024-04-22 12:42
F8265,P0420,催化转化器效率低,宝马3系,149303,2025-04-05 09:40
F8266,P0299,涡轮增压器压力不足,福特蒙迪欧,86001,2024-07-25 11:53
F8267,C0121,刹车压力传感器信号异常,吉利星越L,91411,2024-10-13 11:47
F8268,B0081,主驾驶安全带传感器故障,奥迪A4L,52825,2025-10-24 15:27
F8269,P0521,机油压力传感器电路范围故障,长城哈弗H6,64315,2025-09-16 14:26
F8270,C0561,ABS系统控制模块故障,奔驰C级,41933,2024-04-06 13:28
F8271,P0340,凸轮轴位置传感器电路故障,丰田凯美瑞,147150,2025-07-23 16:50
F8272,B0100,空气囊控制模块故障,大众帕萨特,130123,2024-06-22 16:03
F8273,P0122,节气门位置传感器电压低,本田CR-V,106404,2024-02-06 17:02
F8274,C0035,左前轮速传感器电路故障,比亚迪宋PLUS,57920,2025-03-30 16:17
F8275,P0442,燃油蒸发系统泄漏（小泄漏）,宝马5系,39294,2024-06-07 13:45
F8276,B0200,右前安全气囊传感器故障,奥迪Q5L,125941,2024-06-29 16:21
F8277,P0606,ECM内部控制模块处理器故障,福特锐界,138608,2024-11-10 12:26
F8278,C0051,右后轮速传感器电路故障,吉利博越,101795,2024-06-11 14:20
F8279,B0016,驾驶员侧安全气囊模块故障,长城魏派VV7,128141,2024-01-29 11:21
F8280,P0113,进气温度传感器电压高,奔驰E级,23412,2024-03-05 15:52
F8281,P0301,1缸失火，发动机抖动,丰田卡罗拉,29893,2024-11-17 09:56
F8282,C0045,右前轮速传感器故障,大众朗逸,110975,2025-08-15 14:50
F8283,P0171,燃油系统过稀,本田思域,55898,2024-07-30 11:27
F8284,B1234,空调压缩机不工作,比亚迪汉,98021,2024-06-16 13:34
F8285,P0420,催化转化器效率低,宝马3系,46233,2025-01-11 16:21
F8286,P0299,涡轮增压器压力不足,福特蒙迪欧,71025,2024-09-13 09:19
F8287,C0121,刹车压力传感器信号异常,吉利星越L,35381,2025-10-01 10:50
F8288,B0081,主驾驶安全带传感器故障,奥迪A4L,97377,2024-12-15 17:39
F8289,P0521,机油压力传感器电路范围故障,长城哈弗H6,40754,2025-06-01 15:31
F8290,C0561,ABS系统控制模块故障,奔驰C级,46424,2025-06-30 09:11
F8291,P0340,凸轮轴位置传感器电路故障,丰田凯美瑞,90051,2025-06-12 12:47
F8292,B0100,空气囊控制模块故障,大众帕萨特,54024,2024-01-14 16:40
F8293,P0122,节气门位置传感器电压低,本田CR-V,131400,2024-09-04 12:24
F8294,C0035,左前轮速传感器电路故障,比亚迪宋PLUS,85898,2025-09-18 17:27
F8295,P0442,燃油蒸发系统泄漏（小泄漏）,宝马5系,49819,2025-11-17 08:37
F8296,B0200,右前安全气囊传感器故障,奥迪Q5L,129149,2025-07-24 16:05
F8297,P0606,ECM内部控制模块处理器故障,福特锐界,93494,2024-08-22 16:27
F8298,C0051,右后轮速传感器电路故障,吉利博越,118358,2025-03-27 16:20
F8299,B0016,驾驶员侧安全气囊模块故障,长城魏派VV7,30654,2024-08-30 12:25
F8300,P0113,进气温度传感器电压高,奔驰E级,23960,2025-02-10 09:05
F8301,P0301,1缸失火，发动机抖动,丰田卡罗拉,55464,2025-11-06 16:23
F8302,C0045,右前轮速传感器故障,大众朗逸,33084,2025-02-05 09:37
F8303,P0171,燃油系统过稀,本田思域,113999,2024-03-11 16:45
F8304,B1234,空调压缩机不工作,比亚迪汉,46319,2024-08-21 13:55
F8305,P0420,催化转化器效率低,宝马3系,138706,2024-10-24 09:21
F8306,P0299,涡轮增压器压力不足,福特蒙迪欧,22369,2025-06-06 09:50
F8307,C0121,刹车压力传感器信号异常,吉利星越L,65727,2024-07-22 09:46
F8308,B0081,主驾驶安全带传感器故障,奥迪A4L,38596,2024-12-27 17:31
F8309,P0521,机油压力传感器电路范围故障,长城哈弗H6,120477,2025-10-24 12:46
F8310,C0561,ABS系统控制模块故障,奔驰C级,111361,2025-01-24 11:59
F8311,P0340,凸轮轴位置传感器电路故障,丰田凯美瑞,106054,2024-07-23 08:17
F8312,B0100,空气囊控制模块故障,大众帕萨特,134500,2024-08-18 14:23
F8313,P0122,节气门位置传感器电压低,本田CR-V,44845,2025-08-21 14:15
F8314,C0035,左前轮速传感器电路故障,比亚迪宋PLUS,81156,2025-09-10 11:08
F8315,P0442,燃油蒸发系统泄漏（小泄漏）,宝马5系,27504,2025-10-15 15:32
F8316,B0200,右前安全气囊传感器故障,奥迪Q5L,147981,2025-04-01 13:35
F8317,P0606,ECM内部控制模块处理器故障,福特锐界,68349,2025-09-09 16:15
F8318,C0051,右后轮速传感器电路故障,吉利博越,60857,2025-06-09 09:19
F8319,B0016,驾驶员侧安全气囊模块故障,长城魏派VV7,51105,2025-05-08 13:48
F8320,P0113,进气温度传感器电压高,奔驰E级,73407,2025-11-16 16:59
F8321,P0301,1缸失火，发动机抖动,丰田卡罗拉,121961,2025-08-30 13:36
F8322,C0045,右前轮速传感器故障,大众朗逸,131488,2025-04-20 12:41
F8323,P0171,燃油系统过稀,本田思域,94183,2024-12-24 17:33
F8324,B1234,空调压缩机不工作,比亚迪汉,122871,2024-07-03 10:12
F8325,P0420,催化转化器效率低,宝马3系,20343,2024-01-16 11:19
F8326,P0299,涡轮增压器压力不足,福特蒙迪欧,79394,2025-08-29 13:26
F8327,C0121,刹车压力传感器信号异常,吉利星越L,119750,2025-10-11 08:06
F8328,B0081,主驾驶安全带传感器故障,奥迪A4L,122497,2024-08-11 14:52
F8329,P0521,机油压力传感器电路范围故障,长城哈弗H6,147849,2024-11-15 11:40
F8330,C0561,ABS系统控制模块故障,奔驰C级,145062,2025-07-08 12:43
F8331,P0340,凸轮轴位置传感器电路故障,丰田凯美瑞,50870,2025-01-30 14:29
F8332,B0100,空气囊控制模块故障,大众帕萨特,147002,2025-08-19 09:05
F8333,P0122,节气门位置传感器电压低,本田CR-V,44411,2024-07-08 16:15
F8334,C0035,左前轮速传感器电路故障,比亚迪宋PLUS,51390,2024-10-12 13:21
F8335,P0442,燃油蒸发系统泄漏（小泄漏）,宝马5系,39804,2024-10-17 11:49
F8336,B0200,右前安全气囊传感器故障,奥迪Q5L,66354,2024-08-04 15:45
F8337,P0606,ECM内部控制模块处理器故障,福特锐界,135538,2025-09-22 16:19
F8338,C0051,右后轮速传感器电路故障,吉利博越,141128,2024-12-20 17:59
F8339,B0016,驾驶员侧安全气囊模块故障,长城魏派VV7,124879,2024-06-27 14:02
F8340,P0113,进气温度传感器电压高,奔驰E级,52846,2025-04-18 13:49
F8341,P0301,1缸失火，发动机抖动,丰田卡罗拉,143788,2025-05-06 13:30
F8342,C0045,右前轮速传感器故障,大众朗逸,71834,2025-01-06 08:11
F8343,P0171,燃油系统过稀,本田思域,109931,2025-09-29 08:31
F8344,B1234,空调压缩机不工作,比亚迪汉,63815,2025-06-11 16:52
F8345,P0420,催化转化器效率低,宝马3系,138788,2025-06-17 13:02
F8346,P0299,涡轮增压器压力不足,福特蒙迪欧,54360,2025-02-18 15:15
F8347,C0121,刹车压力传感器信号异常,吉利星越L,60633,2024-01-06 08:07
F8348,B0081,主驾驶安全带传感器故障,奥迪A4L,69486,2025-09-11 14:00
F8349,P0521,机油压力传感器电路范围故障,长城哈弗H6,27301,2025-10-11 16:41
F8350,C0561,ABS系统控制模块故障,奔驰C级,112608,2024-04-28 09:39
F8351,P0340,凸轮轴位置传感器电路故障,丰田凯美瑞,33567,2024-03-01 12:44
F8352,B0100,空气囊控制模块故障,大众帕萨特,124203,2025-09-04 16:55
F8353,P0122,节气门位置传感器电压低,本田CR-V,101587,2024-12-24 09:54
F8354,C0035,左前轮速传感器电路故障,比亚迪宋PLUS,57309,2025-06-29 16:07
F8355,P0442,燃油蒸发系统泄漏（小泄漏）,宝马5系,89200,2024-07-02 10:01
F8356,B0200,右前安全气囊传感器故障,奥迪Q5L,48783,2024-02-03 16:48
F8357,P0606,ECM内部控制模块处理器故障,福特锐界,87532,2024-12-20 13:00
F8358,C0051,右后轮速传感器电路故障,吉利博越,83967,2025-08-23 16:48
F8359,B0016,驾驶员侧安全气囊模块故障,长城魏派VV7,103368,2024-08-21 17:46
F8360,P0113,进气温度传感器电压高,奔驰E级,86297,2025-12-27 09:36
F8361,P0301,1缸失火，发动机抖动,丰田卡罗拉,131374,2024-09-25 10:38
F8362,C0045,右前轮速传感器故障,大众朗逸,88869,2025-11-05 08:24
F8363,P0171,燃油系统过稀,本田思域,76105,2024-02-24 12:05
F8364,B1234,空调压缩机不工作,比亚迪汉,130391,2025-05-02 10:12
F8365,P0420,催化转化器效率低,宝马3系,48657,2024-12-30 09:34
F8366,P0299,涡轮增压器压力不足,福特蒙迪欧,145687,2024-01-26 14:14
F8367,C0121,刹车压力传感器信号异常,吉利星越L,74604,2024-12-28 17:53
F8368,B0081,主驾驶安全带传感器故障,奥迪A4L,53177,2025-07-31 17:52
F8369,P0521,机油压力传感器电路范围故障,长城哈弗H6,116614,2024-09-26 08:34
F8370,C0561,ABS系统控制模块故障,奔驰C级,70771,2024-04-29 09:20
F8371,P0340,凸轮轴位置传感器电路故障,丰田凯美瑞,31841,2024-05-02 11:32
F8372,B0100,空气囊控制模块故障,大众帕萨特,70787,2024-01-10 11:54
F8373,P0122,节气门位置传感器电压低,本田CR-V,129793,2025-01-02 17:16
F8374,C0035,左前轮速传感器电路故障,比亚迪宋PLUS,88283,2025-06-11 09:29
F8375,P0442,燃油蒸发系统泄漏（小泄漏）,宝马5系,57268,2024-04-25 17:47
F8376,B0200,右前安全气囊传感器故障,奥迪Q5L,135968,2025-05-23 14:26
F8377,P0606,ECM内部控制模块处理器故障,福特锐界,145729,2024-10-11 13:34
F8378,C0051,右后轮速传感器电路故障,吉利博越,64052,2024-06-14 15:18
F8379,B0016,驾驶员侧安全气囊模块故障,长城魏派VV7,136565,2024-06-20 17:57
F8380,P0113,进气温度传感器电压高,奔驰E级,77957,2024-02-13 15:33
F8381,P0301,1缸失火，发动机抖动,丰田卡罗拉,20455,2025-10-23 12:49
F8382,C0045,右前轮速传感器故障,大众朗逸,101891,2025-02-03 15:29
F8383,P0171,燃油系统过稀,本田思域,44675,2024-02-09 14:11
F8384,B1234,空调压缩机不工作,比亚迪汉,29481,2024-01-02 10:04
F8385,P0420,催化转化器效率低,宝马3系,52805,2025-07-03 13:34
F8386,P0299,涡轮增压器压力不足,福特蒙迪欧,106937,2025-11-08 12:11
F8387,C0121,刹车压力传感器信号异常,吉利星越L,57372,2024-03-18 14:14
F8388,B0081,主驾驶安全带传感器故障,奥迪A4L,142540,2025-09-25 11:09
F8389,P0521,机油压力传感器电路范围故障,长城哈弗H6,126159,2024-11-29 17:49
F8390,C0561,ABS系统控制模块故障,奔驰C级,38838,2024-02-19 14:52
F8391,P0340,凸轮轴位置传感器电路故障,丰田凯美瑞,21846,2024-06-15 10:19
F8392,B0100,空气囊控制模块故障,大众帕萨特,117000,2024-09-18 09:20
F8393,P0122,节气门位置传感器电压低,本田CR-V,79613,2024-06-20 10:15
F8394,C0035,左前轮速传感器电路故障,比亚迪宋PLUS,23210,2025-07-09 15:40
F8395,P0442,燃油蒸发系统泄漏（小泄漏）,宝马5系,145263,2024-06-06 16:52
F8396,B0200,右前安全气囊传感器故障,奥迪Q5L,110894,2024-04-02 16:05
F8397,P0606,ECM内部控制模块处理器故障,福特锐界,119957,2024-06-09 12:52
F8398,C0051,右后轮速传感器电路故障,吉利博越,100769,2024-01-18 11:27
F8399,B0016,驾驶员侧安全气囊模块故障,长城魏派VV7,36560,2025-03-11 11:43
F8400,P0113,进气温度传感器电压高,奔驰E级,20512,2024-05-01 15:23
F8401,P0301,1缸失火，发动机抖动,丰田卡罗拉,30764,2025-06-15 08:30
F8402,C0045,右前轮速传感器故障,大众朗逸,141263,2025-05-25 15:22
F8403,P0171,燃油系统过稀,本田思域,63154,2024-07-22 14:09
F8404,B1234,空调压缩机不工作,比亚迪汉,40793,2024-11-20 10:16
F8405,P0420,催化转化器效率低,宝马3系,145353,2024-03-14 17:02
F8406,P0299,涡轮增压器压力不足,福特蒙迪欧,101930,2025-12-24 16:50
F8407,C0121,刹车压力传感器信号异常,吉利星越L,28063,2024-10-24 16:30
F8408,B0081,主驾驶安全带传感器故障,奥迪A4L,130154,2024-10-29 13:43
F8409,P0521,机油压力传感器电路范围故障,长城哈弗H6,133855,2025-04-04 13:53
F8410,C0561,ABS系统控制模块故障,奔驰C级,23943,2024-10-15 13:21
F8411,P0340,凸轮轴位置传感器电路故障,丰田凯美瑞,107086,2024-02-20 08:19
F8412,B0100,空气囊控制模块故障,大众帕萨特,89974,2025-11-24 14:27
F8413,P0122,节气门位置传感器电压低,本田CR-V,127733,2025-03-06 17:47
F8414,C0035,左前轮速传感器电路故障,比亚迪宋PLUS,40196,2025-09-19 12:03
F8415,P0442,燃油蒸发系统泄漏（小泄漏）,宝马5系,21587,2024-10-06 13:59
F8416,B0200,右前安全气囊传感器故障,奥迪Q5L,50710,2024-07-12 08:54
F8417,P0606,ECM内部控制模块处理器故障,福特锐界,49447,2024-09-07 15:09
F8418,C0051,右后轮速传感器电路故障,吉利博越,92829,2025-12-28 11:19
F8419,B0016,驾驶员侧安全气囊模块故障,长城魏派VV7,135603,2024-02-10 15:10
F8420,P0113,进气温度传感器电压高,奔驰E级,102402,2025-09-23 08:02
F8421,P0301,1缸失火，发动机抖动,丰田卡罗拉,136756,2025-04-20 17:50
F8422,C0045,右前轮速传感器故障,大众朗逸,25715,2024-04-22 10:10
F8423,P0171,燃油系统过稀,本田思域,43538,2025-04-21 14:57
F8424,B1234,空调压缩机不工作,比亚迪汉,139391,2025-02-24 16:17
F8425,P0420,催化转化器效率低,宝马3系,41018,2025-09-22 10:24
F8426,P0299,涡轮增压器压力不足,福特蒙迪欧,80023,2025-07-30 13:41
F8427,C0121,刹车压力传感器信号异常,吉利星越L,81330,2024-12-23 09:42
F8428,B0081,主驾驶安全带传感器故障,奥迪A4L,119732,2024-06-10 08:34
F8429,P0521,机油压力传感器电路范围故障,长城哈弗H6,133093,2025-03-23 14:44
F8430,C0561,ABS系统控制模块故障,奔驰C级,45101,2025-05-20 10:37
F8431,P0340,凸轮轴位置传感器电路故障,丰田凯美瑞,69725,2025-03-23 11:11
F8432,B0100,空气囊控制模块故障,大众帕萨特,103790,2024-03-22 14:29
F8433,P0122,节气门位置传感器电压低,本田CR-V,123990,2025-04-09 09:26
F8434,C0035,左前轮速传感器电路故障,比亚迪宋PLUS,59516,2025-10-25 13:02
F8435,P0442,燃油蒸发系统泄漏（小泄漏）,宝马5系,46033,2024-02-24 09:35
F8436,B0200,右前安全气囊传感器故障,奥迪Q5L,56589,2025-04-26 13:20
F8437,P0606,ECM内部控制模块处理器故障,福特锐界,145352,2024-09-07 16:59
F8438,C0051,右后轮速传感器电路故障,吉利博越,42396,2025-07-12 17:40
F8439,B0016,驾驶员侧安全气囊模块故障,长城魏派VV7,134906,2024-01-15 12:44
F8440,P0113,进气温度传感器电压高,奔驰E级,20148,2025-03-17 09:20
F8441,P0301,1缸失火，发动机抖动,丰田卡罗拉,125953,2024-03-14 13:14
F8442,C0045,右前轮速传感器故障,大众朗逸,63225,2025-03-15 09:25
F8443,P0171,燃油系统过稀,本田思域,133811,2024-09-16 11:08
F8444,B1234,空调压缩机不工作,比亚迪汉,147863,2024-04-15 15:26
F8445,P0420,催化转化器效率低,宝马3系,27814,2024-07-08 08:48
F8446,P0299,涡轮增压器压力不足,福特蒙迪欧,127251,2024-04-20 13:17
F8447,C0121,刹车压力传感器信号异常,吉利星越L,114811,2025-02-11 16:13
F8448,B0081,主驾驶安全带传感器故障,奥迪A4L,134642,2025-12-29 16:40
F8449,P0521,机油压力传感器电路范围故障,长城哈弗H6,68447,2024-09-24 16:57
F8450,C0561,ABS系统控制模块故障,奔驰C级,63759,2025-02-15 10:36
F8451,P0340,凸轮轴位置传感器电路故障,丰田凯美瑞,22892,2024-02-17 15:03
F8452,B0100,空气囊控制模块故障,大众帕萨特,79996,2025-01-17 10:55
F8453,P0122,节气门位置传感器电压低,本田CR-V,21806,2024-08-24 09:47
F8454,C0035,左前轮速传感器电路故障,比亚迪宋PLUS,94537,2025-01-13 08:16
F8455,P0442,燃油蒸发系统泄漏（小泄漏）,宝马5系,112351,2024-05-05 15:05
F8456,B0200,右前安全气囊传感器故障,奥迪Q5L,43863,2025-03-13 12:00
F8457,P0606,ECM内部控制模块处理器故障,福特锐界,60145,2024-10-07 17:11
F8458,C0051,右后轮速传感器电路故障,吉利博越,128201,2024-06-10 13:12
F8459,B0016,驾驶员侧安全气囊模块故障,长城魏派VV7,75132,2025-04-28 08:34
F8460,P0113,进气温度传感器电压高,奔驰E级,106410,2024-09-17 08:00
F8461,P0301,1缸失火，发动机抖动,丰田卡罗拉,95591,2025-11-02 14:15
F8462,C0045,右前轮速传感器故障,大众朗逸,64563,2025-04-10 12:42
F8463,P0171,燃油系统过稀,本田思域,39727,2024-04-10 09:53
F8464,B1234,空调压缩机不工作,比亚迪汉,45326,2025-10-07 15:53
F8465,P0420,催化转化器效率低,宝马3系,62989,2025-09-11 13:58
F8466,P0299,涡轮增压器压力不足,福特蒙迪欧,90317,2024-02-29 12:33
F8467,C0121,刹车压力传感器信号异常,吉利星越L,140138,2025-05-19 14:27
F8468,B0081,主驾驶安全带传感器故障,奥迪A4L,56584,2024-01-30 17:08
F8469,P0521,机油压力传感器电路范围故障,长城哈弗H6,29628,2024-01-22 17:25
F8470,C0561,ABS系统控制模块故障,奔驰C级,118559,2025-10-29 08:46
F8471,P0340,凸轮轴位置传感器电路故障,丰田凯美瑞,41818,2025-10-04 17:01
F8472,B0100,空气囊控制模块故障,大众帕萨特,64278,2024-06-15 09:25
F8473,P0122,节气门位置传感器电压低,本田CR-V,116364,2025-06-04 08:57
F8474,C0035,左前轮速传感器电路故障,比亚迪宋PLUS,53587,2024-12-26 08:31
F8475,P0442,燃油蒸发系统泄漏（小泄漏）,宝马5系,140432,2024-04-22 16:02
F8476,B0200,右前安全气囊传感器故障,奥迪Q5L,90451,2024-08-03 09:33
F8477,P0606,ECM内部控制模块处理器故障,福特锐界,149194,2024-10-19 12:48
F8478,C0051,右后轮速传感器电路故障,吉利博越,66152,2024-01-07 08:54
F8479,B0016,驾驶员侧安全气囊模块故障,长城魏派VV7,127819,2025-10-06 14:16
F8480,P0113,进气温度传感器电压高,奔驰E级,136023,2024-12-25 08:38
F8481,P0301,1缸失火，发动机抖动,丰田卡罗拉,88865,2024-12-08 09:12
F8482,C0045,右前轮速传感器故障,大众朗逸,30548,2025-05-01 08:32
F8483,P0171,燃油系统过稀,本田思域,108733,2025-01-08 09:24
F8484,B1234,空调压缩机不工作,比亚迪汉,96181,2024-01-05 08:03
F8485,P0420,催化转化器效率低,宝马3系,147564,2024-06-23 10:00
F8486,P0299,涡轮增压器压力不足,福特蒙迪欧,86280,2024-05-15 15:24
F8487,C0121,刹车压力传感器信号异常,吉利星越L,75074,2025-06-28 10:45
F8488,B0081,主驾驶安全带传感器故障,奥迪A4L,49938,2024-12-26 14:02
F8489,P0521,机油压力传感器电路范围故障,长城哈弗H6,134563,2025-01-29 13:51
F8490,C0561,ABS系统控制模块故障,奔驰C级,98563,2024-05-04 17:11
F8491,P0340,凸轮轴位置传感器电路故障,丰田凯美瑞,70689,2024-11-10 10:14
F8492,B0100,空气囊控制模块故障,大众帕萨特,103310,2024-03-24 12:47
F8493,P0122,节气门位置传感器电压低,本田CR-V,89054,2025-10-08 09:34
F8494,C0035,左前轮速传感器电路故障,比亚迪宋PLUS,90822,2025-04-03 16:28
F8495,P0442,燃油蒸发系统泄漏（小泄漏）,宝马5系,30698,2024-05-10 08:08
F8496,B0200,右前安全气囊传感器故障,奥迪Q5L,116714,2025-11-13 14:10
F8497,P0606,ECM内部控制模块处理器故障,福特锐界,79938,2024-08-02 13:13
F8498,C0051,右后轮速传感器电路故障,吉利博越,62708,2024-10-26 11:24
F8499,B0016,驾驶员侧安全气囊模块故障,长城魏派VV7,68346,2024-03-12 16:21
F8500,P0113,进气温度传感器电压高,奔驰E级,52941,2025-06-20 17:47
F8501,P0301,1缸失火，发动机抖动,丰田卡罗拉,76288,2025-04-29 15:04
F8502,C0045,右前轮速传感器故障,大众朗逸,132007,2024-06-05 14:21
F8503,P0171,燃油系统过稀,本田思域,24374,2024-11-06 09:13
F8504,B1234,空调压缩机不工作,比亚迪汉,67970,2025-04-08 13:40
F8505,P0420,催化转化器效率低,宝马3系,147863,2025-07-05 14:35
F8506,P0299,涡轮增压器压力不足,福特蒙迪欧,114183,2024-01-23 12:24
F8507,C0121,刹车压力传感器信号异常,吉利星越L,107141,2024-09-20 11:15
F8508,B0081,主驾驶安全带传感器故障,奥迪A4L,58423,2025-08-02 08:04
F8509,P0521,机油压力传感器电路范围故障,长城哈弗H6,46568,2024-09-28 09:03
F8510,C0561,ABS系统控制模块故障,奔驰C级,24690,2025-07-08 09:46
F8511,P0340,凸轮轴位置传感器电路故障,丰田凯美瑞,69554,2024-05-13 16:07
F8512,B0100,空气囊控制模块故障,大众帕萨特,134890,2024-05-25 17:50
F8513,P0122,节气门位置传感器电压低,本田CR-V,44772,2025-08-15 15:55
F8514,C0035,左前轮速传感器电路故障,比亚迪宋PLUS,39848,2024-10-28 16:02
F8515,P0442,燃油蒸发系统泄漏（小泄漏）,宝马5系,32142,2025-01-23 08:26
F8516,B0200,右前安全气囊传感器故障,奥迪Q5L,149090,2025-09-18 13:31
F8517,P0606,ECM内部控制模块处理器故障,福特锐界,54492,2025-08-23 15:44
F8518,C0051,右后轮速传感器电路故障,吉利博越,32556,2025-01-20 14:34
F8519,B0016,驾驶员侧安全气囊模块故障,长城魏派VV7,122667,2024-02-19 11:28
F8520,P0113,进气温度传感器电压高,奔驰E级,59873,2025-07-09 17:56
F8521,P0301,1缸失火，发动机抖动,丰田卡罗拉,91333,2025-03-14 15:09
F8522,C0045,右前轮速传感器故障,大众朗逸,49316,2025-03-12 10:11
F8523,P0171,燃油系统过稀,本田思域,112120,2024-02-19 10:19
F8524,B1234,空调压缩机不工作,比亚迪汉,84841,2025-03-19 11:51
F8525,P0420,催化转化器效率低,宝马3系,21708,2024-05-10 13:02
F8526,P0299,涡轮增压器压力不足,福特蒙迪欧,25597,2024-09-01 09:34
F8527,C0121,刹车压力传感器信号异常,吉利星越L,80976,2024-09-04 10:01
F8528,B0081,主驾驶安全带传感器故障,奥迪A4L,27939,2025-09-13 10:50
F8529,P0521,机油压力传感器电路范围故障,长城哈弗H6,43229,2024-06-24 13:37
F8530,C0561,ABS系统控制模块故障,奔驰C级,116369,2024-06-30 14:43
F8531,P0340,凸轮轴位置传感器电路故障,丰田凯美瑞,119858,2024-01-30 08:40
F8532,B0100,空气囊控制模块故障,大众帕萨特,62478,2024-07-04 12:28
F8533,P0122,节气门位置传感器电压低,本田CR-V,116699,2024-08-26 13:06
F8534,C0035,左前轮速传感器电路故障,比亚迪宋PLUS,71024,2025-08-28 12:30
F8535,P0442,燃油蒸发系统泄漏（小泄漏）,宝马5系,79060,2024-03-08 09:53
F8536,B0200,右前安全气囊传感器故障,奥迪Q5L,116807,2025-03-31 15:12
F8537,P0606,ECM内部控制模块处理器故障,福特锐界,22841,2024-05-23 15:44
F8538,C0051,右后轮速传感器电路故障,吉利博越,104787,2024-09-05 09:41
F8539,B0016,驾驶员侧安全气囊模块故障,长城魏派VV7,146858,2024-05-21 13:38
F8540,P0113,进气温度传感器电压高,奔驰E级,147448,2024-12-27 13:55
F8541,P0301,1缸失火，发动机抖动,丰田卡罗拉,34366,2024-05-17 12:15
F8542,C0045,右前轮速传感器故障,大众朗逸,23800,2024-10-09 15:57
F8543,P0171,燃油系统过稀,本田思域,96469,2024-06-15 08:20
F8544,B1234,空调压缩机不工作,比亚迪汉,105313,2025-03-26 14:32
F8545,P0420,催化转化器效率低,宝马3系,41282,2024-02-13 12:27
F8546,P0299,涡轮增压器压力不足,福特蒙迪欧,27930,2025-12-09 17:20
F8547,C0121,刹车压力传感器信号异常,吉利星越L,103300,2025-07-31 13:03
F8548,B0081,主驾驶安全带传感器故障,奥迪A4L,143971,2025-11-12 12:51
F8549,P0521,机油压力传感器电路范围故障,长城哈弗H6,38019,2025-06-27 10:04
F8550,C0561,ABS系统控制模块故障,奔驰C级,126902,2024-10-21 10:43
F8551,P0340,凸轮轴位置传感器电路故障,丰田凯美瑞,104208,2024-05-08 15:31
F8552,B0100,空气囊控制模块故障,大众帕萨特,65811,2024-05-10 08:44
F8553,P0122,节气门位置传感器电压低,本田CR-V,101835,2024-12-05 15:26
F8554,C0035,左前轮速传感器电路故障,比亚迪宋PLUS,80030,2025-03-06 12:56
F8555,P0442,燃油蒸发系统泄漏（小泄漏）,宝马5系,96879,2024-12-25 14:44
F8556,B0200,右前安全气囊传感器故障,奥迪Q5L,117047,2025-05-26 10:24
F8557,P0606,ECM内部控制模块处理器故障,福特锐界,74678,2024-11-24 15:41
F8558,C0051,右后轮速传感器电路故障,吉利博越,73469,2024-06-03 17:31
F8559,B0016,驾驶员侧安全气囊模块故障,长城魏派VV7,79224,2025-11-07 10:09
F8560,P0113,进气温度传感器电压高,奔驰E级,28717,2024-05-27 14:45
F8561,P0301,1缸失火，发动机抖动,丰田卡罗拉,140283,2025-12-03 15:04
F8562,C0045,右前轮速传感器故障,大众朗逸,78938,2024-12-24 09:46
F8563,P0171,燃油系统过稀,本田思域,136974,2025-12-02 09:12
F8564,B1234,空调压缩机不工作,比亚迪汉,117344,2025-05-21 15:08
F8565,P0420,催化转化器效率低,宝马3系,142044,2024-05-14 17:30
F8566,P0299,涡轮增压器压力不足,福特蒙迪欧,44074,2025-07-12 10:35
F8567,C0121,刹车压力传感器信号异常,吉利星越L,98359,2024-06-06 12:06
F8568,B0081,主驾驶安全带传感器故障,奥迪A4L,67074,2025-04-24 12:23
F8569,P0521,机油压力传感器电路范围故障,长城哈弗H6,125038,2024-04-02 16:22
F8570,C0561,ABS系统控制模块故障,奔驰C级,74929,2025-08-09 15:55
F8571,P0340,凸轮轴位置传感器电路故障,丰田凯美瑞,118793,2025-01-16 11:56
F8572,B0100,空气囊控制模块故障,大众帕萨特,128815,2024-11-30 10:38
F8573,P0122,节气门位置传感器电压低,本田CR-V,131361,2024-11-11 12:31
F8574,C0035,左前轮速传感器电路故障,比亚迪宋PLUS,65628,2025-03-08 16:35
F8575,P0442,燃油蒸发系统泄漏（小泄漏）,宝马5系,27113,2024-09-16 08:52
F8576,B0200,右前安全气囊传感器故障,奥迪Q5L,63298,2025-09-22 13:05
F8577,P0606,ECM内部控制模块处理器故障,福特锐界,56712,2024-09-03 12:11
F8578,C0051,右后轮速传感器电路故障,吉利博越,95246,2025-09-02 12:48
F8579,B0016,驾驶员侧安全气囊模块故障,长城魏派VV7,60543,2024-10-30 09:29
F8580,P0113,进气温度传感器电压高,奔驰E级,109635,2025-05-27 11:57
F8581,P0301,1缸失火，发动机抖动,丰田卡罗拉,134136,2024-07-31 14:49
F8582,C0045,右前轮速传感器故障,大众朗逸,37504,2024-07-16 10:55
F8583,P0171,燃油系统过稀,本田思域,137892,2024-05-31 17:57
F8584,B1234,空调压缩机不工作,比亚迪汉,140495,2025-10-03 10:30
F8585,P0420,催化转化器效率低,宝马3系,97446,2025-03-23 15:25
F8586,P0299,涡轮增压器压力不足,福特蒙迪欧,96094,2025-10-14 09:21
F8587,C0121,刹车压力传感器信号异常,吉利星越L,108715,2025-04-01 12:31
F8588,B0081,主驾驶安全带传感器故障,奥迪A4L,145104,2024-11-07 17:07
F8589,P0521,机油压力传感器电路范围故障,长城哈弗H6,66970,2025-05-31 13:17
F8590,C0561,ABS系统控制模块故障,奔驰C级,75357,2025-02-13 10:44
F8591,P0340,凸轮轴位置传感器电路故障,丰田凯美瑞,77763,2025-05-22 12:33
F8592,B0100,空气囊控制模块故障,大众帕萨特,25890,2025-12-18 10:39
F8593,P0122,节气门位置传感器电压低,本田CR-V,101316,2024-12-08 11:15
F8594,C0035,左前轮速传感器电路故障,比亚迪宋PLUS,71548,2024-10-31 15:36
F8595,P0442,燃油蒸发系统泄漏（小泄漏）,宝马5系,43133,2025-04-01 17:32
F8596,B0200,右前安全气囊传感器故障,奥迪Q5L,57017,2024-05-04 15:33
F8597,P0606,ECM内部控制模块处理器故障,福特锐界,123601,2024-05-12 13:53
F8598,C0051,右后轮速传感器电路故障,吉利博越,68963,2024-04-02 16:39
F8599,B0016,驾驶员侧安全气囊模块故障,长城魏派VV7,126725,2024-12-12 17:26
F8600,P0113,进气温度传感器电压高,奔驰E级,52377,2025-03-08 16:53
F8601,P0301,1缸失火，发动机抖动,丰田卡罗拉,131640,2025-11-01 11:55
F8602,C0045,右前轮速传感器故障,大众朗逸,71861,2024-03-24 13:18
F8603,P0171,燃油系统过稀,本田思域,130520,2024-05-03 13:32
F8604,B1234,空调压缩机不工作,比亚迪汉,51134,2025-01-23 15:29
F8605,P0420,催化转化器效率低,宝马3系,143789,2025-08-30 08:13
F8606,P0299,涡轮增压器压力不足,福特蒙迪欧,114410,2025-05-17 09:39
F8607,C0121,刹车压力传感器信号异常,吉利星越L,142562,2025-08-14 11:25
F8608,B0081,主驾驶安全带传感器故障,奥迪A4L,104116,2025-04-28 15:01
F8609,P0521,机油压力传感器电路范围故障,长城哈弗H6,114472,2025-10-24 11:16
F8610,C0561,ABS系统控制模块故障,奔驰C级,32338,2025-06-10 08:05
F8611,P0340,凸轮轴位置传感器电路故障,丰田凯美瑞,113072,2025-10-18 15:42
F8612,B0100,空气囊控制模块故障,大众帕萨特,41678,2025-10-10 16:48
F8613,P0122,节气门位置传感器电压低,本田CR-V,59488,2024-02-28 08:34
F8614,C0035,左前轮速传感器电路故障,比亚迪宋PLUS,142678,2025-11-17 08:44
F8615,P0442,燃油蒸发系统泄漏（小泄漏）,宝马5系,24661,2025-01-06 08:51
F8616,B0200,右前安全气囊传感器故障,奥迪Q5L,51008,2024-11-03 17:42
F8617,P0606,ECM内部控制模块处理器故障,福特锐界,64587,2025-09-25 12:13
F8618,C0051,右后轮速传感器电路故障,吉利博越,37652,2025-11-21 10:54
F8619,B0016,驾驶员侧安全气囊模块故障,长城魏派VV7,36644,2025-03-14 09:39
F8620,P0113,进气温度传感器电压高,奔驰E级,125429,2025-01-25 12:51
F8621,P0301,1缸失火，发动机抖动,丰田卡罗拉,38460,2024-11-16 15:10
F8622,C0045,右前轮速传感器故障,大众朗逸,97914,2024-10-02 08:13
F8623,P0171,燃油系统过稀,本田思域,23672,2025-03-23 11:26
F8624,B1234,空调压缩机不工作,比亚迪汉,101768,2024-05-30 13:59
F8625,P0420,催化转化器效率低,宝马3系,66950,2024-03-15 10:56
F8626,P0299,涡轮增压器压力不足,福特蒙迪欧,59903,2024-05-15 12:32
F8627,C0121,刹车压力传感器信号异常,吉利星越L,48984,2025-05-20 11:35
F8628,B0081,主驾驶安全带传感器故障,奥迪A4L,37639,2025-10-12 09:15
F8629,P0521,机油压力传感器电路范围故障,长城哈弗H6,66177,2025-03-25 08:38
F8630,C0561,ABS系统控制模块故障,奔驰C级,44357,2024-06-01 11:52
F8631,P0340,凸轮轴位置传感器电路故障,丰田凯美瑞,131178,2025-11-05 08:53
F8632,B0100,空气囊控制模块故障,大众帕萨特,100643,2025-04-06 17:35
F8633,P0122,节气门位置传感器电压低,本田CR-V,140369,2024-04-27 08:56
F8634,C0035,左前轮速传感器电路故障,比亚迪宋PLUS,120223,2025-12-22 17:05
F8635,P0442,燃油蒸发系统泄漏（小泄漏）,宝马5系,62041,2024-10-12 13:56
F8636,B0200,右前安全气囊传感器故障,奥迪Q5L,35210,2024-05-31 11:18
F8637,P0606,ECM内部控制模块处理器故障,福特锐界,55834,2024-08-14 11:19
F8638,C0051,右后轮速传感器电路故障,吉利博越,131694,2024-12-09 11:48
F8639,B0016,驾驶员侧安全气囊模块故障,长城魏派VV7,128171,2024-05-10 14:42
F8640,P0113,进气温度传感器电压高,奔驰E级,85640,2025-06-05 10:21
F8641,P0301,1缸失火，发动机抖动,丰田卡罗拉,141189,2025-08-13 14:31
F8642,C0045,右前轮速传感器故障,大众朗逸,144307,2024-12-20 12:19
F8643,P0171,燃油系统过稀,本田思域,34163,2024-05-03 09:42
F8644,B1234,空调压缩机不工作,比亚迪汉,71527,2024-01-22 17:57
F8645,P0420,催化转化器效率低,宝马3系,55315,2025-07-06 09:17
F8646,P0299,涡轮增压器压力不足,福特蒙迪欧,80341,2025-02-19 14:17
F8647,C0121,刹车压力传感器信号异常,吉利星越L,25528,2024-11-06 13:23
F8648,B0081,主驾驶安全带传感器故障,奥迪A4L,59139,2024-06-03 08:09
F8649,P0521,机油压力传感器电路范围故障,长城哈弗H6,91038,2024-09-13 17:49
F8650,C0561,ABS系统控制模块故障,奔驰C级,61182,2025-09-06 16:23
F8651,P0340,凸轮轴位置传感器电路故障,丰田凯美瑞,79309,2024-07-14 09:59
F8652,B0100,空气囊控制模块故障,大众帕萨特,141227,2024-01-20 16:02
F8653,P0122,节气门位置传感器电压低,本田CR-V,51257,2025-05-03 10:51
F8654,C0035,左前轮速传感器电路故障,比亚迪宋PLUS,65634,2024-07-10 14:56
F8655,P0442,燃油蒸发系统泄漏（小泄漏）,宝马5系,147255,2024-12-13 10:36
F8656,B0200,右前安全气囊传感器故障,奥迪Q5L,105159,2024-12-26 08:01
F8657,P0606,ECM内部控制模块处理器故障,福特锐界,75915,2025-12-09 17:45
F8658,C0051,右后轮速传感器电路故障,吉利博越,97911,2024-04-04 15:00
F8659,B0016,驾驶员侧安全气囊模块故障,长城魏派VV7,90576,2024-03-04 15:23
F8660,P0113,进气温度传感器电压高,奔驰E级,107901,2025-03-02 12:16
F8661,P0301,1缸失火，发动机抖动,丰田卡罗拉,106099,2024-10-01 11:00
F8662,C0045,右前轮速传感器故障,大众朗逸,38836,2024-10-19 15:34
F8663,P0171,燃油系统过稀,本田思域,46510,2024-05-20 10:16
F8664,B1234,空调压缩机不工作,比亚迪汉,37954,2024-06-02 16:37
F8665,P0420,催化转化器效率低,宝马3系,58651,2025-04-24 08:00
F8666,P0299,涡轮增压器压力不足,福特蒙迪欧,118384,2024-04-26 14:11
F8667,C0121,刹车压力传感器信号异常,吉利星越L,130008,2025-10-28 15:31
F8668,B0081,主驾驶安全带传感器故障,奥迪A4L,23267,2025-09-11 11:48
F8669,P0521,机油压力传感器电路范围故障,长城哈弗H6,51103,2025-04-16 13:12
F8670,C0561,ABS系统控制模块故障,奔驰C级,148467,2024-05-08 14:38
F8671,P0340,凸轮轴位置传感器电路故障,丰田凯美瑞,110387,2024-05-22 11:10
F8672,B0100,空气囊控制模块故障,大众帕萨特,36395,2025-09-17 11:29
F8673,P0122,节气门位置传感器电压低,本田CR-V,38500,2025-04-25 12:03
F8674,C0035,左前轮速传感器电路故障,比亚迪宋PLUS,98790,2024-03-17 13:32
F8675,P0442,燃油蒸发系统泄漏（小泄漏）,宝马5系,58475,2024-01-04 13:48
F8676,B0200,右前安全气囊传感器故障,奥迪Q5L,114610,2024-07-09 11:25
F8677,P0606,ECM内部控制模块处理器故障,福特锐界,96229,2025-12-21 13:03
F8678,C0051,右后轮速传感器电路故障,吉利博越,58639,2024-08-28 13:19
F8679,B0016,驾驶员侧安全气囊模块故障,长城魏派VV7,29580,2025-12-27 13:34
F8680,P0113,进气温度传感器电压高,奔驰E级,26198,2024-07-28 16:46
F8681,P0301,1缸失火，发动机抖动,丰田卡罗拉,32676,2025-05-02 14:00
F8682,C0045,右前轮速传感器故障,大众朗逸,64383,2025-11-08 11:48
F8683,P0171,燃油系统过稀,本田思域,117069,2025-07-30 10:57
F8684,B1234,空调压缩机不工作,比亚迪汉,100622,2025-04-26 13:21
F8685,P0420,催化转化器效率低,宝马3系,147098,2025-02-05 12:49
F8686,P0299,涡轮增压器压力不足,福特蒙迪欧,123965,2024-09-10 08:20
F8687,C0121,刹车压力传感器信号异常,吉利星越L,125397,2024-12-01 10:22
F8688,B0081,主驾驶安全带传感器故障,奥迪A4L,140815,2024-07-04 13:19
F8689,P0521,机油压力传感器电路范围故障,长城哈弗H6,123095,2024-05-04 10:14
F8690,C0561,ABS系统控制模块故障,奔驰C级,140967,2025-05-22 12:49
F8691,P0340,凸轮轴位置传感器电路故障,丰田凯美瑞,127097,2024-09-03 16:34
F8692,B0100,空气囊控制模块故障,大众帕萨特,60639,2025-03-16 14:24
F8693,P0122,节气门位置传感器电压低,本田CR-V,95988,2024-02-16 08:07
F8694,C0035,左前轮速传感器电路故障,比亚迪宋PLUS,40842,2025-09-11 11:08
F8695,P0442,燃油蒸发系统泄漏（小泄漏）,宝马5系,81044,2025-10-11 12:26
F8696,B0200,右前安全气囊传感器故障,奥迪Q5L,133217,2025-01-05 13:12
F8697,P0606,ECM内部控制模块处理器故障,福特锐界,47812,2025-04-04 08:15
F8698,C0051,右后轮速传感器电路故障,吉利博越,72079,2024-10-26 09:29
F8699,B0016,驾驶员侧安全气囊模块故障,长城魏派VV7,87562,2024-08-31 15:02
F8700,P0113,进气温度传感器电压高,奔驰E级,119100,2025-11-03 13:06
F8701,P0301,1缸失火，发动机抖动,丰田卡罗拉,130059,2025-05-15 17:21
F8702,C0045,右前轮速传感器故障,大众朗逸,111694,2024-01-01 15:35
F8703,P0171,燃油系统过稀,本田思域,64750,2025-04-07 11:14
F8704,B1234,空调压缩机不工作,比亚迪汉,62431,2025-03-01 10:00
F8705,P0420,催化转化器效率低,宝马3系,147024,2024-05-26 14:37
F8706,P0299,涡轮增压器压力不足,福特蒙迪欧,24388,2024-01-30 13:51
F8707,C0121,刹车压力传感器信号异常,吉利星越L,34584,2024-09-26 15:05
F8708,B0081,主驾驶安全带传感器故障,奥迪A4L,78052,2024-01-19 16:51
F8709,P0521,机油压力传感器电路范围故障,长城哈弗H6,129883,2024-06-24 11:40
F8710,C0561,ABS系统控制模块故障,奔驰C级,135496,2024-11-06 11:20
F8711,P0340,凸轮轴位置传感器电路故障,丰田凯美瑞,124571,2025-03-22 12:50
F8712,B0100,空气囊控制模块故障,大众帕萨特,129182,2025-10-06 13:19
F8713,P0122,节气门位置传感器电压低,本田CR-V,36300,2025-01-22 13:32
F8714,C0035,左前轮速传感器电路故障,比亚迪宋PLUS,149394,2024-06-28 14:14
F8715,P0442,燃油蒸发系统泄漏（小泄漏）,宝马5系,105335,2025-06-09 11:14
F8716,B0200,右前安全气囊传感器故障,奥迪Q5L,148945,2024-02-26 13:48
F8717,P0606,ECM内部控制模块处理器故障,福特锐界,94605,2025-03-02 16:58
F8718,C0051,右后轮速传感器电路故障,吉利博越,73815,2024-11-20 09:30
F8719,B0016,驾驶员侧安全气囊模块故障,长城魏派VV7,43937,2024-07-08 15:40
F8720,P0113,进气温度传感器电压高,奔驰E级,62812,2025-11-02 11:48
F8721,P0301,1缸失火，发动机抖动,丰田卡罗拉,59255,2025-02-23 11:37
F8722,C0045,右前轮速传感器故障,大众朗逸,78340,2025-11-12 17:25
F8723,P0171,燃油系统过稀,本田思域,69702,2024-07-16 10:40
F8724,B1234,空调压缩机不工作,比亚迪汉,58419,2025-12-25 17:37
F8725,P0420,催化转化器效率低,宝马3系,134923,2024-10-27 08:35
F8726,P0299,涡轮增压器压力不足,福特蒙迪欧,100704,2024-09-30 10:24
F8727,C0121,刹车压力传感器信号异常,吉利星越L,128683,2024-04-26 08:15
F8728,B0081,主驾驶安全带传感器故障,奥迪A4L,115769,2024-03-13 14:59
F8729,P0521,机油压力传感器电路范围故障,长城哈弗H6,37884,2024-08-18 15:59
F8730,C0561,ABS系统控制模块故障,奔驰C级,113807,2025-12-08 12:41
F8731,P0340,凸轮轴位置传感器电路故障,丰田凯美瑞,29424,2025-04-21 14:18
F8732,B0100,空气囊控制模块故障,大众帕萨特,40749,2025-10-26 16:33
F8733,P0122,节气门位置传感器电压低,本田CR-V,120970,2024-07-29 11:43
F8734,C0035,左前轮速传感器电路故障,比亚迪宋PLUS,143149,2025-01-21 15:08
F8735,P0442,燃油蒸发系统泄漏（小泄漏）,宝马5系,94919,2025-11-26 11:23
F8736,B0200,右前安全气囊传感器故障,奥迪Q5L,64246,2024-12-17 14:19
F8737,P0606,ECM内部控制模块处理器故障,福特锐界,72279,2024-05-16 10:49
F8738,C0051,右后轮速传感器电路故障,吉利博越,86272,2024-01-22 09:56
F8739,B0016,驾驶员侧安全气囊模块故障,长城魏派VV7,28679,2025-01-03 12:27
F8740,P0113,进气温度传感器电压高,奔驰E级,147453,2025-11-24 11:05
F8741,P0301,1缸失火，发动机抖动,丰田卡罗拉,110556,2024-10-02 17:31
F8742,C0045,右前轮速传感器故障,大众朗逸,136070,2025-04-06 08:08
F8743,P0171,燃油系统过稀,本田思域,24249,2024-03-31 10:14
F8744,B1234,空调压缩机不工作,比亚迪汉,122760,2024-03-20 13:44
F8745,P0420,催化转化器效率低,宝马3系,23011,2025-05-22 13:25
F8746,P0299,涡轮增压器压力不足,福特蒙迪欧,118470,2024-08-21 17:40
F8747,C0121,刹车压力传感器信号异常,吉利星越L,135462,2025-06-07 12:26
F8748,B0081,主驾驶安全带传感器故障,奥迪A4L,79550,2025-08-29 13:28
F8749,P0521,机油压力传感器电路范围故障,长城哈弗H6,100819,2025-09-20 13:30
F8750,C0561,ABS系统控制模块故障,奔驰C级,45774,2025-09-01 15:45
F8751,P0340,凸轮轴位置传感器电路故障,丰田凯美瑞,103256,2024-08-21 15:27
F8752,B0100,空气囊控制模块故障,大众帕萨特,129838,2024-01-22 14:52
F8753,P0122,节气门位置传感器电压低,本田CR-V,37383,2024-06-06 10:14
F8754,C0035,左前轮速传感器电路故障,比亚迪宋PLUS,148528,2025-01-21 12:45
F8755,P0442,燃油蒸发系统泄漏（小泄漏）,宝马5系,135017,2024-01-15 09:18
F8756,B0200,右前安全气囊传感器故障,奥迪Q5L,22100,2025-03-24 14:34
F8757,P0606,ECM内部控制模块处理器故障,福特锐界,131006,2024-04-11 17:59
F8758,C0051,右后轮速传感器电路故障,吉利博越,77270,2025-07-26 14:45
F8759,B0016,驾驶员侧安全气囊模块故障,长城魏派VV7,111126,2025-04-09 13:08
F8760,P0113,进气温度传感器电压高,奔驰E级,129557,2024-04-17 11:31
F8761,P0301,1缸失火，发动机抖动,丰田卡罗拉,104318,2024-09-21 13:22
F8762,C0045,右前轮速传感器故障,大众朗逸,49151,2025-05-09 14:16
F8763,P0171,燃油系统过稀,本田思域,42794,2025-04-25 13:15
F8764,B1234,空调压缩机不工作,比亚迪汉,108256,2025-10-20 12:00
F8765,P0420,催化转化器效率低,宝马3系,81682,2025-02-24 09:50
F8766,P0299,涡轮增压器压力不足,福特蒙迪欧,102229,2025-10-10 09:03
F8767,C0121,刹车压力传感器信号异常,吉利星越L,25206,2025-07-25 08:18
F8768,B0081,主驾驶安全带传感器故障,奥迪A4L,59765,2024-01-30 17:31
F8769,P0521,机油压力传感器电路范围故障,长城哈弗H6,60983,2025-02-07 16:28
F8770,C0561,ABS系统控制模块故障,奔驰C级,142402,2025-09-07 09:24
F8771,P0340,凸轮轴位置传感器电路故障,丰田凯美瑞,145897,2024-12-07 10:49
F8772,B0100,空气囊控制模块故障,大众帕萨特,146487,2025-10-27 12:36
F8773,P0122,节气门位置传感器电压低,本田CR-V,109094,2024-06-01 11:55
F8774,C0035,左前轮速传感器电路故障,比亚迪宋PLUS,58550,2025-10-03 12:48
F8775,P0442,燃油蒸发系统泄漏（小泄漏）,宝马5系,23397,2024-02-29 14:15
F8776,B0200,右前安全气囊传感器故障,奥迪Q5L,91781,2024-11-26 08:52
F8777,P0606,ECM内部控制模块处理器故障,福特锐界,133071,2025-08-14 10:21
F8778,C0051,右后轮速传感器电路故障,吉利博越,79467,2025-07-26 08:02
F8779,B0016,驾驶员侧安全气囊模块故障,长城魏派VV7,26431,2025-07-24 09:10
F8780,P0113,进气温度传感器电压高,奔驰E级,64483,2025-08-11 11:08
F8781,P0301,1缸失火，发动机抖动,丰田卡罗拉,46250,2025-02-09 09:44
F8782,C0045,右前轮速传感器故障,大众朗逸,119583,2025-07-12 11:18
F8783,P0171,燃油系统过稀,本田思域,86727,2025-08-23 09:28
F8784,B1234,空调压缩机不工作,比亚迪汉,133911,2025-05-14 09:26
F8785,P0420,催化转化器效率低,宝马3系,41216,2024-09-11 17:10
F8786,P0299,涡轮增压器压力不足,福特蒙迪欧,96747,2025-02-15 11:24
F8787,C0121,刹车压力传感器信号异常,吉利星越L,62860,2025-12-11 17:47
F8788,B0081,主驾驶安全带传感器故障,奥迪A4L,31995,2024-04-11 10:43
F8789,P0521,机油压力传感器电路范围故障,长城哈弗H6,86998,2024-10-30 17:11
F8790,C0561,ABS系统控制模块故障,奔驰C级,24388,2024-11-06 16:23
F8791,P0340,凸轮轴位置传感器电路故障,丰田凯美瑞,45322,2025-08-24 11:17
F8792,B0100,空气囊控制模块故障,大众帕萨特,85952,2025-08-16 09:34
F8793,P0122,节气门位置传感器电压低,本田CR-V,78822,2024-10-07 15:35
F8794,C0035,左前轮速传感器电路故障,比亚迪宋PLUS,96724,2025-01-31 13:05
F8795,P0442,燃油蒸发系统泄漏（小泄漏）,宝马5系,137601,2025-05-17 16:40
F8796,B0200,右前安全气囊传感器故障,奥迪Q5L,85910,2024-06-28 17:37
F8797,P0606,ECM内部控制模块处理器故障,福特锐界,93659,2025-12-27 11:04
F8798,C0051,右后轮速传感器电路故障,吉利博越,57804,2024-05-19 17:22
F8799,B0016,驾驶员侧安全气囊模块故障,长城魏派VV7,106158,2025-04-03 10:42
F8800,P0113,进气温度传感器电压高,奔驰E级,25039,2024-11-07 08:42
F8801,P0301,1缸失火，发动机抖动,丰田卡罗拉,110427,2025-06-26 10:34
F8802,C0045,右前轮速传感器故障,大众朗逸,82277,2024-10-03 12:56
F8803,P0171,燃油系统过稀,本田思域,47127,2025-12-07 13:51
F8804,B1234,空调压缩机不工作,比亚迪汉,102970,2024-05-31 12:59
F8805,P0420,催化转化器效率低,宝马3系,125460,2025-09-07 15:34
F8806,P0299,涡轮增压器压力不足,福特蒙迪欧,21246,2024-12-23 09:47
F8807,C0121,刹车压力传感器信号异常,吉利星越L,101470,2025-03-09 09:32
F8808,B0081,主驾驶安全带传感器故障,奥迪A4L,25112,2025-10-28 17:21
F8809,P0521,机油压力传感器电路范围故障,长城哈弗H6,92323,2025-11-06 09:47
F8810,C0561,ABS系统控制模块故障,奔驰C级,32835,2024-05-10 17:51
F8811,P0340,凸轮轴位置传感器电路故障,丰田凯美瑞,144218,2024-07-02 09:46
F8812,B0100,空气囊控制模块故障,大众帕萨特,97453,2024-12-13 11:26
F8813,P0122,节气门位置传感器电压低,本田CR-V,79863,2025-06-23 16:04
F8814,C0035,左前轮速传感器电路故障,比亚迪宋PLUS,37080,2024-07-30 17:25
F8815,P0442,燃油蒸发系统泄漏（小泄漏）,宝马5系,113824,2025-03-15 13:31
F8816,B0200,右前安全气囊传感器故障,奥迪Q5L,44954,2025-02-11 11:17
F8817,P0606,ECM内部控制模块处理器故障,福特锐界,47515,2025-06-03 17:18
F8818,C0051,右后轮速传感器电路故障,吉利博越,49040,2024-06-09 16:50
F8819,B0016,驾驶员侧安全气囊模块故障,长城魏派VV7,99302,2025-07-23 16:00
F8820,P0113,进气温度传感器电压高,奔驰E级,142474,2025-06-28 13:38
F8821,P0301,1缸失火，发动机抖动,丰田卡罗拉,35549,2024-11-26 16:51
F8822,C0045,右前轮速传感器故障,大众朗逸,138586,2025-12-14 13:37
F8823,P0171,燃油系统过稀,本田思域,120087,2024-10-23 08:09
F8824,B1234,空调压缩机不工作,比亚迪汉,27248,2025-12-19 08:56
F8825,P0420,催化转化器效率低,宝马3系,110337,2025-03-13 15:27
F8826,P0299,涡轮增压器压力不足,福特蒙迪欧,105785,2024-07-18 09:53
F8827,C0121,刹车压力传感器信号异常,吉利星越L,75206,2025-11-28 12:59
F8828,B0081,主驾驶安全带传感器故障,奥迪A4L,67091,2024-02-11 16:30
F8829,P0521,机油压力传感器电路范围故障,长城哈弗H6,52000,2025-08-11 09:47
F8830,C0561,ABS系统控制模块故障,奔驰C级,125648,2024-08-22 12:21
F8831,P0340,凸轮轴位置传感器电路故障,丰田凯美瑞,130188,2025-01-08 16:22
F8832,B0100,空气囊控制模块故障,大众帕萨特,138738,2025-06-01 13:18
F8833,P0122,节气门位置传感器电压低,本田CR-V,62966,2024-12-07 08:31
F8834,C0035,左前轮速传感器电路故障,比亚迪宋PLUS,65942,2024-11-09 08:33
F8835,P0442,燃油蒸发系统泄漏（小泄漏）,宝马5系,66487,2024-03-20 17:14
F8836,B0200,右前安全气囊传感器故障,奥迪Q5L,78259,2024-03-12 10:19
F8837,P0606,ECM内部控制模块处理器故障,福特锐界,61081,2024-02-21 09:55
F8838,C0051,右后轮速传感器电路故障,吉利博越,26490,2025-08-09 14:58
F8839,B0016,驾驶员侧安全气囊模块故障,长城魏派VV7,80786,2025-03-08 17:58
F8840,P0113,进气温度传感器电压高,奔驰E级,78895,2025-06-07 16:59
F8841,P0301,1缸失火，发动机抖动,丰田卡罗拉,44679,2025-01-14 16:49
F8842,C0045,右前轮速传感器故障,大众朗逸,77480,2024-08-03 12:08
F8843,P0171,燃油系统过稀,本田思域,114032,2025-04-10 09:34
F8844,B1234,空调压缩机不工作,比亚迪汉,127448,2024-01-18 11:03
F8845,P0420,催化转化器效率低,宝马3系,50752,2025-09-29 12:34
F8846,P0299,涡轮增压器压力不足,福特蒙迪欧,100038,2025-03-24 12:45
F8847,C0121,刹车压力传感器信号异常,吉利星越L,134587,2025-07-12 13:31
F8848,B0081,主驾驶安全带传感器故障,奥迪A4L,142212,2024-08-13 17:44
F8849,P0521,机油压力传感器电路范围故障,长城哈弗H6,81933,2024-11-11 12:42
F8850,C0561,ABS系统控制模块故障,奔驰C级,70229,2024-05-15 08:07
F8851,P0340,凸轮轴位置传感器电路故障,丰田凯美瑞,108768,2024-04-03 14:32
F8852,B0100,空气囊控制模块故障,大众帕萨特,145533,2024-11-19 16:12
F8853,P0122,节气门位置传感器电压低,本田CR-V,49021,2024-12-15 11:52
F8854,C0035,左前轮速传感器电路故障,比亚迪宋PLUS,66648,2025-08-12 15:16
F8855,P0442,燃油蒸发系统泄漏（小泄漏）,宝马5系,122745,2025-03-02 08:55
F8856,B0200,右前安全气囊传感器故障,奥迪Q5L,117788,2024-10-17 09:17
F8857,P0606,ECM内部控制模块处理器故障,福特锐界,142905,2024-09-02 12:08
F8858,C0051,右后轮速传感器电路故障,吉利博越,37574,2025-06-11 08:52
F8859,B0016,驾驶员侧安全气囊模块故障,长城魏派VV7,119971,2025-12-26 15:25
F8860,P0113,进气温度传感器电压高,奔驰E级,94408,2024-02-18 15:46
F8861,P0301,1缸失火，发动机抖动,丰田卡罗拉,142060,2025-12-17 09:50
F8862,C0045,右前轮速传感器故障,大众朗逸,149386,2024-01-02 08:26
F8863,P0171,燃油系统过稀,本田思域,88624,2024-09-12 17:20
F8864,B1234,空调压缩机不工作,比亚迪汉,94652,2024-02-28 16:14
F8865,P0420,催化转化器效率低,宝马3系,93611,2025-10-29 15:06
F8866,P0299,涡轮增压器压力不足,福特蒙迪欧,128129,2024-03-13 12:42
F8867,C0121,刹车压力传感器信号异常,吉利星越L,99828,2025-03-07 17:41
F8868,B0081,主驾驶安全带传感器故障,奥迪A4L,65743,2025-06-19 13:54
F8869,P0521,机油压力传感器电路范围故障,长城哈弗H6,90661,2024-10-28 16:38
F8870,C0561,ABS系统控制模块故障,奔驰C级,149845,2024-08-22 15:17
F8871,P0340,凸轮轴位置传感器电路故障,丰田凯美瑞,42534,2024-05-27 10:19
F8872,B0100,空气囊控制模块故障,大众帕萨特,116126,2025-03-08 15:29
F8873,P0122,节气门位置传感器电压低,本田CR-V,51576,2024-06-19 16:13
F8874,C0035,左前轮速传感器电路故障,比亚迪宋PLUS,81674,2025-10-26 12:20
F8875,P0442,燃油蒸发系统泄漏（小泄漏）,宝马5系,60329,2024-07-20 13:36
F8876,B0200,右前安全气囊传感器故障,奥迪Q5L,64073,2025-08-20 15:50
F8877,P0606,ECM内部控制模块处理器故障,福特锐界,110028,2025-12-17 10:08
F8878,C0051,右后轮速传感器电路故障,吉利博越,143616,2025-08-17 13:19
F8879,B0016,驾驶员侧安全气囊模块故障,长城魏派VV7,38079,2025-04-10 13:27
F8880,P0113,进气温度传感器电压高,奔驰E级,75183,2025-10-07 09:26
F8881,P0301,1缸失火，发动机抖动,丰田卡罗拉,24866,2024-05-08 16:56
F8882,C0045,右前轮速传感器故障,大众朗逸,34793,2024-07-17 17:58
F8883,P0171,燃油系统过稀,本田思域,114079,2024-08-05 09:32
F8884,B1234,空调压缩机不工作,比亚迪汉,66263,2024-04-10 16:29
F8885,P0420,催化转化器效率低,宝马3系,37636,2025-03-03 11:41
F8886,P0299,涡轮增压器压力不足,福特蒙迪欧,89549,2024-10-03 16:07
F8887,C0121,刹车压力传感器信号异常,吉利星越L,76169,2025-06-15 08:48
F8888,B0081,主驾驶安全带传感器故障,奥迪A4L,31311,2024-09-10 14:40
F8889,P0521,机油压力传感器电路范围故障,长城哈弗H6,125590,2025-08-04 17:06
F8890,C0561,ABS系统控制模块故障,奔驰C级,114311,2024-02-12 17:28
F8891,P0340,凸轮轴位置传感器电路故障,丰田凯美瑞,37052,2024-08-19 08:09
F8892,B0100,空气囊控制模块故障,大众帕萨特,81643,2025-01-01 16:37
F8893,P0122,节气门位置传感器电压低,本田CR-V,118668,2025-10-22 11:35
F8894,C0035,左前轮速传感器电路故障,比亚迪宋PLUS,142067,2024-07-06 09:51
F8895,P0442,燃油蒸发系统泄漏（小泄漏）,宝马5系,22570,2024-04-10 11:18
F8896,B0200,右前安全气囊传感器故障,奥迪Q5L,147420,2024-11-25 08:00
F8897,P0606,ECM内部控制模块处理器故障,福特锐界,87096,2024-10-14 11:07
F8898,C0051,右后轮速传感器电路故障,吉利博越,39319,2025-07-23 09:51
F8899,B0016,驾驶员侧安全气囊模块故障,长城魏派VV7,84828,2024-03-22 17:53
F8900,P0113,进气温度传感器电压高,奔驰E级,130258,2025-09-13 15:38
F8901,P0301,1缸失火，发动机抖动,丰田卡罗拉,126988,2025-11-05 08:25
F8902,C0045,右前轮速传感器故障,大众朗逸,96146,2025-04-09 14:41
F8903,P0171,燃油系统过稀,本田思域,35793,2024-11-14 08:53
F8904,B1234,空调压缩机不工作,比亚迪汉,146255,2025-07-14 11:05
F8905,P0420,催化转化器效率低,宝马3系,23672,2024-11-17 09:37
F8906,P0299,涡轮增压器压力不足,福特蒙迪欧,132507,2024-08-03 15:26
F8907,C0121,刹车压力传感器信号异常,吉利星越L,110491,2024-01-17 16:37
F8908,B0081,主驾驶安全带传感器故障,奥迪A4L,36806,2024-11-21 09:23
F8909,P0521,机油压力传感器电路范围故障,长城哈弗H6,100810,2024-08-13 10:51
F8910,C0561,ABS系统控制模块故障,奔驰C级,35985,2025-03-04 11:31
F8911,P0340,凸轮轴位置传感器电路故障,丰田凯美瑞,149584,2025-09-08 13:30
F8912,B0100,空气囊控制模块故障,大众帕萨特,104674,2024-10-30 12:01
F8913,P0122,节气门位置传感器电压低,本田CR-V,86339,2025-11-22 17:07
F8914,C0035,左前轮速传感器电路故障,比亚迪宋PLUS,76187,2025-06-06 16:17
F8915,P0442,燃油蒸发系统泄漏（小泄漏）,宝马5系,79135,2024-03-02 16:58
F8916,B0200,右前安全气囊传感器故障,奥迪Q5L,63169,2024-06-07 16:03
F8917,P0606,ECM内部控制模块处理器故障,福特锐界,132864,2024-07-29 10:38
F8918,C0051,右后轮速传感器电路故障,吉利博越,135614,2025-08-10 13:08
F8919,B0016,驾驶员侧安全气囊模块故障,长城魏派VV7,126218,2024-11-15 17:04
F8920,P0113,进气温度传感器电压高,奔驰E级,52247,2025-03-02 13:32
F8921,P0301,1缸失火，发动机抖动,丰田卡罗拉,56388,2025-03-10 09:59
F8922,C0045,右前轮速传感器故障,大众朗逸,27322,2024-04-07 11:40
F8923,P0171,燃油系统过稀,本田思域,91793,2024-03-27 16:50
F8924,B1234,空调压缩机不工作,比亚迪汉,118206,2024-05-14 08:35
F8925,P0420,催化转化器效率低,宝马3系,109512,2024-10-26 10:12
F8926,P0299,涡轮增压器压力不足,福特蒙迪欧,31342,2024-12-12 12:57
F8927,C0121,刹车压力传感器信号异常,吉利星越L,60211,2024-11-15 17:23
F8928,B0081,主驾驶安全带传感器故障,奥迪A4L,94161,2024-12-03 09:02
F8929,P0521,机油压力传感器电路范围故障,长城哈弗H6,141556,2024-05-22 09:06
F8930,C0561,ABS系统控制模块故障,奔驰C级,96758,2025-11-04 11:31
F8931,P0340,凸轮轴位置传感器电路故障,丰田凯美瑞,83793,2025-01-02 17:10
F8932,B0100,空气囊控制模块故障,大众帕萨特,149769,2024-04-15 09:07
F8933,P0122,节气门位置传感器电压低,本田CR-V,71940,2024-10-11 14:16
F8934,C0035,左前轮速传感器电路故障,比亚迪宋PLUS,141376,2025-05-22 14:40
F8935,P0442,燃油蒸发系统泄漏（小泄漏）,宝马5系,29395,2024-12-18 17:28
F8936,B0200,右前安全气囊传感器故障,奥迪Q5L,133642,2025-05-22 10:46
F8937,P0606,ECM内部控制模块处理器故障,福特锐界,54240,2024-11-18 14:30
F8938,C0051,右后轮速传感器电路故障,吉利博越,36938,2025-03-09 12:57
F8939,B0016,驾驶员侧安全气囊模块故障,长城魏派VV7,82610,2025-11-07 14:10
F8940,P0113,进气温度传感器电压高,奔驰E级,72536,2025-05-20 08:29
F8941,P0301,1缸失火，发动机抖动,丰田卡罗拉,31553,2025-02-04 17:17
F8942,C0045,右前轮速传感器故障,大众朗逸,108491,2025-11-04 17:09
F8943,P0171,燃油系统过稀,本田思域,29649,2024-07-22 13:23
F8944,B1234,空调压缩机不工作,比亚迪汉,144120,2025-01-30 16:52
F8945,P0420,催化转化器效率低,宝马3系,67894,2025-02-01 10:33
F8946,P0299,涡轮增压器压力不足,福特蒙迪欧,61349,2025-12-15 08:31
F8947,C0121,刹车压力传感器信号异常,吉利星越L,24034,2024-02-26 08:17
F8948,B0081,主驾驶安全带传感器故障,奥迪A4L,92792,2024-09-21 13:33
F8949,P0521,机油压力传感器电路范围故障,长城哈弗H6,98654,2025-03-03 08:34
F8950,C0561,ABS系统控制模块故障,奔驰C级,76896,2024-08-25 15:55
F8951,P0340,凸轮轴位置传感器电路故障,丰田凯美瑞,92895,2025-04-23 14:33
F8952,B0100,空气囊控制模块故障,大众帕萨特,136770,2025-11-10 10:29
F8953,P0122,节气门位置传感器电压低,本田CR-V,77844,2024-11-02 15:46
F8954,C0035,左前轮速传感器电路故障,比亚迪宋PLUS,106501,2024-05-02 16:47
F8955,P0442,燃油蒸发系统泄漏（小泄漏）,宝马5系,118522,2024-09-14 08:53
F8956,B0200,右前安全气囊传感器故障,奥迪Q5L,40161,2025-03-10 12:29
F8957,P0606,ECM内部控制模块处理器故障,福特锐界,129368,2024-02-23 15:21
F8958,C0051,右后轮速传感器电路故障,吉利博越,119974,2025-11-12 14:14
F8959,B0016,驾驶员侧安全气囊模块故障,长城魏派VV7,104990,2025-06-28 10:30
F8960,P0113,进气温度传感器电压高,奔驰E级,22230,2025-08-02 15:20
F8961,P0301,1缸失火，发动机抖动,丰田卡罗拉,145497,2024-11-02 13:28
F8962,C0045,右前轮速传感器故障,大众朗逸,93706,2024-04-13 16:39
F8963,P0171,燃油系统过稀,本田思域,65789,2025-09-02 08:57
F8964,B1234,空调压缩机不工作,比亚迪汉,20659,2025-04-03 14:59
F8965,P0420,催化转化器效率低,宝马3系,97806,2025-06-23 09:13
F8966,P0299,涡轮增压器压力不足,福特蒙迪欧,90067,2024-07-07 11:33
F8967,C0121,刹车压力传感器信号异常,吉利星越L,68521,2025-04-04 16:29
F8968,B0081,主驾驶安全带传感器故障,奥迪A4L,127593,2025-09-06 10:03
F8969,P0521,机油压力传感器电路范围故障,长城哈弗H6,134872,2024-12-11 09:37
F8970,C0561,ABS系统控制模块故障,奔驰C级,45338,2025-02-13 09:42
F8971,P0340,凸轮轴位置传感器电路故障,丰田凯美瑞,35647,2025-03-21 10:17
F8972,B0100,空气囊控制模块故障,大众帕萨特,92696,2025-09-28 13:06
F8973,P0122,节气门位置传感器电压低,本田CR-V,51765,2025-01-22 11:35
F8974,C0035,左前轮速传感器电路故障,比亚迪宋PLUS,24954,2024-12-27 16:55
F8975,P0442,燃油蒸发系统泄漏（小泄漏）,宝马5系,23706,2024-04-10 15:20
F8976,B0200,右前安全气囊传感器故障,奥迪Q5L,147613,2024-05-30 14:50
F8977,P0606,ECM内部控制模块处理器故障,福特锐界,62090,2025-02-03 09:25
F8978,C0051,右后轮速传感器电路故障,吉利博越,123115,2025-03-27 13:01
F8979,B0016,驾驶员侧安全气囊模块故障,长城魏派VV7,39136,2025-07-29 13:57
F8980,P0113,进气温度传感器电压高,奔驰E级,144938,2025-12-30 13:14
F8981,P0301,1缸失火，发动机抖动,丰田卡罗拉,111738,2024-10-29 12:10
F8982,C0045,右前轮速传感器故障,大众朗逸,76779,2025-12-21 16:59
F8983,P0171,燃油系统过稀,本田思域,27039,2024-08-01 13:00
F8984,B1234,空调压缩机不工作,比亚迪汉,119568,2025-04-10 12:54
F8985,P0420,催化转化器效率低,宝马3系,57200,2025-07-30 17:55
F8986,P0299,涡轮增压器压力不足,福特蒙迪欧,132362,2025-07-11 13:01
F8987,C0121,刹车压力传感器信号异常,吉利星越L,28523,2025-08-30 08:32
F8988,B0081,主驾驶安全带传感器故障,奥迪A4L,41314,2024-08-22 13:07
F8989,P0521,机油压力传感器电路范围故障,长城哈弗H6,34199,2025-07-30 10:51
F8990,C0561,ABS系统控制模块故障,奔驰C级,101122,2025-02-06 14:40
F8991,P0340,凸轮轴位置传感器电路故障,丰田凯美瑞,31144,2025-05-17 13:13
F8992,B0100,空气囊控制模块故障,大众帕萨特,53144,2025-10-13 10:39
F8993,P0122,节气门位置传感器电压低,本田CR-V,70427,2025-02-03 12:12
F8994,C0035,左前轮速传感器电路故障,比亚迪宋PLUS,39597,2024-08-04 15:09
F8995,P0442,燃油蒸发系统泄漏（小泄漏）,宝马5系,119774,2025-03-15 10:03
F8996,B0200,右前安全气囊传感器故障,奥迪Q5L,30264,2025-07-29 09:28
F8997,P0606,ECM内部控制模块处理器故障,福特锐界,117189,2024-05-03 14:13
F8998,C0051,右后轮速传感器电路故障,吉利博越,84779,2024-02-29 08:39
F8999,B0016,驾驶员侧安全气囊模块故障,长城魏派VV7,86696,2024-11-12 08:55
F9000,P0113,进气温度传感器电压高,奔驰E级,67505,2024-03-01 10:00
F9001,P0301,1缸失火，发动机抖动,丰田卡罗拉,99522,2025-10-07 08:38
F9002,C0045,右前轮速传感器故障,大众朗逸,147986,2025-02-15 14:16
F9003,P0171,燃油系统过稀,本田思域,22610,2024-11-11 15:04
F9004,B1234,空调压缩机不工作,比亚迪汉,36734,2024-09-06 13:45
F9005,P0420,催化转化器效率低,宝马3系,55953,2024-06-03 14:29
F9006,P0299,涡轮增压器压力不足,福特蒙迪欧,148589,2025-09-09 12:37
F9007,C0121,刹车压力传感器信号异常,吉利星越L,77514,2025-08-28 16:51
F9008,B0081,主驾驶安全带传感器故障,奥迪A4L,20959,2025-11-12 12:48
F9009,P0521,机油压力传感器电路范围故障,长城哈弗H6,70318,2025-01-04 14:47
F9010,C0561,ABS系统控制模块故障,奔驰C级,72600,2024-11-30 16:31
F9011,P0340,凸轮轴位置传感器电路故障,丰田凯美瑞,20043,2024-05-23 17:48
F9012,B0100,空气囊控制模块故障,大众帕萨特,95626,2024-03-07 12:35
F9013,P0122,节气门位置传感器电压低,本田CR-V,106219,2024-01-27 15:55
F9014,C0035,左前轮速传感器电路故障,比亚迪宋PLUS,115929,2024-09-17 12:30
F9015,P0442,燃油蒸发系统泄漏（小泄漏）,宝马5系,131620,2025-12-10 12:03
F9016,B0200,右前安全气囊传感器故障,奥迪Q5L,130418,2024-07-03 17:42
F9017,P0606,ECM内部控制模块处理器故障,福特锐界,113736,2025-05-24 09:11
F9018,C0051,右后轮速传感器电路故障,吉利博越,69150,2024-02-18 08:24
F9019,B0016,驾驶员侧安全气囊模块故障,长城魏派VV7,111855,2025-11-04 13:16
F9020,P0113,进气温度传感器电压高,奔驰E级,129973,2025-06-18 14:54
F9021,P0301,1缸失火，发动机抖动,丰田卡罗拉,37502,2024-04-14 11:33
F9022,C0045,右前轮速传感器故障,大众朗逸,59848,2025-01-08 15:17
F9023,P0171,燃油系统过稀,本田思域,82056,2024-06-23 14:50
F9024,B1234,空调压缩机不工作,比亚迪汉,35488,2024-08-08 09:20
F9025,P0420,催化转化器效率低,宝马3系,120933,2024-05-24 08:24
F9026,P0299,涡轮增压器压力不足,福特蒙迪欧,64187,2024-08-14 10:59
F9027,C0121,刹车压力传感器信号异常,吉利星越L,59966,2024-10-28 09:55
F9028,B0081,主驾驶安全带传感器故障,奥迪A4L,22655,2025-02-23 10:30
F9029,P0521,机油压力传感器电路范围故障,长城哈弗H6,56991,2024-02-11 14:28
F9030,C0561,ABS系统控制模块故障,奔驰C级,66225,2024-06-04 16:53
F9031,P0340,凸轮轴位置传感器电路故障,丰田凯美瑞,143098,2024-03-03 13:01
F9032,B0100,空气囊控制模块故障,大众帕萨特,142726,2024-09-03 09:09
F9033,P0122,节气门位置传感器电压低,本田CR-V,70403,2024-09-01 08:18
F9034,C0035,左前轮速传感器电路故障,比亚迪宋PLUS,112635,2025-08-23 14:11
F9035,P0442,燃油蒸发系统泄漏（小泄漏）,宝马5系,94366,2025-12-24 15:43
F9036,B0200,右前安全气囊传感器故障,奥迪Q5L,52213,2024-08-30 16:29
F9037,P0606,ECM内部控制模块处理器故障,福特锐界,30726,2025-11-02 08:55
F9038,C0051,右后轮速传感器电路故障,吉利博越,26735,2024-01-25 08:39
F9039,B0016,驾驶员侧安全气囊模块故障,长城魏派VV7,52104,2024-08-06 10:48
F9040,P0113,进气温度传感器电压高,奔驰E级,62955,2025-04-18 17:32
F9041,P0301,1缸失火，发动机抖动,丰田卡罗拉,76511,2024-03-18 08:39
F9042,C0045,右前轮速传感器故障,大众朗逸,40434,2024-12-17 10:19
F9043,P0171,燃油系统过稀,本田思域,126082,2025-03-28 13:38
F9044,B1234,空调压缩机不工作,比亚迪汉,147724,2024-12-01 11:52
F9045,P0420,催化转化器效率低,宝马3系,25610,2025-04-11 09:30
F9046,P0299,涡轮增压器压力不足,福特蒙迪欧,149008,2024-04-08 16:28
F9047,C0121,刹车压力传感器信号异常,吉利星越L,55715,2025-09-01 13:23
F9048,B0081,主驾驶安全带传感器故障,奥迪A4L,97617,2025-01-21 09:51
F9049,P0521,机油压力传感器电路范围故障,长城哈弗H6,98341,2025-01-31 16:30
F9050,C0561,ABS系统控制模块故障,奔驰C级,115729,2024-11-27 08:08
F9051,P0340,凸轮轴位置传感器电路故障,丰田凯美瑞,58434,2025-10-05 15:12
F9052,B0100,空气囊控制模块故障,大众帕萨特,67478,2024-03-18 11:20
F9053,P0122,节气门位置传感器电压低,本田CR-V,48279,2024-09-01 17:54
F9054,C0035,左前轮速传感器电路故障,比亚迪宋PLUS,123377,2024-06-29 12:28
F9055,P0442,燃油蒸发系统泄漏（小泄漏）,宝马5系,73815,2024-01-31 13:42
F9056,B0200,右前安全气囊传感器故障,奥迪Q5L,37862,2024-05-09 12:40
F9057,P0606,ECM内部控制模块处理器故障,福特锐界,25280,2025-01-19 11:01
F9058,C0051,右后轮速传感器电路故障,吉利博越,26229,2025-11-30 12:23
F9059,B0016,驾驶员侧安全气囊模块故障,长城魏派VV7,129606,2024-04-20 17:59
F9060,P0113,进气温度传感器电压高,奔驰E级,130943,2025-05-26 13:45
F9061,P0301,1缸失火，发动机抖动,丰田卡罗拉,120719,2024-08-15 16:44
F9062,C0045,右前轮速传感器故障,大众朗逸,120896,2024-05-10 14:51
F9063,P0171,燃油系统过稀,本田思域,119769,2024-12-31 12:26
F9064,B1234,空调压缩机不工作,比亚迪汉,62133,2025-11-26 13:10
F9065,P0420,催化转化器效率低,宝马3系,88367,2025-07-12 12:50
F9066,P0299,涡轮增压器压力不足,福特蒙迪欧,84143,2024-02-19 08:59
F9067,C0121,刹车压力传感器信号异常,吉利星越L,59309,2025-03-28 14:15
F9068,B0081,主驾驶安全带传感器故障,奥迪A4L,45987,2024-05-25 11:05
F9069,P0521,机油压力传感器电路范围故障,长城哈弗H6,64498,2024-04-28 17:55
F9070,C0561,ABS系统控制模块故障,奔驰C级,117999,2025-02-13 14:51
F9071,P0340,凸轮轴位置传感器电路故障,丰田凯美瑞,99366,2025-02-16 09:08
F9072,B0100,空气囊控制模块故障,大众帕萨特,104840,2024-02-24 11:19
F9073,P0122,节气门位置传感器电压低,本田CR-V,66188,2025-12-19 10:03
F9074,C0035,左前轮速传感器电路故障,比亚迪宋PLUS,33311,2024-01-10 09:24
F9075,P0442,燃油蒸发系统泄漏（小泄漏）,宝马5系,127426,2024-02-19 12:30
F9076,B0200,右前安全气囊传感器故障,奥迪Q5L,28759,2025-10-20 15:13
F9077,P0606,ECM内部控制模块处理器故障,福特锐界,68026,2025-04-20 15:40
F9078,C0051,右后轮速传感器电路故障,吉利博越,20781,2025-08-05 16:17
F9079,B0016,驾驶员侧安全气囊模块故障,长城魏派VV7,50857,2025-10-28 12:17
F9080,P0113,进气温度传感器电压高,奔驰E级,53044,2024-08-05 11:40
F9081,P0301,1缸失火，发动机抖动,丰田卡罗拉,76401,2024-03-27 08:08
F9082,C0045,右前轮速传感器故障,大众朗逸,67001,2024-12-12 08:53
F9083,P0171,燃油系统过稀,本田思域,138135,2024-11-29 15:19
F9084,B1234,空调压缩机不工作,比亚迪汉,29280,2024-08-16 16:30
F9085,P0420,催化转化器效率低,宝马3系,75157,2024-06-05 13:05
F9086,P0299,涡轮增压器压力不足,福特蒙迪欧,125369,2025-03-19 12:39
F9087,C0121,刹车压力传感器信号异常,吉利星越L,108796,2025-11-29 14:15
F9088,B0081,主驾驶安全带传感器故障,奥迪A4L,134024,2025-06-17 14:14
F9089,P0521,机油压力传感器电路范围故障,长城哈弗H6,127859,2025-05-11 08:57
F9090,C0561,ABS系统控制模块故障,奔驰C级,123763,2025-08-27 13:51
F9091,P0340,凸轮轴位置传感器电路故障,丰田凯美瑞,78654,2024-07-29 14:11
F9092,B0100,空气囊控制模块故障,大众帕萨特,145699,2025-05-20 13:45
F9093,P0122,节气门位置传感器电压低,本田CR-V,120973,2024-10-01 13:52
F9094,C0035,左前轮速传感器电路故障,比亚迪宋PLUS,123053,2025-09-21 12:33
F9095,P0442,燃油蒸发系统泄漏（小泄漏）,宝马5系,148949,2025-01-29 12:53
F9096,B0200,右前安全气囊传感器故障,奥迪Q5L,111687,2025-08-23 11:25
F9097,P0606,ECM内部控制模块处理器故障,福特锐界,54600,2024-10-11 11:04
F9098,C0051,右后轮速传感器电路故障,吉利博越,47736,2025-06-27 10:31
F9099,B0016,驾驶员侧安全气囊模块故障,长城魏派VV7,76237,2024-07-22 11:26
F9100,P0113,进气温度传感器电压高,奔驰E级,124009,2024-05-11 15:50
F9101,P0301,1缸失火，发动机抖动,丰田卡罗拉,148206,2025-07-13 11:52
F9102,C0045,右前轮速传感器故障,大众朗逸,124559,2025-10-03 16:31
F9103,P0171,燃油系统过稀,本田思域,130019,2025-12-29 13:57
F9104,B1234,空调压缩机不工作,比亚迪汉,100967,2025-09-29 15:01
F9105,P0420,催化转化器效率低,宝马3系,26215,2025-05-10 16:23
F9106,P0299,涡轮增压器压力不足,福特蒙迪欧,125077,2025-03-04 09:18
F9107,C0121,刹车压力传感器信号异常,吉利星越L,38708,2024-01-23 15:47
F9108,B0081,主驾驶安全带传感器故障,奥迪A4L,29561,2024-09-20 12:12
F9109,P0521,机油压力传感器电路范围故障,长城哈弗H6,40505,2025-07-07 16:43
F9110,C0561,ABS系统控制模块故障,奔驰C级,118606,2025-05-22 14:45
F9111,P0340,凸轮轴位置传感器电路故障,丰田凯美瑞,72371,2025-03-09 15:57
F9112,B0100,空气囊控制模块故障,大众帕萨特,136980,2024-08-22 08:07
F9113,P0122,节气门位置传感器电压低,本田CR-V,105312,2025-04-17 14:20
F9114,C0035,左前轮速传感器电路故障,比亚迪宋PLUS,149904,2024-07-07 14:31
F9115,P0442,燃油蒸发系统泄漏（小泄漏）,宝马5系,49678,2024-04-26 17:50
F9116,B0200,右前安全气囊传感器故障,奥迪Q5L,101642,2025-03-15 17:37
F9117,P0606,ECM内部控制模块处理器故障,福特锐界,21492,2025-08-22 15:45
F9118,C0051,右后轮速传感器电路故障,吉利博越,21506,2024-08-21 11:48
F9119,B0016,驾驶员侧安全气囊模块故障,长城魏派VV7,62724,2024-11-04 10:54
F9120,P0113,进气温度传感器电压高,奔驰E级,112941,2024-01-24 16:26
F9121,P0301,1缸失火，发动机抖动,丰田卡罗拉,118549,2024-10-26 09:04
F9122,C0045,右前轮速传感器故障,大众朗逸,140140,2024-05-03 09:09
F9123,P0171,燃油系统过稀,本田思域,47696,2024-05-19 09:32
F9124,B1234,空调压缩机不工作,比亚迪汉,63401,2024-03-08 11:39
F9125,P0420,催化转化器效率低,宝马3系,130154,2024-12-29 15:59
F9126,P0299,涡轮增压器压力不足,福特蒙迪欧,130644,2025-04-03 08:47
F9127,C0121,刹车压力传感器信号异常,吉利星越L,103862,2025-05-05 11:50
F9128,B0081,主驾驶安全带传感器故障,奥迪A4L,53692,2025-06-27 10:59
F9129,P0521,机油压力传感器电路范围故障,长城哈弗H6,33583,2025-03-09 16:06
F9130,C0561,ABS系统控制模块故障,奔驰C级,66269,2024-01-14 17:27
F9131,P0340,凸轮轴位置传感器电路故障,丰田凯美瑞,55175,2025-04-10 10:55
F9132,B0100,空气囊控制模块故障,大众帕萨特,74708,2024-02-19 15:40
F9133,P0122,节气门位置传感器电压低,本田CR-V,89434,2024-11-29 10:11
F9134,C0035,左前轮速传感器电路故障,比亚迪宋PLUS,148281,2024-07-24 15:20
F9135,P0442,燃油蒸发系统泄漏（小泄漏）,宝马5系,106655,2024-03-08 13:20
F9136,B0200,右前安全气囊传感器故障,奥迪Q5L,38849,2025-08-13 13:19
F9137,P0606,ECM内部控制模块处理器故障,福特锐界,71064,2025-06-18 12:46
F9138,C0051,右后轮速传感器电路故障,吉利博越,23463,2024-02-18 14:48
F9139,B0016,驾驶员侧安全气囊模块故障,长城魏派VV7,55253,2025-02-12 15:53
F9140,P0113,进气温度传感器电压高,奔驰E级,125531,2024-01-23 12:09
F9141,P0301,1缸失火，发动机抖动,丰田卡罗拉,28146,2024-08-16 16:31
F9142,C0045,右前轮速传感器故障,大众朗逸,104899,2025-02-08 08:48
F9143,P0171,燃油系统过稀,本田思域,50332,2024-02-24 10:32
F9144,B1234,空调压缩机不工作,比亚迪汉,51264,2025-09-01 15:57
F9145,P0420,催化转化器效率低,宝马3系,138807,2025-08-27 13:32
F9146,P0299,涡轮增压器压力不足,福特蒙迪欧,30555,2025-05-13 12:41
F9147,C0121,刹车压力传感器信号异常,吉利星越L,107548,2025-02-18 15:20
F9148,B0081,主驾驶安全带传感器故障,奥迪A4L,21862,2024-08-25 15:49
F9149,P0521,机油压力传感器电路范围故障,长城哈弗H6,77955,2025-09-11 12:45
F9150,C0561,ABS系统控制模块故障,奔驰C级,140367,2025-11-07 14:54
F9151,P0340,凸轮轴位置传感器电路故障,丰田凯美瑞,124105,2025-02-07 17:42
F9152,B0100,空气囊控制模块故障,大众帕萨特,132201,2025-05-28 10:10
F9153,P0122,节气门位置传感器电压低,本田CR-V,93547,2025-12-02 15:24
F9154,C0035,左前轮速传感器电路故障,比亚迪宋PLUS,110499,2024-10-20 15:46
F9155,P0442,燃油蒸发系统泄漏（小泄漏）,宝马5系,60621,2025-05-23 09:52
F9156,B0200,右前安全气囊传感器故障,奥迪Q5L,68621,2024-09-22 10:06
F9157,P0606,ECM内部控制模块处理器故障,福特锐界,135752,2025-12-03 09:50
F9158,C0051,右后轮速传感器电路故障,吉利博越,28453,2025-03-10 16:35
F9159,B0016,驾驶员侧安全气囊模块故障,长城魏派VV7,105616,2024-12-22 11:11
F9160,P0113,进气温度传感器电压高,奔驰E级,33238,2024-04-14 15:02
F9161,P0301,1缸失火，发动机抖动,丰田卡罗拉,83927,2025-11-10 16:23
F9162,C0045,右前轮速传感器故障,大众朗逸,146211,2024-08-19 09:57
F9163,P0171,燃油系统过稀,本田思域,25923,2024-02-20 08:49
F9164,B1234,空调压缩机不工作,比亚迪汉,99376,2024-08-13 10:43
F9165,P0420,催化转化器效率低,宝马3系,49898,2025-05-27 12:32
F9166,P0299,涡轮增压器压力不足,福特蒙迪欧,20640,2024-08-08 08:23
F9167,C0121,刹车压力传感器信号异常,吉利星越L,54092,2025-02-24 11:03
F9168,B0081,主驾驶安全带传感器故障,奥迪A4L,67270,2024-07-09 09:12
F9169,P0521,机油压力传感器电路范围故障,长城哈弗H6,25666,2025-10-25 08:03
F9170,C0561,ABS系统控制模块故障,奔驰C级,58053,2025-07-28 08:14
F9171,P0340,凸轮轴位置传感器电路故障,丰田凯美瑞,39581,2025-06-03 08:22
F9172,B0100,空气囊控制模块故障,大众帕萨特,27125,2024-02-22 10:10
F9173,P0122,节气门位置传感器电压低,本田CR-V,32679,2025-01-13 10:49
F9174,C0035,左前轮速传感器电路故障,比亚迪宋PLUS,26747,2025-07-13 13:24
F9175,P0442,燃油蒸发系统泄漏（小泄漏）,宝马5系,109196,2025-07-15 11:45
F9176,B0200,右前安全气囊传感器故障,奥迪Q5L,69519,2024-12-14 14:36
F9177,P0606,ECM内部控制模块处理器故障,福特锐界,106003,2024-08-04 14:26
F9178,C0051,右后轮速传感器电路故障,吉利博越,114146,2024-01-10 08:51
F9179,B0016,驾驶员侧安全气囊模块故障,长城魏派VV7,135030,2024-08-12 11:11
F9180,P0113,进气温度传感器电压高,奔驰E级,97739,2024-05-21 16:00
F9181,P0301,1缸失火，发动机抖动,丰田卡罗拉,82836,2025-02-13 09:34
F9182,C0045,右前轮速传感器故障,大众朗逸,89941,2025-04-08 12:33
F9183,P0171,燃油系统过稀,本田思域,35276,2024-08-09 15:55
F9184,B1234,空调压缩机不工作,比亚迪汉,47804,2024-03-21 10:11
F9185,P0420,催化转化器效率低,宝马3系,97097,2024-06-05 15:57
F9186,P0299,涡轮增压器压力不足,福特蒙迪欧,124993,2025-05-04 11:28
F9187,C0121,刹车压力传感器信号异常,吉利星越L,113970,2025-10-11 09:34
F9188,B0081,主驾驶安全带传感器故障,奥迪A4L,80402,2025-10-05 14:33
F9189,P0521,机油压力传感器电路范围故障,长城哈弗H6,126857,2024-01-17 15:28
F9190,C0561,ABS系统控制模块故障,奔驰C级,120439,2024-10-09 15:56
F9191,P0340,凸轮轴位置传感器电路故障,丰田凯美瑞,45484,2025-11-12 16:27
F9192,B0100,空气囊控制模块故障,大众帕萨特,124213,2025-08-28 17:12
F9193,P0122,节气门位置传感器电压低,本田CR-V,68757,2025-07-11 11:01
F9194,C0035,左前轮速传感器电路故障,比亚迪宋PLUS,74166,2024-10-13 10:24
F9195,P0442,燃油蒸发系统泄漏（小泄漏）,宝马5系,91851,2024-07-16 12:48
F9196,B0200,右前安全气囊传感器故障,奥迪Q5L,64481,2024-09-14 09:37
F9197,P0606,ECM内部控制模块处理器故障,福特锐界,53685,2024-07-06 10:01
F9198,C0051,右后轮速传感器电路故障,吉利博越,136067,2025-08-28 13:52
F9199,B0016,驾驶员侧安全气囊模块故障,长城魏派VV7,125918,2024-07-25 12:11
F9200,P0113,进气温度传感器电压高,奔驰E级,36011,2024-07-02 15:44
F9201,P0301,1缸失火，发动机抖动,丰田卡罗拉,47737,2024-05-03 17:07
F9202,C0045,右前轮速传感器故障,大众朗逸,83221,2024-12-31 11:20
F9203,P0171,燃油系统过稀,本田思域,66330,2025-04-29 13:17
F9204,B1234,空调压缩机不工作,比亚迪汉,149771,2024-06-03 10:18
F9205,P0420,催化转化器效率低,宝马3系,39703,2025-07-13 15:27
F9206,P0299,涡轮增压器压力不足,福特蒙迪欧,142494,2024-10-30 11:35
F9207,C0121,刹车压力传感器信号异常,吉利星越L,54676,2024-12-26 12:44
F9208,B0081,主驾驶安全带传感器故障,奥迪A4L,138851,2024-12-26 13:02
F9209,P0521,机油压力传感器电路范围故障,长城哈弗H6,139331,2024-10-12 17:42
F9210,C0561,ABS系统控制模块故障,奔驰C级,131136,2024-02-08 09:33
F9211,P0340,凸轮轴位置传感器电路故障,丰田凯美瑞,121713,2024-08-10 16:00
F9212,B0100,空气囊控制模块故障,大众帕萨特,55857,2024-01-30 09:51
F9213,P0122,节气门位置传感器电压低,本田CR-V,63175,2024-08-08 15:11
F9214,C0035,左前轮速传感器电路故障,比亚迪宋PLUS,129948,2025-11-04 15:34
F9215,P0442,燃油蒸发系统泄漏（小泄漏）,宝马5系,129717,2024-06-14 14:05
F9216,B0200,右前安全气囊传感器故障,奥迪Q5L,77386,2024-02-29 13:05
F9217,P0606,ECM内部控制模块处理器故障,福特锐界,52290,2024-11-03 13:33
F9218,C0051,右后轮速传感器电路故障,吉利博越,57601,2025-07-03 14:37
F9219,B0016,驾驶员侧安全气囊模块故障,长城魏派VV7,142647,2025-03-18 08:24
F9220,P0113,进气温度传感器电压高,奔驰E级,31477,2025-11-29 08:40
F9221,P0301,1缸失火，发动机抖动,丰田卡罗拉,62448,2025-11-14 09:54
F9222,C0045,右前轮速传感器故障,大众朗逸,61260,2024-01-06 12:16
F9223,P0171,燃油系统过稀,本田思域,42413,2024-08-15 11:41
F9224,B1234,空调压缩机不工作,比亚迪汉,50086,2024-05-23 12:41
F9225,P0420,催化转化器效率低,宝马3系,127319,2025-08-31 09:09
F9226,P0299,涡轮增压器压力不足,福特蒙迪欧,137624,2025-05-13 08:40
F9227,C0121,刹车压力传感器信号异常,吉利星越L,134795,2024-05-04 13:32
F9228,B0081,主驾驶安全带传感器故障,奥迪A4L,22833,2025-03-06 08:12
F9229,P0521,机油压力传感器电路范围故障,长城哈弗H6,86292,2024-12-26 08:45
F9230,C0561,ABS系统控制模块故障,奔驰C级,52665,2024-09-07 08:04
F9231,P0340,凸轮轴位置传感器电路故障,丰田凯美瑞,73276,2024-05-01 12:15
F9232,B0100,空气囊控制模块故障,大众帕萨特,106923,2025-12-04 08:01
F9233,P0122,节气门位置传感器电压低,本田CR-V,38226,2025-03-13 08:56
F9234,C0035,左前轮速传感器电路故障,比亚迪宋PLUS,103409,2025-12-30 09:58
F9235,P0442,燃油蒸发系统泄漏（小泄漏）,宝马5系,92641,2024-10-29 16:28
F9236,B0200,右前安全气囊传感器故障,奥迪Q5L,115923,2025-09-26 14:05
F9237,P0606,ECM内部控制模块处理器故障,福特锐界,82980,2024-01-20 16:10
F9238,C0051,右后轮速传感器电路故障,吉利博越,141682,2025-10-29 12:07
F9239,B0016,驾驶员侧安全气囊模块故障,长城魏派VV7,127931,2024-01-15 10:47
F9240,P0113,进气温度传感器电压高,奔驰E级,82637,2024-05-16 08:54
F9241,P0301,1缸失火，发动机抖动,丰田卡罗拉,24368,2024-08-27 09:20
F9242,C0045,右前轮速传感器故障,大众朗逸,34016,2024-12-26 10:58
F9243,P0171,燃油系统过稀,本田思域,58753,2024-11-06 10:48
F9244,B1234,空调压缩机不工作,比亚迪汉,85947,2024-08-23 10:20
F9245,P0420,催化转化器效率低,宝马3系,37469,2024-03-18 13:58
F9246,P0299,涡轮增压器压力不足,福特蒙迪欧,129494,2024-08-07 10:17
F9247,C0121,刹车压力传感器信号异常,吉利星越L,112963,2025-05-12 12:33
F9248,B0081,主驾驶安全带传感器故障,奥迪A4L,77278,2025-09-19 09:59
F9249,P0521,机油压力传感器电路范围故障,长城哈弗H6,85593,2024-11-23 17:28
F9250,C0561,ABS系统控制模块故障,奔驰C级,97936,2025-08-18 08:02
F9251,P0340,凸轮轴位置传感器电路故障,丰田凯美瑞,40043,2024-09-24 08:54
F9252,B0100,空气囊控制模块故障,大众帕萨特,75692,2025-07-23 11:50
F9253,P0122,节气门位置传感器电压低,本田CR-V,109726,2025-10-17 16:05
F9254,C0035,左前轮速传感器电路故障,比亚迪宋PLUS,144312,2024-01-14 08:54
F9255,P0442,燃油蒸发系统泄漏（小泄漏）,宝马5系,32531,2024-05-28 12:59
F9256,B0200,右前安全气囊传感器故障,奥迪Q5L,24677,2024-02-09 16:09
F9257,P0606,ECM内部控制模块处理器故障,福特锐界,48308,2024-09-23 13:06
F9258,C0051,右后轮速传感器电路故障,吉利博越,106824,2025-10-03 16:20
F9259,B0016,驾驶员侧安全气囊模块故障,长城魏派VV7,62596,2025-02-14 14:23
F9260,P0113,进气温度传感器电压高,奔驰E级,120032,2024-11-09 12:59
F9261,P0301,1缸失火，发动机抖动,丰田卡罗拉,68753,2024-02-16 08:02
F9262,C0045,右前轮速传感器故障,大众朗逸,47608,2025-01-30 16:40
F9263,P0171,燃油系统过稀,本田思域,118001,2025-10-30 12:42
F9264,B1234,空调压缩机不工作,比亚迪汉,93071,2024-05-21 12:37
F9265,P0420,催化转化器效率低,宝马3系,120848,2024-04-13 11:14
F9266,P0299,涡轮增压器压力不足,福特蒙迪欧,100951,2025-11-09 11:24
F9267,C0121,刹车压力传感器信号异常,吉利星越L,128363,2025-05-10 08:57
F9268,B0081,主驾驶安全带传感器故障,奥迪A4L,134158,2024-07-10 11:46
F9269,P0521,机油压力传感器电路范围故障,长城哈弗H6,131500,2024-03-31 17:14
F9270,C0561,ABS系统控制模块故障,奔驰C级,71512,2025-08-03 17:09
F9271,P0340,凸轮轴位置传感器电路故障,丰田凯美瑞,142681,2025-05-20 13:09
F9272,B0100,空气囊控制模块故障,大众帕萨特,51854,2025-09-15 08:31
F9273,P0122,节气门位置传感器电压低,本田CR-V,136515,2025-07-25 17:15
F9274,C0035,左前轮速传感器电路故障,比亚迪宋PLUS,58458,2025-01-02 17:48
F9275,P0442,燃油蒸发系统泄漏（小泄漏）,宝马5系,114505,2024-12-04 13:01
F9276,B0200,右前安全气囊传感器故障,奥迪Q5L,63250,2024-11-30 15:08
F9277,P0606,ECM内部控制模块处理器故障,福特锐界,36232,2024-02-12 12:14
F9278,C0051,右后轮速传感器电路故障,吉利博越,42835,2024-08-05 09:47
F9279,B0016,驾驶员侧安全气囊模块故障,长城魏派VV7,42651,2025-11-22 13:59
F9280,P0113,进气温度传感器电压高,奔驰E级,112637,2024-01-30 09:27
F9281,P0301,1缸失火，发动机抖动,丰田卡罗拉,110315,2024-10-16 10:13
F9282,C0045,右前轮速传感器故障,大众朗逸,40537,2025-08-18 11:33
F9283,P0171,燃油系统过稀,本田思域,86578,2025-10-30 09:49
F9284,B1234,空调压缩机不工作,比亚迪汉,50462,2024-09-05 15:00
F9285,P0420,催化转化器效率低,宝马3系,131132,2025-10-20 16:28
F9286,P0299,涡轮增压器压力不足,福特蒙迪欧,119736,2025-07-30 15:31
F9287,C0121,刹车压力传感器信号异常,吉利星越L,149232,2024-10-14 08:10
F9288,B0081,主驾驶安全带传感器故障,奥迪A4L,60121,2024-05-15 12:50
F9289,P0521,机油压力传感器电路范围故障,长城哈弗H6,37823,2024-02-06 14:28
F9290,C0561,ABS系统控制模块故障,奔驰C级,63752,2025-04-02 15:02
F9291,P0340,凸轮轴位置传感器电路故障,丰田凯美瑞,139357,2025-01-30 14:59
F9292,B0100,空气囊控制模块故障,大众帕萨特,95877,2025-02-26 12:46
F9293,P0122,节气门位置传感器电压低,本田CR-V,75001,2025-03-01 08:30
F9294,C0035,左前轮速传感器电路故障,比亚迪宋PLUS,134659,2025-06-07 11:41
F9295,P0442,燃油蒸发系统泄漏（小泄漏）,宝马5系,110827,2025-05-14 15:45
F9296,B0200,右前安全气囊传感器故障,奥迪Q5L,125971,2024-11-20 17:59
F9297,P0606,ECM内部控制模块处理器故障,福特锐界,23404,2025-01-16 12:23
F9298,C0051,右后轮速传感器电路故障,吉利博越,107237,2024-04-25 10:52
F9299,B0016,驾驶员侧安全气囊模块故障,长城魏派VV7,145693,2024-12-15 12:48
F9300,P0113,进气温度传感器电压高,奔驰E级,44701,2025-12-06 16:32
F9301,P0301,1缸失火，发动机抖动,丰田卡罗拉,97938,2025-06-19 15:09
F9302,C0045,右前轮速传感器故障,大众朗逸,49040,2025-10-14 08:25
F9303,P0171,燃油系统过稀,本田思域,98865,2024-09-29 14:22
F9304,B1234,空调压缩机不工作,比亚迪汉,62048,2024-11-07 11:48
F9305,P0420,催化转化器效率低,宝马3系,81069,2025-03-29 17:36
F9306,P0299,涡轮增压器压力不足,福特蒙迪欧,113106,2025-07-17 10:24
F9307,C0121,刹车压力传感器信号异常,吉利星越L,149186,2024-01-08 09:44
F9308,B0081,主驾驶安全带传感器故障,奥迪A4L,101968,2024-12-03 16:12
F9309,P0521,机油压力传感器电路范围故障,长城哈弗H6,126893,2025-07-19 09:31
F9310,C0561,ABS系统控制模块故障,奔驰C级,69984,2024-11-19 12:36
F9311,P0340,凸轮轴位置传感器电路故障,丰田凯美瑞,134449,2024-09-27 16:20
F9312,B0100,空气囊控制模块故障,大众帕萨特,98694,2025-07-22 10:20
F9313,P0122,节气门位置传感器电压低,本田CR-V,39708,2025-03-16 17:53
F9314,C0035,左前轮速传感器电路故障,比亚迪宋PLUS,35634,2025-04-16 08:58
F9315,P0442,燃油蒸发系统泄漏（小泄漏）,宝马5系,96513,2024-03-10 17:24
F9316,B0200,右前安全气囊传感器故障,奥迪Q5L,65423,2025-07-12 09:43
F9317,P0606,ECM内部控制模块处理器故障,福特锐界,146293,2025-07-01 08:19
F9318,C0051,右后轮速传感器电路故障,吉利博越,143361,2024-10-23 08:52
F9319,B0016,驾驶员侧安全气囊模块故障,长城魏派VV7,45048,2025-04-23 15:25
F9320,P0113,进气温度传感器电压高,奔驰E级,65453,2025-08-05 14:30
F9321,P0301,1缸失火，发动机抖动,丰田卡罗拉,63621,2024-10-21 11:03
F9322,C0045,右前轮速传感器故障,大众朗逸,107692,2024-05-14 09:18
F9323,P0171,燃油系统过稀,本田思域,58794,2024-09-05 16:38
F9324,B1234,空调压缩机不工作,比亚迪汉,39578,2024-10-21 12:29
F9325,P0420,催化转化器效率低,宝马3系,74184,2025-10-07 13:49
F9326,P0299,涡轮增压器压力不足,福特蒙迪欧,143462,2025-03-04 09:40
F9327,C0121,刹车压力传感器信号异常,吉利星越L,94204,2024-02-13 16:25
F9328,B0081,主驾驶安全带传感器故障,奥迪A4L,139465,2024-03-09 17:23
F9329,P0521,机油压力传感器电路范围故障,长城哈弗H6,115070,2025-06-06 08:26
F9330,C0561,ABS系统控制模块故障,奔驰C级,46004,2024-04-01 09:34
F9331,P0340,凸轮轴位置传感器电路故障,丰田凯美瑞,124106,2025-02-01 11:29
F9332,B0100,空气囊控制模块故障,大众帕萨特,93703,2025-06-29 16:34
F9333,P0122,节气门位置传感器电压低,本田CR-V,87980,2024-05-04 13:46
F9334,C0035,左前轮速传感器电路故障,比亚迪宋PLUS,121010,2025-08-28 09:32
F9335,P0442,燃油蒸发系统泄漏（小泄漏）,宝马5系,139240,2025-09-19 08:18
F9336,B0200,右前安全气囊传感器故障,奥迪Q5L,115379,2024-06-18 10:14
F9337,P0606,ECM内部控制模块处理器故障,福特锐界,52354,2025-03-20 15:00
F9338,C0051,右后轮速传感器电路故障,吉利博越,93141,2025-08-03 15:47
F9339,B0016,驾驶员侧安全气囊模块故障,长城魏派VV7,115316,2025-02-28 12:12
F9340,P0113,进气温度传感器电压高,奔驰E级,45277,2024-05-20 10:51
F9341,P0301,1缸失火，发动机抖动,丰田卡罗拉,79581,2024-08-21 10:44
F9342,C0045,右前轮速传感器故障,大众朗逸,94541,2024-07-06 17:40
F9343,P0171,燃油系统过稀,本田思域,43476,2024-04-08 12:48
F9344,B1234,空调压缩机不工作,比亚迪汉,119279,2024-09-26 14:45
F9345,P0420,催化转化器效率低,宝马3系,105223,2025-11-02 08:49
F9346,P0299,涡轮增压器压力不足,福特蒙迪欧,42316,2025-11-16 08:44
F9347,C0121,刹车压力传感器信号异常,吉利星越L,66799,2025-06-02 10:05
F9348,B0081,主驾驶安全带传感器故障,奥迪A4L,96326,2025-07-21 17:55
F9349,P0521,机油压力传感器电路范围故障,长城哈弗H6,66853,2024-12-21 08:32
F9350,C0561,ABS系统控制模块故障,奔驰C级,37357,2025-03-07 12:40
F9351,P0340,凸轮轴位置传感器电路故障,丰田凯美瑞,111181,2024-11-07 10:01
F9352,B0100,空气囊控制模块故障,大众帕萨特,131200,2024-02-05 13:24
F9353,P0122,节气门位置传感器电压低,本田CR-V,110499,2024-05-26 12:07
F9354,C0035,左前轮速传感器电路故障,比亚迪宋PLUS,56820,2024-07-13 17:51
F9355,P0442,燃油蒸发系统泄漏（小泄漏）,宝马5系,93189,2025-08-12 16:10
F9356,B0200,右前安全气囊传感器故障,奥迪Q5L,65887,2025-01-21 16:54
F9357,P0606,ECM内部控制模块处理器故障,福特锐界,120458,2024-04-23 16:32
F9358,C0051,右后轮速传感器电路故障,吉利博越,36812,2024-01-18 16:46
F9359,B0016,驾驶员侧安全气囊模块故障,长城魏派VV7,76648,2025-12-02 08:06
F9360,P0113,进气温度传感器电压高,奔驰E级,83170,2025-02-23 13:16
F9361,P0301,1缸失火，发动机抖动,丰田卡罗拉,68625,2025-10-04 11:50
F9362,C0045,右前轮速传感器故障,大众朗逸,36141,2025-04-20 10:17
F9363,P0171,燃油系统过稀,本田思域,96152,2025-05-15 16:47
F9364,B1234,空调压缩机不工作,比亚迪汉,55250,2025-11-28 14:11
F9365,P0420,催化转化器效率低,宝马3系,25978,2024-03-14 16:25
F9366,P0299,涡轮增压器压力不足,福特蒙迪欧,132982,2024-10-21 12:48
F9367,C0121,刹车压力传感器信号异常,吉利星越L,126898,2025-10-10 10:53
F9368,B0081,主驾驶安全带传感器故障,奥迪A4L,49794,2025-06-09 09:19
F9369,P0521,机油压力传感器电路范围故障,长城哈弗H6,67102,2024-05-06 09:15
F9370,C0561,ABS系统控制模块故障,奔驰C级,92842,2024-03-03 08:42
F9371,P0340,凸轮轴位置传感器电路故障,丰田凯美瑞,35848,2025-05-25 15:21
F9372,B0100,空气囊控制模块故障,大众帕萨特,77869,2024-05-03 15:20
F9373,P0122,节气门位置传感器电压低,本田CR-V,120745,2024-07-26 14:39
F9374,C0035,左前轮速传感器电路故障,比亚迪宋PLUS,32833,2025-10-25 17:57
F9375,P0442,燃油蒸发系统泄漏（小泄漏）,宝马5系,147274,2025-06-05 15:06
F9376,B0200,右前安全气囊传感器故障,奥迪Q5L,71786,2024-08-23 15:27
F9377,P0606,ECM内部控制模块处理器故障,福特锐界,89992,2024-05-13 14:30
F9378,C0051,右后轮速传感器电路故障,吉利博越,24926,2024-12-13 11:43
F9379,B0016,驾驶员侧安全气囊模块故障,长城魏派VV7,139106,2024-04-11 10:21
F9380,P0113,进气温度传感器电压高,奔驰E级,37339,2024-06-24 10:28
F9381,P0301,1缸失火，发动机抖动,丰田卡罗拉,27534,2024-04-14 13:17
F9382,C0045,右前轮速传感器故障,大众朗逸,81589,2024-05-02 08:41
F9383,P0171,燃油系统过稀,本田思域,126491,2025-01-24 09:47
F9384,B1234,空调压缩机不工作,比亚迪汉,43969,2025-05-09 14:31
F9385,P0420,催化转化器效率低,宝马3系,137985,2025-08-06 11:08
F9386,P0299,涡轮增压器压力不足,福特蒙迪欧,62180,2025-01-23 08:42
F9387,C0121,刹车压力传感器信号异常,吉利星越L,106928,2024-10-24 16:45
F9388,B0081,主驾驶安全带传感器故障,奥迪A4L,27460,2025-01-09 11:22
F9389,P0521,机油压力传感器电路范围故障,长城哈弗H6,47115,2024-01-22 09:46
F9390,C0561,ABS系统控制模块故障,奔驰C级,88985,2025-06-21 15:36
F9391,P0340,凸轮轴位置传感器电路故障,丰田凯美瑞,25757,2024-09-04 12:30
F9392,B0100,空气囊控制模块故障,大众帕萨特,63593,2025-12-13 09:04
F9393,P0122,节气门位置传感器电压低,本田CR-V,114224,2025-05-16 09:49
F9394,C0035,左前轮速传感器电路故障,比亚迪宋PLUS,60547,2025-10-23 08:31
F9395,P0442,燃油蒸发系统泄漏（小泄漏）,宝马5系,63608,2024-11-25 15:19
F9396,B0200,右前安全气囊传感器故障,奥迪Q5L,111709,2024-01-24 16:08
F9397,P0606,ECM内部控制模块处理器故障,福特锐界,115429,2024-10-13 10:00
F9398,C0051,右后轮速传感器电路故障,吉利博越,87855,2024-12-28 12:19
F9399,B0016,驾驶员侧安全气囊模块故障,长城魏派VV7,22319,2025-05-30 09:22
F9400,P0113,进气温度传感器电压高,奔驰E级,42437,2024-12-23 12:43
F9401,P0301,1缸失火，发动机抖动,丰田卡罗拉,105647,2025-10-09 15:34
F9402,C0045,右前轮速传感器故障,大众朗逸,108417,2025-08-24 12:35
F9403,P0171,燃油系统过稀,本田思域,46688,2024-05-04 13:19
F9404,B1234,空调压缩机不工作,比亚迪汉,50411,2025-07-10 12:29
F9405,P0420,催化转化器效率低,宝马3系,70163,2025-05-21 10:43
F9406,P0299,涡轮增压器压力不足,福特蒙迪欧,118554,2024-10-24 09:11
F9407,C0121,刹车压力传感器信号异常,吉利星越L,141310,2024-09-19 14:45
F9408,B0081,主驾驶安全带传感器故障,奥迪A4L,56859,2024-01-25 15:09
F9409,P0521,机油压力传感器电路范围故障,长城哈弗H6,88247,2024-02-17 15:18
F9410,C0561,ABS系统控制模块故障,奔驰C级,82011,2025-07-20 12:43
F9411,P0340,凸轮轴位置传感器电路故障,丰田凯美瑞,119870,2025-09-11 13:38
F9412,B0100,空气囊控制模块故障,大众帕萨特,37780,2024-06-19 10:17
F9413,P0122,节气门位置传感器电压低,本田CR-V,130202,2024-11-25 13:21
F9414,C0035,左前轮速传感器电路故障,比亚迪宋PLUS,103065,2025-03-19 11:48
F9415,P0442,燃油蒸发系统泄漏（小泄漏）,宝马5系,132598,2024-04-06 09:16
F9416,B0200,右前安全气囊传感器故障,奥迪Q5L,54646,2025-09-28 12:26
F9417,P0606,ECM内部控制模块处理器故障,福特锐界,94126,2025-05-31 14:31
F9418,C0051,右后轮速传感器电路故障,吉利博越,51627,2024-06-17 12:58
F9419,B0016,驾驶员侧安全气囊模块故障,长城魏派VV7,91593,2025-03-09 15:55
F9420,P0113,进气温度传感器电压高,奔驰E级,119848,2025-05-12 11:45
F9421,P0301,1缸失火，发动机抖动,丰田卡罗拉,104405,2025-02-24 17:28
F9422,C0045,右前轮速传感器故障,大众朗逸,108616,2025-06-13 15:11
F9423,P0171,燃油系统过稀,本田思域,120928,2025-05-09 09:08
F9424,B1234,空调压缩机不工作,比亚迪汉,87564,2025-10-16 11:49
F9425,P0420,催化转化器效率低,宝马3系,115640,2024-08-09 09:28
F9426,P0299,涡轮增压器压力不足,福特蒙迪欧,98293,2024-09-09 11:06
F9427,C0121,刹车压力传感器信号异常,吉利星越L,78048,2024-12-06 09:42
F9428,B0081,主驾驶安全带传感器故障,奥迪A4L,105638,2025-05-25 16:35
F9429,P0521,机油压力传感器电路范围故障,长城哈弗H6,36328,2025-02-04 12:18
F9430,C0561,ABS系统控制模块故障,奔驰C级,80698,2025-03-16 15:32
F9431,P0340,凸轮轴位置传感器电路故障,丰田凯美瑞,29965,2024-11-27 16:08
F9432,B0100,空气囊控制模块故障,大众帕萨特,101520,2025-02-24 15:20
F9433,P0122,节气门位置传感器电压低,本田CR-V,149768,2025-01-31 08:58
F9434,C0035,左前轮速传感器电路故障,比亚迪宋PLUS,93347,2025-02-16 15:24
F9435,P0442,燃油蒸发系统泄漏（小泄漏）,宝马5系,23218,2024-06-03 10:40
F9436,B0200,右前安全气囊传感器故障,奥迪Q5L,61462,2025-09-17 13:36
F9437,P0606,ECM内部控制模块处理器故障,福特锐界,96482,2024-01-24 16:25
F9438,C0051,右后轮速传感器电路故障,吉利博越,76614,2025-08-31 10:19
F9439,B0016,驾驶员侧安全气囊模块故障,长城魏派VV7,58879,2024-01-27 15:58
F9440,P0113,进气温度传感器电压高,奔驰E级,93470,2025-12-23 17:20
F9441,P0301,1缸失火，发动机抖动,丰田卡罗拉,66419,2024-04-14 10:20
F9442,C0045,右前轮速传感器故障,大众朗逸,21784,2024-05-18 14:30
F9443,P0171,燃油系统过稀,本田思域,130251,2025-02-25 08:01
F9444,B1234,空调压缩机不工作,比亚迪汉,123780,2025-06-19 17:09
F9445,P0420,催化转化器效率低,宝马3系,76649,2024-01-06 11:00
F9446,P0299,涡轮增压器压力不足,福特蒙迪欧,82664,2024-12-03 12:49
F9447,C0121,刹车压力传感器信号异常,吉利星越L,89522,2024-06-12 14:54
F9448,B0081,主驾驶安全带传感器故障,奥迪A4L,71355,2024-01-11 09:14
F9449,P0521,机油压力传感器电路范围故障,长城哈弗H6,20297,2025-05-16 12:42
F9450,C0561,ABS系统控制模块故障,奔驰C级,82385,2024-04-28 14:29
F9451,P0340,凸轮轴位置传感器电路故障,丰田凯美瑞,64450,2025-11-29 12:19
F9452,B0100,空气囊控制模块故障,大众帕萨特,73968,2025-07-25 08:45
F9453,P0122,节气门位置传感器电压低,本田CR-V,129765,2024-01-10 13:30
F9454,C0035,左前轮速传感器电路故障,比亚迪宋PLUS,38501,2025-04-22 16:33
F9455,P0442,燃油蒸发系统泄漏（小泄漏）,宝马5系,30512,2024-10-22 13:45
F9456,B0200,右前安全气囊传感器故障,奥迪Q5L,102707,2025-03-27 10:37
F9457,P0606,ECM内部控制模块处理器故障,福特锐界,36611,2024-12-28 17:34
F9458,C0051,右后轮速传感器电路故障,吉利博越,139901,2025-11-20 10:55
F9459,B0016,驾驶员侧安全气囊模块故障,长城魏派VV7,25925,2024-09-08 08:54
F9460,P0113,进气温度传感器电压高,奔驰E级,36519,2025-01-18 12:07
F9461,P0301,1缸失火，发动机抖动,丰田卡罗拉,25704,2025-02-04 14:03
F9462,C0045,右前轮速传感器故障,大众朗逸,89355,2024-05-12 13:42
F9463,P0171,燃油系统过稀,本田思域,97242,2025-03-12 15:09
F9464,B1234,空调压缩机不工作,比亚迪汉,132714,2024-07-11 12:35
F9465,P0420,催化转化器效率低,宝马3系,144725,2024-10-12 17:35
F9466,P0299,涡轮增压器压力不足,福特蒙迪欧,127641,2024-12-30 13:28
F9467,C0121,刹车压力传感器信号异常,吉利星越L,88925,2025-10-13 17:57
F9468,B0081,主驾驶安全带传感器故障,奥迪A4L,100825,2024-10-13 11:03
F9469,P0521,机油压力传感器电路范围故障,长城哈弗H6,61472,2024-11-30 14:26
F9470,C0561,ABS系统控制模块故障,奔驰C级,29814,2024-03-28 10:52
F9471,P0340,凸轮轴位置传感器电路故障,丰田凯美瑞,66549,2024-10-31 09:57
F9472,B0100,空气囊控制模块故障,大众帕萨特,119341,2025-08-17 13:42
F9473,P0122,节气门位置传感器电压低,本田CR-V,143887,2024-01-29 09:11
F9474,C0035,左前轮速传感器电路故障,比亚迪宋PLUS,48825,2025-08-07 11:59
F9475,P0442,燃油蒸发系统泄漏（小泄漏）,宝马5系,110287,2025-02-01 10:53
F9476,B0200,右前安全气囊传感器故障,奥迪Q5L,41028,2024-09-22 11:05
F9477,P0606,ECM内部控制模块处理器故障,福特锐界,107293,2025-01-10 12:23
F9478,C0051,右后轮速传感器电路故障,吉利博越,87518,2025-03-20 10:11
F9479,B0016,驾驶员侧安全气囊模块故障,长城魏派VV7,92053,2024-06-29 17:31
F9480,P0113,进气温度传感器电压高,奔驰E级,98160,2025-02-07 10:48
F9481,P0301,1缸失火，发动机抖动,丰田卡罗拉,20435,2025-11-15 16:47
F9482,C0045,右前轮速传感器故障,大众朗逸,30046,2025-07-26 10:58
F9483,P0171,燃油系统过稀,本田思域,24770,2024-06-09 14:19
F9484,B1234,空调压缩机不工作,比亚迪汉,108177,2024-11-26 12:41
F9485,P0420,催化转化器效率低,宝马3系,71958,2024-09-11 09:57
F9486,P0299,涡轮增压器压力不足,福特蒙迪欧,149931,2025-10-04 09:55
F9487,C0121,刹车压力传感器信号异常,吉利星越L,66020,2024-11-15 16:11
F9488,B0081,主驾驶安全带传感器故障,奥迪A4L,81464,2025-09-01 15:03
F9489,P0521,机油压力传感器电路范围故障,长城哈弗H6,66050,2024-04-20 13:13
F9490,C0561,ABS系统控制模块故障,奔驰C级,140688,2025-07-18 08:10
F9491,P0340,凸轮轴位置传感器电路故障,丰田凯美瑞,110705,2024-07-20 13:35
F9492,B0100,空气囊控制模块故障,大众帕萨特,129400,2024-06-23 13:55
F9493,P0122,节气门位置传感器电压低,本田CR-V,61823,2024-10-17 08:29
F9494,C0035,左前轮速传感器电路故障,比亚迪宋PLUS,30815,2025-03-21 15:07
F9495,P0442,燃油蒸发系统泄漏（小泄漏）,宝马5系,101306,2025-12-08 11:37
F9496,B0200,右前安全气囊传感器故障,奥迪Q5L,100215,2024-05-22 17:57
F9497,P0606,ECM内部控制模块处理器故障,福特锐界,111941,2024-12-24 10:35
F9498,C0051,右后轮速传感器电路故障,吉利博越,105484,2024-10-19 15:13
F9499,B0016,驾驶员侧安全气囊模块故障,长城魏派VV7,39384,2025-01-12 13:15
F9500,P0113,进气温度传感器电压高,奔驰E级,51741,2024-07-15 15:06
F9501,P0301,1缸失火，发动机抖动,丰田卡罗拉,38853,2024-03-30 10:00
F9502,C0045,右前轮速传感器故障,大众朗逸,144817,2024-01-02 08:06
F9503,P0171,燃油系统过稀,本田思域,99183,2025-01-30 15:30
F9504,B1234,空调压缩机不工作,比亚迪汉,65162,2025-02-04 12:19
F9505,P0420,催化转化器效率低,宝马3系,36574,2025-11-09 12:56
F9506,P0299,涡轮增压器压力不足,福特蒙迪欧,148052,2024-07-28 16:27
F9507,C0121,刹车压力传感器信号异常,吉利星越L,131597,2024-11-30 08:27
F9508,B0081,主驾驶安全带传感器故障,奥迪A4L,47125,2024-10-22 09:26
F9509,P0521,机油压力传感器电路范围故障,长城哈弗H6,89594,2024-02-17 12:58
F9510,C0561,ABS系统控制模块故障,奔驰C级,113702,2025-12-02 15:48
F9511,P0340,凸轮轴位置传感器电路故障,丰田凯美瑞,56004,2024-01-14 16:13
F9512,B0100,空气囊控制模块故障,大众帕萨特,134484,2025-06-07 09:27
F9513,P0122,节气门位置传感器电压低,本田CR-V,125272,2024-12-03 11:55
F9514,C0035,左前轮速传感器电路故障,比亚迪宋PLUS,30481,2024-11-08 11:32
F9515,P0442,燃油蒸发系统泄漏（小泄漏）,宝马5系,60135,2024-02-04 09:07
F9516,B0200,右前安全气囊传感器故障,奥迪Q5L,118907,2024-01-02 11:33
F9517,P0606,ECM内部控制模块处理器故障,福特锐界,112480,2024-06-16 17:54
F9518,C0051,右后轮速传感器电路故障,吉利博越,87642,2025-03-03 10:14
F9519,B0016,驾驶员侧安全气囊模块故障,长城魏派VV7,115373,2025-12-09 12:26
F9520,P0113,进气温度传感器电压高,奔驰E级,123865,2025-05-09 11:10
F9521,P0301,1缸失火，发动机抖动,丰田卡罗拉,49070,2024-11-14 09:27
F9522,C0045,右前轮速传感器故障,大众朗逸,110197,2024-03-14 14:46
F9523,P0171,燃油系统过稀,本田思域,145439,2024-06-12 14:06
F9524,B1234,空调压缩机不工作,比亚迪汉,35887,2024-01-17 15:57
F9525,P0420,催化转化器效率低,宝马3系,52852,2024-10-31 16:32
F9526,P0299,涡轮增压器压力不足,福特蒙迪欧,143897,2025-08-26 12:47
F9527,C0121,刹车压力传感器信号异常,吉利星越L,113513,2024-04-19 09:21
F9528,B0081,主驾驶安全带传感器故障,奥迪A4L,130491,2025-12-06 11:04
F9529,P0521,机油压力传感器电路范围故障,长城哈弗H6,97341,2024-09-10 14:02
F9530,C0561,ABS系统控制模块故障,奔驰C级,54443,2025-09-05 13:22
F9531,P0340,凸轮轴位置传感器电路故障,丰田凯美瑞,23357,2025-12-15 10:54
F9532,B0100,空气囊控制模块故障,大众帕萨特,107434,2025-08-08 12:22
F9533,P0122,节气门位置传感器电压低,本田CR-V,60796,2025-01-27 08:05
F9534,C0035,左前轮速传感器电路故障,比亚迪宋PLUS,77352,2025-06-02 14:44
F9535,P0442,燃油蒸发系统泄漏（小泄漏）,宝马5系,100502,2024-03-05 15:59
F9536,B0200,右前安全气囊传感器故障,奥迪Q5L,31288,2025-02-14 16:09
F9537,P0606,ECM内部控制模块处理器故障,福特锐界,50048,2025-11-23 08:33
F9538,C0051,右后轮速传感器电路故障,吉利博越,40713,2025-10-28 16:45
F9539,B0016,驾驶员侧安全气囊模块故障,长城魏派VV7,40277,2024-01-11 09:30
F9540,P0113,进气温度传感器电压高,奔驰E级,67874,2025-09-10 08:05
F9541,P0301,1缸失火，发动机抖动,丰田卡罗拉,79995,2025-08-02 16:49
F9542,C0045,右前轮速传感器故障,大众朗逸,37053,2024-09-10 10:19
F9543,P0171,燃油系统过稀,本田思域,93995,2025-01-19 14:32
F9544,B1234,空调压缩机不工作,比亚迪汉,54173,2024-12-08 15:14
F9545,P0420,催化转化器效率低,宝马3系,102635,2024-03-04 08:47
F9546,P0299,涡轮增压器压力不足,福特蒙迪欧,141417,2024-04-06 13:19
F9547,C0121,刹车压力传感器信号异常,吉利星越L,73777,2024-01-18 09:55
F9548,B0081,主驾驶安全带传感器故障,奥迪A4L,147823,2025-01-10 09:57
F9549,P0521,机油压力传感器电路范围故障,长城哈弗H6,108398,2024-05-25 08:55
F9550,C0561,ABS系统控制模块故障,奔驰C级,103485,2024-04-12 10:01
F9551,P0340,凸轮轴位置传感器电路故障,丰田凯美瑞,126720,2025-10-27 09:26
F9552,B0100,空气囊控制模块故障,大众帕萨特,128445,2024-08-14 13:04
F9553,P0122,节气门位置传感器电压低,本田CR-V,34661,2025-07-30 16:47
F9554,C0035,左前轮速传感器电路故障,比亚迪宋PLUS,92585,2024-08-28 10:38
F9555,P0442,燃油蒸发系统泄漏（小泄漏）,宝马5系,88085,2024-04-14 10:45
F9556,B0200,右前安全气囊传感器故障,奥迪Q5L,111370,2025-07-04 11:00
F9557,P0606,ECM内部控制模块处理器故障,福特锐界,122527,2025-06-26 16:18
F9558,C0051,右后轮速传感器电路故障,吉利博越,66303,2025-12-05 12:26
F9559,B0016,驾驶员侧安全气囊模块故障,长城魏派VV7,61753,2025-03-27 10:58
F9560,P0113,进气温度传感器电压高,奔驰E级,115579,2025-06-08 17:12
F9561,P0301,1缸失火，发动机抖动,丰田卡罗拉,126350,2024-09-29 10:22
F9562,C0045,右前轮速传感器故障,大众朗逸,84917,2024-09-16 12:05
F9563,P0171,燃油系统过稀,本田思域,75102,2024-11-28 12:05
F9564,B1234,空调压缩机不工作,比亚迪汉,67707,2025-05-26 15:37
F9565,P0420,催化转化器效率低,宝马3系,112752,2025-07-06 15:09
F9566,P0299,涡轮增压器压力不足,福特蒙迪欧,88286,2024-05-08 08:30
F9567,C0121,刹车压力传感器信号异常,吉利星越L,103421,2025-09-03 16:17
F9568,B0081,主驾驶安全带传感器故障,奥迪A4L,129356,2024-04-23 11:04
F9569,P0521,机油压力传感器电路范围故障,长城哈弗H6,132730,2025-04-06 13:36
F9570,C0561,ABS系统控制模块故障,奔驰C级,107366,2024-04-14 13:41
F9571,P0340,凸轮轴位置传感器电路故障,丰田凯美瑞,66720,2025-05-24 17:09
F9572,B0100,空气囊控制模块故障,大众帕萨特,73306,2025-11-27 17:32
F9573,P0122,节气门位置传感器电压低,本田CR-V,102610,2024-09-05 15:46
F9574,C0035,左前轮速传感器电路故障,比亚迪宋PLUS,99935,2024-04-10 08:18
F9575,P0442,燃油蒸发系统泄漏（小泄漏）,宝马5系,58572,2025-01-08 11:06
F9576,B0200,右前安全气囊传感器故障,奥迪Q5L,44183,2024-01-28 11:48
F9577,P0606,ECM内部控制模块处理器故障,福特锐界,95480,2024-01-30 13:48
F9578,C0051,右后轮速传感器电路故障,吉利博越,28357,2024-09-19 09:35
F9579,B0016,驾驶员侧安全气囊模块故障,长城魏派VV7,91637,2025-10-20 15:14
F9580,P0113,进气温度传感器电压高,奔驰E级,124233,2024-07-09 12:31
F9581,P0301,1缸失火，发动机抖动,丰田卡罗拉,148877,2025-08-06 08:03
F9582,C0045,右前轮速传感器故障,大众朗逸,138456,2025-11-28 10:02
F9583,P0171,燃油系统过稀,本田思域,77897,2025-05-23 15:17
F9584,B1234,空调压缩机不工作,比亚迪汉,140594,2024-12-14 10:46
F9585,P0420,催化转化器效率低,宝马3系,39345,2025-09-28 15:09
F9586,P0299,涡轮增压器压力不足,福特蒙迪欧,96789,2025-04-06 14:10
F9587,C0121,刹车压力传感器信号异常,吉利星越L,121339,2024-09-30 11:14
F9588,B0081,主驾驶安全带传感器故障,奥迪A4L,71543,2024-10-06 12:42
F9589,P0521,机油压力传感器电路范围故障,长城哈弗H6,106510,2024-05-07 13:01
F9590,C0561,ABS系统控制模块故障,奔驰C级,121162,2025-12-10 15:39
F9591,P0340,凸轮轴位置传感器电路故障,丰田凯美瑞,64881,2025-06-29 16:17
F9592,B0100,空气囊控制模块故障,大众帕萨特,92247,2025-04-02 16:27
F9593,P0122,节气门位置传感器电压低,本田CR-V,149254,2025-10-03 09:02
F9594,C0035,左前轮速传感器电路故障,比亚迪宋PLUS,129344,2024-04-02 16:38
F9595,P0442,燃油蒸发系统泄漏（小泄漏）,宝马5系,51073,2024-11-09 15:24
F9596,B0200,右前安全气囊传感器故障,奥迪Q5L,74709,2024-02-23 17:46
F9597,P0606,ECM内部控制模块处理器故障,福特锐界,138940,2024-08-11 14:58
F9598,C0051,右后轮速传感器电路故障,吉利博越,125397,2025-04-15 17:57
F9599,B0016,驾驶员侧安全气囊模块故障,长城魏派VV7,119866,2025-12-07 11:17
F9600,P0113,进气温度传感器电压高,奔驰E级,96093,2024-01-09 15:15
F9601,P0301,1缸失火，发动机抖动,丰田卡罗拉,22320,2024-09-23 14:57
F9602,C0045,右前轮速传感器故障,大众朗逸,81161,2024-06-07 12:23
F9603,P0171,燃油系统过稀,本田思域,90244,2024-10-31 09:48
F9604,B1234,空调压缩机不工作,比亚迪汉,149452,2024-07-10 12:41
F9605,P0420,催化转化器效率低,宝马3系,27716,2025-04-12 16:06
F9606,P0299,涡轮增压器压力不足,福特蒙迪欧,125246,2025-02-20 08:15
F9607,C0121,刹车压力传感器信号异常,吉利星越L,90423,2025-04-11 13:35
F9608,B0081,主驾驶安全带传感器故障,奥迪A4L,45124,2024-08-22 12:28
F9609,P0521,机油压力传感器电路范围故障,长城哈弗H6,126697,2025-09-07 14:54
F9610,C0561,ABS系统控制模块故障,奔驰C级,32022,2025-10-02 12:59
F9611,P0340,凸轮轴位置传感器电路故障,丰田凯美瑞,30592,2024-06-15 08:40
F9612,B0100,空气囊控制模块故障,大众帕萨特,144279,2024-04-02 14:30
F9613,P0122,节气门位置传感器电压低,本田CR-V,117690,2025-11-04 16:21
F9614,C0035,左前轮速传感器电路故障,比亚迪宋PLUS,33471,2025-08-10 17:04
F9615,P0442,燃油蒸发系统泄漏（小泄漏）,宝马5系,118791,2025-04-24 17:02
F9616,B0200,右前安全气囊传感器故障,奥迪Q5L,105060,2024-12-30 10:54
F9617,P0606,ECM内部控制模块处理器故障,福特锐界,51101,2025-09-24 15:21
F9618,C0051,右后轮速传感器电路故障,吉利博越,110384,2025-10-27 17:49
F9619,B0016,驾驶员侧安全气囊模块故障,长城魏派VV7,62261,2025-08-22 16:49
F9620,P0113,进气温度传感器电压高,奔驰E级,132714,2024-06-07 13:04
F9621,P0301,1缸失火，发动机抖动,丰田卡罗拉,142450,2024-11-06 16:47
F9622,C0045,右前轮速传感器故障,大众朗逸,37547,2024-11-18 08:47
F9623,P0171,燃油系统过稀,本田思域,47722,2024-10-09 08:18
F9624,B1234,空调压缩机不工作,比亚迪汉,118560,2024-02-23 17:49
F9625,P0420,催化转化器效率低,宝马3系,124160,2025-12-14 17:12
F9626,P0299,涡轮增压器压力不足,福特蒙迪欧,118038,2024-08-16 15:16
F9627,C0121,刹车压力传感器信号异常,吉利星越L,84287,2025-05-08 17:09
F9628,B0081,主驾驶安全带传感器故障,奥迪A4L,75328,2024-06-07 09:51
F9629,P0521,机油压力传感器电路范围故障,长城哈弗H6,20762,2025-01-14 08:00
F9630,C0561,ABS系统控制模块故障,奔驰C级,81622,2025-08-14 10:19
F9631,P0340,凸轮轴位置传感器电路故障,丰田凯美瑞,101967,2024-08-19 15:43
F9632,B0100,空气囊控制模块故障,大众帕萨特,51180,2025-05-02 13:06
F9633,P0122,节气门位置传感器电压低,本田CR-V,30151,2024-01-16 08:03
F9634,C0035,左前轮速传感器电路故障,比亚迪宋PLUS,27746,2024-11-29 08:15
F9635,P0442,燃油蒸发系统泄漏（小泄漏）,宝马5系,58192,2025-11-01 09:18
F9636,B0200,右前安全气囊传感器故障,奥迪Q5L,80183,2025-02-25 09:58
F9637,P0606,ECM内部控制模块处理器故障,福特锐界,131848,2024-09-30 11:41
F9638,C0051,右后轮速传感器电路故障,吉利博越,107179,2024-09-13 09:25
F9639,B0016,驾驶员侧安全气囊模块故障,长城魏派VV7,120080,2025-06-17 16:19
F9640,P0113,进气温度传感器电压高,奔驰E级,148300,2025-04-09 12:27
F9641,P0301,1缸失火，发动机抖动,丰田卡罗拉,58781,2024-08-21 15:38
F9642,C0045,右前轮速传感器故障,大众朗逸,41366,2025-01-02 17:22
F9643,P0171,燃油系统过稀,本田思域,100734,2024-01-22 11:13
F9644,B1234,空调压缩机不工作,比亚迪汉,70693,2025-05-09 11:11
F9645,P0420,催化转化器效率低,宝马3系,138530,2024-09-22 12:53
F9646,P0299,涡轮增压器压力不足,福特蒙迪欧,102361,2025-07-04 10:22
F9647,C0121,刹车压力传感器信号异常,吉利星越L,119845,2025-12-07 16:24
F9648,B0081,主驾驶安全带传感器故障,奥迪A4L,105293,2025-11-12 13:36
F9649,P0521,机油压力传感器电路范围故障,长城哈弗H6,32673,2025-06-08 16:54
F9650,C0561,ABS系统控制模块故障,奔驰C级,62033,2025-08-06 08:51
F9651,P0340,凸轮轴位置传感器电路故障,丰田凯美瑞,81342,2025-06-30 12:20
F9652,B0100,空气囊控制模块故障,大众帕萨特,52954,2025-03-05 08:30
F9653,P0122,节气门位置传感器电压低,本田CR-V,114256,2024-12-28 16:43
F9654,C0035,左前轮速传感器电路故障,比亚迪宋PLUS,95126,2024-11-14 15:50
F9655,P0442,燃油蒸发系统泄漏（小泄漏）,宝马5系,82855,2024-07-01 15:12
F9656,B0200,右前安全气囊传感器故障,奥迪Q5L,43999,2025-02-14 13:20
F9657,P0606,ECM内部控制模块处理器故障,福特锐界,124619,2024-08-12 14:20
F9658,C0051,右后轮速传感器电路故障,吉利博越,20257,2025-12-24 11:44
F9659,B0016,驾驶员侧安全气囊模块故障,长城魏派VV7,146725,2025-11-18 13:12
F9660,P0113,进气温度传感器电压高,奔驰E级,62473,2025-08-27 13:03
F9661,P0301,1缸失火，发动机抖动,丰田卡罗拉,126578,2025-02-26 09:44
F9662,C0045,右前轮速传感器故障,大众朗逸,91409,2025-11-09 13:07
F9663,P0171,燃油系统过稀,本田思域,22831,2024-06-16 17:51
F9664,B1234,空调压缩机不工作,比亚迪汉,128939,2024-05-11 15:12
F9665,P0420,催化转化器效率低,宝马3系,41723,2024-07-01 09:50
F9666,P0299,涡轮增压器压力不足,福特蒙迪欧,121332,2024-10-27 12:22
F9667,C0121,刹车压力传感器信号异常,吉利星越L,82103,2024-08-19 11:36
F9668,B0081,主驾驶安全带传感器故障,奥迪A4L,55589,2025-11-22 13:54
F9669,P0521,机油压力传感器电路范围故障,长城哈弗H6,105764,2025-04-03 13:49
F9670,C0561,ABS系统控制模块故障,奔驰C级,49501,2024-09-22 16:24
F9671,P0340,凸轮轴位置传感器电路故障,丰田凯美瑞,33936,2025-01-25 16:57
F9672,B0100,空气囊控制模块故障,大众帕萨特,40856,2025-06-27 13:40
F9673,P0122,节气门位置传感器电压低,本田CR-V,42431,2024-01-03 17:06
F9674,C0035,左前轮速传感器电路故障,比亚迪宋PLUS,109738,2025-07-08 15:54
F9675,P0442,燃油蒸发系统泄漏（小泄漏）,宝马5系,144456,2025-09-06 08:44
F9676,B0200,右前安全气囊传感器故障,奥迪Q5L,69527,2024-10-22 16:08
F9677,P0606,ECM内部控制模块处理器故障,福特锐界,31905,2025-09-23 14:37
F9678,C0051,右后轮速传感器电路故障,吉利博越,40183,2025-07-09 14:15
F9679,B0016,驾驶员侧安全气囊模块故障,长城魏派VV7,72921,2024-03-04 12:51
F9680,P0113,进气温度传感器电压高,奔驰E级,91855,2024-04-15 12:22
F9681,P0301,1缸失火，发动机抖动,丰田卡罗拉,49664,2024-07-18 13:06
F9682,C0045,右前轮速传感器故障,大众朗逸,85385,2025-05-06 08:04
F9683,P0171,燃油系统过稀,本田思域,127469,2025-07-20 08:22
F9684,B1234,空调压缩机不工作,比亚迪汉,119390,2025-04-17 10:33
F9685,P0420,催化转化器效率低,宝马3系,103180,2025-03-17 12:59
F9686,P0299,涡轮增压器压力不足,福特蒙迪欧,34775,2025-01-20 12:23
F9687,C0121,刹车压力传感器信号异常,吉利星越L,81819,2024-12-12 13:45
F9688,B0081,主驾驶安全带传感器故障,奥迪A4L,25089,2025-09-06 15:26
F9689,P0521,机油压力传感器电路范围故障,长城哈弗H6,66262,2024-10-21 09:46
F9690,C0561,ABS系统控制模块故障,奔驰C级,79267,2024-05-14 09:20
F9691,P0340,凸轮轴位置传感器电路故障,丰田凯美瑞,131830,2025-04-29 13:04
F9692,B0100,空气囊控制模块故障,大众帕萨特,36599,2024-09-14 11:25
F9693,P0122,节气门位置传感器电压低,本田CR-V,92074,2025-08-12 16:10
F9694,C0035,左前轮速传感器电路故障,比亚迪宋PLUS,62274,2024-01-22 10:43
F9695,P0442,燃油蒸发系统泄漏（小泄漏）,宝马5系,109412,2025-01-23 16:13
F9696,B0200,右前安全气囊传感器故障,奥迪Q5L,107330,2024-03-19 10:20
F9697,P0606,ECM内部控制模块处理器故障,福特锐界,94170,2024-11-21 11:09
F9698,C0051,右后轮速传感器电路故障,吉利博越,35593,2024-03-09 11:13
F9699,B0016,驾驶员侧安全气囊模块故障,长城魏派VV7,130290,2025-10-11 14:16
F9700,P0113,进气温度传感器电压高,奔驰E级,125426,2025-07-02 13:25
F9701,P0301,1缸失火，发动机抖动,丰田卡罗拉,34048,2025-03-18 08:32
F9702,C0045,右前轮速传感器故障,大众朗逸,111912,2024-03-16 10:54
F9703,P0171,燃油系统过稀,本田思域,145453,2024-04-24 14:24
F9704,B1234,空调压缩机不工作,比亚迪汉,25291,2025-07-18 11:09
F9705,P0420,催化转化器效率低,宝马3系,148749,2024-01-25 15:56
F9706,P0299,涡轮增压器压力不足,福特蒙迪欧,104228,2024-10-28 10:15
F9707,C0121,刹车压力传感器信号异常,吉利星越L,116310,2025-08-27 11:41
F9708,B0081,主驾驶安全带传感器故障,奥迪A4L,85984,2025-04-28 11:45
F9709,P0521,机油压力传感器电路范围故障,长城哈弗H6,36552,2024-03-02 14:16
F9710,C0561,ABS系统控制模块故障,奔驰C级,128825,2025-09-12 14:46
F9711,P0340,凸轮轴位置传感器电路故障,丰田凯美瑞,67483,2025-08-07 13:36
F9712,B0100,空气囊控制模块故障,大众帕萨特,61956,2024-10-02 17:24
F9713,P0122,节气门位置传感器电压低,本田CR-V,147658,2024-02-26 16:13
F9714,C0035,左前轮速传感器电路故障,比亚迪宋PLUS,99907,2024-06-09 13:57
F9715,P0442,燃油蒸发系统泄漏（小泄漏）,宝马5系,23346,2025-11-14 08:21
F9716,B0200,右前安全气囊传感器故障,奥迪Q5L,63174,2025-08-13 16:09
F9717,P0606,ECM内部控制模块处理器故障,福特锐界,107936,2024-07-10 15:13
F9718,C0051,右后轮速传感器电路故障,吉利博越,23483,2025-01-27 10:42
F9719,B0016,驾驶员侧安全气囊模块故障,长城魏派VV7,35592,2024-06-09 16:46
F9720,P0113,进气温度传感器电压高,奔驰E级,100564,2025-05-31 16:10
F9721,P0301,1缸失火，发动机抖动,丰田卡罗拉,113090,2025-08-28 17:51
F9722,C0045,右前轮速传感器故障,大众朗逸,136386,2024-12-05 12:29
F9723,P0171,燃油系统过稀,本田思域,128653,2024-06-28 11:13
F9724,B1234,空调压缩机不工作,比亚迪汉,88276,2024-02-06 16:19
F9725,P0420,催化转化器效率低,宝马3系,121518,2025-12-30 17:15
F9726,P0299,涡轮增压器压力不足,福特蒙迪欧,38833,2025-11-15 12:05
F9727,C0121,刹车压力传感器信号异常,吉利星越L,68695,2025-06-03 15:32
F9728,B0081,主驾驶安全带传感器故障,奥迪A4L,74422,2025-08-22 15:18
F9729,P0521,机油压力传感器电路范围故障,长城哈弗H6,40281,2024-12-12 12:49
F9730,C0561,ABS系统控制模块故障,奔驰C级,139641,2025-02-07 17:10
F9731,P0340,凸轮轴位置传感器电路故障,丰田凯美瑞,20701,2025-07-23 14:16
F9732,B0100,空气囊控制模块故障,大众帕萨特,80449,2025-04-10 10:56
F9733,P0122,节气门位置传感器电压低,本田CR-V,149634,2025-02-20 15:04
F9734,C0035,左前轮速传感器电路故障,比亚迪宋PLUS,102208,2024-11-14 11:49
F9735,P0442,燃油蒸发系统泄漏（小泄漏）,宝马5系,108034,2025-10-06 14:05
F9736,B0200,右前安全气囊传感器故障,奥迪Q5L,56624,2024-07-03 16:53
F9737,P0606,ECM内部控制模块处理器故障,福特锐界,121306,2024-08-22 09:24
F9738,C0051,右后轮速传感器电路故障,吉利博越,127965,2025-02-19 08:05
F9739,B0016,驾驶员侧安全气囊模块故障,长城魏派VV7,34617,2024-07-15 17:21
F9740,P0113,进气温度传感器电压高,奔驰E级,131363,2024-06-05 10:06
F9741,P0301,1缸失火，发动机抖动,丰田卡罗拉,98132,2024-03-07 17:24
F9742,C0045,右前轮速传感器故障,大众朗逸,98653,2024-03-18 14:15
F9743,P0171,燃油系统过稀,本田思域,116406,2025-09-18 12:45
F9744,B1234,空调压缩机不工作,比亚迪汉,149908,2024-09-09 16:22
F9745,P0420,催化转化器效率低,宝马3系,29637,2025-08-03 13:48
F9746,P0299,涡轮增压器压力不足,福特蒙迪欧,108969,2024-11-12 10:17
F9747,C0121,刹车压力传感器信号异常,吉利星越L,128557,2025-03-02 08:36
F9748,B0081,主驾驶安全带传感器故障,奥迪A4L,36439,2025-01-28 08:04
F9749,P0521,机油压力传感器电路范围故障,长城哈弗H6,37518,2025-12-04 12:53
F9750,C0561,ABS系统控制模块故障,奔驰C级,76218,2025-08-14 16:03
F9751,P0340,凸轮轴位置传感器电路故障,丰田凯美瑞,46493,2024-11-07 09:26
F9752,B0100,空气囊控制模块故障,大众帕萨特,57389,2025-10-22 08:39
F9753,P0122,节气门位置传感器电压低,本田CR-V,67521,2025-12-16 17:12
F9754,C0035,左前轮速传感器电路故障,比亚迪宋PLUS,50644,2024-04-26 09:54
F9755,P0442,燃油蒸发系统泄漏（小泄漏）,宝马5系,63661,2024-03-14 11:25
F9756,B0200,右前安全气囊传感器故障,奥迪Q5L,85753,2025-06-16 16:26
F9757,P0606,ECM内部控制模块处理器故障,福特锐界,47217,2025-12-11 09:41
F9758,C0051,右后轮速传感器电路故障,吉利博越,141373,2025-05-16 13:20
F9759,B0016,驾驶员侧安全气囊模块故障,长城魏派VV7,29427,2024-09-23 10:46
F9760,P0113,进气温度传感器电压高,奔驰E级,64319,2025-09-24 12:50
F9761,P0301,1缸失火，发动机抖动,丰田卡罗拉,54340,2024-09-05 12:03
F9762,C0045,右前轮速传感器故障,大众朗逸,58452,2024-11-27 15:57
F9763,P0171,燃油系统过稀,本田思域,145284,2025-08-06 17:18
F9764,B1234,空调压缩机不工作,比亚迪汉,102634,2024-03-29 16:09
F9765,P0420,催化转化器效率低,宝马3系,25660,2024-02-29 14:40
F9766,P0299,涡轮增压器压力不足,福特蒙迪欧,100145,2025-02-09 12:58
F9767,C0121,刹车压力传感器信号异常,吉利星越L,104499,2024-02-24 12:48
F9768,B0081,主驾驶安全带传感器故障,奥迪A4L,83363,2024-10-18 13:10
F9769,P0521,机油压力传感器电路范围故障,长城哈弗H6,134319,2024-12-17 13:41
F9770,C0561,ABS系统控制模块故障,奔驰C级,114050,2025-09-16 08:50
F9771,P0340,凸轮轴位置传感器电路故障,丰田凯美瑞,45173,2025-08-25 09:53
F9772,B0100,空气囊控制模块故障,大众帕萨特,95287,2025-08-01 13:28
F9773,P0122,节气门位置传感器电压低,本田CR-V,72694,2024-05-26 09:13
F9774,C0035,左前轮速传感器电路故障,比亚迪宋PLUS,51518,2024-03-30 10:54
F9775,P0442,燃油蒸发系统泄漏（小泄漏）,宝马5系,56248,2025-05-27 09:44
F9776,B0200,右前安全气囊传感器故障,奥迪Q5L,65085,2025-01-13 09:01
F9777,P0606,ECM内部控制模块处理器故障,福特锐界,83812,2024-08-27 14:53
F9778,C0051,右后轮速传感器电路故障,吉利博越,90945,2024-12-11 15:30
F9779,B0016,驾驶员侧安全气囊模块故障,长城魏派VV7,61419,2025-10-14 09:49
F9780,P0113,进气温度传感器电压高,奔驰E级,26277,2025-06-13 14:50
F9781,P0301,1缸失火，发动机抖动,丰田卡罗拉,81238,2024-03-01 09:06
F9782,C0045,右前轮速传感器故障,大众朗逸,99364,2025-03-08 08:38
F9783,P0171,燃油系统过稀,本田思域,35539,2025-06-29 13:58
F9784,B1234,空调压缩机不工作,比亚迪汉,94813,2025-03-23 10:53
F9785,P0420,催化转化器效率低,宝马3系,95736,2024-07-20 09:49
F9786,P0299,涡轮增压器压力不足,福特蒙迪欧,102652,2024-08-04 08:33
F9787,C0121,刹车压力传感器信号异常,吉利星越L,61453,2024-06-12 17:25
F9788,B0081,主驾驶安全带传感器故障,奥迪A4L,49183,2024-09-09 17:00
F9789,P0521,机油压力传感器电路范围故障,长城哈弗H6,37928,2024-02-23 16:57
F9790,C0561,ABS系统控制模块故障,奔驰C级,41086,2024-06-10 17:13
F9791,P0340,凸轮轴位置传感器电路故障,丰田凯美瑞,95066,2024-07-16 16:02
F9792,B0100,空气囊控制模块故障,大众帕萨特,20825,2024-04-26 16:22
F9793,P0122,节气门位置传感器电压低,本田CR-V,139893,2024-06-11 16:57
F9794,C0035,左前轮速传感器电路故障,比亚迪宋PLUS,82044,2024-10-29 11:37
F9795,P0442,燃油蒸发系统泄漏（小泄漏）,宝马5系,62363,2025-08-01 16:07
F9796,B0200,右前安全气囊传感器故障,奥迪Q5L,56885,2025-06-17 16:40
F9797,P0606,ECM内部控制模块处理器故障,福特锐界,126028,2024-01-23 14:29
F9798,C0051,右后轮速传感器电路故障,吉利博越,47589,2025-06-04 13:14
F9799,B0016,驾驶员侧安全气囊模块故障,长城魏派VV7,59215,2025-02-10 15:12
F9800,P0113,进气温度传感器电压高,奔驰E级,89860,2024-05-10 08:46
F9801,P0301,1缸失火，发动机抖动,丰田卡罗拉,74009,2025-05-29 15:20
F9802,C0045,右前轮速传感器故障,大众朗逸,128633,2024-03-14 09:36
F9803,P0171,燃油系统过稀,本田思域,28458,2024-02-06 12:44
F9804,B1234,空调压缩机不工作,比亚迪汉,123663,2024-08-02 10:34
F9805,P0420,催化转化器效率低,宝马3系,129579,2024-06-07 08:44
F9806,P0299,涡轮增压器压力不足,福特蒙迪欧,118877,2025-01-13 09:31
F9807,C0121,刹车压力传感器信号异常,吉利星越L,73906,2024-01-01 12:47
F9808,B0081,主驾驶安全带传感器故障,奥迪A4L,55148,2024-07-26 08:24
F9809,P0521,机油压力传感器电路范围故障,长城哈弗H6,24252,2025-08-31 15:00
F9810,C0561,ABS系统控制模块故障,奔驰C级,28794,2024-05-15 13:59
F9811,P0340,凸轮轴位置传感器电路故障,丰田凯美瑞,50888,2024-11-16 15:18
F9812,B0100,空气囊控制模块故障,大众帕萨特,31583,2025-11-28 17:31
F9813,P0122,节气门位置传感器电压低,本田CR-V,87162,2024-01-05 10:05
F9814,C0035,左前轮速传感器电路故障,比亚迪宋PLUS,57554,2024-01-05 16:03
F9815,P0442,燃油蒸发系统泄漏（小泄漏）,宝马5系,24711,2024-11-13 09:19
F9816,B0200,右前安全气囊传感器故障,奥迪Q5L,90217,2025-12-30 16:03
F9817,P0606,ECM内部控制模块处理器故障,福特锐界,79923,2024-02-22 16:50
F9818,C0051,右后轮速传感器电路故障,吉利博越,47501,2024-01-19 16:44
F9819,B0016,驾驶员侧安全气囊模块故障,长城魏派VV7,125245,2025-05-04 13:27
F9820,P0113,进气温度传感器电压高,奔驰E级,60452,2024-04-26 08:08
F9821,P0301,1缸失火，发动机抖动,丰田卡罗拉,122792,2025-02-09 17:52
F9822,C0045,右前轮速传感器故障,大众朗逸,24869,2025-02-01 15:53
F9823,P0171,燃油系统过稀,本田思域,28084,2025-08-12 12:20
F9824,B1234,空调压缩机不工作,比亚迪汉,133609,2024-09-08 14:25
F9825,P0420,催化转化器效率低,宝马3系,43285,2024-09-19 14:07
F9826,P0299,涡轮增压器压力不足,福特蒙迪欧,145984,2024-05-28 12:47
F9827,C0121,刹车压力传感器信号异常,吉利星越L,67274,2024-11-16 16:00
F9828,B0081,主驾驶安全带传感器故障,奥迪A4L,83601,2024-01-07 09:45
F9829,P0521,机油压力传感器电路范围故障,长城哈弗H6,122196,2025-04-10 17:48
F9830,C0561,ABS系统控制模块故障,奔驰C级,49959,2024-12-22 10:32
F9831,P0340,凸轮轴位置传感器电路故障,丰田凯美瑞,146262,2025-03-09 13:45
F9832,B0100,空气囊控制模块故障,大众帕萨特,73253,2024-03-09 13:19
F9833,P0122,节气门位置传感器电压低,本田CR-V,148442,2025-11-02 11:14
F9834,C0035,左前轮速传感器电路故障,比亚迪宋PLUS,138854,2025-02-18 08:05
F9835,P0442,燃油蒸发系统泄漏（小泄漏）,宝马5系,114862,2024-07-01 10:00
F9836,B0200,右前安全气囊传感器故障,奥迪Q5L,142302,2025-05-29 14:58
F9837,P0606,ECM内部控制模块处理器故障,福特锐界,54837,2024-03-25 16:39
F9838,C0051,右后轮速传感器电路故障,吉利博越,128258,2025-01-22 09:23
F9839,B0016,驾驶员侧安全气囊模块故障,长城魏派VV7,61694,2025-12-04 15:18
F9840,P0113,进气温度传感器电压高,奔驰E级,148770,2024-08-10 14:27
F9841,P0301,1缸失火，发动机抖动,丰田卡罗拉,78538,2024-06-26 15:41
F9842,C0045,右前轮速传感器故障,大众朗逸,45681,2024-12-16 16:15
F9843,P0171,燃油系统过稀,本田思域,119060,2024-12-08 09:52
F9844,B1234,空调压缩机不工作,比亚迪汉,66513,2024-10-27 12:21
F9845,P0420,催化转化器效率低,宝马3系,107286,2024-06-14 09:07
F9846,P0299,涡轮增压器压力不足,福特蒙迪欧,79077,2025-08-15 08:16
F9847,C0121,刹车压力传感器信号异常,吉利星越L,22444,2024-02-14 13:36
F9848,B0081,主驾驶安全带传感器故障,奥迪A4L,62970,2024-05-26 12:13
F9849,P0521,机油压力传感器电路范围故障,长城哈弗H6,41959,2025-12-10 14:01
F9850,C0561,ABS系统控制模块故障,奔驰C级,137591,2025-01-02 08:51
F9851,P0340,凸轮轴位置传感器电路故障,丰田凯美瑞,114346,2024-11-09 15:51
F9852,B0100,空气囊控制模块故障,大众帕萨特,36627,2025-07-23 12:04
F9853,P0122,节气门位置传感器电压低,本田CR-V,88300,2024-10-04 12:37
F9854,C0035,左前轮速传感器电路故障,比亚迪宋PLUS,104212,2025-09-24 08:42
F9855,P0442,燃油蒸发系统泄漏（小泄漏）,宝马5系,38219,2025-09-08 14:48
F9856,B0200,右前安全气囊传感器故障,奥迪Q5L,134233,2025-08-31 10:33
F9857,P0606,ECM内部控制模块处理器故障,福特锐界,99224,2025-04-23 16:12
F9858,C0051,右后轮速传感器电路故障,吉利博越,22014,2025-09-05 11:18
F9859,B0016,驾驶员侧安全气囊模块故障,长城魏派VV7,67058,2025-01-18 10:52
F9860,P0113,进气温度传感器电压高,奔驰E级,145511,2025-09-24 11:07
F9861,P0301,1缸失火，发动机抖动,丰田卡罗拉,72971,2025-11-05 12:38
F9862,C0045,右前轮速传感器故障,大众朗逸,106935,2024-08-29 15:48
F9863,P0171,燃油系统过稀,本田思域,76295,2024-11-14 17:23
F9864,B1234,空调压缩机不工作,比亚迪汉,141025,2025-07-06 14:14
F9865,P0420,催化转化器效率低,宝马3系,100312,2025-03-23 09:11
F9866,P0299,涡轮增压器压力不足,福特蒙迪欧,79490,2025-03-07 15:58
F9867,C0121,刹车压力传感器信号异常,吉利星越L,22420,2024-11-11 15:21
F9868,B0081,主驾驶安全带传感器故障,奥迪A4L,146437,2025-09-29 09:06
F9869,P0521,机油压力传感器电路范围故障,长城哈弗H6,102450,2024-11-22 11:50
F9870,C0561,ABS系统控制模块故障,奔驰C级,75545,2024-08-08 17:27
F9871,P0340,凸轮轴位置传感器电路故障,丰田凯美瑞,124696,2024-11-19 09:39
F9872,B0100,空气囊控制模块故障,大众帕萨特,142509,2025-10-28 11:51
F9873,P0122,节气门位置传感器电压低,本田CR-V,108734,2025-01-20 13:19
F9874,C0035,左前轮速传感器电路故障,比亚迪宋PLUS,98153,2025-07-18 12:34
F9875,P0442,燃油蒸发系统泄漏（小泄漏）,宝马5系,58355,2024-06-12 12:12
F9876,B0200,右前安全气囊传感器故障,奥迪Q5L,118309,2024-12-28 14:55
F9877,P0606,ECM内部控制模块处理器故障,福特锐界,52696,2024-06-05 12:19
F9878,C0051,右后轮速传感器电路故障,吉利博越,121471,2025-02-26 08:05
F9879,B0016,驾驶员侧安全气囊模块故障,长城魏派VV7,49273,2025-08-27 13:26
F9880,P0113,进气温度传感器电压高,奔驰E级,148891,2024-02-27 14:47
F9881,P0301,1缸失火，发动机抖动,丰田卡罗拉,98084,2024-05-22 08:18
F9882,C0045,右前轮速传感器故障,大众朗逸,90624,2025-10-09 08:09
F9883,P0171,燃油系统过稀,本田思域,136405,2024-12-04 10:41
F9884,B1234,空调压缩机不工作,比亚迪汉,112182,2025-11-12 12:48
F9885,P0420,催化转化器效率低,宝马3系,135202,2025-02-28 08:33
F9886,P0299,涡轮增压器压力不足,福特蒙迪欧,141581,2024-03-05 17:56
F9887,C0121,刹车压力传感器信号异常,吉利星越L,42614,2025-06-04 10:29
F9888,B0081,主驾驶安全带传感器故障,奥迪A4L,70738,2025-03-31 16:08
F9889,P0521,机油压力传感器电路范围故障,长城哈弗H6,117875,2024-10-29 15:41
F9890,C0561,ABS系统控制模块故障,奔驰C级,88487,2025-08-30 17:00
F9891,P0340,凸轮轴位置传感器电路故障,丰田凯美瑞,77793,2024-06-21 11:40
F9892,B0100,空气囊控制模块故障,大众帕萨特,148414,2024-11-27 09:16
F9893,P0122,节气门位置传感器电压低,本田CR-V,49519,2024-01-29 11:25
F9894,C0035,左前轮速传感器电路故障,比亚迪宋PLUS,142289,2024-02-18 14:04
F9895,P0442,燃油蒸发系统泄漏（小泄漏）,宝马5系,46619,2024-04-22 08:00
F9896,B0200,右前安全气囊传感器故障,奥迪Q5L,82307,2025-02-11 12:37
F9897,P0606,ECM内部控制模块处理器故障,福特锐界,81194,2024-10-08 09:56
F9898,C0051,右后轮速传感器电路故障,吉利博越,50061,2025-09-19 15:01
F9899,B0016,驾驶员侧安全气囊模块故障,长城魏派VV7,48803,2025-09-12 11:10
F9900,P0113,进气温度传感器电压高,奔驰E级,70948,2025-07-19 08:24
F9901,P0301,1缸失火，发动机抖动,丰田卡罗拉,51397,2024-03-21 15:58
F9902,C0045,右前轮速传感器故障,大众朗逸,145221,2025-06-17 12:49
F9903,P0171,燃油系统过稀,本田思域,100789,2025-05-12 12:17
F9904,B1234,空调压缩机不工作,比亚迪汉,119856,2024-11-01 10:57
F9905,P0420,催化转化器效率低,宝马3系,104051,2025-07-02 09:20
F9906,P0299,涡轮增压器压力不足,福特蒙迪欧,133719,2024-12-14 13:24
F9907,C0121,刹车压力传感器信号异常,吉利星越L,126130,2025-01-18 12:11
F9908,B0081,主驾驶安全带传感器故障,奥迪A4L,40305,2024-12-15 11:49
F9909,P0521,机油压力传感器电路范围故障,长城哈弗H6,93393,2024-10-21 12:39
F9910,C0561,ABS系统控制模块故障,奔驰C级,57630,2024-01-17 13:58
F9911,P0340,凸轮轴位置传感器电路故障,丰田凯美瑞,56360,2025-06-27 15:09
F9912,B0100,空气囊控制模块故障,大众帕萨特,126749,2024-07-18 08:59
F9913,P0122,节气门位置传感器电压低,本田CR-V,36425,2024-06-04 12:42
F9914,C0035,左前轮速传感器电路故障,比亚迪宋PLUS,149834,2025-05-08 09:27
F9915,P0442,燃油蒸发系统泄漏（小泄漏）,宝马5系,87209,2024-07-16 17:24
F9916,B0200,右前安全气囊传感器故障,奥迪Q5L,63772,2025-02-13 17:41
F9917,P0606,ECM内部控制模块处理器故障,福特锐界,94244,2025-07-02 16:20
F9918,C0051,右后轮速传感器电路故障,吉利博越,76841,2025-07-26 17:00
F9919,B0016,驾驶员侧安全气囊模块故障,长城魏派VV7,76242,2024-09-26 10:50
F9920,P0113,进气温度传感器电压高,奔驰E级,93644,2025-03-20 16:43
F9921,P0301,1缸失火，发动机抖动,丰田卡罗拉,114549,2024-03-26 09:20
F9922,C0045,右前轮速传感器故障,大众朗逸,102622,2025-06-11 16:03
F9923,P0171,燃油系统过稀,本田思域,41527,2024-06-06 10:22
F9924,B1234,空调压缩机不工作,比亚迪汉,117814,2024-05-12 10:51
F9925,P0420,催化转化器效率低,宝马3系,38954,2024-10-25 17:20
F9926,P0299,涡轮增压器压力不足,福特蒙迪欧,101761,2024-01-26 16:47
F9927,C0121,刹车压力传感器信号异常,吉利星越L,118689,2024-12-20 16:58
F9928,B0081,主驾驶安全带传感器故障,奥迪A4L,48130,2024-06-10 16:07
F9929,P0521,机油压力传感器电路范围故障,长城哈弗H6,146152,2025-12-04 13:22
F9930,C0561,ABS系统控制模块故障,奔驰C级,38208,2025-08-23 08:20
F9931,P0340,凸轮轴位置传感器电路故障,丰田凯美瑞,78924,2025-04-20 15:31
F9932,B0100,空气囊控制模块故障,大众帕萨特,97696,2024-11-18 08:57
F9933,P0122,节气门位置传感器电压低,本田CR-V,131807,2024-03-21 09:46
F9934,C0035,左前轮速传感器电路故障,比亚迪宋PLUS,89700,2025-01-24 08:14
F9935,P0442,燃油蒸发系统泄漏（小泄漏）,宝马5系,144255,2025-10-28 15:12
F9936,B0200,右前安全气囊传感器故障,奥迪Q5L,128334,2025-12-13 11:45
F9937,P0606,ECM内部控制模块处理器故障,福特锐界,29938,2024-10-12 09:52
F9938,C0051,右后轮速传感器电路故障,吉利博越,99880,2024-03-17 15:58
F9939,B0016,驾驶员侧安全气囊模块故障,长城魏派VV7,26688,2025-10-12 17:58
F9940,P0113,进气温度传感器电压高,奔驰E级,68781,2025-08-21 15:25
F9941,P0301,1缸失火，发动机抖动,丰田卡罗拉,73156,2024-05-26 17:00
F9942,C0045,右前轮速传感器故障,大众朗逸,69129,2025-10-10 14:19
F9943,P0171,燃油系统过稀,本田思域,72459,2024-05-16 13:08
F9944,B1234,空调压缩机不工作,比亚迪汉,81837,2024-05-28 08:13
F9945,P0420,催化转化器效率低,宝马3系,100177,2025-04-29 17:49
F9946,P0299,涡轮增压器压力不足,福特蒙迪欧,28257,2024-10-01 11:46
F9947,C0121,刹车压力传感器信号异常,吉利星越L,83842,2024-12-04 15:42
F9948,B0081,主驾驶安全带传感器故障,奥迪A4L,91626,2025-01-15 14:39
F9949,P0521,机油压力传感器电路范围故障,长城哈弗H6,149352,2024-10-15 15:05
F9950,C0561,ABS系统控制模块故障,奔驰C级,53245,2024-12-17 13:34
F9951,P0340,凸轮轴位置传感器电路故障,丰田凯美瑞,68167,2024-11-08 16:49
F9952,B0100,空气囊控制模块故障,大众帕萨特,47136,2024-04-16 17:55
F9953,P0122,节气门位置传感器电压低,本田CR-V,61611,2025-06-17 15:43
F9954,C0035,左前轮速传感器电路故障,比亚迪宋PLUS,84635,2025-10-29 10:52
F9955,P0442,燃油蒸发系统泄漏（小泄漏）,宝马5系,51686,2025-05-30 17:12
F9956,B0200,右前安全气囊传感器故障,奥迪Q5L,142227,2025-04-14 10:57
F9957,P0606,ECM内部控制模块处理器故障,福特锐界,34802,2025-08-26 08:23
F9958,C0051,右后轮速传感器电路故障,吉利博越,50547,2024-12-11 11:01
F9959,B0016,驾驶员侧安全气囊模块故障,长城魏派VV7,149541,2024-02-16 11:29
F9960,P0113,进气温度传感器电压高,奔驰E级,146996,2025-08-08 17:24
F9961,P0301,1缸失火，发动机抖动,丰田卡罗拉,31324,2025-02-16 15:21
F9962,C0045,右前轮速传感器故障,大众朗逸,33668,2025-06-07 13:54
F9963,P0171,燃油系统过稀,本田思域,106159,2025-06-23 09:14
F9964,B1234,空调压缩机不工作,比亚迪汉,23193,2024-05-20 13:26
F9965,P0420,催化转化器效率低,宝马3系,140993,2024-09-01 13:29
F9966,P0299,涡轮增压器压力不足,福特蒙迪欧,29452,2024-08-27 08:11
F9967,C0121,刹车压力传感器信号异常,吉利星越L,120942,2025-09-24 13:06
F9968,B0081,主驾驶安全带传感器故障,奥迪A4L,102563,2024-06-27 12:56
F9969,P0521,机油压力传感器电路范围故障,长城哈弗H6,89018,2024-09-25 08:50
F9970,C0561,ABS系统控制模块故障,奔驰C级,112241,2025-08-11 12:45
F9971,P0340,凸轮轴位置传感器电路故障,丰田凯美瑞,101536,2025-10-21 11:03
F9972,B0100,空气囊控制模块故障,大众帕萨特,136535,2025-08-26 17:54
F9973,P0122,节气门位置传感器电压低,本田CR-V,144922,2024-10-08 12:41
F9974,C0035,左前轮速传感器电路故障,比亚迪宋PLUS,26918,2024-01-10 16:01
F9975,P0442,燃油蒸发系统泄漏（小泄漏）,宝马5系,70486,2024-05-10 09:53
F9976,B0200,右前安全气囊传感器故障,奥迪Q5L,37995,2024-03-19 12:30
F9977,P0606,ECM内部控制模块处理器故障,福特锐界,131932,2024-08-09 10:24
F9978,C0051,右后轮速传感器电路故障,吉利博越,105837,2025-12-16 11:27
F9979,B0016,驾驶员侧安全气囊模块故障,长城魏派VV7,94793,2025-04-05 12:44
F9980,P0113,进气温度传感器电压高,奔驰E级,147978,2025-06-10 10:35
F9981,P0301,1缸失火，发动机抖动,丰田卡罗拉,48261,2025-06-08 15:48
F9982,C0045,右前轮速传感器故障,大众朗逸,24929,2024-05-10 16:25
F9983,P0171,燃油系统过稀,本田思域,34222,2024-08-02 15:15
F9984,B1234,空调压缩机不工作,比亚迪汉,69878,2024-01-10 15:51
F9985,P0420,催化转化器效率低,宝马3系,42697,2024-05-24 11:11
F9986,P0299,涡轮增压器压力不足,福特蒙迪欧,67635,2025-11-13 10:31
F9987,C0121,刹车压力传感器信号异常,吉利星越L,134984,2025-06-21 14:14
F9988,B0081,主驾驶安全带传感器故障,奥迪A4L,87830,2024-06-03 11:15
F9989,P0521,机油压力传感器电路范围故障,长城哈弗H6,80712,2025-01-20 13:13
F9990,C0561,ABS系统控制模块故障,奔驰C级,116664,2024-11-16 11:22
F9991,P0340,凸轮轴位置传感器电路故障,丰田凯美瑞,62282,2024-01-03 15:55
F9992,B0100,空气囊控制模块故障,大众帕萨特,99112,2025-06-17 12:29
F9993,P0122,节气门位置传感器电压低,本田CR-V,41936,2025-12-21 10:51
F9994,C0035,左前轮速传感器电路故障,比亚迪宋PLUS,51719,2025-09-10 14:58
F9995,P0442,燃油蒸发系统泄漏（小泄漏）,宝马5系,75635,2025-12-07 13:13
F9996,B0200,右前安全气囊传感器故障,奥迪Q5L,21018,2025-03-22 15:35
F9997,P0606,ECM内部控制模块处理器故障,福特锐界,44781,2025-05-10 16:57
F9998,C0051,右后轮速传感器电路故障,吉利博越,101781,2024-05-17 11:05
F9999,B0016,驾驶员侧安全气囊模块故障,长城魏派VV7,89551,2025-09-06 11:43
F10000,P0113,进气温度传感器电压高,奔驰E级,106867,2024-03-27 14:22
