维修ID,故障ID,维修项目,更换配件,维修费用(元),维修时间
M001,F001,更换火花塞+缸线检查,铱金火花塞(4支),380,2024-12-28 13:49
M002,F002,更换轮速传感器,右前轮速传感器,260,2024-06-28 12:23
M003,F003,清洗节气门+燃油滤芯更换,燃油滤芯,420,2024-09-07 12:47
M004,F004,维修空调压缩机,压缩机电磁阀,580,2025-11-22 18:34
M005,F005,更换催化转化器,原厂催化转化器,2800,2024-05-13 10:41
M006,F006,更换涡轮增压器电磁阀,涡轮电磁阀,850,2024-12-08 12:20
M007,F007,更换刹车压力传感器,刹车压力传感器,480,2025-01-09 12:51
M008,F008,更换安全带传感器,主驾驶安全带传感器,320,2024-02-06 16:05
M009,F009,更换机油压力传感器,机油压力传感器,450,2025-11-01 12:34
M010,F010,维修ABS控制模块,ABS控制模块维修包,1200,2024-10-22 11:28
M011,F011,更换凸轮轴位置传感器,凸轮轴位置传感器,520,2024-11-24 12:39
M012,F012,维修安全气囊控制模块,安全气囊控制模块编程,800,2025-05-22 11:24
M013,F013,更换节气门位置传感器,节气门位置传感器,480,2024-06-03 16:06
M014,F014,更换左前轮速传感器,左前轮速传感器,280,2024-12-21 12:31
M015,F015,检查燃油蒸发系统管路,燃油蒸发管密封垫,350,2024-06-27 17:46
M016,F016,更换右前安全气囊传感器,右前安全气囊传感器,650,2025-04-27 18:53
M017,F017,升级ECM控制模块程序,ECM程序升级包,980,2024-09-05 18:49
M018,F018,更换右后轮速传感器,右后轮速传感器,270,2024-10-28 14:08
M019,F019,更换驾驶员侧安全气囊模块,驾驶员侧安全气囊模块,1500,2025-02-16 17:04
M020,F020,更换进气温度传感器,进气温度传感器,380,2024-06-14 18:26
M021,F021,更换火花塞+缸线检查,铱金火花塞(4支),380,2024-04-04 14:08
M022,F022,更换轮速传感器,右前轮速传感器,260,2025-12-12 10:39
M023,F023,清洗节气门+燃油滤芯更换,燃油滤芯,420,2024-01-24 19:33
M024,F024,维修空调压缩机,压缩机电磁阀,580,2025-05-08 15:29
M025,F025,更换催化转化器,原厂催化转化器,2800,2024-04-05 16:24
M026,F026,更换涡轮增压器电磁阀,涡轮电磁阀,850,2024-03-22 10:20
M027,F027,更换刹车压力传感器,刹车压力传感器,480,2024-06-13 09:00
M028,F028,更换安全带传感器,主驾驶安全带传感器,320,2025-08-03 19:10
M029,F029,更换机油压力传感器,机油压力传感器,450,2024-02-14 19:52
M030,F030,维修ABS控制模块,ABS控制模块维修包,1200,2024-12-31 14:59
M031,F031,更换凸轮轴位置传感器,凸轮轴位置传感器,520,2024-05-07 18:55
M032,F032,维修安全气囊控制模块,安全气囊控制模块编程,800,2025-05-02 16:05
M033,F033,更换节气门位置传感器,节气门位置传感器,480,2025-06-25 12:37
M034,F034,更换左前轮速传感器,左前轮速传感器,280,2025-02-07 17:34
M035,F035,检查燃油蒸发系统管路,燃油蒸发管密封垫,350,2025-06-14 12:24
M036,F036,更换右前安全气囊传感器,右前安全气囊传感器,650,2025-07-01 10:33
M037,F037,升级ECM控制模块程序,ECM程序升级包,980,2025-10-02 15:15
M038,F038,更换右后轮速传感器,右后轮速传感器,270,2024-05-14 11:42
M039,F039,更换驾驶员侧安全气囊模块,驾驶员侧安全气囊模块,1500,2025-12-01 13:56
M040,F040,更换进气温度传感器,进气温度传感器,380,2025-12-25 16:54
M041,F041,更换火花塞+缸线检查,铱金火花塞(4支),380,2024-06-07 13:39
M042,F042,更换轮速传感器,右前轮速传感器,260,2025-08-31 10:08
M043,F043,清洗节气门+燃油滤芯更换,燃油滤芯,420,2025-06-15 09:55
M044,F044,维修空调压缩机,压缩机电磁阀,580,2025-04-27 10:38
M045,F045,更换催化转化器,原厂催化转化器,2800,2025-05-24 09:21
M046,F046,更换涡轮增压器电磁阀,涡轮电磁阀,850,2025-10-22 10:55
M047,F047,更换刹车压力传感器,刹车压力传感器,480,2024-03-01 09:54
M048,F048,更换安全带传感器,主驾驶安全带传感器,320,2025-03-24 18:39
M049,F049,更换机油压力传感器,机油压力传感器,450,2025-05-29 18:05
M050,F050,维修ABS控制模块,ABS控制模块维修包,1200,2024-11-14 15:30
M051,F051,更换凸轮轴位置传感器,凸轮轴位置传感器,520,2025-11-26 10:11
M052,F052,维修安全气囊控制模块,安全气囊控制模块编程,800,2025-10-24 14:23
M053,F053,更换节气门位置传感器,节气门位置传感器,480,2025-01-02 12:12
M054,F054,更换左前轮速传感器,左前轮速传感器,280,2024-07-27 14:01
M055,F055,检查燃油蒸发系统管路,燃油蒸发管密封垫,350,2025-05-05 13:52
M056,F056,更换右前安全气囊传感器,右前安全气囊传感器,650,2024-07-05 13:00
M057,F057,升级ECM控制模块程序,ECM程序升级包,980,2024-04-11 11:58
M058,F058,更换右后轮速传感器,右后轮速传感器,270,2024-08-01 17:16
M059,F059,更换驾驶员侧安全气囊模块,驾驶员侧安全气囊模块,1500,2024-11-27 18:05
M060,F060,更换进气温度传感器,进气温度传感器,380,2024-12-27 17:49
M061,F061,更换火花塞+缸线检查,铱金火花塞(4支),380,2025-09-21 09:32
M062,F062,更换轮速传感器,右前轮速传感器,260,2025-04-25 18:20
M063,F063,清洗节气门+燃油滤芯更换,燃油滤芯,420,2025-09-30 11:09
M064,F064,维修空调压缩机,压缩机电磁阀,580,2024-05-30 11:47
M065,F065,更换催化转化器,原厂催化转化器,2800,2025-01-23 17:34
M066,F066,更换涡轮增压器电磁阀,涡轮电磁阀,850,2025-08-07 14:57
M067,F067,更换刹车压力传感器,刹车压力传感器,480,2025-06-12 17:48
M068,F068,更换安全带传感器,主驾驶安全带传感器,320,2024-02-26 17:35
M069,F069,更换机油压力传感器,机油压力传感器,450,2024-06-27 19:43
M070,F070,维修ABS控制模块,ABS控制模块维修包,1200,2024-03-19 13:59
M071,F071,更换凸轮轴位置传感器,凸轮轴位置传感器,520,2025-01-11 19:30
M072,F072,维修安全气囊控制模块,安全气囊控制模块编程,800,2024-04-05 09:37
M073,F073,更换节气门位置传感器,节气门位置传感器,480,2025-03-03 10:36
M074,F074,更换左前轮速传感器,左前轮速传感器,280,2024-05-28 12:06
M075,F075,检查燃油蒸发系统管路,燃油蒸发管密封垫,350,2025-05-04 11:05
M076,F076,更换右前安全气囊传感器,右前安全气囊传感器,650,2024-10-29 11:56
M077,F077,升级ECM控制模块程序,ECM程序升级包,980,2025-06-02 12:48
M078,F078,更换右后轮速传感器,右后轮速传感器,270,2025-07-22 10:53
M079,F079,更换驾驶员侧安全气囊模块,驾驶员侧安全气囊模块,1500,2024-06-01 15:43
M080,F080,更换进气温度传感器,进气温度传感器,380,2024-08-13 15:19
M081,F081,更换火花塞+缸线检查,铱金火花塞(4支),380,2025-05-09 10:49
M082,F082,更换轮速传感器,右前轮速传感器,260,2024-10-07 15:03
M083,F083,清洗节气门+燃油滤芯更换,燃油滤芯,420,2024-02-28 10:06
M084,F084,维修空调压缩机,压缩机电磁阀,580,2024-06-21 10:27
M085,F085,更换催化转化器,原厂催化转化器,2800,2025-07-27 09:25
M086,F086,更换涡轮增压器电磁阀,涡轮电磁阀,850,2024-02-03 12:48
M087,F087,更换刹车压力传感器,刹车压力传感器,480,2025-05-09 15:10
M088,F088,更换安全带传感器,主驾驶安全带传感器,320,2024-08-10 13:55
M089,F089,更换机油压力传感器,机油压力传感器,450,2025-08-24 15:15
M090,F090,维修ABS控制模块,ABS控制模块维修包,1200,2025-12-03 15:52
M091,F091,更换凸轮轴位置传感器,凸轮轴位置传感器,520,2025-05-15 11:15
M092,F092,维修安全气囊控制模块,安全气囊控制模块编程,800,2025-02-06 13:47
M093,F093,更换节气门位置传感器,节气门位置传感器,480,2024-07-24 14:48
M094,F094,更换左前轮速传感器,左前轮速传感器,280,2025-11-20 18:02
M095,F095,检查燃油蒸发系统管路,燃油蒸发管密封垫,350,2025-09-05 13:51
M096,F096,更换右前安全气囊传感器,右前安全气囊传感器,650,2025-11-23 12:57
M097,F097,升级ECM控制模块程序,ECM程序升级包,980,2025-04-09 12:25
M098,F098,更换右后轮速传感器,右后轮速传感器,270,2025-10-04 15:53
M099,F099,更换驾驶员侧安全气囊模块,驾驶员侧安全气囊模块,1500,2024-10-25 16:05
M100,F100,更换进气温度传感器,进气温度传感器,380,2024-12-12 12:56
M101,F101,更换火花塞+缸线检查,铱金火花塞(4支),380,2025-07-04 12:51
M102,F102,更换轮速传感器,右前轮速传感器,260,2025-10-06 11:21
M103,F103,清洗节气门+燃油滤芯更换,燃油滤芯,420,2024-07-30 12:17
M104,F104,维修空调压缩机,压缩机电磁阀,580,2025-04-18 12:05
M105,F105,更换催化转化器,原厂催化转化器,2800,2024-03-27 19:24
M106,F106,更换涡轮增压器电磁阀,涡轮电磁阀,850,2025-11-15 18:39
M107,F107,更换刹车压力传感器,刹车压力传感器,480,2024-07-02 10:33
M108,F108,更换安全带传感器,主驾驶安全带传感器,320,2024-03-14 11:06
M109,F109,更换机油压力传感器,机油压力传感器,450,2025-07-26 15:29
M110,F110,维修ABS控制模块,ABS控制模块维修包,1200,2024-05-25 09:17
M111,F111,更换凸轮轴位置传感器,凸轮轴位置传感器,520,2025-09-29 13:28
M112,F112,维修安全气囊控制模块,安全气囊控制模块编程,800,2025-05-19 19:32
M113,F113,更换节气门位置传感器,节气门位置传感器,480,2024-08-04 17:49
M114,F114,更换左前轮速传感器,左前轮速传感器,280,2024-07-25 18:14
M115,F115,检查燃油蒸发系统管路,燃油蒸发管密封垫,350,2025-09-04 12:17
M116,F116,更换右前安全气囊传感器,右前安全气囊传感器,650,2025-01-04 13:59
M117,F117,升级ECM控制模块程序,ECM程序升级包,980,2025-03-16 19:00
M118,F118,更换右后轮速传感器,右后轮速传感器,270,2024-03-29 17:52
M119,F119,更换驾驶员侧安全气囊模块,驾驶员侧安全气囊模块,1500,2025-04-19 15:10
M120,F120,更换进气温度传感器,进气温度传感器,380,2024-04-20 19:54
M121,F121,更换火花塞+缸线检查,铱金火花塞(4支),380,2025-08-01 12:37
M122,F122,更换轮速传感器,右前轮速传感器,260,2025-02-04 15:58
M123,F123,清洗节气门+燃油滤芯更换,燃油滤芯,420,2024-09-26 18:38
M124,F124,维修空调压缩机,压缩机电磁阀,580,2024-10-06 18:51
M125,F125,更换催化转化器,原厂催化转化器,2800,2024-07-31 16:09
M126,F126,更换涡轮增压器电磁阀,涡轮电磁阀,850,2024-01-07 11:46
M127,F127,更换刹车压力传感器,刹车压力传感器,480,2024-07-18 16:45
M128,F128,更换安全带传感器,主驾驶安全带传感器,320,2024-08-21 15:18
M129,F129,更换机油压力传感器,机油压力传感器,450,2025-05-31 12:52
M130,F130,维修ABS控制模块,ABS控制模块维修包,1200,2024-06-19 15:42
M131,F131,更换凸轮轴位置传感器,凸轮轴位置传感器,520,2024-06-12 09:11
M132,F132,维修安全气囊控制模块,安全气囊控制模块编程,800,2025-01-24 17:21
M133,F133,更换节气门位置传感器,节气门位置传感器,480,2025-07-23 15:07
M134,F134,更换左前轮速传感器,左前轮速传感器,280,2024-11-30 19:29
M135,F135,检查燃油蒸发系统管路,燃油蒸发管密封垫,350,2025-10-06 10:46
M136,F136,更换右前安全气囊传感器,右前安全气囊传感器,650,2024-01-09 12:06
M137,F137,升级ECM控制模块程序,ECM程序升级包,980,2024-03-11 16:50
M138,F138,更换右后轮速传感器,右后轮速传感器,270,2025-06-01 12:42
M139,F139,更换驾驶员侧安全气囊模块,驾驶员侧安全气囊模块,1500,2025-07-30 12:11
M140,F140,更换进气温度传感器,进气温度传感器,380,2025-12-22 17:30
M141,F141,更换火花塞+缸线检查,铱金火花塞(4支),380,2024-01-11 10:46
M142,F142,更换轮速传感器,右前轮速传感器,260,2024-02-17 18:11
M143,F143,清洗节气门+燃油滤芯更换,燃油滤芯,420,2024-11-24 14:32
M144,F144,维修空调压缩机,压缩机电磁阀,580,2024-07-09 17:32
M145,F145,更换催化转化器,原厂催化转化器,2800,2024-10-17 11:41
M146,F146,更换涡轮增压器电磁阀,涡轮电磁阀,850,2025-10-27 15:39
M147,F147,更换刹车压力传感器,刹车压力传感器,480,2024-07-08 18:55
M148,F148,更换安全带传感器,主驾驶安全带传感器,320,2024-07-20 12:17
M149,F149,更换机油压力传感器,机油压力传感器,450,2025-05-21 14:59
M150,F150,维修ABS控制模块,ABS控制模块维修包,1200,2024-12-13 18:42
M151,F151,更换凸轮轴位置传感器,凸轮轴位置传感器,520,2025-05-09 19:01
M152,F152,维修安全气囊控制模块,安全气囊控制模块编程,800,2025-10-22 14:00
M153,F153,更换节气门位置传感器,节气门位置传感器,480,2024-10-29 12:21
M154,F154,更换左前轮速传感器,左前轮速传感器,280,2024-06-12 13:13
M155,F155,检查燃油蒸发系统管路,燃油蒸发管密封垫,350,2025-06-07 19:47
M156,F156,更换右前安全气囊传感器,右前安全气囊传感器,650,2025-02-21 15:36
M157,F157,升级ECM控制模块程序,ECM程序升级包,980,2025-08-18 18:28
M158,F158,更换右后轮速传感器,右后轮速传感器,270,2024-04-14 18:38
M159,F159,更换驾驶员侧安全气囊模块,驾驶员侧安全气囊模块,1500,2024-01-27 10:30
M160,F160,更换进气温度传感器,进气温度传感器,380,2024-06-19 18:08
M161,F161,更换火花塞+缸线检查,铱金火花塞(4支),380,2024-10-20 17:38
M162,F162,更换轮速传感器,右前轮速传感器,260,2025-09-12 17:18
M163,F163,清洗节气门+燃油滤芯更换,燃油滤芯,420,2025-11-06 18:22
M164,F164,维修空调压缩机,压缩机电磁阀,580,2025-06-08 10:33
M165,F165,更换催化转化器,原厂催化转化器,2800,2024-09-14 16:04
M166,F166,更换涡轮增压器电磁阀,涡轮电磁阀,850,2025-11-11 16:07
M167,F167,更换刹车压力传感器,刹车压力传感器,480,2024-12-18 12:19
M168,F168,更换安全带传感器,主驾驶安全带传感器,320,2024-08-18 16:19
M169,F169,更换机油压力传感器,机油压力传感器,450,2025-06-11 18:01
M170,F170,维修ABS控制模块,ABS控制模块维修包,1200,2024-06-24 16:57
M171,F171,更换凸轮轴位置传感器,凸轮轴位置传感器,520,2025-12-21 15:58
M172,F172,维修安全气囊控制模块,安全气囊控制模块编程,800,2024-05-19 12:41
M173,F173,更换节气门位置传感器,节气门位置传感器,480,2025-03-19 09:45
M174,F174,更换左前轮速传感器,左前轮速传感器,280,2024-09-28 17:47
M175,F175,检查燃油蒸发系统管路,燃油蒸发管密封垫,350,2024-03-02 13:00
M176,F176,更换右前安全气囊传感器,右前安全气囊传感器,650,2024-05-02 13:54
M177,F177,升级ECM控制模块程序,ECM程序升级包,980,2024-05-03 11:56
M178,F178,更换右后轮速传感器,右后轮速传感器,270,2024-09-13 18:27
M179,F179,更换驾驶员侧安全气囊模块,驾驶员侧安全气囊模块,1500,2024-10-12 13:14
M180,F180,更换进气温度传感器,进气温度传感器,380,2024-10-24 15:16
M181,F181,更换火花塞+缸线检查,铱金火花塞(4支),380,2025-02-16 18:22
M182,F182,更换轮速传感器,右前轮速传感器,260,2025-09-09 16:59
M183,F183,清洗节气门+燃油滤芯更换,燃油滤芯,420,2025-08-03 09:38
M184,F184,维修空调压缩机,压缩机电磁阀,580,2025-11-30 10:02
M185,F185,更换催化转化器,原厂催化转化器,2800,2024-03-20 19:19
M186,F186,更换涡轮增压器电磁阀,涡轮电磁阀,850,2024-02-13 10:29
M187,F187,更换刹车压力传感器,刹车压力传感器,480,2025-05-31 12:29
M188,F188,更换安全带传感器,主驾驶安全带传感器,320,2024-03-27 17:04
M189,F189,更换机油压力传感器,机油压力传感器,450,2024-04-12 15:22
M190,F190,维修ABS控制模块,ABS控制模块维修包,1200,2024-08-25 17:24
M191,F191,更换凸轮轴位置传感器,凸轮轴位置传感器,520,2024-10-24 15:24
M192,F192,维修安全气囊控制模块,安全气囊控制模块编程,800,2025-07-29 14:58
M193,F193,更换节气门位置传感器,节气门位置传感器,480,2025-09-14 10:52
M194,F194,更换左前轮速传感器,左前轮速传感器,280,2025-02-13 11:54
M195,F195,检查燃油蒸发系统管路,燃油蒸发管密封垫,350,2025-06-02 12:43
M196,F196,更换右前安全气囊传感器,右前安全气囊传感器,650,2025-09-16 16:48
M197,F197,升级ECM控制模块程序,ECM程序升级包,980,2024-07-25 11:28
M198,F198,更换右后轮速传感器,右后轮速传感器,270,2024-12-25 15:08
M199,F199,更换驾驶员侧安全气囊模块,驾驶员侧安全气囊模块,1500,2024-02-19 12:31
M200,F200,更换进气温度传感器,进气温度传感器,380,2024-10-21 18:40
M201,F201,更换火花塞+缸线检查,铱金火花塞(4支),380,2024-08-30 12:35
M202,F202,更换轮速传感器,右前轮速传感器,260,2025-09-10 18:43
M203,F203,清洗节气门+燃油滤芯更换,燃油滤芯,420,2025-03-22 16:37
M204,F204,维修空调压缩机,压缩机电磁阀,580,2025-05-12 09:47
M205,F205,更换催化转化器,原厂催化转化器,2800,2024-08-16 16:13
M206,F206,更换涡轮增压器电磁阀,涡轮电磁阀,850,2025-08-15 19:05
M207,F207,更换刹车压力传感器,刹车压力传感器,480,2025-10-27 13:11
M208,F208,更换安全带传感器,主驾驶安全带传感器,320,2025-10-28 13:42
M209,F209,更换机油压力传感器,机油压力传感器,450,2025-11-06 17:42
M210,F210,维修ABS控制模块,ABS控制模块维修包,1200,2025-10-13 18:36
M211,F211,更换凸轮轴位置传感器,凸轮轴位置传感器,520,2025-10-15 12:45
M212,F212,维修安全气囊控制模块,安全气囊控制模块编程,800,2025-08-18 15:54
M213,F213,更换节气门位置传感器,节气门位置传感器,480,2024-07-26 15:34
M214,F214,更换左前轮速传感器,左前轮速传感器,280,2024-06-18 17:19
M215,F215,检查燃油蒸发系统管路,燃油蒸发管密封垫,350,2024-11-17 11:32
M216,F216,更换右前安全气囊传感器,右前安全气囊传感器,650,2025-12-08 17:16
M217,F217,升级ECM控制模块程序,ECM程序升级包,980,2024-04-24 09:39
M218,F218,更换右后轮速传感器,右后轮速传感器,270,2024-05-21 16:33
M219,F219,更换驾驶员侧安全气囊模块,驾驶员侧安全气囊模块,1500,2025-05-09 15:46
M220,F220,更换进气温度传感器,进气温度传感器,380,2025-10-13 17:08
M221,F221,更换火花塞+缸线检查,铱金火花塞(4支),380,2025-03-01 10:58
M222,F222,更换轮速传感器,右前轮速传感器,260,2024-05-09 09:59
M223,F223,清洗节气门+燃油滤芯更换,燃油滤芯,420,2025-05-22 17:50
M224,F224,维修空调压缩机,压缩机电磁阀,580,2025-02-03 11:05
M225,F225,更换催化转化器,原厂催化转化器,2800,2025-09-06 14:14
M226,F226,更换涡轮增压器电磁阀,涡轮电磁阀,850,2025-01-21 18:52
M227,F227,更换刹车压力传感器,刹车压力传感器,480,2024-08-24 14:43
M228,F228,更换安全带传感器,主驾驶安全带传感器,320,2024-09-23 16:31
M229,F229,更换机油压力传感器,机油压力传感器,450,2025-10-15 19:26
M230,F230,维修ABS控制模块,ABS控制模块维修包,1200,2024-04-10 09:10
M231,F231,更换凸轮轴位置传感器,凸轮轴位置传感器,520,2025-11-26 09:52
M232,F232,维修安全气囊控制模块,安全气囊控制模块编程,800,2025-02-11 09:39
M233,F233,更换节气门位置传感器,节气门位置传感器,480,2025-08-29 16:28
M234,F234,更换左前轮速传感器,左前轮速传感器,280,2025-04-21 09:29
M235,F235,检查燃油蒸发系统管路,燃油蒸发管密封垫,350,2025-11-17 14:46
M236,F236,更换右前安全气囊传感器,右前安全气囊传感器,650,2024-05-30 12:48
M237,F237,升级ECM控制模块程序,ECM程序升级包,980,2025-01-10 13:20
M238,F238,更换右后轮速传感器,右后轮速传感器,270,2024-04-09 13:47
M239,F239,更换驾驶员侧安全气囊模块,驾驶员侧安全气囊模块,1500,2025-07-19 16:56
M240,F240,更换进气温度传感器,进气温度传感器,380,2024-11-03 15:36
M241,F241,更换火花塞+缸线检查,铱金火花塞(4支),380,2025-02-14 12:06
M242,F242,更换轮速传感器,右前轮速传感器,260,2024-02-09 14:37
M243,F243,清洗节气门+燃油滤芯更换,燃油滤芯,420,2025-11-16 17:24
M244,F244,维修空调压缩机,压缩机电磁阀,580,2024-03-24 10:00
M245,F245,更换催化转化器,原厂催化转化器,2800,2025-12-30 14:41
M246,F246,更换涡轮增压器电磁阀,涡轮电磁阀,850,2024-12-05 10:37
M247,F247,更换刹车压力传感器,刹车压力传感器,480,2025-04-02 10:26
M248,F248,更换安全带传感器,主驾驶安全带传感器,320,2025-02-13 16:21
M249,F249,更换机油压力传感器,机油压力传感器,450,2024-08-26 11:27
M250,F250,维修ABS控制模块,ABS控制模块维修包,1200,2024-01-15 17:45
M251,F251,更换凸轮轴位置传感器,凸轮轴位置传感器,520,2025-10-26 10:03
M252,F252,维修安全气囊控制模块,安全气囊控制模块编程,800,2025-06-08 11:40
M253,F253,更换节气门位置传感器,节气门位置传感器,480,2025-02-04 11:24
M254,F254,更换左前轮速传感器,左前轮速传感器,280,2025-10-17 12:56
M255,F255,检查燃油蒸发系统管路,燃油蒸发管密封垫,350,2025-05-10 18:42
M256,F256,更换右前安全气囊传感器,右前安全气囊传感器,650,2024-12-11 11:24
M257,F257,升级ECM控制模块程序,ECM程序升级包,980,2025-11-29 18:05
M258,F258,更换右后轮速传感器,右后轮速传感器,270,2024-02-28 11:49
M259,F259,更换驾驶员侧安全气囊模块,驾驶员侧安全气囊模块,1500,2024-05-30 14:35
M260,F260,更换进气温度传感器,进气温度传感器,380,2024-07-30 09:07
M261,F261,更换火花塞+缸线检查,铱金火花塞(4支),380,2024-06-20 19:24
M262,F262,更换轮速传感器,右前轮速传感器,260,2025-04-15 15:35
M263,F263,清洗节气门+燃油滤芯更换,燃油滤芯,420,2024-03-30 17:49
M264,F264,维修空调压缩机,压缩机电磁阀,580,2025-01-29 11:56
M265,F265,更换催化转化器,原厂催化转化器,2800,2025-12-11 18:04
M266,F266,更换涡轮增压器电磁阀,涡轮电磁阀,850,2025-03-02 18:36
M267,F267,更换刹车压力传感器,刹车压力传感器,480,2024-02-01 12:23
M268,F268,更换安全带传感器,主驾驶安全带传感器,320,2024-05-10 14:33
M269,F269,更换机油压力传感器,机油压力传感器,450,2025-08-23 14:32
M270,F270,维修ABS控制模块,ABS控制模块维修包,1200,2025-04-28 13:46
M271,F271,更换凸轮轴位置传感器,凸轮轴位置传感器,520,2024-09-04 10:50
M272,F272,维修安全气囊控制模块,安全气囊控制模块编程,800,2025-06-08 10:04
M273,F273,更换节气门位置传感器,节气门位置传感器,480,2024-11-08 15:00
M274,F274,更换左前轮速传感器,左前轮速传感器,280,2025-02-27 13:53
M275,F275,检查燃油蒸发系统管路,燃油蒸发管密封垫,350,2024-03-31 17:30
M276,F276,更换右前安全气囊传感器,右前安全气囊传感器,650,2024-06-06 15:13
M277,F277,升级ECM控制模块程序,ECM程序升级包,980,2024-04-03 13:32
M278,F278,更换右后轮速传感器,右后轮速传感器,270,2025-07-25 18:48
M279,F279,更换驾驶员侧安全气囊模块,驾驶员侧安全气囊模块,1500,2024-11-08 11:26
M280,F280,更换进气温度传感器,进气温度传感器,380,2024-12-20 16:33
M281,F281,更换火花塞+缸线检查,铱金火花塞(4支),380,2025-06-04 14:01
M282,F282,更换轮速传感器,右前轮速传感器,260,2025-02-05 11:58
M283,F283,清洗节气门+燃油滤芯更换,燃油滤芯,420,2024-03-13 18:33
M284,F284,维修空调压缩机,压缩机电磁阀,580,2025-11-24 13:47
M285,F285,更换催化转化器,原厂催化转化器,2800,2025-12-04 13:35
M286,F286,更换涡轮增压器电磁阀,涡轮电磁阀,850,2024-10-25 12:41
M287,F287,更换刹车压力传感器,刹车压力传感器,480,2025-11-04 14:25
M288,F288,更换安全带传感器,主驾驶安全带传感器,320,2025-03-13 16:52
M289,F289,更换机油压力传感器,机油压力传感器,450,2025-03-24 10:57
M290,F290,维修ABS控制模块,ABS控制模块维修包,1200,2025-08-13 17:27
M291,F291,更换凸轮轴位置传感器,凸轮轴位置传感器,520,2024-09-11 18:00
M292,F292,维修安全气囊控制模块,安全气囊控制模块编程,800,2025-01-19 19:56
M293,F293,更换节气门位置传感器,节气门位置传感器,480,2024-03-18 11:08
M294,F294,更换左前轮速传感器,左前轮速传感器,280,2024-03-25 14:40
M295,F295,检查燃油蒸发系统管路,燃油蒸发管密封垫,350,2024-03-11 14:22
M296,F296,更换右前安全气囊传感器,右前安全气囊传感器,650,2024-03-23 16:35
M297,F297,升级ECM控制模块程序,ECM程序升级包,980,2024-03-14 13:29
M298,F298,更换右后轮速传感器,右后轮速传感器,270,2025-04-24 17:10
M299,F299,更换驾驶员侧安全气囊模块,驾驶员侧安全气囊模块,1500,2024-12-29 17:10
M300,F300,更换进气温度传感器,进气温度传感器,380,2024-06-12 18:02
M301,F301,更换火花塞+缸线检查,铱金火花塞(4支),380,2024-05-11 13:27
M302,F302,更换轮速传感器,右前轮速传感器,260,2025-04-29 14:22
M303,F303,清洗节气门+燃油滤芯更换,燃油滤芯,420,2025-12-23 18:03
M304,F304,维修空调压缩机,压缩机电磁阀,580,2024-02-29 17:02
M305,F305,更换催化转化器,原厂催化转化器,2800,2025-09-21 12:14
M306,F306,更换涡轮增压器电磁阀,涡轮电磁阀,850,2024-10-06 18:44
M307,F307,更换刹车压力传感器,刹车压力传感器,480,2025-04-30 18:44
M308,F308,更换安全带传感器,主驾驶安全带传感器,320,2025-07-28 14:05
M309,F309,更换机油压力传感器,机油压力传感器,450,2024-12-04 15:53
M310,F310,维修ABS控制模块,ABS控制模块维修包,1200,2025-12-07 12:06
M311,F311,更换凸轮轴位置传感器,凸轮轴位置传感器,520,2025-04-16 15:58
M312,F312,维修安全气囊控制模块,安全气囊控制模块编程,800,2024-08-25 15:33
M313,F313,更换节气门位置传感器,节气门位置传感器,480,2024-03-21 10:33
M314,F314,更换左前轮速传感器,左前轮速传感器,280,2025-04-27 14:31
M315,F315,检查燃油蒸发系统管路,燃油蒸发管密封垫,350,2025-09-16 14:59
M316,F316,更换右前安全气囊传感器,右前安全气囊传感器,650,2025-06-28 19:46
M317,F317,升级ECM控制模块程序,ECM程序升级包,980,2025-01-05 18:51
M318,F318,更换右后轮速传感器,右后轮速传感器,270,2024-05-16 18:17
M319,F319,更换驾驶员侧安全气囊模块,驾驶员侧安全气囊模块,1500,2024-12-05 18:27
M320,F320,更换进气温度传感器,进气温度传感器,380,2024-01-31 13:56
M321,F321,更换火花塞+缸线检查,铱金火花塞(4支),380,2024-12-09 10:00
M322,F322,更换轮速传感器,右前轮速传感器,260,2025-01-26 12:55
M323,F323,清洗节气门+燃油滤芯更换,燃油滤芯,420,2024-05-09 16:06
M324,F324,维修空调压缩机,压缩机电磁阀,580,2024-03-09 17:45
M325,F325,更换催化转化器,原厂催化转化器,2800,2024-10-17 14:18
M326,F326,更换涡轮增压器电磁阀,涡轮电磁阀,850,2024-02-05 14:38
M327,F327,更换刹车压力传感器,刹车压力传感器,480,2024-10-25 11:39
M328,F328,更换安全带传感器,主驾驶安全带传感器,320,2025-03-26 10:55
M329,F329,更换机油压力传感器,机油压力传感器,450,2025-07-09 15:26
M330,F330,维修ABS控制模块,ABS控制模块维修包,1200,2025-10-21 19:18
M331,F331,更换凸轮轴位置传感器,凸轮轴位置传感器,520,2024-02-06 12:13
M332,F332,维修安全气囊控制模块,安全气囊控制模块编程,800,2024-01-09 13:31
M333,F333,更换节气门位置传感器,节气门位置传感器,480,2024-01-01 09:17
M334,F334,更换左前轮速传感器,左前轮速传感器,280,2025-03-11 18:27
M335,F335,检查燃油蒸发系统管路,燃油蒸发管密封垫,350,2024-08-01 17:59
M336,F336,更换右前安全气囊传感器,右前安全气囊传感器,650,2024-04-22 11:44
M337,F337,升级ECM控制模块程序,ECM程序升级包,980,2025-08-07 18:59
M338,F338,更换右后轮速传感器,右后轮速传感器,270,2024-01-04 09:16
M339,F339,更换驾驶员侧安全气囊模块,驾驶员侧安全气囊模块,1500,2025-10-28 19:49
M340,F340,更换进气温度传感器,进气温度传感器,380,2025-08-04 18:30
M341,F341,更换火花塞+缸线检查,铱金火花塞(4支),380,2025-09-21 11:05
M342,F342,更换轮速传感器,右前轮速传感器,260,2025-04-11 16:30
M343,F343,清洗节气门+燃油滤芯更换,燃油滤芯,420,2024-05-01 12:15
M344,F344,维修空调压缩机,压缩机电磁阀,580,2024-06-21 15:15
M345,F345,更换催化转化器,原厂催化转化器,2800,2024-11-17 19:39
M346,F346,更换涡轮增压器电磁阀,涡轮电磁阀,850,2025-07-07 17:56
M347,F347,更换刹车压力传感器,刹车压力传感器,480,2025-05-21 13:20
M348,F348,更换安全带传感器,主驾驶安全带传感器,320,2024-01-05 19:24
M349,F349,更换机油压力传感器,机油压力传感器,450,2025-10-25 16:53
M350,F350,维修ABS控制模块,ABS控制模块维修包,1200,2024-02-21 10:02
M351,F351,更换凸轮轴位置传感器,凸轮轴位置传感器,520,2024-03-28 11:42
M352,F352,维修安全气囊控制模块,安全气囊控制模块编程,800,2025-11-24 14:56
M353,F353,更换节气门位置传感器,节气门位置传感器,480,2024-12-25 17:11
M354,F354,更换左前轮速传感器,左前轮速传感器,280,2024-06-01 18:48
M355,F355,检查燃油蒸发系统管路,燃油蒸发管密封垫,350,2025-11-12 10:14
M356,F356,更换右前安全气囊传感器,右前安全气囊传感器,650,2024-08-26 11:14
M357,F357,升级ECM控制模块程序,ECM程序升级包,980,2024-07-16 15:52
M358,F358,更换右后轮速传感器,右后轮速传感器,270,2025-06-05 16:57
M359,F359,更换驾驶员侧安全气囊模块,驾驶员侧安全气囊模块,1500,2024-01-20 17:33
M360,F360,更换进气温度传感器,进气温度传感器,380,2024-10-26 18:26
M361,F361,更换火花塞+缸线检查,铱金火花塞(4支),380,2024-04-14 14:43
M362,F362,更换轮速传感器,右前轮速传感器,260,2024-10-09 17:37
M363,F363,清洗节气门+燃油滤芯更换,燃油滤芯,420,2024-08-06 12:14
M364,F364,维修空调压缩机,压缩机电磁阀,580,2024-04-10 15:53
M365,F365,更换催化转化器,原厂催化转化器,2800,2024-03-26 16:56
M366,F366,更换涡轮增压器电磁阀,涡轮电磁阀,850,2024-03-22 09:42
M367,F367,更换刹车压力传感器,刹车压力传感器,480,2024-11-05 15:01
M368,F368,更换安全带传感器,主驾驶安全带传感器,320,2025-09-10 13:38
M369,F369,更换机油压力传感器,机油压力传感器,450,2025-04-28 17:47
M370,F370,维修ABS控制模块,ABS控制模块维修包,1200,2025-09-24 16:15
M371,F371,更换凸轮轴位置传感器,凸轮轴位置传感器,520,2025-04-30 17:39
M372,F372,维修安全气囊控制模块,安全气囊控制模块编程,800,2024-06-03 13:23
M373,F373,更换节气门位置传感器,节气门位置传感器,480,2025-08-27 13:39
M374,F374,更换左前轮速传感器,左前轮速传感器,280,2024-06-06 14:20
M375,F375,检查燃油蒸发系统管路,燃油蒸发管密封垫,350,2024-12-07 14:00
M376,F376,更换右前安全气囊传感器,右前安全气囊传感器,650,2025-11-25 12:32
M377,F377,升级ECM控制模块程序,ECM程序升级包,980,2024-12-27 13:18
M378,F378,更换右后轮速传感器,右后轮速传感器,270,2024-10-07 14:29
M379,F379,更换驾驶员侧安全气囊模块,驾驶员侧安全气囊模块,1500,2024-10-18 11:26
M380,F380,更换进气温度传感器,进气温度传感器,380,2025-12-08 19:09
M381,F381,更换火花塞+缸线检查,铱金火花塞(4支),380,2025-04-28 11:53
M382,F382,更换轮速传感器,右前轮速传感器,260,2025-12-18 13:21
M383,F383,清洗节气门+燃油滤芯更换,燃油滤芯,420,2025-12-02 13:30
M384,F384,维修空调压缩机,压缩机电磁阀,580,2025-07-09 10:07
M385,F385,更换催化转化器,原厂催化转化器,2800,2024-06-04 17:40
M386,F386,更换涡轮增压器电磁阀,涡轮电磁阀,850,2024-10-01 16:05
M387,F387,更换刹车压力传感器,刹车压力传感器,480,2024-06-19 14:15
M388,F388,更换安全带传感器,主驾驶安全带传感器,320,2024-12-28 18:21
M389,F389,更换机油压力传感器,机油压力传感器,450,2025-03-31 17:25
M390,F390,维修ABS控制模块,ABS控制模块维修包,1200,2025-03-04 18:57
M391,F391,更换凸轮轴位置传感器,凸轮轴位置传感器,520,2025-01-09 09:49
M392,F392,维修安全气囊控制模块,安全气囊控制模块编程,800,2025-05-23 12:26
M393,F393,更换节气门位置传感器,节气门位置传感器,480,2024-06-03 18:42
M394,F394,更换左前轮速传感器,左前轮速传感器,280,2025-02-16 16:00
M395,F395,检查燃油蒸发系统管路,燃油蒸发管密封垫,350,2025-08-04 17:11
M396,F396,更换右前安全气囊传感器,右前安全气囊传感器,650,2025-06-05 14:41
M397,F397,升级ECM控制模块程序,ECM程序升级包,980,2024-11-23 12:20
M398,F398,更换右后轮速传感器,右后轮速传感器,270,2024-09-25 12:34
M399,F399,更换驾驶员侧安全气囊模块,驾驶员侧安全气囊模块,1500,2025-08-09 10:02
M400,F400,更换进气温度传感器,进气温度传感器,380,2025-10-18 09:59
M401,F401,更换火花塞+缸线检查,铱金火花塞(4支),380,2024-04-02 16:59
M402,F402,更换轮速传感器,右前轮速传感器,260,2025-08-31 19:15
M403,F403,清洗节气门+燃油滤芯更换,燃油滤芯,420,2024-12-21 15:23
M404,F404,维修空调压缩机,压缩机电磁阀,580,2024-06-19 11:10
M405,F405,更换催化转化器,原厂催化转化器,2800,2024-08-16 15:49
M406,F406,更换涡轮增压器电磁阀,涡轮电磁阀,850,2024-12-25 13:55
M407,F407,更换刹车压力传感器,刹车压力传感器,480,2024-02-28 19:55
M408,F408,更换安全带传感器,主驾驶安全带传感器,320,2024-09-19 16:08
M409,F409,更换机油压力传感器,机油压力传感器,450,2025-01-11 12:29
M410,F410,维修ABS控制模块,ABS控制模块维修包,1200,2024-11-28 12:42
M411,F411,更换凸轮轴位置传感器,凸轮轴位置传感器,520,2025-02-13 13:44
M412,F412,维修安全气囊控制模块,安全气囊控制模块编程,800,2024-01-23 16:46
M413,F413,更换节气门位置传感器,节气门位置传感器,480,2025-07-27 13:35
M414,F414,更换左前轮速传感器,左前轮速传感器,280,2025-09-29 16:32
M415,F415,检查燃油蒸发系统管路,燃油蒸发管密封垫,350,2025-01-14 14:26
M416,F416,更换右前安全气囊传感器,右前安全气囊传感器,650,2025-06-28 18:20
M417,F417,升级ECM控制模块程序,ECM程序升级包,980,2025-11-11 15:52
M418,F418,更换右后轮速传感器,右后轮速传感器,270,2025-08-22 12:04
M419,F419,更换驾驶员侧安全气囊模块,驾驶员侧安全气囊模块,1500,2025-12-11 17:34
M420,F420,更换进气温度传感器,进气温度传感器,380,2025-08-20 15:22
M421,F421,更换火花塞+缸线检查,铱金火花塞(4支),380,2025-06-10 17:42
M422,F422,更换轮速传感器,右前轮速传感器,260,2025-02-15 18:59
M423,F423,清洗节气门+燃油滤芯更换,燃油滤芯,420,2024-03-20 16:45
M424,F424,维修空调压缩机,压缩机电磁阀,580,2025-11-20 18:58
M425,F425,更换催化转化器,原厂催化转化器,2800,2024-05-27 12:14
M426,F426,更换涡轮增压器电磁阀,涡轮电磁阀,850,2024-07-22 09:06
M427,F427,更换刹车压力传感器,刹车压力传感器,480,2024-04-22 09:21
M428,F428,更换安全带传感器,主驾驶安全带传感器,320,2025-07-21 11:03
M429,F429,更换机油压力传感器,机油压力传感器,450,2024-11-12 19:22
M430,F430,维修ABS控制模块,ABS控制模块维修包,1200,2025-04-08 19:09
M431,F431,更换凸轮轴位置传感器,凸轮轴位置传感器,520,2025-01-19 15:54
M432,F432,维修安全气囊控制模块,安全气囊控制模块编程,800,2024-08-26 17:21
M433,F433,更换节气门位置传感器,节气门位置传感器,480,2025-06-02 09:45
M434,F434,更换左前轮速传感器,左前轮速传感器,280,2024-02-15 11:37
M435,F435,检查燃油蒸发系统管路,燃油蒸发管密封垫,350,2025-02-21 16:57
M436,F436,更换右前安全气囊传感器,右前安全气囊传感器,650,2024-03-15 16:17
M437,F437,升级ECM控制模块程序,ECM程序升级包,980,2024-12-13 18:48
M438,F438,更换右后轮速传感器,右后轮速传感器,270,2024-10-25 10:12
M439,F439,更换驾驶员侧安全气囊模块,驾驶员侧安全气囊模块,1500,2025-02-02 10:08
M440,F440,更换进气温度传感器,进气温度传感器,380,2025-10-06 12:13
M441,F441,更换火花塞+缸线检查,铱金火花塞(4支),380,2024-05-07 18:36
M442,F442,更换轮速传感器,右前轮速传感器,260,2024-05-21 11:00
M443,F443,清洗节气门+燃油滤芯更换,燃油滤芯,420,2025-04-29 09:18
M444,F444,维修空调压缩机,压缩机电磁阀,580,2024-09-16 17:37
M445,F445,更换催化转化器,原厂催化转化器,2800,2024-04-29 16:36
M446,F446,更换涡轮增压器电磁阀,涡轮电磁阀,850,2024-03-06 18:08
M447,F447,更换刹车压力传感器,刹车压力传感器,480,2025-02-20 18:24
M448,F448,更换安全带传感器,主驾驶安全带传感器,320,2025-02-26 14:09
M449,F449,更换机油压力传感器,机油压力传感器,450,2024-08-03 11:54
M450,F450,维修ABS控制模块,ABS控制模块维修包,1200,2025-09-25 19:34
M451,F451,更换凸轮轴位置传感器,凸轮轴位置传感器,520,2025-06-27 14:46
M452,F452,维修安全气囊控制模块,安全气囊控制模块编程,800,2025-01-13 16:08
M453,F453,更换节气门位置传感器,节气门位置传感器,480,2024-01-16 18:53
M454,F454,更换左前轮速传感器,左前轮速传感器,280,2024-11-13 17:27
M455,F455,检查燃油蒸发系统管路,燃油蒸发管密封垫,350,2024-04-02 11:38
M456,F456,更换右前安全气囊传感器,右前安全气囊传感器,650,2024-11-25 11:46
M457,F457,升级ECM控制模块程序,ECM程序升级包,980,2025-08-11 13:09
M458,F458,更换右后轮速传感器,右后轮速传感器,270,2025-12-08 15:41
M459,F459,更换驾驶员侧安全气囊模块,驾驶员侧安全气囊模块,1500,2025-09-20 10:14
M460,F460,更换进气温度传感器,进气温度传感器,380,2025-05-22 14:56
M461,F461,更换火花塞+缸线检查,铱金火花塞(4支),380,2024-06-12 11:56
M462,F462,更换轮速传感器,右前轮速传感器,260,2025-08-26 15:54
M463,F463,清洗节气门+燃油滤芯更换,燃油滤芯,420,2025-05-13 14:36
M464,F464,维修空调压缩机,压缩机电磁阀,580,2024-06-13 10:25
M465,F465,更换催化转化器,原厂催化转化器,2800,2025-05-07 14:22
M466,F466,更换涡轮增压器电磁阀,涡轮电磁阀,850,2024-05-16 16:58
M467,F467,更换刹车压力传感器,刹车压力传感器,480,2025-07-10 17:59
M468,F468,更换安全带传感器,主驾驶安全带传感器,320,2024-09-17 11:23
M469,F469,更换机油压力传感器,机油压力传感器,450,2025-10-26 13:48
M470,F470,维修ABS控制模块,ABS控制模块维修包,1200,2025-03-01 10:27
M471,F471,更换凸轮轴位置传感器,凸轮轴位置传感器,520,2025-12-20 13:31
M472,F472,维修安全气囊控制模块,安全气囊控制模块编程,800,2024-04-20 19:01
M473,F473,更换节气门位置传感器,节气门位置传感器,480,2024-12-05 16:58
M474,F474,更换左前轮速传感器,左前轮速传感器,280,2024-12-24 12:09
M475,F475,检查燃油蒸发系统管路,燃油蒸发管密封垫,350,2024-03-29 15:59
M476,F476,更换右前安全气囊传感器,右前安全气囊传感器,650,2025-03-06 18:47
M477,F477,升级ECM控制模块程序,ECM程序升级包,980,2025-06-12 18:57
M478,F478,更换右后轮速传感器,右后轮速传感器,270,2024-02-18 10:31
M479,F479,更换驾驶员侧安全气囊模块,驾驶员侧安全气囊模块,1500,2025-02-13 16:31
M480,F480,更换进气温度传感器,进气温度传感器,380,2024-05-06 16:25
M481,F481,更换火花塞+缸线检查,铱金火花塞(4支),380,2024-07-04 11:32
M482,F482,更换轮速传感器,右前轮速传感器,260,2025-08-06 09:26
M483,F483,清洗节气门+燃油滤芯更换,燃油滤芯,420,2024-05-24 11:28
M484,F484,维修空调压缩机,压缩机电磁阀,580,2024-12-27 13:58
M485,F485,更换催化转化器,原厂催化转化器,2800,2024-12-17 13:54
M486,F486,更换涡轮增压器电磁阀,涡轮电磁阀,850,2025-06-26 16:55
M487,F487,更换刹车压力传感器,刹车压力传感器,480,2024-08-22 16:42
M488,F488,更换安全带传感器,主驾驶安全带传感器,320,2024-09-08 18:54
M489,F489,更换机油压力传感器,机油压力传感器,450,2025-01-15 14:09
M490,F490,维修ABS控制模块,ABS控制模块维修包,1200,2024-10-29 10:02
M491,F491,更换凸轮轴位置传感器,凸轮轴位置传感器,520,2024-03-30 18:40
M492,F492,维修安全气囊控制模块,安全气囊控制模块编程,800,2024-11-25 18:10
M493,F493,更换节气门位置传感器,节气门位置传感器,480,2024-08-27 10:47
M494,F494,更换左前轮速传感器,左前轮速传感器,280,2024-08-29 10:20
M495,F495,检查燃油蒸发系统管路,燃油蒸发管密封垫,350,2024-04-26 19:34
M496,F496,更换右前安全气囊传感器,右前安全气囊传感器,650,2025-05-12 10:21
M497,F497,升级ECM控制模块程序,ECM程序升级包,980,2025-12-25 13:32
M498,F498,更换右后轮速传感器,右后轮速传感器,270,2024-12-09 15:20
M499,F499,更换驾驶员侧安全气囊模块,驾驶员侧安全气囊模块,1500,2025-06-30 19:44
M500,F500,更换进气温度传感器,进气温度传感器,380,2025-05-02 13:44
M501,F501,更换火花塞+缸线检查,铱金火花塞(4支),380,2025-04-20 16:46
M502,F502,更换轮速传感器,右前轮速传感器,260,2025-08-20 18:03
M503,F503,清洗节气门+燃油滤芯更换,燃油滤芯,420,2025-08-03 14:11
M504,F504,维修空调压缩机,压缩机电磁阀,580,2025-09-02 15:41
M505,F505,更换催化转化器,原厂催化转化器,2800,2025-12-22 14:32
M506,F506,更换涡轮增压器电磁阀,涡轮电磁阀,850,2025-05-16 14:35
M507,F507,更换刹车压力传感器,刹车压力传感器,480,2025-09-12 19:04
M508,F508,更换安全带传感器,主驾驶安全带传感器,320,2025-12-29 18:07
M509,F509,更换机油压力传感器,机油压力传感器,450,2025-12-05 16:08
M510,F510,维修ABS控制模块,ABS控制模块维修包,1200,2025-11-02 09:00
M511,F511,更换凸轮轴位置传感器,凸轮轴位置传感器,520,2024-02-14 19:58
M512,F512,维修安全气囊控制模块,安全气囊控制模块编程,800,2025-01-03 14:43
M513,F513,更换节气门位置传感器,节气门位置传感器,480,2024-04-08 10:57
M514,F514,更换左前轮速传感器,左前轮速传感器,280,2025-10-03 15:13
M515,F515,检查燃油蒸发系统管路,燃油蒸发管密封垫,350,2024-11-18 14:34
M516,F516,更换右前安全气囊传感器,右前安全气囊传感器,650,2025-08-09 17:44
M517,F517,升级ECM控制模块程序,ECM程序升级包,980,2025-03-05 19:51
M518,F518,更换右后轮速传感器,右后轮速传感器,270,2024-12-09 11:10
M519,F519,更换驾驶员侧安全气囊模块,驾驶员侧安全气囊模块,1500,2025-12-14 13:37
M520,F520,更换进气温度传感器,进气温度传感器,380,2025-02-15 10:18
M521,F521,更换火花塞+缸线检查,铱金火花塞(4支),380,2024-05-24 12:17
M522,F522,更换轮速传感器,右前轮速传感器,260,2025-01-19 14:56
M523,F523,清洗节气门+燃油滤芯更换,燃油滤芯,420,2024-04-18 14:41
M524,F524,维修空调压缩机,压缩机电磁阀,580,2024-05-15 12:20
M525,F525,更换催化转化器,原厂催化转化器,2800,2025-10-01 18:34
M526,F526,更换涡轮增压器电磁阀,涡轮电磁阀,850,2024-04-04 19:22
M527,F527,更换刹车压力传感器,刹车压力传感器,480,2024-09-09 19:45
M528,F528,更换安全带传感器,主驾驶安全带传感器,320,2025-12-23 16:45
M529,F529,更换机油压力传感器,机油压力传感器,450,2024-04-18 09:08
M530,F530,维修ABS控制模块,ABS控制模块维修包,1200,2024-01-16 19:35
M531,F531,更换凸轮轴位置传感器,凸轮轴位置传感器,520,2024-05-15 14:44
M532,F532,维修安全气囊控制模块,安全气囊控制模块编程,800,2024-09-03 14:43
M533,F533,更换节气门位置传感器,节气门位置传感器,480,2024-10-08 13:47
M534,F534,更换左前轮速传感器,左前轮速传感器,280,2024-07-21 10:25
M535,F535,检查燃油蒸发系统管路,燃油蒸发管密封垫,350,2024-12-23 17:17
M536,F536,更换右前安全气囊传感器,右前安全气囊传感器,650,2025-11-28 12:04
M537,F537,升级ECM控制模块程序,ECM程序升级包,980,2024-07-08 15:39
M538,F538,更换右后轮速传感器,右后轮速传感器,270,2024-10-10 17:12
M539,F539,更换驾驶员侧安全气囊模块,驾驶员侧安全气囊模块,1500,2024-03-27 10:23
M540,F540,更换进气温度传感器,进气温度传感器,380,2024-12-16 11:53
M541,F541,更换火花塞+缸线检查,铱金火花塞(4支),380,2025-02-17 19:57
M542,F542,更换轮速传感器,右前轮速传感器,260,2024-02-06 15:38
M543,F543,清洗节气门+燃油滤芯更换,燃油滤芯,420,2025-12-17 15:08
M544,F544,维修空调压缩机,压缩机电磁阀,580,2024-06-04 11:56
M545,F545,更换催化转化器,原厂催化转化器,2800,2025-02-17 10:06
M546,F546,更换涡轮增压器电磁阀,涡轮电磁阀,850,2025-02-24 19:56
M547,F547,更换刹车压力传感器,刹车压力传感器,480,2024-02-25 09:16
M548,F548,更换安全带传感器,主驾驶安全带传感器,320,2024-06-13 19:15
M549,F549,更换机油压力传感器,机油压力传感器,450,2025-12-26 13:21
M550,F550,维修ABS控制模块,ABS控制模块维修包,1200,2024-03-21 18:42
M551,F551,更换凸轮轴位置传感器,凸轮轴位置传感器,520,2024-09-09 11:02
M552,F552,维修安全气囊控制模块,安全气囊控制模块编程,800,2024-07-12 14:13
M553,F553,更换节气门位置传感器,节气门位置传感器,480,2024-08-19 16:37
M554,F554,更换左前轮速传感器,左前轮速传感器,280,2025-04-11 14:15
M555,F555,检查燃油蒸发系统管路,燃油蒸发管密封垫,350,2024-08-15 13:32
M556,F556,更换右前安全气囊传感器,右前安全气囊传感器,650,2024-02-23 12:35
M557,F557,升级ECM控制模块程序,ECM程序升级包,980,2024-10-26 13:25
M558,F558,更换右后轮速传感器,右后轮速传感器,270,2025-05-20 18:58
M559,F559,更换驾驶员侧安全气囊模块,驾驶员侧安全气囊模块,1500,2024-12-07 18:14
M560,F560,更换进气温度传感器,进气温度传感器,380,2024-01-23 14:33
M561,F561,更换火花塞+缸线检查,铱金火花塞(4支),380,2024-08-30 09:37
M562,F562,更换轮速传感器,右前轮速传感器,260,2024-09-14 15:00
M563,F563,清洗节气门+燃油滤芯更换,燃油滤芯,420,2024-09-11 18:04
M564,F564,维修空调压缩机,压缩机电磁阀,580,2024-04-16 10:26
M565,F565,更换催化转化器,原厂催化转化器,2800,2025-07-17 11:02
M566,F566,更换涡轮增压器电磁阀,涡轮电磁阀,850,2025-09-26 16:11
M567,F567,更换刹车压力传感器,刹车压力传感器,480,2024-06-16 18:23
M568,F568,更换安全带传感器,主驾驶安全带传感器,320,2024-05-14 18:01
M569,F569,更换机油压力传感器,机油压力传感器,450,2024-04-25 10:13
M570,F570,维修ABS控制模块,ABS控制模块维修包,1200,2024-11-11 11:19
M571,F571,更换凸轮轴位置传感器,凸轮轴位置传感器,520,2025-07-12 13:25
M572,F572,维修安全气囊控制模块,安全气囊控制模块编程,800,2024-02-10 13:55
M573,F573,更换节气门位置传感器,节气门位置传感器,480,2025-03-04 13:32
M574,F574,更换左前轮速传感器,左前轮速传感器,280,2024-04-10 10:55
M575,F575,检查燃油蒸发系统管路,燃油蒸发管密封垫,350,2025-06-06 16:42
M576,F576,更换右前安全气囊传感器,右前安全气囊传感器,650,2024-05-12 11:02
M577,F577,升级ECM控制模块程序,ECM程序升级包,980,2025-07-04 13:21
M578,F578,更换右后轮速传感器,右后轮速传感器,270,2025-09-08 11:00
M579,F579,更换驾驶员侧安全气囊模块,驾驶员侧安全气囊模块,1500,2025-09-14 18:53
M580,F580,更换进气温度传感器,进气温度传感器,380,2024-04-16 16:32
M581,F581,更换火花塞+缸线检查,铱金火花塞(4支),380,2025-02-25 17:13
M582,F582,更换轮速传感器,右前轮速传感器,260,2025-11-16 18:17
M583,F583,清洗节气门+燃油滤芯更换,燃油滤芯,420,2025-08-07 10:56
M584,F584,维修空调压缩机,压缩机电磁阀,580,2024-04-18 12:13
M585,F585,更换催化转化器,原厂催化转化器,2800,2024-07-30 09:44
M586,F586,更换涡轮增压器电磁阀,涡轮电磁阀,850,2024-01-06 12:04
M587,F587,更换刹车压力传感器,刹车压力传感器,480,2025-06-25 15:39
M588,F588,更换安全带传感器,主驾驶安全带传感器,320,2025-03-30 15:49
M589,F589,更换机油压力传感器,机油压力传感器,450,2025-01-29 17:48
M590,F590,维修ABS控制模块,ABS控制模块维修包,1200,2025-11-11 13:52
M591,F591,更换凸轮轴位置传感器,凸轮轴位置传感器,520,2024-05-12 10:13
M592,F592,维修安全气囊控制模块,安全气囊控制模块编程,800,2024-09-05 12:09
M593,F593,更换节气门位置传感器,节气门位置传感器,480,2025-12-09 16:21
M594,F594,更换左前轮速传感器,左前轮速传感器,280,2024-07-18 09:09
M595,F595,检查燃油蒸发系统管路,燃油蒸发管密封垫,350,2024-05-12 18:12
M596,F596,更换右前安全气囊传感器,右前安全气囊传感器,650,2025-04-19 15:33
M597,F597,升级ECM控制模块程序,ECM程序升级包,980,2024-07-17 16:15
M598,F598,更换右后轮速传感器,右后轮速传感器,270,2024-04-20 16:18
M599,F599,更换驾驶员侧安全气囊模块,驾驶员侧安全气囊模块,1500,2024-03-10 13:11
M600,F600,更换进气温度传感器,进气温度传感器,380,2025-07-26 10:36
M601,F601,更换火花塞+缸线检查,铱金火花塞(4支),380,2025-07-08 12:45
M602,F602,更换轮速传感器,右前轮速传感器,260,2024-09-23 14:18
M603,F603,清洗节气门+燃油滤芯更换,燃油滤芯,420,2025-09-18 13:20
M604,F604,维修空调压缩机,压缩机电磁阀,580,2024-01-23 15:06
M605,F605,更换催化转化器,原厂催化转化器,2800,2025-11-11 10:59
M606,F606,更换涡轮增压器电磁阀,涡轮电磁阀,850,2025-03-20 14:53
M607,F607,更换刹车压力传感器,刹车压力传感器,480,2024-02-29 18:13
M608,F608,更换安全带传感器,主驾驶安全带传感器,320,2024-07-03 11:43
M609,F609,更换机油压力传感器,机油压力传感器,450,2025-01-09 13:50
M610,F610,维修ABS控制模块,ABS控制模块维修包,1200,2024-02-01 18:25
M611,F611,更换凸轮轴位置传感器,凸轮轴位置传感器,520,2024-09-07 15:36
M612,F612,维修安全气囊控制模块,安全气囊控制模块编程,800,2025-01-13 17:36
M613,F613,更换节气门位置传感器,节气门位置传感器,480,2025-01-16 14:17
M614,F614,更换左前轮速传感器,左前轮速传感器,280,2025-02-21 16:49
M615,F615,检查燃油蒸发系统管路,燃油蒸发管密封垫,350,2024-09-15 09:45
M616,F616,更换右前安全气囊传感器,右前安全气囊传感器,650,2024-12-26 18:47
M617,F617,升级ECM控制模块程序,ECM程序升级包,980,2024-01-12 17:15
M618,F618,更换右后轮速传感器,右后轮速传感器,270,2025-12-20 19:02
M619,F619,更换驾驶员侧安全气囊模块,驾驶员侧安全气囊模块,1500,2024-10-29 15:12
M620,F620,更换进气温度传感器,进气温度传感器,380,2025-09-28 17:17
M621,F621,更换火花塞+缸线检查,铱金火花塞(4支),380,2024-11-26 18:31
M622,F622,更换轮速传感器,右前轮速传感器,260,2024-12-11 14:54
M623,F623,清洗节气门+燃油滤芯更换,燃油滤芯,420,2025-05-28 18:34
M624,F624,维修空调压缩机,压缩机电磁阀,580,2025-05-22 18:56
M625,F625,更换催化转化器,原厂催化转化器,2800,2025-09-18 10:30
M626,F626,更换涡轮增压器电磁阀,涡轮电磁阀,850,2025-03-25 12:14
M627,F627,更换刹车压力传感器,刹车压力传感器,480,2025-12-18 17:16
M628,F628,更换安全带传感器,主驾驶安全带传感器,320,2025-10-25 16:43
M629,F629,更换机油压力传感器,机油压力传感器,450,2025-06-07 17:50
M630,F630,维修ABS控制模块,ABS控制模块维修包,1200,2025-03-06 13:06
M631,F631,更换凸轮轴位置传感器,凸轮轴位置传感器,520,2024-01-31 11:18
M632,F632,维修安全气囊控制模块,安全气囊控制模块编程,800,2024-03-21 10:10
M633,F633,更换节气门位置传感器,节气门位置传感器,480,2025-08-13 14:59
M634,F634,更换左前轮速传感器,左前轮速传感器,280,2024-11-30 13:49
M635,F635,检查燃油蒸发系统管路,燃油蒸发管密封垫,350,2025-07-30 11:25
M636,F636,更换右前安全气囊传感器,右前安全气囊传感器,650,2025-08-09 09:42
M637,F637,升级ECM控制模块程序,ECM程序升级包,980,2025-04-19 13:58
M638,F638,更换右后轮速传感器,右后轮速传感器,270,2024-04-29 10:43
M639,F639,更换驾驶员侧安全气囊模块,驾驶员侧安全气囊模块,1500,2024-05-02 18:21
M640,F640,更换进气温度传感器,进气温度传感器,380,2024-04-30 12:41
M641,F641,更换火花塞+缸线检查,铱金火花塞(4支),380,2024-05-16 16:37
M642,F642,更换轮速传感器,右前轮速传感器,260,2024-02-22 16:14
M643,F643,清洗节气门+燃油滤芯更换,燃油滤芯,420,2025-11-30 16:47
M644,F644,维修空调压缩机,压缩机电磁阀,580,2024-08-07 15:33
M645,F645,更换催化转化器,原厂催化转化器,2800,2024-06-02 11:17
M646,F646,更换涡轮增压器电磁阀,涡轮电磁阀,850,2025-12-03 18:18
M647,F647,更换刹车压力传感器,刹车压力传感器,480,2025-05-17 18:46
M648,F648,更换安全带传感器,主驾驶安全带传感器,320,2025-06-11 19:20
M649,F649,更换机油压力传感器,机油压力传感器,450,2024-08-21 12:54
M650,F650,维修ABS控制模块,ABS控制模块维修包,1200,2024-02-14 14:33
M651,F651,更换凸轮轴位置传感器,凸轮轴位置传感器,520,2024-08-15 16:17
M652,F652,维修安全气囊控制模块,安全气囊控制模块编程,800,2024-10-28 09:22
M653,F653,更换节气门位置传感器,节气门位置传感器,480,2025-05-06 10:00
M654,F654,更换左前轮速传感器,左前轮速传感器,280,2025-05-04 16:58
M655,F655,检查燃油蒸发系统管路,燃油蒸发管密封垫,350,2024-06-23 19:41
M656,F656,更换右前安全气囊传感器,右前安全气囊传感器,650,2024-10-12 16:42
M657,F657,升级ECM控制模块程序,ECM程序升级包,980,2024-01-09 16:33
M658,F658,更换右后轮速传感器,右后轮速传感器,270,2025-08-10 11:12
M659,F659,更换驾驶员侧安全气囊模块,驾驶员侧安全气囊模块,1500,2025-09-19 10:00
M660,F660,更换进气温度传感器,进气温度传感器,380,2024-12-07 11:06
M661,F661,更换火花塞+缸线检查,铱金火花塞(4支),380,2024-10-17 14:08
M662,F662,更换轮速传感器,右前轮速传感器,260,2025-09-03 16:44
M663,F663,清洗节气门+燃油滤芯更换,燃油滤芯,420,2024-04-08 13:14
M664,F664,维修空调压缩机,压缩机电磁阀,580,2025-09-18 11:22
M665,F665,更换催化转化器,原厂催化转化器,2800,2025-09-18 18:37
M666,F666,更换涡轮增压器电磁阀,涡轮电磁阀,850,2024-06-18 14:25
M667,F667,更换刹车压力传感器,刹车压力传感器,480,2025-04-17 14:48
M668,F668,更换安全带传感器,主驾驶安全带传感器,320,2025-01-24 16:36
M669,F669,更换机油压力传感器,机油压力传感器,450,2024-07-22 11:19
M670,F670,维修ABS控制模块,ABS控制模块维修包,1200,2025-09-24 14:25
M671,F671,更换凸轮轴位置传感器,凸轮轴位置传感器,520,2024-05-14 11:13
M672,F672,维修安全气囊控制模块,安全气囊控制模块编程,800,2025-02-25 17:59
M673,F673,更换节气门位置传感器,节气门位置传感器,480,2024-10-15 17:44
M674,F674,更换左前轮速传感器,左前轮速传感器,280,2025-08-18 12:05
M675,F675,检查燃油蒸发系统管路,燃油蒸发管密封垫,350,2024-04-18 13:42
M676,F676,更换右前安全气囊传感器,右前安全气囊传感器,650,2025-10-21 14:50
M677,F677,升级ECM控制模块程序,ECM程序升级包,980,2024-05-03 14:35
M678,F678,更换右后轮速传感器,右后轮速传感器,270,2025-03-20 18:01
M679,F679,更换驾驶员侧安全气囊模块,驾驶员侧安全气囊模块,1500,2025-05-23 14:19
M680,F680,更换进气温度传感器,进气温度传感器,380,2025-05-26 17:23
M681,F681,更换火花塞+缸线检查,铱金火花塞(4支),380,2024-04-26 14:36
M682,F682,更换轮速传感器,右前轮速传感器,260,2025-11-16 16:57
M683,F683,清洗节气门+燃油滤芯更换,燃油滤芯,420,2024-09-03 18:17
M684,F684,维修空调压缩机,压缩机电磁阀,580,2024-12-08 10:32
M685,F685,更换催化转化器,原厂催化转化器,2800,2025-04-11 17:36
M686,F686,更换涡轮增压器电磁阀,涡轮电磁阀,850,2024-10-10 16:17
M687,F687,更换刹车压力传感器,刹车压力传感器,480,2025-03-30 14:37
M688,F688,更换安全带传感器,主驾驶安全带传感器,320,2025-03-11 10:15
M689,F689,更换机油压力传感器,机油压力传感器,450,2024-06-27 14:45
M690,F690,维修ABS控制模块,ABS控制模块维修包,1200,2025-12-30 11:33
M691,F691,更换凸轮轴位置传感器,凸轮轴位置传感器,520,2024-10-09 14:00
M692,F692,维修安全气囊控制模块,安全气囊控制模块编程,800,2025-08-31 09:30
M693,F693,更换节气门位置传感器,节气门位置传感器,480,2025-06-10 18:33
M694,F694,更换左前轮速传感器,左前轮速传感器,280,2024-01-17 15:32
M695,F695,检查燃油蒸发系统管路,燃油蒸发管密封垫,350,2025-03-27 14:26
M696,F696,更换右前安全气囊传感器,右前安全气囊传感器,650,2025-03-14 12:24
M697,F697,升级ECM控制模块程序,ECM程序升级包,980,2024-07-11 16:47
M698,F698,更换右后轮速传感器,右后轮速传感器,270,2024-12-27 15:36
M699,F699,更换驾驶员侧安全气囊模块,驾驶员侧安全气囊模块,1500,2025-10-31 18:15
M700,F700,更换进气温度传感器,进气温度传感器,380,2024-03-27 18:26
M701,F701,更换火花塞+缸线检查,铱金火花塞(4支),380,2025-06-15 19:10
M702,F702,更换轮速传感器,右前轮速传感器,260,2025-06-26 10:18
M703,F703,清洗节气门+燃油滤芯更换,燃油滤芯,420,2024-10-23 10:53
M704,F704,维修空调压缩机,压缩机电磁阀,580,2025-12-11 09:22
M705,F705,更换催化转化器,原厂催化转化器,2800,2025-08-26 17:34
M706,F706,更换涡轮增压器电磁阀,涡轮电磁阀,850,2024-11-29 16:41
M707,F707,更换刹车压力传感器,刹车压力传感器,480,2025-12-10 15:14
M708,F708,更换安全带传感器,主驾驶安全带传感器,320,2025-11-13 10:59
M709,F709,更换机油压力传感器,机油压力传感器,450,2025-06-02 19:25
M710,F710,维修ABS控制模块,ABS控制模块维修包,1200,2025-10-06 15:46
M711,F711,更换凸轮轴位置传感器,凸轮轴位置传感器,520,2024-12-07 17:09
M712,F712,维修安全气囊控制模块,安全气囊控制模块编程,800,2025-09-25 11:09
M713,F713,更换节气门位置传感器,节气门位置传感器,480,2025-01-16 15:31
M714,F714,更换左前轮速传感器,左前轮速传感器,280,2024-01-11 11:38
M715,F715,检查燃油蒸发系统管路,燃油蒸发管密封垫,350,2024-02-05 13:41
M716,F716,更换右前安全气囊传感器,右前安全气囊传感器,650,2024-08-14 15:32
M717,F717,升级ECM控制模块程序,ECM程序升级包,980,2024-07-17 10:24
M718,F718,更换右后轮速传感器,右后轮速传感器,270,2024-08-14 12:14
M719,F719,更换驾驶员侧安全气囊模块,驾驶员侧安全气囊模块,1500,2024-08-06 17:16
M720,F720,更换进气温度传感器,进气温度传感器,380,2024-09-02 17:03
M721,F721,更换火花塞+缸线检查,铱金火花塞(4支),380,2024-03-15 18:29
M722,F722,更换轮速传感器,右前轮速传感器,260,2025-06-27 15:06
M723,F723,清洗节气门+燃油滤芯更换,燃油滤芯,420,2025-10-29 15:23
M724,F724,维修空调压缩机,压缩机电磁阀,580,2024-11-24 15:45
M725,F725,更换催化转化器,原厂催化转化器,2800,2025-09-07 12:17
M726,F726,更换涡轮增压器电磁阀,涡轮电磁阀,850,2024-02-27 16:18
M727,F727,更换刹车压力传感器,刹车压力传感器,480,2024-04-11 17:49
M728,F728,更换安全带传感器,主驾驶安全带传感器,320,2024-04-01 10:53
M729,F729,更换机油压力传感器,机油压力传感器,450,2025-09-14 09:18
M730,F730,维修ABS控制模块,ABS控制模块维修包,1200,2025-01-20 11:10
M731,F731,更换凸轮轴位置传感器,凸轮轴位置传感器,520,2025-04-26 19:46
M732,F732,维修安全气囊控制模块,安全气囊控制模块编程,800,2024-12-19 16:50
M733,F733,更换节气门位置传感器,节气门位置传感器,480,2024-07-15 11:39
M734,F734,更换左前轮速传感器,左前轮速传感器,280,2024-06-11 17:32
M735,F735,检查燃油蒸发系统管路,燃油蒸发管密封垫,350,2024-02-10 15:41
M736,F736,更换右前安全气囊传感器,右前安全气囊传感器,650,2025-02-24 12:22
M737,F737,升级ECM控制模块程序,ECM程序升级包,980,2024-08-22 16:01
M738,F738,更换右后轮速传感器,右后轮速传感器,270,2024-07-03 15:30
M739,F739,更换驾驶员侧安全气囊模块,驾驶员侧安全气囊模块,1500,2025-03-02 16:00
M740,F740,更换进气温度传感器,进气温度传感器,380,2025-09-15 13:42
M741,F741,更换火花塞+缸线检查,铱金火花塞(4支),380,2025-05-16 13:17
M742,F742,更换轮速传感器,右前轮速传感器,260,2024-09-15 18:53
M743,F743,清洗节气门+燃油滤芯更换,燃油滤芯,420,2024-11-22 12:44
M744,F744,维修空调压缩机,压缩机电磁阀,580,2025-01-13 17:19
M745,F745,更换催化转化器,原厂催化转化器,2800,2024-12-11 17:28
M746,F746,更换涡轮增压器电磁阀,涡轮电磁阀,850,2025-11-11 14:56
M747,F747,更换刹车压力传感器,刹车压力传感器,480,2025-02-11 12:58
M748,F748,更换安全带传感器,主驾驶安全带传感器,320,2025-12-27 18:56
M749,F749,更换机油压力传感器,机油压力传感器,450,2024-10-01 14:31
M750,F750,维修ABS控制模块,ABS控制模块维修包,1200,2025-07-23 10:58
M751,F751,更换凸轮轴位置传感器,凸轮轴位置传感器,520,2024-03-23 18:31
M752,F752,维修安全气囊控制模块,安全气囊控制模块编程,800,2025-01-26 17:41
M753,F753,更换节气门位置传感器,节气门位置传感器,480,2025-04-13 18:39
M754,F754,更换左前轮速传感器,左前轮速传感器,280,2025-09-05 12:11
M755,F755,检查燃油蒸发系统管路,燃油蒸发管密封垫,350,2024-02-08 10:40
M756,F756,更换右前安全气囊传感器,右前安全气囊传感器,650,2025-12-15 11:19
M757,F757,升级ECM控制模块程序,ECM程序升级包,980,2024-10-25 15:31
M758,F758,更换右后轮速传感器,右后轮速传感器,270,2025-11-05 19:10
M759,F759,更换驾驶员侧安全气囊模块,驾驶员侧安全气囊模块,1500,2025-06-09 15:17
M760,F760,更换进气温度传感器,进气温度传感器,380,2024-09-20 19:59
M761,F761,更换火花塞+缸线检查,铱金火花塞(4支),380,2025-12-04 12:20
M762,F762,更换轮速传感器,右前轮速传感器,260,2024-12-05 16:31
M763,F763,清洗节气门+燃油滤芯更换,燃油滤芯,420,2024-02-28 19:40
M764,F764,维修空调压缩机,压缩机电磁阀,580,2025-06-21 09:11
M765,F765,更换催化转化器,原厂催化转化器,2800,2024-01-16 14:43
M766,F766,更换涡轮增压器电磁阀,涡轮电磁阀,850,2024-08-13 15:17
M767,F767,更换刹车压力传感器,刹车压力传感器,480,2024-04-09 12:49
M768,F768,更换安全带传感器,主驾驶安全带传感器,320,2024-12-11 15:48
M769,F769,更换机油压力传感器,机油压力传感器,450,2025-03-15 14:27
M770,F770,维修ABS控制模块,ABS控制模块维修包,1200,2025-10-09 15:40
M771,F771,更换凸轮轴位置传感器,凸轮轴位置传感器,520,2024-10-28 12:47
M772,F772,维修安全气囊控制模块,安全气囊控制模块编程,800,2024-12-03 16:22
M773,F773,更换节气门位置传感器,节气门位置传感器,480,2024-03-29 09:31
M774,F774,更换左前轮速传感器,左前轮速传感器,280,2025-07-22 10:53
M775,F775,检查燃油蒸发系统管路,燃油蒸发管密封垫,350,2024-06-27 14:28
M776,F776,更换右前安全气囊传感器,右前安全气囊传感器,650,2024-12-18 18:14
M777,F777,升级ECM控制模块程序,ECM程序升级包,980,2025-06-26 15:25
M778,F778,更换右后轮速传感器,右后轮速传感器,270,2024-02-27 13:40
M779,F779,更换驾驶员侧安全气囊模块,驾驶员侧安全气囊模块,1500,2025-10-19 12:31
M780,F780,更换进气温度传感器,进气温度传感器,380,2024-06-20 16:52
M781,F781,更换火花塞+缸线检查,铱金火花塞(4支),380,2024-07-14 14:37
M782,F782,更换轮速传感器,右前轮速传感器,260,2025-07-22 18:46
M783,F783,清洗节气门+燃油滤芯更换,燃油滤芯,420,2024-01-11 11:59
M784,F784,维修空调压缩机,压缩机电磁阀,580,2024-02-16 19:43
M785,F785,更换催化转化器,原厂催化转化器,2800,2024-11-15 14:13
M786,F786,更换涡轮增压器电磁阀,涡轮电磁阀,850,2025-09-05 17:30
M787,F787,更换刹车压力传感器,刹车压力传感器,480,2025-07-29 14:20
M788,F788,更换安全带传感器,主驾驶安全带传感器,320,2025-04-17 15:10
M789,F789,更换机油压力传感器,机油压力传感器,450,2024-09-26 11:44
M790,F790,维修ABS控制模块,ABS控制模块维修包,1200,2024-04-08 10:41
M791,F791,更换凸轮轴位置传感器,凸轮轴位置传感器,520,2024-02-18 19:44
M792,F792,维修安全气囊控制模块,安全气囊控制模块编程,800,2025-03-19 15:16
M793,F793,更换节气门位置传感器,节气门位置传感器,480,2025-12-19 15:41
M794,F794,更换左前轮速传感器,左前轮速传感器,280,2024-10-22 14:20
M795,F795,检查燃油蒸发系统管路,燃油蒸发管密封垫,350,2024-07-01 15:09
M796,F796,更换右前安全气囊传感器,右前安全气囊传感器,650,2024-12-19 13:45
M797,F797,升级ECM控制模块程序,ECM程序升级包,980,2025-08-26 19:57
M798,F798,更换右后轮速传感器,右后轮速传感器,270,2025-01-06 11:19
M799,F799,更换驾驶员侧安全气囊模块,驾驶员侧安全气囊模块,1500,2025-04-11 17:00
M800,F800,更换进气温度传感器,进气温度传感器,380,2025-05-26 15:09
M801,F801,更换火花塞+缸线检查,铱金火花塞(4支),380,2024-08-05 18:45
M802,F802,更换轮速传感器,右前轮速传感器,260,2024-08-13 10:46
M803,F803,清洗节气门+燃油滤芯更换,燃油滤芯,420,2024-05-23 11:38
M804,F804,维修空调压缩机,压缩机电磁阀,580,2024-01-11 16:04
M805,F805,更换催化转化器,原厂催化转化器,2800,2024-05-25 12:29
M806,F806,更换涡轮增压器电磁阀,涡轮电磁阀,850,2024-04-05 12:38
M807,F807,更换刹车压力传感器,刹车压力传感器,480,2024-09-20 18:16
M808,F808,更换安全带传感器,主驾驶安全带传感器,320,2024-02-06 17:06
M809,F809,更换机油压力传感器,机油压力传感器,450,2024-06-23 15:58
M810,F810,维修ABS控制模块,ABS控制模块维修包,1200,2024-08-07 11:51
M811,F811,更换凸轮轴位置传感器,凸轮轴位置传感器,520,2024-02-06 14:44
M812,F812,维修安全气囊控制模块,安全气囊控制模块编程,800,2025-01-12 16:29
M813,F813,更换节气门位置传感器,节气门位置传感器,480,2025-07-13 12:06
M814,F814,更换左前轮速传感器,左前轮速传感器,280,2025-03-05 13:37
M815,F815,检查燃油蒸发系统管路,燃油蒸发管密封垫,350,2024-09-03 12:20
M816,F816,更换右前安全气囊传感器,右前安全气囊传感器,650,2024-03-02 13:58
M817,F817,升级ECM控制模块程序,ECM程序升级包,980,2025-04-07 12:14
M818,F818,更换右后轮速传感器,右后轮速传感器,270,2024-06-14 09:36
M819,F819,更换驾驶员侧安全气囊模块,驾驶员侧安全气囊模块,1500,2025-08-23 09:51
M820,F820,更换进气温度传感器,进气温度传感器,380,2024-03-13 11:14
M821,F821,更换火花塞+缸线检查,铱金火花塞(4支),380,2025-11-26 14:09
M822,F822,更换轮速传感器,右前轮速传感器,260,2025-04-06 17:51
M823,F823,清洗节气门+燃油滤芯更换,燃油滤芯,420,2024-01-18 15:49
M824,F824,维修空调压缩机,压缩机电磁阀,580,2025-09-10 13:29
M825,F825,更换催化转化器,原厂催化转化器,2800,2024-09-02 12:44
M826,F826,更换涡轮增压器电磁阀,涡轮电磁阀,850,2025-10-28 16:31
M827,F827,更换刹车压力传感器,刹车压力传感器,480,2025-01-10 11:31
M828,F828,更换安全带传感器,主驾驶安全带传感器,320,2024-01-21 17:21
M829,F829,更换机油压力传感器,机油压力传感器,450,2025-11-06 15:36
M830,F830,维修ABS控制模块,ABS控制模块维修包,1200,2024-10-28 13:09
M831,F831,更换凸轮轴位置传感器,凸轮轴位置传感器,520,2025-03-09 19:37
M832,F832,维修安全气囊控制模块,安全气囊控制模块编程,800,2025-02-05 12:36
M833,F833,更换节气门位置传感器,节气门位置传感器,480,2024-03-20 18:34
M834,F834,更换左前轮速传感器,左前轮速传感器,280,2024-05-08 10:20
M835,F835,检查燃油蒸发系统管路,燃油蒸发管密封垫,350,2024-01-21 11:28
M836,F836,更换右前安全气囊传感器,右前安全气囊传感器,650,2025-03-15 10:35
M837,F837,升级ECM控制模块程序,ECM程序升级包,980,2025-05-28 10:07
M838,F838,更换右后轮速传感器,右后轮速传感器,270,2024-09-23 10:39
M839,F839,更换驾驶员侧安全气囊模块,驾驶员侧安全气囊模块,1500,2024-09-12 11:36
M840,F840,更换进气温度传感器,进气温度传感器,380,2024-04-22 17:53
M841,F841,更换火花塞+缸线检查,铱金火花塞(4支),380,2024-09-28 15:18
M842,F842,更换轮速传感器,右前轮速传感器,260,2025-07-16 17:27
M843,F843,清洗节气门+燃油滤芯更换,燃油滤芯,420,2025-03-19 11:54
M844,F844,维修空调压缩机,压缩机电磁阀,580,2024-03-19 14:04
M845,F845,更换催化转化器,原厂催化转化器,2800,2024-08-25 10:59
M846,F846,更换涡轮增压器电磁阀,涡轮电磁阀,850,2024-09-29 12:26
M847,F847,更换刹车压力传感器,刹车压力传感器,480,2025-10-05 09:43
M848,F848,更换安全带传感器,主驾驶安全带传感器,320,2025-06-28 13:27
M849,F849,更换机油压力传感器,机油压力传感器,450,2025-03-28 14:20
M850,F850,维修ABS控制模块,ABS控制模块维修包,1200,2024-03-19 14:37
M851,F851,更换凸轮轴位置传感器,凸轮轴位置传感器,520,2024-11-14 16:41
M852,F852,维修安全气囊控制模块,安全气囊控制模块编程,800,2024-01-11 17:01
M853,F853,更换节气门位置传感器,节气门位置传感器,480,2025-11-11 13:25
M854,F854,更换左前轮速传感器,左前轮速传感器,280,2024-04-14 17:00
M855,F855,检查燃油蒸发系统管路,燃油蒸发管密封垫,350,2024-09-29 16:51
M856,F856,更换右前安全气囊传感器,右前安全气囊传感器,650,2024-09-22 10:01
M857,F857,升级ECM控制模块程序,ECM程序升级包,980,2025-11-26 11:18
M858,F858,更换右后轮速传感器,右后轮速传感器,270,2024-08-25 19:16
M859,F859,更换驾驶员侧安全气囊模块,驾驶员侧安全气囊模块,1500,2024-01-25 15:11
M860,F860,更换进气温度传感器,进气温度传感器,380,2024-05-14 10:14
M861,F861,更换火花塞+缸线检查,铱金火花塞(4支),380,2024-11-01 18:46
M862,F862,更换轮速传感器,右前轮速传感器,260,2024-06-30 18:35
M863,F863,清洗节气门+燃油滤芯更换,燃油滤芯,420,2025-07-29 19:46
M864,F864,维修空调压缩机,压缩机电磁阀,580,2024-08-21 14:13
M865,F865,更换催化转化器,原厂催化转化器,2800,2025-05-13 17:50
M866,F866,更换涡轮增压器电磁阀,涡轮电磁阀,850,2025-10-30 15:46
M867,F867,更换刹车压力传感器,刹车压力传感器,480,2025-07-01 15:24
M868,F868,更换安全带传感器,主驾驶安全带传感器,320,2024-03-29 18:43
M869,F869,更换机油压力传感器,机油压力传感器,450,2024-03-02 14:29
M870,F870,维修ABS控制模块,ABS控制模块维修包,1200,2025-09-02 18:28
M871,F871,更换凸轮轴位置传感器,凸轮轴位置传感器,520,2024-07-27 16:57
M872,F872,维修安全气囊控制模块,安全气囊控制模块编程,800,2024-09-17 18:16
M873,F873,更换节气门位置传感器,节气门位置传感器,480,2024-11-26 10:38
M874,F874,更换左前轮速传感器,左前轮速传感器,280,2025-07-30 18:16
M875,F875,检查燃油蒸发系统管路,燃油蒸发管密封垫,350,2024-10-09 17:58
M876,F876,更换右前安全气囊传感器,右前安全气囊传感器,650,2024-12-17 10:10
M877,F877,升级ECM控制模块程序,ECM程序升级包,980,2025-03-11 16:24
M878,F878,更换右后轮速传感器,右后轮速传感器,270,2024-05-25 17:17
M879,F879,更换驾驶员侧安全气囊模块,驾驶员侧安全气囊模块,1500,2025-09-26 19:46
M880,F880,更换进气温度传感器,进气温度传感器,380,2025-02-13 16:54
M881,F881,更换火花塞+缸线检查,铱金火花塞(4支),380,2024-11-30 10:00
M882,F882,更换轮速传感器,右前轮速传感器,260,2025-08-17 13:13
M883,F883,清洗节气门+燃油滤芯更换,燃油滤芯,420,2024-07-16 15:07
M884,F884,维修空调压缩机,压缩机电磁阀,580,2025-12-04 16:38
M885,F885,更换催化转化器,原厂催化转化器,2800,2025-01-09 16:58
M886,F886,更换涡轮增压器电磁阀,涡轮电磁阀,850,2025-11-19 11:15
M887,F887,更换刹车压力传感器,刹车压力传感器,480,2025-09-19 13:48
M888,F888,更换安全带传感器,主驾驶安全带传感器,320,2024-11-26 12:22
M889,F889,更换机油压力传感器,机油压力传感器,450,2025-12-23 14:48
M890,F890,维修ABS控制模块,ABS控制模块维修包,1200,2025-08-07 16:46
M891,F891,更换凸轮轴位置传感器,凸轮轴位置传感器,520,2024-05-16 18:39
M892,F892,维修安全气囊控制模块,安全气囊控制模块编程,800,2025-09-11 09:21
M893,F893,更换节气门位置传感器,节气门位置传感器,480,2025-10-24 17:41
M894,F894,更换左前轮速传感器,左前轮速传感器,280,2025-05-31 16:06
M895,F895,检查燃油蒸发系统管路,燃油蒸发管密封垫,350,2024-11-07 13:31
M896,F896,更换右前安全气囊传感器,右前安全气囊传感器,650,2024-07-27 16:42
M897,F897,升级ECM控制模块程序,ECM程序升级包,980,2024-07-24 19:03
M898,F898,更换右后轮速传感器,右后轮速传感器,270,2024-02-26 10:32
M899,F899,更换驾驶员侧安全气囊模块,驾驶员侧安全气囊模块,1500,2024-09-22 15:29
M900,F900,更换进气温度传感器,进气温度传感器,380,2024-06-09 12:55
M901,F901,更换火花塞+缸线检查,铱金火花塞(4支),380,2025-10-20 15:01
M902,F902,更换轮速传感器,右前轮速传感器,260,2025-05-05 18:22
M903,F903,清洗节气门+燃油滤芯更换,燃油滤芯,420,2024-05-28 10:43
M904,F904,维修空调压缩机,压缩机电磁阀,580,2024-01-09 15:50
M905,F905,更换催化转化器,原厂催化转化器,2800,2025-05-11 10:45
M906,F906,更换涡轮增压器电磁阀,涡轮电磁阀,850,2025-08-16 18:28
M907,F907,更换刹车压力传感器,刹车压力传感器,480,2024-12-21 17:01
M908,F908,更换安全带传感器,主驾驶安全带传感器,320,2025-09-30 15:41
M909,F909,更换机油压力传感器,机油压力传感器,450,2025-10-30 15:21
M910,F910,维修ABS控制模块,ABS控制模块维修包,1200,2024-02-08 17:12
M911,F911,更换凸轮轴位置传感器,凸轮轴位置传感器,520,2024-11-14 15:39
M912,F912,维修安全气囊控制模块,安全气囊控制模块编程,800,2024-10-10 12:29
M913,F913,更换节气门位置传感器,节气门位置传感器,480,2025-08-27 13:32
M914,F914,更换左前轮速传感器,左前轮速传感器,280,2024-10-21 11:22
M915,F915,检查燃油蒸发系统管路,燃油蒸发管密封垫,350,2025-06-30 17:35
M916,F916,更换右前安全气囊传感器,右前安全气囊传感器,650,2025-05-02 10:25
M917,F917,升级ECM控制模块程序,ECM程序升级包,980,2024-02-13 11:20
M918,F918,更换右后轮速传感器,右后轮速传感器,270,2025-05-14 15:50
M919,F919,更换驾驶员侧安全气囊模块,驾驶员侧安全气囊模块,1500,2024-08-05 12:36
M920,F920,更换进气温度传感器,进气温度传感器,380,2024-02-22 12:00
M921,F921,更换火花塞+缸线检查,铱金火花塞(4支),380,2025-09-26 17:25
M922,F922,更换轮速传感器,右前轮速传感器,260,2025-06-22 11:28
M923,F923,清洗节气门+燃油滤芯更换,燃油滤芯,420,2025-08-09 11:58
M924,F924,维修空调压缩机,压缩机电磁阀,580,2024-12-30 13:54
M925,F925,更换催化转化器,原厂催化转化器,2800,2025-01-10 11:21
M926,F926,更换涡轮增压器电磁阀,涡轮电磁阀,850,2025-10-04 10:05
M927,F927,更换刹车压力传感器,刹车压力传感器,480,2025-11-13 11:42
M928,F928,更换安全带传感器,主驾驶安全带传感器,320,2024-07-19 12:28
M929,F929,更换机油压力传感器,机油压力传感器,450,2025-05-13 09:07
M930,F930,维修ABS控制模块,ABS控制模块维修包,1200,2025-04-17 12:16
M931,F931,更换凸轮轴位置传感器,凸轮轴位置传感器,520,2025-10-06 17:03
M932,F932,维修安全气囊控制模块,安全气囊控制模块编程,800,2025-02-10 16:13
M933,F933,更换节气门位置传感器,节气门位置传感器,480,2025-07-09 14:28
M934,F934,更换左前轮速传感器,左前轮速传感器,280,2025-09-27 11:38
M935,F935,检查燃油蒸发系统管路,燃油蒸发管密封垫,350,2024-11-30 13:47
M936,F936,更换右前安全气囊传感器,右前安全气囊传感器,650,2025-07-04 15:27
M937,F937,升级ECM控制模块程序,ECM程序升级包,980,2024-08-10 12:02
M938,F938,更换右后轮速传感器,右后轮速传感器,270,2024-07-16 11:45
M939,F939,更换驾驶员侧安全气囊模块,驾驶员侧安全气囊模块,1500,2024-03-30 12:20
M940,F940,更换进气温度传感器,进气温度传感器,380,2024-02-01 15:18
M941,F941,更换火花塞+缸线检查,铱金火花塞(4支),380,2025-12-05 19:45
M942,F942,更换轮速传感器,右前轮速传感器,260,2025-09-07 15:00
M943,F943,清洗节气门+燃油滤芯更换,燃油滤芯,420,2024-09-10 11:42
M944,F944,维修空调压缩机,压缩机电磁阀,580,2024-06-06 12:09
M945,F945,更换催化转化器,原厂催化转化器,2800,2025-02-09 18:32
M946,F946,更换涡轮增压器电磁阀,涡轮电磁阀,850,2025-12-10 13:58
M947,F947,更换刹车压力传感器,刹车压力传感器,480,2025-07-09 10:40
M948,F948,更换安全带传感器,主驾驶安全带传感器,320,2024-04-05 14:46
M949,F949,更换机油压力传感器,机油压力传感器,450,2024-01-11 13:12
M950,F950,维修ABS控制模块,ABS控制模块维修包,1200,2024-07-14 13:15
M951,F951,更换凸轮轴位置传感器,凸轮轴位置传感器,520,2024-11-07 12:40
M952,F952,维修安全气囊控制模块,安全气囊控制模块编程,800,2024-12-22 10:53
M953,F953,更换节气门位置传感器,节气门位置传感器,480,2025-03-14 14:56
M954,F954,更换左前轮速传感器,左前轮速传感器,280,2025-10-10 17:18
M955,F955,检查燃油蒸发系统管路,燃油蒸发管密封垫,350,2025-12-22 10:12
M956,F956,更换右前安全气囊传感器,右前安全气囊传感器,650,2024-01-20 17:36
M957,F957,升级ECM控制模块程序,ECM程序升级包,980,2024-04-24 13:58
M958,F958,更换右后轮速传感器,右后轮速传感器,270,2025-08-25 19:17
M959,F959,更换驾驶员侧安全气囊模块,驾驶员侧安全气囊模块,1500,2025-03-08 13:13
M960,F960,更换进气温度传感器,进气温度传感器,380,2025-11-24 09:56
M961,F961,更换火花塞+缸线检查,铱金火花塞(4支),380,2024-10-22 14:53
M962,F962,更换轮速传感器,右前轮速传感器,260,2024-12-20 14:21
M963,F963,清洗节气门+燃油滤芯更换,燃油滤芯,420,2025-11-30 10:07
M964,F964,维修空调压缩机,压缩机电磁阀,580,2024-11-30 14:13
M965,F965,更换催化转化器,原厂催化转化器,2800,2024-01-15 12:37
M966,F966,更换涡轮增压器电磁阀,涡轮电磁阀,850,2024-04-29 12:51
M967,F967,更换刹车压力传感器,刹车压力传感器,480,2025-08-04 18:26
M968,F968,更换安全带传感器,主驾驶安全带传感器,320,2024-06-16 12:30
M969,F969,更换机油压力传感器,机油压力传感器,450,2025-04-05 15:15
M970,F970,维修ABS控制模块,ABS控制模块维修包,1200,2024-05-12 12:17
M971,F971,更换凸轮轴位置传感器,凸轮轴位置传感器,520,2024-01-07 11:39
M972,F972,维修安全气囊控制模块,安全气囊控制模块编程,800,2025-06-14 13:57
M973,F973,更换节气门位置传感器,节气门位置传感器,480,2024-04-14 15:58
M974,F974,更换左前轮速传感器,左前轮速传感器,280,2024-08-02 14:00
M975,F975,检查燃油蒸发系统管路,燃油蒸发管密封垫,350,2025-02-23 16:53
M976,F976,更换右前安全气囊传感器,右前安全气囊传感器,650,2025-02-10 09:46
M977,F977,升级ECM控制模块程序,ECM程序升级包,980,2025-12-27 17:33
M978,F978,更换右后轮速传感器,右后轮速传感器,270,2024-07-08 18:35
M979,F979,更换驾驶员侧安全气囊模块,驾驶员侧安全气囊模块,1500,2025-11-22 12:05
M980,F980,更换进气温度传感器,进气温度传感器,380,2025-11-16 11:04
M981,F981,更换火花塞+缸线检查,铱金火花塞(4支),380,2025-08-09 14:38
M982,F982,更换轮速传感器,右前轮速传感器,260,2025-03-27 18:17
M983,F983,清洗节气门+燃油滤芯更换,燃油滤芯,420,2025-12-15 13:20
M984,F984,维修空调压缩机,压缩机电磁阀,580,2024-10-09 11:59
M985,F985,更换催化转化器,原厂催化转化器,2800,2025-12-05 13:21
M986,F986,更换涡轮增压器电磁阀,涡轮电磁阀,850,2024-07-10 16:20
M987,F987,更换刹车压力传感器,刹车压力传感器,480,2024-07-25 17:27
M988,F988,更换安全带传感器,主驾驶安全带传感器,320,2024-11-20 15:02
M989,F989,更换机油压力传感器,机油压力传感器,450,2024-08-01 15:39
M990,F990,维修ABS控制模块,ABS控制模块维修包,1200,2025-04-26 16:42
M991,F991,更换凸轮轴位置传感器,凸轮轴位置传感器,520,2024-07-19 17:11
M992,F992,维修安全气囊控制模块,安全气囊控制模块编程,800,2025-06-15 17:55
M993,F993,更换节气门位置传感器,节气门位置传感器,480,2024-12-03 10:07
M994,F994,更换左前轮速传感器,左前轮速传感器,280,2025-06-03 12:56
M995,F995,检查燃油蒸发系统管路,燃油蒸发管密封垫,350,2025-01-26 10:29
M996,F996,更换右前安全气囊传感器,右前安全气囊传感器,650,2025-09-05 11:19
M997,F997,升级ECM控制模块程序,ECM程序升级包,980,2025-05-14 16:43
M998,F998,更换右后轮速传感器,右后轮速传感器,270,2025-12-21 17:09
M999,F999,更换驾驶员侧安全气囊模块,驾驶员侧安全气囊模块,1500,2024-09-16 14:46
M1000,F1000,更换进气温度传感器,进气温度传感器,380,2025-02-18 11:52
M1001,F1001,更换火花塞+缸线检查,铱金火花塞(4支),380,2024-01-10 10:29
M1002,F1002,更换轮速传感器,右前轮速传感器,260,2024-04-07 13:48
M1003,F1003,清洗节气门+燃油滤芯更换,燃油滤芯,420,2025-05-02 14:22
M1004,F1004,维修空调压缩机,压缩机电磁阀,580,2025-01-20 17:50
M1005,F1005,更换催化转化器,原厂催化转化器,2800,2024-02-21 17:06
M1006,F1006,更换涡轮增压器电磁阀,涡轮电磁阀,850,2025-06-22 15:02
M1007,F1007,更换刹车压力传感器,刹车压力传感器,480,2025-02-05 14:51
M1008,F1008,更换安全带传感器,主驾驶安全带传感器,320,2025-02-08 12:26
M1009,F1009,更换机油压力传感器,机油压力传感器,450,2024-05-30 12:56
M1010,F1010,维修ABS控制模块,ABS控制模块维修包,1200,2024-05-25 09:42
M1011,F1011,更换凸轮轴位置传感器,凸轮轴位置传感器,520,2025-06-14 14:46
M1012,F1012,维修安全气囊控制模块,安全气囊控制模块编程,800,2025-10-18 18:17
M1013,F1013,更换节气门位置传感器,节气门位置传感器,480,2025-10-07 18:43
M1014,F1014,更换左前轮速传感器,左前轮速传感器,280,2025-04-08 15:35
M1015,F1015,检查燃油蒸发系统管路,燃油蒸发管密封垫,350,2024-06-22 18:43
M1016,F1016,更换右前安全气囊传感器,右前安全气囊传感器,650,2024-05-03 17:49
M1017,F1017,升级ECM控制模块程序,ECM程序升级包,980,2024-12-04 17:26
M1018,F1018,更换右后轮速传感器,右后轮速传感器,270,2025-12-27 12:50
M1019,F1019,更换驾驶员侧安全气囊模块,驾驶员侧安全气囊模块,1500,2025-07-23 15:48
M1020,F1020,更换进气温度传感器,进气温度传感器,380,2024-11-23 17:56
M1021,F1021,更换火花塞+缸线检查,铱金火花塞(4支),380,2024-06-05 14:49
M1022,F1022,更换轮速传感器,右前轮速传感器,260,2025-08-02 11:47
M1023,F1023,清洗节气门+燃油滤芯更换,燃油滤芯,420,2025-05-03 13:14
M1024,F1024,维修空调压缩机,压缩机电磁阀,580,2025-02-14 16:05
M1025,F1025,更换催化转化器,原厂催化转化器,2800,2024-04-23 13:19
M1026,F1026,更换涡轮增压器电磁阀,涡轮电磁阀,850,2025-01-21 19:18
M1027,F1027,更换刹车压力传感器,刹车压力传感器,480,2024-06-20 12:50
M1028,F1028,更换安全带传感器,主驾驶安全带传感器,320,2024-03-19 17:32
M1029,F1029,更换机油压力传感器,机油压力传感器,450,2025-07-20 15:15
M1030,F1030,维修ABS控制模块,ABS控制模块维修包,1200,2024-03-08 17:39
M1031,F1031,更换凸轮轴位置传感器,凸轮轴位置传感器,520,2024-01-03 14:51
M1032,F1032,维修安全气囊控制模块,安全气囊控制模块编程,800,2024-03-21 14:41
M1033,F1033,更换节气门位置传感器,节气门位置传感器,480,2025-02-03 14:27
M1034,F1034,更换左前轮速传感器,左前轮速传感器,280,2025-06-12 13:12
M1035,F1035,检查燃油蒸发系统管路,燃油蒸发管密封垫,350,2025-11-02 11:15
M1036,F1036,更换右前安全气囊传感器,右前安全气囊传感器,650,2025-05-14 19:49
M1037,F1037,升级ECM控制模块程序,ECM程序升级包,980,2024-12-19 19:36
M1038,F1038,更换右后轮速传感器,右后轮速传感器,270,2025-06-09 16:20
M1039,F1039,更换驾驶员侧安全气囊模块,驾驶员侧安全气囊模块,1500,2024-04-14 18:02
M1040,F1040,更换进气温度传感器,进气温度传感器,380,2025-09-23 10:03
M1041,F1041,更换火花塞+缸线检查,铱金火花塞(4支),380,2024-09-28 14:44
M1042,F1042,更换轮速传感器,右前轮速传感器,260,2024-04-06 14:27
M1043,F1043,清洗节气门+燃油滤芯更换,燃油滤芯,420,2024-12-09 17:23
M1044,F1044,维修空调压缩机,压缩机电磁阀,580,2024-09-16 19:45
M1045,F1045,更换催化转化器,原厂催化转化器,2800,2025-02-17 18:28
M1046,F1046,更换涡轮增压器电磁阀,涡轮电磁阀,850,2024-05-19 09:44
M1047,F1047,更换刹车压力传感器,刹车压力传感器,480,2024-08-26 18:20
M1048,F1048,更换安全带传感器,主驾驶安全带传感器,320,2025-11-03 11:43
M1049,F1049,更换机油压力传感器,机油压力传感器,450,2024-12-11 13:04
M1050,F1050,维修ABS控制模块,ABS控制模块维修包,1200,2024-06-24 12:11
M1051,F1051,更换凸轮轴位置传感器,凸轮轴位置传感器,520,2024-05-30 10:57
M1052,F1052,维修安全气囊控制模块,安全气囊控制模块编程,800,2024-03-04 19:34
M1053,F1053,更换节气门位置传感器,节气门位置传感器,480,2025-03-29 19:50
M1054,F1054,更换左前轮速传感器,左前轮速传感器,280,2025-11-01 12:32
M1055,F1055,检查燃油蒸发系统管路,燃油蒸发管密封垫,350,2024-09-11 16:59
M1056,F1056,更换右前安全气囊传感器,右前安全气囊传感器,650,2025-04-10 11:09
M1057,F1057,升级ECM控制模块程序,ECM程序升级包,980,2025-07-17 18:23
M1058,F1058,更换右后轮速传感器,右后轮速传感器,270,2025-10-29 18:08
M1059,F1059,更换驾驶员侧安全气囊模块,驾驶员侧安全气囊模块,1500,2024-06-10 10:42
M1060,F1060,更换进气温度传感器,进气温度传感器,380,2024-12-06 13:05
M1061,F1061,更换火花塞+缸线检查,铱金火花塞(4支),380,2024-09-02 11:23
M1062,F1062,更换轮速传感器,右前轮速传感器,260,2024-10-10 09:11
M1063,F1063,清洗节气门+燃油滤芯更换,燃油滤芯,420,2024-11-11 10:25
M1064,F1064,维修空调压缩机,压缩机电磁阀,580,2025-11-02 16:19
M1065,F1065,更换催化转化器,原厂催化转化器,2800,2024-12-13 10:53
M1066,F1066,更换涡轮增压器电磁阀,涡轮电磁阀,850,2025-10-28 18:56
M1067,F1067,更换刹车压力传感器,刹车压力传感器,480,2025-02-26 12:32
M1068,F1068,更换安全带传感器,主驾驶安全带传感器,320,2025-12-16 13:19
M1069,F1069,更换机油压力传感器,机油压力传感器,450,2025-11-28 14:11
M1070,F1070,维修ABS控制模块,ABS控制模块维修包,1200,2024-05-05 18:45
M1071,F1071,更换凸轮轴位置传感器,凸轮轴位置传感器,520,2025-08-13 13:40
M1072,F1072,维修安全气囊控制模块,安全气囊控制模块编程,800,2025-06-11 11:20
M1073,F1073,更换节气门位置传感器,节气门位置传感器,480,2024-11-29 16:26
M1074,F1074,更换左前轮速传感器,左前轮速传感器,280,2024-06-17 17:11
M1075,F1075,检查燃油蒸发系统管路,燃油蒸发管密封垫,350,2024-10-21 16:40
M1076,F1076,更换右前安全气囊传感器,右前安全气囊传感器,650,2024-08-04 09:58
M1077,F1077,升级ECM控制模块程序,ECM程序升级包,980,2025-04-11 18:02
M1078,F1078,更换右后轮速传感器,右后轮速传感器,270,2024-07-14 17:28
M1079,F1079,更换驾驶员侧安全气囊模块,驾驶员侧安全气囊模块,1500,2025-11-18 15:33
M1080,F1080,更换进气温度传感器,进气温度传感器,380,2025-10-02 17:10
M1081,F1081,更换火花塞+缸线检查,铱金火花塞(4支),380,2025-02-08 17:06
M1082,F1082,更换轮速传感器,右前轮速传感器,260,2025-03-12 13:25
M1083,F1083,清洗节气门+燃油滤芯更换,燃油滤芯,420,2024-07-14 10:56
M1084,F1084,维修空调压缩机,压缩机电磁阀,580,2024-07-31 18:09
M1085,F1085,更换催化转化器,原厂催化转化器,2800,2025-08-14 16:48
M1086,F1086,更换涡轮增压器电磁阀,涡轮电磁阀,850,2024-08-24 11:18
M1087,F1087,更换刹车压力传感器,刹车压力传感器,480,2024-12-07 19:55
M1088,F1088,更换安全带传感器,主驾驶安全带传感器,320,2024-11-28 13:20
M1089,F1089,更换机油压力传感器,机油压力传感器,450,2025-05-26 16:54
M1090,F1090,维修ABS控制模块,ABS控制模块维修包,1200,2024-02-12 19:34
M1091,F1091,更换凸轮轴位置传感器,凸轮轴位置传感器,520,2025-10-26 09:27
M1092,F1092,维修安全气囊控制模块,安全气囊控制模块编程,800,2025-01-26 14:14
M1093,F1093,更换节气门位置传感器,节气门位置传感器,480,2024-12-09 16:18
M1094,F1094,更换左前轮速传感器,左前轮速传感器,280,2025-09-16 11:43
M1095,F1095,检查燃油蒸发系统管路,燃油蒸发管密封垫,350,2024-09-18 14:10
M1096,F1096,更换右前安全气囊传感器,右前安全气囊传感器,650,2025-02-04 18:21
M1097,F1097,升级ECM控制模块程序,ECM程序升级包,980,2024-03-17 10:32
M1098,F1098,更换右后轮速传感器,右后轮速传感器,270,2025-01-06 11:31
M1099,F1099,更换驾驶员侧安全气囊模块,驾驶员侧安全气囊模块,1500,2025-10-04 12:04
M1100,F1100,更换进气温度传感器,进气温度传感器,380,2024-10-11 18:47
M1101,F1101,更换火花塞+缸线检查,铱金火花塞(4支),380,2024-11-29 18:11
M1102,F1102,更换轮速传感器,右前轮速传感器,260,2025-03-17 18:07
M1103,F1103,清洗节气门+燃油滤芯更换,燃油滤芯,420,2024-01-23 15:48
M1104,F1104,维修空调压缩机,压缩机电磁阀,580,2025-07-12 17:15
M1105,F1105,更换催化转化器,原厂催化转化器,2800,2025-08-17 17:27
M1106,F1106,更换涡轮增压器电磁阀,涡轮电磁阀,850,2025-03-11 19:00
M1107,F1107,更换刹车压力传感器,刹车压力传感器,480,2025-09-08 14:35
M1108,F1108,更换安全带传感器,主驾驶安全带传感器,320,2024-03-04 13:15
M1109,F1109,更换机油压力传感器,机油压力传感器,450,2025-07-20 17:16
M1110,F1110,维修ABS控制模块,ABS控制模块维修包,1200,2024-05-18 17:37
M1111,F1111,更换凸轮轴位置传感器,凸轮轴位置传感器,520,2024-08-29 16:07
M1112,F1112,维修安全气囊控制模块,安全气囊控制模块编程,800,2024-06-23 12:37
M1113,F1113,更换节气门位置传感器,节气门位置传感器,480,2024-08-24 17:35
M1114,F1114,更换左前轮速传感器,左前轮速传感器,280,2025-08-20 18:33
M1115,F1115,检查燃油蒸发系统管路,燃油蒸发管密封垫,350,2024-01-06 15:51
M1116,F1116,更换右前安全气囊传感器,右前安全气囊传感器,650,2025-10-08 10:14
M1117,F1117,升级ECM控制模块程序,ECM程序升级包,980,2024-09-13 19:09
M1118,F1118,更换右后轮速传感器,右后轮速传感器,270,2025-05-10 12:40
M1119,F1119,更换驾驶员侧安全气囊模块,驾驶员侧安全气囊模块,1500,2025-09-16 12:39
M1120,F1120,更换进气温度传感器,进气温度传感器,380,2025-02-01 13:46
M1121,F1121,更换火花塞+缸线检查,铱金火花塞(4支),380,2025-07-12 16:08
M1122,F1122,更换轮速传感器,右前轮速传感器,260,2024-04-15 18:36
M1123,F1123,清洗节气门+燃油滤芯更换,燃油滤芯,420,2025-08-02 18:52
M1124,F1124,维修空调压缩机,压缩机电磁阀,580,2025-06-19 15:11
M1125,F1125,更换催化转化器,原厂催化转化器,2800,2024-06-26 15:33
M1126,F1126,更换涡轮增压器电磁阀,涡轮电磁阀,850,2024-02-21 12:22
M1127,F1127,更换刹车压力传感器,刹车压力传感器,480,2025-05-17 15:52
M1128,F1128,更换安全带传感器,主驾驶安全带传感器,320,2025-01-18 17:35
M1129,F1129,更换机油压力传感器,机油压力传感器,450,2024-08-04 17:28
M1130,F1130,维修ABS控制模块,ABS控制模块维修包,1200,2025-12-05 18:07
M1131,F1131,更换凸轮轴位置传感器,凸轮轴位置传感器,520,2025-12-18 14:53
M1132,F1132,维修安全气囊控制模块,安全气囊控制模块编程,800,2025-05-26 16:55
M1133,F1133,更换节气门位置传感器,节气门位置传感器,480,2024-07-21 19:44
M1134,F1134,更换左前轮速传感器,左前轮速传感器,280,2024-11-12 13:57
M1135,F1135,检查燃油蒸发系统管路,燃油蒸发管密封垫,350,2025-01-28 18:48
M1136,F1136,更换右前安全气囊传感器,右前安全气囊传感器,650,2025-11-18 12:54
M1137,F1137,升级ECM控制模块程序,ECM程序升级包,980,2024-07-04 18:58
M1138,F1138,更换右后轮速传感器,右后轮速传感器,270,2024-08-09 09:53
M1139,F1139,更换驾驶员侧安全气囊模块,驾驶员侧安全气囊模块,1500,2024-09-10 17:30
M1140,F1140,更换进气温度传感器,进气温度传感器,380,2024-10-19 14:36
M1141,F1141,更换火花塞+缸线检查,铱金火花塞(4支),380,2025-08-27 17:29
M1142,F1142,更换轮速传感器,右前轮速传感器,260,2025-12-18 17:47
M1143,F1143,清洗节气门+燃油滤芯更换,燃油滤芯,420,2024-10-01 11:43
M1144,F1144,维修空调压缩机,压缩机电磁阀,580,2025-04-07 14:13
M1145,F1145,更换催化转化器,原厂催化转化器,2800,2024-11-16 15:48
M1146,F1146,更换涡轮增压器电磁阀,涡轮电磁阀,850,2025-12-30 10:06
M1147,F1147,更换刹车压力传感器,刹车压力传感器,480,2025-04-18 10:21
M1148,F1148,更换安全带传感器,主驾驶安全带传感器,320,2025-05-25 12:20
M1149,F1149,更换机油压力传感器,机油压力传感器,450,2025-04-06 13:39
M1150,F1150,维修ABS控制模块,ABS控制模块维修包,1200,2025-11-26 10:16
M1151,F1151,更换凸轮轴位置传感器,凸轮轴位置传感器,520,2024-12-03 15:10
M1152,F1152,维修安全气囊控制模块,安全气囊控制模块编程,800,2024-05-21 15:43
M1153,F1153,更换节气门位置传感器,节气门位置传感器,480,2025-04-27 17:58
M1154,F1154,更换左前轮速传感器,左前轮速传感器,280,2025-05-31 12:07
M1155,F1155,检查燃油蒸发系统管路,燃油蒸发管密封垫,350,2024-11-02 10:45
M1156,F1156,更换右前安全气囊传感器,右前安全气囊传感器,650,2025-01-29 18:15
M1157,F1157,升级ECM控制模块程序,ECM程序升级包,980,2025-08-23 19:26
M1158,F1158,更换右后轮速传感器,右后轮速传感器,270,2024-07-18 09:56
M1159,F1159,更换驾驶员侧安全气囊模块,驾驶员侧安全气囊模块,1500,2025-02-06 17:10
M1160,F1160,更换进气温度传感器,进气温度传感器,380,2025-12-01 14:27
M1161,F1161,更换火花塞+缸线检查,铱金火花塞(4支),380,2025-09-20 17:15
M1162,F1162,更换轮速传感器,右前轮速传感器,260,2024-08-23 15:15
M1163,F1163,清洗节气门+燃油滤芯更换,燃油滤芯,420,2024-02-28 14:51
M1164,F1164,维修空调压缩机,压缩机电磁阀,580,2024-08-08 16:27
M1165,F1165,更换催化转化器,原厂催化转化器,2800,2024-08-29 16:30
M1166,F1166,更换涡轮增压器电磁阀,涡轮电磁阀,850,2024-04-21 09:08
M1167,F1167,更换刹车压力传感器,刹车压力传感器,480,2025-02-10 11:06
M1168,F1168,更换安全带传感器,主驾驶安全带传感器,320,2025-04-10 15:01
M1169,F1169,更换机油压力传感器,机油压力传感器,450,2025-09-13 10:19
M1170,F1170,维修ABS控制模块,ABS控制模块维修包,1200,2025-10-15 12:01
M1171,F1171,更换凸轮轴位置传感器,凸轮轴位置传感器,520,2024-12-15 14:01
M1172,F1172,维修安全气囊控制模块,安全气囊控制模块编程,800,2025-07-10 09:47
M1173,F1173,更换节气门位置传感器,节气门位置传感器,480,2025-04-06 13:34
M1174,F1174,更换左前轮速传感器,左前轮速传感器,280,2025-06-17 11:51
M1175,F1175,检查燃油蒸发系统管路,燃油蒸发管密封垫,350,2024-02-20 12:15
M1176,F1176,更换右前安全气囊传感器,右前安全气囊传感器,650,2025-10-27 17:50
M1177,F1177,升级ECM控制模块程序,ECM程序升级包,980,2025-02-20 10:08
M1178,F1178,更换右后轮速传感器,右后轮速传感器,270,2024-02-09 10:18
M1179,F1179,更换驾驶员侧安全气囊模块,驾驶员侧安全气囊模块,1500,2024-04-17 12:00
M1180,F1180,更换进气温度传感器,进气温度传感器,380,2025-12-16 09:14
M1181,F1181,更换火花塞+缸线检查,铱金火花塞(4支),380,2025-09-25 17:07
M1182,F1182,更换轮速传感器,右前轮速传感器,260,2025-07-17 15:17
M1183,F1183,清洗节气门+燃油滤芯更换,燃油滤芯,420,2024-10-19 13:57
M1184,F1184,维修空调压缩机,压缩机电磁阀,580,2025-05-28 13:31
M1185,F1185,更换催化转化器,原厂催化转化器,2800,2025-09-04 17:56
M1186,F1186,更换涡轮增压器电磁阀,涡轮电磁阀,850,2025-11-29 15:17
M1187,F1187,更换刹车压力传感器,刹车压力传感器,480,2025-06-05 14:00
M1188,F1188,更换安全带传感器,主驾驶安全带传感器,320,2024-03-05 11:49
M1189,F1189,更换机油压力传感器,机油压力传感器,450,2025-09-29 10:34
M1190,F1190,维修ABS控制模块,ABS控制模块维修包,1200,2024-11-21 15:47
M1191,F1191,更换凸轮轴位置传感器,凸轮轴位置传感器,520,2025-02-08 12:43
M1192,F1192,维修安全气囊控制模块,安全气囊控制模块编程,800,2025-01-15 16:43
M1193,F1193,更换节气门位置传感器,节气门位置传感器,480,2025-09-13 17:24
M1194,F1194,更换左前轮速传感器,左前轮速传感器,280,2025-05-21 11:29
M1195,F1195,检查燃油蒸发系统管路,燃油蒸发管密封垫,350,2025-11-29 14:10
M1196,F1196,更换右前安全气囊传感器,右前安全气囊传感器,650,2024-06-29 16:52
M1197,F1197,升级ECM控制模块程序,ECM程序升级包,980,2025-02-06 15:39
M1198,F1198,更换右后轮速传感器,右后轮速传感器,270,2024-01-02 16:41
M1199,F1199,更换驾驶员侧安全气囊模块,驾驶员侧安全气囊模块,1500,2024-03-23 17:55
M1200,F1200,更换进气温度传感器,进气温度传感器,380,2024-12-31 11:30
M1201,F1201,更换火花塞+缸线检查,铱金火花塞(4支),380,2025-10-05 14:37
M1202,F1202,更换轮速传感器,右前轮速传感器,260,2024-12-21 11:33
M1203,F1203,清洗节气门+燃油滤芯更换,燃油滤芯,420,2025-01-01 16:59
M1204,F1204,维修空调压缩机,压缩机电磁阀,580,2024-06-06 17:11
M1205,F1205,更换催化转化器,原厂催化转化器,2800,2024-06-09 13:03
M1206,F1206,更换涡轮增压器电磁阀,涡轮电磁阀,850,2024-03-26 12:47
M1207,F1207,更换刹车压力传感器,刹车压力传感器,480,2025-08-14 13:22
M1208,F1208,更换安全带传感器,主驾驶安全带传感器,320,2025-02-17 14:19
M1209,F1209,更换机油压力传感器,机油压力传感器,450,2024-10-20 11:43
M1210,F1210,维修ABS控制模块,ABS控制模块维修包,1200,2025-11-16 17:37
M1211,F1211,更换凸轮轴位置传感器,凸轮轴位置传感器,520,2024-09-21 14:24
M1212,F1212,维修安全气囊控制模块,安全气囊控制模块编程,800,2025-01-02 10:06
M1213,F1213,更换节气门位置传感器,节气门位置传感器,480,2025-09-22 11:12
M1214,F1214,更换左前轮速传感器,左前轮速传感器,280,2024-03-08 14:20
M1215,F1215,检查燃油蒸发系统管路,燃油蒸发管密封垫,350,2025-06-16 17:27
M1216,F1216,更换右前安全气囊传感器,右前安全气囊传感器,650,2024-12-20 12:02
M1217,F1217,升级ECM控制模块程序,ECM程序升级包,980,2024-06-29 14:03
M1218,F1218,更换右后轮速传感器,右后轮速传感器,270,2025-01-04 10:40
M1219,F1219,更换驾驶员侧安全气囊模块,驾驶员侧安全气囊模块,1500,2025-04-30 16:35
M1220,F1220,更换进气温度传感器,进气温度传感器,380,2025-01-15 13:07
M1221,F1221,更换火花塞+缸线检查,铱金火花塞(4支),380,2025-11-04 14:49
M1222,F1222,更换轮速传感器,右前轮速传感器,260,2024-01-26 12:09
M1223,F1223,清洗节气门+燃油滤芯更换,燃油滤芯,420,2025-10-31 11:34
M1224,F1224,维修空调压缩机,压缩机电磁阀,580,2025-08-09 16:37
M1225,F1225,更换催化转化器,原厂催化转化器,2800,2025-07-12 10:18
M1226,F1226,更换涡轮增压器电磁阀,涡轮电磁阀,850,2024-12-14 11:35
M1227,F1227,更换刹车压力传感器,刹车压力传感器,480,2025-03-31 10:52
M1228,F1228,更换安全带传感器,主驾驶安全带传感器,320,2024-05-05 14:50
M1229,F1229,更换机油压力传感器,机油压力传感器,450,2025-12-08 10:50
M1230,F1230,维修ABS控制模块,ABS控制模块维修包,1200,2024-03-04 11:16
M1231,F1231,更换凸轮轴位置传感器,凸轮轴位置传感器,520,2025-02-25 16:50
M1232,F1232,维修安全气囊控制模块,安全气囊控制模块编程,800,2024-04-20 15:37
M1233,F1233,更换节气门位置传感器,节气门位置传感器,480,2024-11-10 16:00
M1234,F1234,更换左前轮速传感器,左前轮速传感器,280,2024-11-07 12:57
M1235,F1235,检查燃油蒸发系统管路,燃油蒸发管密封垫,350,2024-02-19 17:37
M1236,F1236,更换右前安全气囊传感器,右前安全气囊传感器,650,2025-10-10 16:05
M1237,F1237,升级ECM控制模块程序,ECM程序升级包,980,2025-06-21 16:01
M1238,F1238,更换右后轮速传感器,右后轮速传感器,270,2024-09-04 16:52
M1239,F1239,更换驾驶员侧安全气囊模块,驾驶员侧安全气囊模块,1500,2025-06-24 11:08
M1240,F1240,更换进气温度传感器,进气温度传感器,380,2024-06-07 14:06
M1241,F1241,更换火花塞+缸线检查,铱金火花塞(4支),380,2024-12-24 14:10
M1242,F1242,更换轮速传感器,右前轮速传感器,260,2024-03-07 09:42
M1243,F1243,清洗节气门+燃油滤芯更换,燃油滤芯,420,2025-05-20 14:06
M1244,F1244,维修空调压缩机,压缩机电磁阀,580,2025-10-18 10:29
M1245,F1245,更换催化转化器,原厂催化转化器,2800,2025-04-12 15:07
M1246,F1246,更换涡轮增压器电磁阀,涡轮电磁阀,850,2025-07-23 11:47
M1247,F1247,更换刹车压力传感器,刹车压力传感器,480,2025-04-29 18:57
M1248,F1248,更换安全带传感器,主驾驶安全带传感器,320,2024-01-04 15:05
M1249,F1249,更换机油压力传感器,机油压力传感器,450,2025-07-16 17:35
M1250,F1250,维修ABS控制模块,ABS控制模块维修包,1200,2024-07-01 10:27
M1251,F1251,更换凸轮轴位置传感器,凸轮轴位置传感器,520,2025-06-29 16:12
M1252,F1252,维修安全气囊控制模块,安全气囊控制模块编程,800,2024-11-02 09:22
M1253,F1253,更换节气门位置传感器,节气门位置传感器,480,2025-12-26 15:07
M1254,F1254,更换左前轮速传感器,左前轮速传感器,280,2024-10-05 12:12
M1255,F1255,检查燃油蒸发系统管路,燃油蒸发管密封垫,350,2025-02-16 12:24
M1256,F1256,更换右前安全气囊传感器,右前安全气囊传感器,650,2025-07-31 17:08
M1257,F1257,升级ECM控制模块程序,ECM程序升级包,980,2024-10-14 10:44
M1258,F1258,更换右后轮速传感器,右后轮速传感器,270,2024-07-14 13:10
M1259,F1259,更换驾驶员侧安全气囊模块,驾驶员侧安全气囊模块,1500,2025-05-16 12:38
M1260,F1260,更换进气温度传感器,进气温度传感器,380,2024-06-29 09:45
M1261,F1261,更换火花塞+缸线检查,铱金火花塞(4支),380,2024-09-11 18:19
M1262,F1262,更换轮速传感器,右前轮速传感器,260,2025-04-05 18:09
M1263,F1263,清洗节气门+燃油滤芯更换,燃油滤芯,420,2024-12-02 18:59
M1264,F1264,维修空调压缩机,压缩机电磁阀,580,2025-04-08 13:40
M1265,F1265,更换催化转化器,原厂催化转化器,2800,2025-01-08 14:02
M1266,F1266,更换涡轮增压器电磁阀,涡轮电磁阀,850,2024-12-11 14:01
M1267,F1267,更换刹车压力传感器,刹车压力传感器,480,2025-05-25 13:34
M1268,F1268,更换安全带传感器,主驾驶安全带传感器,320,2025-11-22 19:23
M1269,F1269,更换机油压力传感器,机油压力传感器,450,2024-01-12 13:39
M1270,F1270,维修ABS控制模块,ABS控制模块维修包,1200,2024-08-04 16:26
M1271,F1271,更换凸轮轴位置传感器,凸轮轴位置传感器,520,2025-10-18 18:56
M1272,F1272,维修安全气囊控制模块,安全气囊控制模块编程,800,2024-08-23 16:31
M1273,F1273,更换节气门位置传感器,节气门位置传感器,480,2025-02-09 16:10
M1274,F1274,更换左前轮速传感器,左前轮速传感器,280,2025-02-09 10:02
M1275,F1275,检查燃油蒸发系统管路,燃油蒸发管密封垫,350,2025-10-15 13:50
M1276,F1276,更换右前安全气囊传感器,右前安全气囊传感器,650,2025-02-12 16:15
M1277,F1277,升级ECM控制模块程序,ECM程序升级包,980,2025-05-11 10:28
M1278,F1278,更换右后轮速传感器,右后轮速传感器,270,2025-11-04 15:06
M1279,F1279,更换驾驶员侧安全气囊模块,驾驶员侧安全气囊模块,1500,2025-02-27 10:23
M1280,F1280,更换进气温度传感器,进气温度传感器,380,2024-03-26 14:36
M1281,F1281,更换火花塞+缸线检查,铱金火花塞(4支),380,2025-07-11 16:47
M1282,F1282,更换轮速传感器,右前轮速传感器,260,2025-09-04 17:15
M1283,F1283,清洗节气门+燃油滤芯更换,燃油滤芯,420,2025-04-07 10:22
M1284,F1284,维修空调压缩机,压缩机电磁阀,580,2025-03-21 13:29
M1285,F1285,更换催化转化器,原厂催化转化器,2800,2024-02-10 13:57
M1286,F1286,更换涡轮增压器电磁阀,涡轮电磁阀,850,2025-02-17 16:08
M1287,F1287,更换刹车压力传感器,刹车压力传感器,480,2025-04-24 15:44
M1288,F1288,更换安全带传感器,主驾驶安全带传感器,320,2024-01-25 16:15
M1289,F1289,更换机油压力传感器,机油压力传感器,450,2024-10-02 14:34
M1290,F1290,维修ABS控制模块,ABS控制模块维修包,1200,2024-12-02 17:48
M1291,F1291,更换凸轮轴位置传感器,凸轮轴位置传感器,520,2024-02-24 15:39
M1292,F1292,维修安全气囊控制模块,安全气囊控制模块编程,800,2025-08-17 17:03
M1293,F1293,更换节气门位置传感器,节气门位置传感器,480,2025-12-24 19:15
M1294,F1294,更换左前轮速传感器,左前轮速传感器,280,2024-01-22 12:58
M1295,F1295,检查燃油蒸发系统管路,燃油蒸发管密封垫,350,2025-06-16 10:06
M1296,F1296,更换右前安全气囊传感器,右前安全气囊传感器,650,2025-02-17 15:43
M1297,F1297,升级ECM控制模块程序,ECM程序升级包,980,2024-12-09 18:01
M1298,F1298,更换右后轮速传感器,右后轮速传感器,270,2025-11-29 16:54
M1299,F1299,更换驾驶员侧安全气囊模块,驾驶员侧安全气囊模块,1500,2024-08-25 12:59
M1300,F1300,更换进气温度传感器,进气温度传感器,380,2024-09-07 15:50
M1301,F1301,更换火花塞+缸线检查,铱金火花塞(4支),380,2024-01-15 14:57
M1302,F1302,更换轮速传感器,右前轮速传感器,260,2025-04-01 13:00
M1303,F1303,清洗节气门+燃油滤芯更换,燃油滤芯,420,2025-06-11 15:47
M1304,F1304,维修空调压缩机,压缩机电磁阀,580,2025-07-13 12:52
M1305,F1305,更换催化转化器,原厂催化转化器,2800,2024-12-25 16:58
M1306,F1306,更换涡轮增压器电磁阀,涡轮电磁阀,850,2024-04-08 13:05
M1307,F1307,更换刹车压力传感器,刹车压力传感器,480,2024-10-10 10:02
M1308,F1308,更换安全带传感器,主驾驶安全带传感器,320,2025-10-10 13:32
M1309,F1309,更换机油压力传感器,机油压力传感器,450,2025-06-15 10:38
M1310,F1310,维修ABS控制模块,ABS控制模块维修包,1200,2024-11-28 14:30
M1311,F1311,更换凸轮轴位置传感器,凸轮轴位置传感器,520,2025-05-27 18:37
M1312,F1312,维修安全气囊控制模块,安全气囊控制模块编程,800,2025-03-27 13:12
M1313,F1313,更换节气门位置传感器,节气门位置传感器,480,2024-08-02 10:00
M1314,F1314,更换左前轮速传感器,左前轮速传感器,280,2025-04-27 10:27
M1315,F1315,检查燃油蒸发系统管路,燃油蒸发管密封垫,350,2025-08-12 17:18
M1316,F1316,更换右前安全气囊传感器,右前安全气囊传感器,650,2025-05-26 14:19
M1317,F1317,升级ECM控制模块程序,ECM程序升级包,980,2025-07-03 14:21
M1318,F1318,更换右后轮速传感器,右后轮速传感器,270,2024-01-28 10:37
M1319,F1319,更换驾驶员侧安全气囊模块,驾驶员侧安全气囊模块,1500,2024-05-28 14:18
M1320,F1320,更换进气温度传感器,进气温度传感器,380,2025-02-28 10:30
M1321,F1321,更换火花塞+缸线检查,铱金火花塞(4支),380,2024-06-28 09:49
M1322,F1322,更换轮速传感器,右前轮速传感器,260,2024-09-15 17:49
M1323,F1323,清洗节气门+燃油滤芯更换,燃油滤芯,420,2025-11-21 18:14
M1324,F1324,维修空调压缩机,压缩机电磁阀,580,2024-08-09 10:41
M1325,F1325,更换催化转化器,原厂催化转化器,2800,2025-04-13 09:13
M1326,F1326,更换涡轮增压器电磁阀,涡轮电磁阀,850,2025-06-06 10:13
M1327,F1327,更换刹车压力传感器,刹车压力传感器,480,2024-07-25 12:52
M1328,F1328,更换安全带传感器,主驾驶安全带传感器,320,2025-08-21 12:24
M1329,F1329,更换机油压力传感器,机油压力传感器,450,2024-12-15 12:20
M1330,F1330,维修ABS控制模块,ABS控制模块维修包,1200,2025-02-17 10:00
M1331,F1331,更换凸轮轴位置传感器,凸轮轴位置传感器,520,2024-12-29 17:35
M1332,F1332,维修安全气囊控制模块,安全气囊控制模块编程,800,2024-12-02 09:04
M1333,F1333,更换节气门位置传感器,节气门位置传感器,480,2024-11-27 14:28
M1334,F1334,更换左前轮速传感器,左前轮速传感器,280,2024-12-29 13:44
M1335,F1335,检查燃油蒸发系统管路,燃油蒸发管密封垫,350,2024-06-20 15:45
M1336,F1336,更换右前安全气囊传感器,右前安全气囊传感器,650,2025-12-28 10:14
M1337,F1337,升级ECM控制模块程序,ECM程序升级包,980,2025-02-17 18:13
M1338,F1338,更换右后轮速传感器,右后轮速传感器,270,2025-11-19 18:49
M1339,F1339,更换驾驶员侧安全气囊模块,驾驶员侧安全气囊模块,1500,2025-11-02 14:02
M1340,F1340,更换进气温度传感器,进气温度传感器,380,2025-04-02 15:56
M1341,F1341,更换火花塞+缸线检查,铱金火花塞(4支),380,2025-06-12 12:37
M1342,F1342,更换轮速传感器,右前轮速传感器,260,2025-01-16 11:37
M1343,F1343,清洗节气门+燃油滤芯更换,燃油滤芯,420,2025-11-24 16:47
M1344,F1344,维修空调压缩机,压缩机电磁阀,580,2024-07-20 17:23
M1345,F1345,更换催化转化器,原厂催化转化器,2800,2025-11-20 10:23
M1346,F1346,更换涡轮增压器电磁阀,涡轮电磁阀,850,2025-01-07 13:54
M1347,F1347,更换刹车压力传感器,刹车压力传感器,480,2024-05-09 17:39
M1348,F1348,更换安全带传感器,主驾驶安全带传感器,320,2024-09-16 18:05
M1349,F1349,更换机油压力传感器,机油压力传感器,450,2024-08-28 19:00
M1350,F1350,维修ABS控制模块,ABS控制模块维修包,1200,2025-07-29 09:11
M1351,F1351,更换凸轮轴位置传感器,凸轮轴位置传感器,520,2024-09-13 17:25
M1352,F1352,维修安全气囊控制模块,安全气囊控制模块编程,800,2024-08-30 12:36
M1353,F1353,更换节气门位置传感器,节气门位置传感器,480,2024-05-30 16:02
M1354,F1354,更换左前轮速传感器,左前轮速传感器,280,2024-12-06 14:08
M1355,F1355,检查燃油蒸发系统管路,燃油蒸发管密封垫,350,2024-06-24 11:17
M1356,F1356,更换右前安全气囊传感器,右前安全气囊传感器,650,2025-10-02 14:31
M1357,F1357,升级ECM控制模块程序,ECM程序升级包,980,2025-07-18 10:23
M1358,F1358,更换右后轮速传感器,右后轮速传感器,270,2025-10-18 14:21
M1359,F1359,更换驾驶员侧安全气囊模块,驾驶员侧安全气囊模块,1500,2025-02-08 11:19
M1360,F1360,更换进气温度传感器,进气温度传感器,380,2025-12-03 11:56
M1361,F1361,更换火花塞+缸线检查,铱金火花塞(4支),380,2024-01-15 19:22
M1362,F1362,更换轮速传感器,右前轮速传感器,260,2024-09-12 12:14
M1363,F1363,清洗节气门+燃油滤芯更换,燃油滤芯,420,2024-10-09 11:20
M1364,F1364,维修空调压缩机,压缩机电磁阀,580,2024-03-16 10:23
M1365,F1365,更换催化转化器,原厂催化转化器,2800,2024-03-28 18:14
M1366,F1366,更换涡轮增压器电磁阀,涡轮电磁阀,850,2024-07-02 10:59
M1367,F1367,更换刹车压力传感器,刹车压力传感器,480,2025-12-19 09:21
M1368,F1368,更换安全带传感器,主驾驶安全带传感器,320,2024-04-02 17:21
M1369,F1369,更换机油压力传感器,机油压力传感器,450,2024-02-21 09:12
M1370,F1370,维修ABS控制模块,ABS控制模块维修包,1200,2024-06-12 18:20
M1371,F1371,更换凸轮轴位置传感器,凸轮轴位置传感器,520,2024-10-21 16:33
M1372,F1372,维修安全气囊控制模块,安全气囊控制模块编程,800,2024-05-29 13:24
M1373,F1373,更换节气门位置传感器,节气门位置传感器,480,2024-04-07 12:23
M1374,F1374,更换左前轮速传感器,左前轮速传感器,280,2025-08-24 12:55
M1375,F1375,检查燃油蒸发系统管路,燃油蒸发管密封垫,350,2024-03-29 15:29
M1376,F1376,更换右前安全气囊传感器,右前安全气囊传感器,650,2024-02-11 12:40
M1377,F1377,升级ECM控制模块程序,ECM程序升级包,980,2025-04-13 14:35
M1378,F1378,更换右后轮速传感器,右后轮速传感器,270,2024-03-06 16:15
M1379,F1379,更换驾驶员侧安全气囊模块,驾驶员侧安全气囊模块,1500,2024-12-21 18:29
M1380,F1380,更换进气温度传感器,进气温度传感器,380,2024-11-08 19:58
M1381,F1381,更换火花塞+缸线检查,铱金火花塞(4支),380,2024-01-29 15:22
M1382,F1382,更换轮速传感器,右前轮速传感器,260,2024-03-09 11:54
M1383,F1383,清洗节气门+燃油滤芯更换,燃油滤芯,420,2024-05-15 12:11
M1384,F1384,维修空调压缩机,压缩机电磁阀,580,2025-08-09 13:31
M1385,F1385,更换催化转化器,原厂催化转化器,2800,2025-10-31 12:48
M1386,F1386,更换涡轮增压器电磁阀,涡轮电磁阀,850,2025-09-19 11:28
M1387,F1387,更换刹车压力传感器,刹车压力传感器,480,2025-07-10 13:42
M1388,F1388,更换安全带传感器,主驾驶安全带传感器,320,2025-09-01 18:05
M1389,F1389,更换机油压力传感器,机油压力传感器,450,2024-12-09 12:23
M1390,F1390,维修ABS控制模块,ABS控制模块维修包,1200,2025-11-02 15:54
M1391,F1391,更换凸轮轴位置传感器,凸轮轴位置传感器,520,2025-01-19 11:48
M1392,F1392,维修安全气囊控制模块,安全气囊控制模块编程,800,2025-07-21 14:40
M1393,F1393,更换节气门位置传感器,节气门位置传感器,480,2025-12-04 09:37
M1394,F1394,更换左前轮速传感器,左前轮速传感器,280,2025-09-21 16:26
M1395,F1395,检查燃油蒸发系统管路,燃油蒸发管密封垫,350,2024-11-10 17:45
M1396,F1396,更换右前安全气囊传感器,右前安全气囊传感器,650,2025-02-25 11:24
M1397,F1397,升级ECM控制模块程序,ECM程序升级包,980,2025-04-29 19:39
M1398,F1398,更换右后轮速传感器,右后轮速传感器,270,2025-01-16 16:43
M1399,F1399,更换驾驶员侧安全气囊模块,驾驶员侧安全气囊模块,1500,2024-02-22 13:56
M1400,F1400,更换进气温度传感器,进气温度传感器,380,2024-04-23 10:09
M1401,F1401,更换火花塞+缸线检查,铱金火花塞(4支),380,2025-12-24 14:47
M1402,F1402,更换轮速传感器,右前轮速传感器,260,2025-05-03 19:12
M1403,F1403,清洗节气门+燃油滤芯更换,燃油滤芯,420,2025-08-04 16:51
M1404,F1404,维修空调压缩机,压缩机电磁阀,580,2025-09-29 14:01
M1405,F1405,更换催化转化器,原厂催化转化器,2800,2024-09-08 11:57
M1406,F1406,更换涡轮增压器电磁阀,涡轮电磁阀,850,2024-02-11 17:26
M1407,F1407,更换刹车压力传感器,刹车压力传感器,480,2025-11-12 13:41
M1408,F1408,更换安全带传感器,主驾驶安全带传感器,320,2024-06-29 17:29
M1409,F1409,更换机油压力传感器,机油压力传感器,450,2024-12-10 19:08
M1410,F1410,维修ABS控制模块,ABS控制模块维修包,1200,2025-01-09 09:00
M1411,F1411,更换凸轮轴位置传感器,凸轮轴位置传感器,520,2024-06-08 10:11
M1412,F1412,维修安全气囊控制模块,安全气囊控制模块编程,800,2025-03-24 12:05
M1413,F1413,更换节气门位置传感器,节气门位置传感器,480,2025-09-08 18:33
M1414,F1414,更换左前轮速传感器,左前轮速传感器,280,2024-05-27 17:37
M1415,F1415,检查燃油蒸发系统管路,燃油蒸发管密封垫,350,2024-06-25 10:23
M1416,F1416,更换右前安全气囊传感器,右前安全气囊传感器,650,2025-03-22 12:28
M1417,F1417,升级ECM控制模块程序,ECM程序升级包,980,2025-08-04 15:30
M1418,F1418,更换右后轮速传感器,右后轮速传感器,270,2024-07-23 14:44
M1419,F1419,更换驾驶员侧安全气囊模块,驾驶员侧安全气囊模块,1500,2024-10-02 17:54
M1420,F1420,更换进气温度传感器,进气温度传感器,380,2024-12-26 17:11
M1421,F1421,更换火花塞+缸线检查,铱金火花塞(4支),380,2025-06-11 16:10
M1422,F1422,更换轮速传感器,右前轮速传感器,260,2025-08-21 11:46
M1423,F1423,清洗节气门+燃油滤芯更换,燃油滤芯,420,2024-02-06 12:25
M1424,F1424,维修空调压缩机,压缩机电磁阀,580,2024-12-16 16:08
M1425,F1425,更换催化转化器,原厂催化转化器,2800,2025-07-05 13:37
M1426,F1426,更换涡轮增压器电磁阀,涡轮电磁阀,850,2025-06-07 10:28
M1427,F1427,更换刹车压力传感器,刹车压力传感器,480,2025-04-06 18:47
M1428,F1428,更换安全带传感器,主驾驶安全带传感器,320,2024-09-27 12:03
M1429,F1429,更换机油压力传感器,机油压力传感器,450,2025-08-15 16:16
M1430,F1430,维修ABS控制模块,ABS控制模块维修包,1200,2024-11-06 19:02
M1431,F1431,更换凸轮轴位置传感器,凸轮轴位置传感器,520,2025-04-11 09:58
M1432,F1432,维修安全气囊控制模块,安全气囊控制模块编程,800,2025-09-16 19:51
M1433,F1433,更换节气门位置传感器,节气门位置传感器,480,2025-01-20 12:36
M1434,F1434,更换左前轮速传感器,左前轮速传感器,280,2024-03-27 10:38
M1435,F1435,检查燃油蒸发系统管路,燃油蒸发管密封垫,350,2024-07-07 13:19
M1436,F1436,更换右前安全气囊传感器,右前安全气囊传感器,650,2025-09-09 16:09
M1437,F1437,升级ECM控制模块程序,ECM程序升级包,980,2025-04-27 12:52
M1438,F1438,更换右后轮速传感器,右后轮速传感器,270,2025-08-04 12:18
M1439,F1439,更换驾驶员侧安全气囊模块,驾驶员侧安全气囊模块,1500,2025-01-16 12:29
M1440,F1440,更换进气温度传感器,进气温度传感器,380,2024-09-29 13:20
M1441,F1441,更换火花塞+缸线检查,铱金火花塞(4支),380,2025-02-10 15:14
M1442,F1442,更换轮速传感器,右前轮速传感器,260,2025-07-03 10:27
M1443,F1443,清洗节气门+燃油滤芯更换,燃油滤芯,420,2024-10-04 14:52
M1444,F1444,维修空调压缩机,压缩机电磁阀,580,2025-06-24 15:22
M1445,F1445,更换催化转化器,原厂催化转化器,2800,2025-03-02 17:03
M1446,F1446,更换涡轮增压器电磁阀,涡轮电磁阀,850,2025-05-17 19:18
M1447,F1447,更换刹车压力传感器,刹车压力传感器,480,2025-01-11 15:36
M1448,F1448,更换安全带传感器,主驾驶安全带传感器,320,2024-06-27 10:24
M1449,F1449,更换机油压力传感器,机油压力传感器,450,2024-07-27 16:57
M1450,F1450,维修ABS控制模块,ABS控制模块维修包,1200,2025-05-24 11:48
M1451,F1451,更换凸轮轴位置传感器,凸轮轴位置传感器,520,2024-11-02 11:47
M1452,F1452,维修安全气囊控制模块,安全气囊控制模块编程,800,2025-09-04 17:33
M1453,F1453,更换节气门位置传感器,节气门位置传感器,480,2024-07-09 14:08
M1454,F1454,更换左前轮速传感器,左前轮速传感器,280,2025-09-04 13:14
M1455,F1455,检查燃油蒸发系统管路,燃油蒸发管密封垫,350,2025-05-02 11:27
M1456,F1456,更换右前安全气囊传感器,右前安全气囊传感器,650,2025-08-21 19:28
M1457,F1457,升级ECM控制模块程序,ECM程序升级包,980,2024-06-16 16:09
M1458,F1458,更换右后轮速传感器,右后轮速传感器,270,2025-09-05 17:10
M1459,F1459,更换驾驶员侧安全气囊模块,驾驶员侧安全气囊模块,1500,2024-01-12 19:54
M1460,F1460,更换进气温度传感器,进气温度传感器,380,2024-10-01 10:35
M1461,F1461,更换火花塞+缸线检查,铱金火花塞(4支),380,2025-10-17 12:07
M1462,F1462,更换轮速传感器,右前轮速传感器,260,2024-02-06 16:44
M1463,F1463,清洗节气门+燃油滤芯更换,燃油滤芯,420,2025-05-28 11:52
M1464,F1464,维修空调压缩机,压缩机电磁阀,580,2025-03-24 15:29
M1465,F1465,更换催化转化器,原厂催化转化器,2800,2025-11-06 12:08
M1466,F1466,更换涡轮增压器电磁阀,涡轮电磁阀,850,2025-11-21 10:16
M1467,F1467,更换刹车压力传感器,刹车压力传感器,480,2025-01-12 14:48
M1468,F1468,更换安全带传感器,主驾驶安全带传感器,320,2025-01-06 13:13
M1469,F1469,更换机油压力传感器,机油压力传感器,450,2025-09-24 16:19
M1470,F1470,维修ABS控制模块,ABS控制模块维修包,1200,2025-08-01 12:43
M1471,F1471,更换凸轮轴位置传感器,凸轮轴位置传感器,520,2024-02-29 14:01
M1472,F1472,维修安全气囊控制模块,安全气囊控制模块编程,800,2024-12-15 19:05
M1473,F1473,更换节气门位置传感器,节气门位置传感器,480,2025-02-03 15:43
M1474,F1474,更换左前轮速传感器,左前轮速传感器,280,2024-05-15 16:46
M1475,F1475,检查燃油蒸发系统管路,燃油蒸发管密封垫,350,2025-08-12 16:32
M1476,F1476,更换右前安全气囊传感器,右前安全气囊传感器,650,2025-08-21 11:24
M1477,F1477,升级ECM控制模块程序,ECM程序升级包,980,2024-09-25 15:58
M1478,F1478,更换右后轮速传感器,右后轮速传感器,270,2025-07-21 10:05
M1479,F1479,更换驾驶员侧安全气囊模块,驾驶员侧安全气囊模块,1500,2025-11-16 16:18
M1480,F1480,更换进气温度传感器,进气温度传感器,380,2025-12-10 19:32
M1481,F1481,更换火花塞+缸线检查,铱金火花塞(4支),380,2024-11-30 10:44
M1482,F1482,更换轮速传感器,右前轮速传感器,260,2025-06-10 13:13
M1483,F1483,清洗节气门+燃油滤芯更换,燃油滤芯,420,2024-03-15 18:12
M1484,F1484,维修空调压缩机,压缩机电磁阀,580,2024-02-06 13:41
M1485,F1485,更换催化转化器,原厂催化转化器,2800,2024-11-29 18:07
M1486,F1486,更换涡轮增压器电磁阀,涡轮电磁阀,850,2024-04-13 13:01
M1487,F1487,更换刹车压力传感器,刹车压力传感器,480,2025-11-08 13:10
M1488,F1488,更换安全带传感器,主驾驶安全带传感器,320,2025-03-08 15:09
M1489,F1489,更换机油压力传感器,机油压力传感器,450,2025-09-13 14:29
M1490,F1490,维修ABS控制模块,ABS控制模块维修包,1200,2025-04-22 16:19
M1491,F1491,更换凸轮轴位置传感器,凸轮轴位置传感器,520,2024-06-09 09:22
M1492,F1492,维修安全气囊控制模块,安全气囊控制模块编程,800,2025-08-28 14:14
M1493,F1493,更换节气门位置传感器,节气门位置传感器,480,2025-01-09 13:02
M1494,F1494,更换左前轮速传感器,左前轮速传感器,280,2024-08-26 14:53
M1495,F1495,检查燃油蒸发系统管路,燃油蒸发管密封垫,350,2024-07-20 17:17
M1496,F1496,更换右前安全气囊传感器,右前安全气囊传感器,650,2024-12-12 13:43
M1497,F1497,升级ECM控制模块程序,ECM程序升级包,980,2024-07-26 17:48
M1498,F1498,更换右后轮速传感器,右后轮速传感器,270,2024-02-28 18:07
M1499,F1499,更换驾驶员侧安全气囊模块,驾驶员侧安全气囊模块,1500,2025-01-13 19:09
M1500,F1500,更换进气温度传感器,进气温度传感器,380,2025-06-19 13:35
M1501,F1501,更换火花塞+缸线检查,铱金火花塞(4支),380,2025-07-13 10:56
M1502,F1502,更换轮速传感器,右前轮速传感器,260,2025-12-17 11:33
M1503,F1503,清洗节气门+燃油滤芯更换,燃油滤芯,420,2024-11-21 16:57
M1504,F1504,维修空调压缩机,压缩机电磁阀,580,2024-11-21 19:37
M1505,F1505,更换催化转化器,原厂催化转化器,2800,2024-10-09 16:23
M1506,F1506,更换涡轮增压器电磁阀,涡轮电磁阀,850,2024-01-22 16:39
M1507,F1507,更换刹车压力传感器,刹车压力传感器,480,2024-12-31 16:56
M1508,F1508,更换安全带传感器,主驾驶安全带传感器,320,2025-10-21 15:24
M1509,F1509,更换机油压力传感器,机油压力传感器,450,2025-01-02 12:37
M1510,F1510,维修ABS控制模块,ABS控制模块维修包,1200,2025-06-28 14:08
M1511,F1511,更换凸轮轴位置传感器,凸轮轴位置传感器,520,2025-04-04 15:15
M1512,F1512,维修安全气囊控制模块,安全气囊控制模块编程,800,2024-12-14 10:56
M1513,F1513,更换节气门位置传感器,节气门位置传感器,480,2024-10-14 17:33
M1514,F1514,更换左前轮速传感器,左前轮速传感器,280,2025-05-16 12:47
M1515,F1515,检查燃油蒸发系统管路,燃油蒸发管密封垫,350,2024-07-23 14:07
M1516,F1516,更换右前安全气囊传感器,右前安全气囊传感器,650,2024-10-08 16:37
M1517,F1517,升级ECM控制模块程序,ECM程序升级包,980,2025-02-02 15:47
M1518,F1518,更换右后轮速传感器,右后轮速传感器,270,2024-12-06 11:43
M1519,F1519,更换驾驶员侧安全气囊模块,驾驶员侧安全气囊模块,1500,2024-02-23 19:24
M1520,F1520,更换进气温度传感器,进气温度传感器,380,2025-02-24 19:13
M1521,F1521,更换火花塞+缸线检查,铱金火花塞(4支),380,2025-09-05 14:13
M1522,F1522,更换轮速传感器,右前轮速传感器,260,2025-05-12 14:41
M1523,F1523,清洗节气门+燃油滤芯更换,燃油滤芯,420,2024-08-24 14:27
M1524,F1524,维修空调压缩机,压缩机电磁阀,580,2025-10-02 14:02
M1525,F1525,更换催化转化器,原厂催化转化器,2800,2025-07-27 18:59
M1526,F1526,更换涡轮增压器电磁阀,涡轮电磁阀,850,2024-12-05 12:13
M1527,F1527,更换刹车压力传感器,刹车压力传感器,480,2024-04-23 17:22
M1528,F1528,更换安全带传感器,主驾驶安全带传感器,320,2025-03-31 14:57
M1529,F1529,更换机油压力传感器,机油压力传感器,450,2025-08-04 11:52
M1530,F1530,维修ABS控制模块,ABS控制模块维修包,1200,2024-10-15 14:35
M1531,F1531,更换凸轮轴位置传感器,凸轮轴位置传感器,520,2025-09-11 13:52
M1532,F1532,维修安全气囊控制模块,安全气囊控制模块编程,800,2024-11-28 10:20
M1533,F1533,更换节气门位置传感器,节气门位置传感器,480,2025-06-28 19:35
M1534,F1534,更换左前轮速传感器,左前轮速传感器,280,2024-10-20 12:13
M1535,F1535,检查燃油蒸发系统管路,燃油蒸发管密封垫,350,2024-07-31 13:40
M1536,F1536,更换右前安全气囊传感器,右前安全气囊传感器,650,2025-07-30 17:54
M1537,F1537,升级ECM控制模块程序,ECM程序升级包,980,2024-11-02 13:32
M1538,F1538,更换右后轮速传感器,右后轮速传感器,270,2024-06-12 15:55
M1539,F1539,更换驾驶员侧安全气囊模块,驾驶员侧安全气囊模块,1500,2025-03-08 11:29
M1540,F1540,更换进气温度传感器,进气温度传感器,380,2024-08-15 12:51
M1541,F1541,更换火花塞+缸线检查,铱金火花塞(4支),380,2025-09-29 13:46
M1542,F1542,更换轮速传感器,右前轮速传感器,260,2024-07-15 10:55
M1543,F1543,清洗节气门+燃油滤芯更换,燃油滤芯,420,2024-10-07 16:28
M1544,F1544,维修空调压缩机,压缩机电磁阀,580,2025-01-31 18:24
M1545,F1545,更换催化转化器,原厂催化转化器,2800,2025-09-15 11:23
M1546,F1546,更换涡轮增压器电磁阀,涡轮电磁阀,850,2025-06-21 15:41
M1547,F1547,更换刹车压力传感器,刹车压力传感器,480,2025-01-28 15:22
M1548,F1548,更换安全带传感器,主驾驶安全带传感器,320,2025-05-27 13:41
M1549,F1549,更换机油压力传感器,机油压力传感器,450,2025-10-26 16:36
M1550,F1550,维修ABS控制模块,ABS控制模块维修包,1200,2025-12-26 19:13
M1551,F1551,更换凸轮轴位置传感器,凸轮轴位置传感器,520,2025-10-07 11:20
M1552,F1552,维修安全气囊控制模块,安全气囊控制模块编程,800,2025-06-09 11:05
M1553,F1553,更换节气门位置传感器,节气门位置传感器,480,2024-02-01 17:37
M1554,F1554,更换左前轮速传感器,左前轮速传感器,280,2024-07-01 11:53
M1555,F1555,检查燃油蒸发系统管路,燃油蒸发管密封垫,350,2024-03-07 09:29
M1556,F1556,更换右前安全气囊传感器,右前安全气囊传感器,650,2024-10-09 13:20
M1557,F1557,升级ECM控制模块程序,ECM程序升级包,980,2024-02-26 11:11
M1558,F1558,更换右后轮速传感器,右后轮速传感器,270,2025-10-27 16:16
M1559,F1559,更换驾驶员侧安全气囊模块,驾驶员侧安全气囊模块,1500,2024-06-17 19:36
M1560,F1560,更换进气温度传感器,进气温度传感器,380,2025-02-01 11:13
M1561,F1561,更换火花塞+缸线检查,铱金火花塞(4支),380,2024-01-10 18:53
M1562,F1562,更换轮速传感器,右前轮速传感器,260,2024-11-06 14:35
M1563,F1563,清洗节气门+燃油滤芯更换,燃油滤芯,420,2024-04-26 16:02
M1564,F1564,维修空调压缩机,压缩机电磁阀,580,2025-06-18 11:29
M1565,F1565,更换催化转化器,原厂催化转化器,2800,2024-11-02 16:46
M1566,F1566,更换涡轮增压器电磁阀,涡轮电磁阀,850,2024-09-04 15:08
M1567,F1567,更换刹车压力传感器,刹车压力传感器,480,2025-12-22 16:50
M1568,F1568,更换安全带传感器,主驾驶安全带传感器,320,2024-10-11 11:10
M1569,F1569,更换机油压力传感器,机油压力传感器,450,2025-02-11 12:33
M1570,F1570,维修ABS控制模块,ABS控制模块维修包,1200,2025-12-24 18:18
M1571,F1571,更换凸轮轴位置传感器,凸轮轴位置传感器,520,2025-03-05 10:22
M1572,F1572,维修安全气囊控制模块,安全气囊控制模块编程,800,2024-05-23 18:03
M1573,F1573,更换节气门位置传感器,节气门位置传感器,480,2024-07-14 10:55
M1574,F1574,更换左前轮速传感器,左前轮速传感器,280,2025-06-21 17:10
M1575,F1575,检查燃油蒸发系统管路,燃油蒸发管密封垫,350,2024-09-01 16:03
M1576,F1576,更换右前安全气囊传感器,右前安全气囊传感器,650,2025-09-15 14:27
M1577,F1577,升级ECM控制模块程序,ECM程序升级包,980,2024-04-24 16:28
M1578,F1578,更换右后轮速传感器,右后轮速传感器,270,2024-02-27 18:48
M1579,F1579,更换驾驶员侧安全气囊模块,驾驶员侧安全气囊模块,1500,2025-02-23 18:27
M1580,F1580,更换进气温度传感器,进气温度传感器,380,2025-12-23 12:37
M1581,F1581,更换火花塞+缸线检查,铱金火花塞(4支),380,2024-08-16 18:12
M1582,F1582,更换轮速传感器,右前轮速传感器,260,2025-11-11 14:27
M1583,F1583,清洗节气门+燃油滤芯更换,燃油滤芯,420,2025-08-06 15:27
M1584,F1584,维修空调压缩机,压缩机电磁阀,580,2024-05-12 14:06
M1585,F1585,更换催化转化器,原厂催化转化器,2800,2024-03-28 15:32
M1586,F1586,更换涡轮增压器电磁阀,涡轮电磁阀,850,2025-02-08 15:05
M1587,F1587,更换刹车压力传感器,刹车压力传感器,480,2024-06-16 10:16
M1588,F1588,更换安全带传感器,主驾驶安全带传感器,320,2024-06-22 11:04
M1589,F1589,更换机油压力传感器,机油压力传感器,450,2024-07-31 17:56
M1590,F1590,维修ABS控制模块,ABS控制模块维修包,1200,2025-04-22 12:44
M1591,F1591,更换凸轮轴位置传感器,凸轮轴位置传感器,520,2025-01-20 13:32
M1592,F1592,维修安全气囊控制模块,安全气囊控制模块编程,800,2024-02-10 15:15
M1593,F1593,更换节气门位置传感器,节气门位置传感器,480,2025-10-26 14:51
M1594,F1594,更换左前轮速传感器,左前轮速传感器,280,2025-12-21 13:08
M1595,F1595,检查燃油蒸发系统管路,燃油蒸发管密封垫,350,2024-07-28 17:06
M1596,F1596,更换右前安全气囊传感器,右前安全气囊传感器,650,2024-10-16 18:53
M1597,F1597,升级ECM控制模块程序,ECM程序升级包,980,2024-11-14 13:53
M1598,F1598,更换右后轮速传感器,右后轮速传感器,270,2025-10-31 11:47
M1599,F1599,更换驾驶员侧安全气囊模块,驾驶员侧安全气囊模块,1500,2025-10-15 18:04
M1600,F1600,更换进气温度传感器,进气温度传感器,380,2024-05-30 13:15
M1601,F1601,更换火花塞+缸线检查,铱金火花塞(4支),380,2025-10-25 18:52
M1602,F1602,更换轮速传感器,右前轮速传感器,260,2025-08-18 15:38
M1603,F1603,清洗节气门+燃油滤芯更换,燃油滤芯,420,2025-01-07 12:55
M1604,F1604,维修空调压缩机,压缩机电磁阀,580,2025-10-22 19:32
M1605,F1605,更换催化转化器,原厂催化转化器,2800,2024-08-11 15:32
M1606,F1606,更换涡轮增压器电磁阀,涡轮电磁阀,850,2025-02-11 15:23
M1607,F1607,更换刹车压力传感器,刹车压力传感器,480,2025-07-10 16:43
M1608,F1608,更换安全带传感器,主驾驶安全带传感器,320,2024-08-09 17:02
M1609,F1609,更换机油压力传感器,机油压力传感器,450,2024-10-21 15:48
M1610,F1610,维修ABS控制模块,ABS控制模块维修包,1200,2024-02-05 10:24
M1611,F1611,更换凸轮轴位置传感器,凸轮轴位置传感器,520,2025-08-13 11:12
M1612,F1612,维修安全气囊控制模块,安全气囊控制模块编程,800,2025-11-30 12:16
M1613,F1613,更换节气门位置传感器,节气门位置传感器,480,2025-12-09 13:50
M1614,F1614,更换左前轮速传感器,左前轮速传感器,280,2024-12-15 11:41
M1615,F1615,检查燃油蒸发系统管路,燃油蒸发管密封垫,350,2024-12-26 18:40
M1616,F1616,更换右前安全气囊传感器,右前安全气囊传感器,650,2024-12-25 18:29
M1617,F1617,升级ECM控制模块程序,ECM程序升级包,980,2025-10-11 11:48
M1618,F1618,更换右后轮速传感器,右后轮速传感器,270,2024-11-28 18:11
M1619,F1619,更换驾驶员侧安全气囊模块,驾驶员侧安全气囊模块,1500,2024-12-25 14:48
M1620,F1620,更换进气温度传感器,进气温度传感器,380,2024-05-10 14:59
M1621,F1621,更换火花塞+缸线检查,铱金火花塞(4支),380,2024-06-23 17:52
M1622,F1622,更换轮速传感器,右前轮速传感器,260,2024-02-23 14:44
M1623,F1623,清洗节气门+燃油滤芯更换,燃油滤芯,420,2024-07-07 11:51
M1624,F1624,维修空调压缩机,压缩机电磁阀,580,2024-10-18 13:15
M1625,F1625,更换催化转化器,原厂催化转化器,2800,2024-10-15 16:21
M1626,F1626,更换涡轮增压器电磁阀,涡轮电磁阀,850,2024-08-29 19:04
M1627,F1627,更换刹车压力传感器,刹车压力传感器,480,2025-05-01 12:54
M1628,F1628,更换安全带传感器,主驾驶安全带传感器,320,2024-07-19 18:18
M1629,F1629,更换机油压力传感器,机油压力传感器,450,2025-03-02 16:51
M1630,F1630,维修ABS控制模块,ABS控制模块维修包,1200,2025-01-08 19:12
M1631,F1631,更换凸轮轴位置传感器,凸轮轴位置传感器,520,2025-12-06 16:00
M1632,F1632,维修安全气囊控制模块,安全气囊控制模块编程,800,2024-09-07 15:07
M1633,F1633,更换节气门位置传感器,节气门位置传感器,480,2024-04-21 16:09
M1634,F1634,更换左前轮速传感器,左前轮速传感器,280,2025-04-25 17:19
M1635,F1635,检查燃油蒸发系统管路,燃油蒸发管密封垫,350,2025-01-24 16:03
M1636,F1636,更换右前安全气囊传感器,右前安全气囊传感器,650,2025-06-16 11:55
M1637,F1637,升级ECM控制模块程序,ECM程序升级包,980,2024-05-27 18:01
M1638,F1638,更换右后轮速传感器,右后轮速传感器,270,2025-01-03 10:08
M1639,F1639,更换驾驶员侧安全气囊模块,驾驶员侧安全气囊模块,1500,2025-08-02 17:08
M1640,F1640,更换进气温度传感器,进气温度传感器,380,2024-04-07 09:33
M1641,F1641,更换火花塞+缸线检查,铱金火花塞(4支),380,2025-02-01 16:41
M1642,F1642,更换轮速传感器,右前轮速传感器,260,2025-12-10 16:53
M1643,F1643,清洗节气门+燃油滤芯更换,燃油滤芯,420,2024-05-29 18:12
M1644,F1644,维修空调压缩机,压缩机电磁阀,580,2025-02-12 10:18
M1645,F1645,更换催化转化器,原厂催化转化器,2800,2025-04-01 15:48
M1646,F1646,更换涡轮增压器电磁阀,涡轮电磁阀,850,2024-03-04 16:05
M1647,F1647,更换刹车压力传感器,刹车压力传感器,480,2025-03-02 16:13
M1648,F1648,更换安全带传感器,主驾驶安全带传感器,320,2025-05-08 11:10
M1649,F1649,更换机油压力传感器,机油压力传感器,450,2024-07-08 14:09
M1650,F1650,维修ABS控制模块,ABS控制模块维修包,1200,2025-08-15 16:40
M1651,F1651,更换凸轮轴位置传感器,凸轮轴位置传感器,520,2024-06-29 19:51
M1652,F1652,维修安全气囊控制模块,安全气囊控制模块编程,800,2025-05-10 16:44
M1653,F1653,更换节气门位置传感器,节气门位置传感器,480,2025-11-19 09:52
M1654,F1654,更换左前轮速传感器,左前轮速传感器,280,2025-12-29 14:25
M1655,F1655,检查燃油蒸发系统管路,燃油蒸发管密封垫,350,2024-06-23 12:27
M1656,F1656,更换右前安全气囊传感器,右前安全气囊传感器,650,2025-05-04 17:39
M1657,F1657,升级ECM控制模块程序,ECM程序升级包,980,2025-02-09 09:03
M1658,F1658,更换右后轮速传感器,右后轮速传感器,270,2024-06-26 15:46
M1659,F1659,更换驾驶员侧安全气囊模块,驾驶员侧安全气囊模块,1500,2025-12-11 17:27
M1660,F1660,更换进气温度传感器,进气温度传感器,380,2025-09-27 15:38
M1661,F1661,更换火花塞+缸线检查,铱金火花塞(4支),380,2025-09-30 18:41
M1662,F1662,更换轮速传感器,右前轮速传感器,260,2025-05-15 11:25
M1663,F1663,清洗节气门+燃油滤芯更换,燃油滤芯,420,2024-02-04 18:16
M1664,F1664,维修空调压缩机,压缩机电磁阀,580,2025-09-27 13:08
M1665,F1665,更换催化转化器,原厂催化转化器,2800,2025-12-27 10:50
M1666,F1666,更换涡轮增压器电磁阀,涡轮电磁阀,850,2024-08-14 18:55
M1667,F1667,更换刹车压力传感器,刹车压力传感器,480,2024-07-25 14:19
M1668,F1668,更换安全带传感器,主驾驶安全带传感器,320,2024-06-01 18:22
M1669,F1669,更换机油压力传感器,机油压力传感器,450,2025-08-12 12:59
M1670,F1670,维修ABS控制模块,ABS控制模块维修包,1200,2024-12-23 11:47
M1671,F1671,更换凸轮轴位置传感器,凸轮轴位置传感器,520,2025-09-14 17:21
M1672,F1672,维修安全气囊控制模块,安全气囊控制模块编程,800,2024-09-20 18:14
M1673,F1673,更换节气门位置传感器,节气门位置传感器,480,2025-05-17 09:09
M1674,F1674,更换左前轮速传感器,左前轮速传感器,280,2025-08-20 10:22
M1675,F1675,检查燃油蒸发系统管路,燃油蒸发管密封垫,350,2024-07-06 11:23
M1676,F1676,更换右前安全气囊传感器,右前安全气囊传感器,650,2024-04-12 11:30
M1677,F1677,升级ECM控制模块程序,ECM程序升级包,980,2024-06-08 14:35
M1678,F1678,更换右后轮速传感器,右后轮速传感器,270,2024-07-01 14:49
M1679,F1679,更换驾驶员侧安全气囊模块,驾驶员侧安全气囊模块,1500,2025-12-08 16:09
M1680,F1680,更换进气温度传感器,进气温度传感器,380,2025-08-06 12:35
M1681,F1681,更换火花塞+缸线检查,铱金火花塞(4支),380,2025-06-14 18:10
M1682,F1682,更换轮速传感器,右前轮速传感器,260,2024-06-20 18:45
M1683,F1683,清洗节气门+燃油滤芯更换,燃油滤芯,420,2025-03-30 17:28
M1684,F1684,维修空调压缩机,压缩机电磁阀,580,2025-06-19 18:09
M1685,F1685,更换催化转化器,原厂催化转化器,2800,2025-03-31 10:59
M1686,F1686,更换涡轮增压器电磁阀,涡轮电磁阀,850,2025-03-13 12:56
M1687,F1687,更换刹车压力传感器,刹车压力传感器,480,2025-04-13 18:24
M1688,F1688,更换安全带传感器,主驾驶安全带传感器,320,2024-09-14 18:04
M1689,F1689,更换机油压力传感器,机油压力传感器,450,2024-12-01 10:02
M1690,F1690,维修ABS控制模块,ABS控制模块维修包,1200,2025-11-04 18:51
M1691,F1691,更换凸轮轴位置传感器,凸轮轴位置传感器,520,2025-03-05 11:05
M1692,F1692,维修安全气囊控制模块,安全气囊控制模块编程,800,2024-03-14 15:13
M1693,F1693,更换节气门位置传感器,节气门位置传感器,480,2025-09-20 15:15
M1694,F1694,更换左前轮速传感器,左前轮速传感器,280,2025-12-01 16:11
M1695,F1695,检查燃油蒸发系统管路,燃油蒸发管密封垫,350,2025-06-13 16:12
M1696,F1696,更换右前安全气囊传感器,右前安全气囊传感器,650,2024-07-30 15:49
M1697,F1697,升级ECM控制模块程序,ECM程序升级包,980,2024-11-05 12:53
M1698,F1698,更换右后轮速传感器,右后轮速传感器,270,2025-04-11 18:54
M1699,F1699,更换驾驶员侧安全气囊模块,驾驶员侧安全气囊模块,1500,2025-06-13 16:57
M1700,F1700,更换进气温度传感器,进气温度传感器,380,2024-12-13 13:29
M1701,F1701,更换火花塞+缸线检查,铱金火花塞(4支),380,2024-04-03 17:05
M1702,F1702,更换轮速传感器,右前轮速传感器,260,2025-01-30 11:20
M1703,F1703,清洗节气门+燃油滤芯更换,燃油滤芯,420,2025-01-23 19:43
M1704,F1704,维修空调压缩机,压缩机电磁阀,580,2025-10-01 11:48
M1705,F1705,更换催化转化器,原厂催化转化器,2800,2025-11-05 18:45
M1706,F1706,更换涡轮增压器电磁阀,涡轮电磁阀,850,2024-06-07 12:02
M1707,F1707,更换刹车压力传感器,刹车压力传感器,480,2024-02-08 15:12
M1708,F1708,更换安全带传感器,主驾驶安全带传感器,320,2025-11-27 18:17
M1709,F1709,更换机油压力传感器,机油压力传感器,450,2025-08-30 11:27
M1710,F1710,维修ABS控制模块,ABS控制模块维修包,1200,2024-04-11 15:19
M1711,F1711,更换凸轮轴位置传感器,凸轮轴位置传感器,520,2024-12-13 16:26
M1712,F1712,维修安全气囊控制模块,安全气囊控制模块编程,800,2024-01-26 16:35
M1713,F1713,更换节气门位置传感器,节气门位置传感器,480,2025-05-14 10:27
M1714,F1714,更换左前轮速传感器,左前轮速传感器,280,2024-01-15 10:40
M1715,F1715,检查燃油蒸发系统管路,燃油蒸发管密封垫,350,2024-10-16 15:37
M1716,F1716,更换右前安全气囊传感器,右前安全气囊传感器,650,2024-10-18 13:31
M1717,F1717,升级ECM控制模块程序,ECM程序升级包,980,2025-12-28 17:40
M1718,F1718,更换右后轮速传感器,右后轮速传感器,270,2025-01-29 17:21
M1719,F1719,更换驾驶员侧安全气囊模块,驾驶员侧安全气囊模块,1500,2024-12-01 12:21
M1720,F1720,更换进气温度传感器,进气温度传感器,380,2025-05-22 11:49
M1721,F1721,更换火花塞+缸线检查,铱金火花塞(4支),380,2024-07-30 14:00
M1722,F1722,更换轮速传感器,右前轮速传感器,260,2025-10-14 16:06
M1723,F1723,清洗节气门+燃油滤芯更换,燃油滤芯,420,2025-11-16 14:38
M1724,F1724,维修空调压缩机,压缩机电磁阀,580,2024-11-01 15:45
M1725,F1725,更换催化转化器,原厂催化转化器,2800,2024-03-22 17:53
M1726,F1726,更换涡轮增压器电磁阀,涡轮电磁阀,850,2025-09-19 10:10
M1727,F1727,更换刹车压力传感器,刹车压力传感器,480,2024-10-30 09:31
M1728,F1728,更换安全带传感器,主驾驶安全带传感器,320,2025-07-22 12:42
M1729,F1729,更换机油压力传感器,机油压力传感器,450,2025-04-27 17:31
M1730,F1730,维修ABS控制模块,ABS控制模块维修包,1200,2025-04-12 17:52
M1731,F1731,更换凸轮轴位置传感器,凸轮轴位置传感器,520,2025-05-29 11:06
M1732,F1732,维修安全气囊控制模块,安全气囊控制模块编程,800,2024-02-23 13:06
M1733,F1733,更换节气门位置传感器,节气门位置传感器,480,2025-10-08 12:10
M1734,F1734,更换左前轮速传感器,左前轮速传感器,280,2024-06-19 09:35
M1735,F1735,检查燃油蒸发系统管路,燃油蒸发管密封垫,350,2024-07-24 12:40
M1736,F1736,更换右前安全气囊传感器,右前安全气囊传感器,650,2024-01-07 10:37
M1737,F1737,升级ECM控制模块程序,ECM程序升级包,980,2024-12-15 14:15
M1738,F1738,更换右后轮速传感器,右后轮速传感器,270,2024-08-27 16:54
M1739,F1739,更换驾驶员侧安全气囊模块,驾驶员侧安全气囊模块,1500,2025-03-21 11:59
M1740,F1740,更换进气温度传感器,进气温度传感器,380,2024-12-07 16:35
M1741,F1741,更换火花塞+缸线检查,铱金火花塞(4支),380,2025-12-30 11:19
M1742,F1742,更换轮速传感器,右前轮速传感器,260,2025-09-06 11:41
M1743,F1743,清洗节气门+燃油滤芯更换,燃油滤芯,420,2025-02-20 11:06
M1744,F1744,维修空调压缩机,压缩机电磁阀,580,2025-10-01 10:15
M1745,F1745,更换催化转化器,原厂催化转化器,2800,2025-12-03 13:42
M1746,F1746,更换涡轮增压器电磁阀,涡轮电磁阀,850,2024-11-15 09:01
M1747,F1747,更换刹车压力传感器,刹车压力传感器,480,2024-12-29 11:36
M1748,F1748,更换安全带传感器,主驾驶安全带传感器,320,2024-09-26 10:52
M1749,F1749,更换机油压力传感器,机油压力传感器,450,2024-01-07 13:25
M1750,F1750,维修ABS控制模块,ABS控制模块维修包,1200,2024-05-03 17:49
M1751,F1751,更换凸轮轴位置传感器,凸轮轴位置传感器,520,2025-06-18 10:34
M1752,F1752,维修安全气囊控制模块,安全气囊控制模块编程,800,2024-02-23 17:29
M1753,F1753,更换节气门位置传感器,节气门位置传感器,480,2024-03-18 14:18
M1754,F1754,更换左前轮速传感器,左前轮速传感器,280,2024-08-18 18:41
M1755,F1755,检查燃油蒸发系统管路,燃油蒸发管密封垫,350,2025-11-25 18:43
M1756,F1756,更换右前安全气囊传感器,右前安全气囊传感器,650,2025-08-22 09:38
M1757,F1757,升级ECM控制模块程序,ECM程序升级包,980,2024-06-17 11:18
M1758,F1758,更换右后轮速传感器,右后轮速传感器,270,2025-04-29 18:52
M1759,F1759,更换驾驶员侧安全气囊模块,驾驶员侧安全气囊模块,1500,2024-06-29 11:10
M1760,F1760,更换进气温度传感器,进气温度传感器,380,2024-01-11 14:24
M1761,F1761,更换火花塞+缸线检查,铱金火花塞(4支),380,2025-11-25 11:45
M1762,F1762,更换轮速传感器,右前轮速传感器,260,2025-04-05 18:20
M1763,F1763,清洗节气门+燃油滤芯更换,燃油滤芯,420,2024-05-12 16:26
M1764,F1764,维修空调压缩机,压缩机电磁阀,580,2025-11-19 10:36
M1765,F1765,更换催化转化器,原厂催化转化器,2800,2025-10-04 13:33
M1766,F1766,更换涡轮增压器电磁阀,涡轮电磁阀,850,2024-08-08 12:16
M1767,F1767,更换刹车压力传感器,刹车压力传感器,480,2025-03-08 10:54
M1768,F1768,更换安全带传感器,主驾驶安全带传感器,320,2025-09-12 14:44
M1769,F1769,更换机油压力传感器,机油压力传感器,450,2025-08-26 15:28
M1770,F1770,维修ABS控制模块,ABS控制模块维修包,1200,2025-03-14 15:18
M1771,F1771,更换凸轮轴位置传感器,凸轮轴位置传感器,520,2024-01-21 15:36
M1772,F1772,维修安全气囊控制模块,安全气囊控制模块编程,800,2024-08-04 13:37
M1773,F1773,更换节气门位置传感器,节气门位置传感器,480,2024-01-12 13:34
M1774,F1774,更换左前轮速传感器,左前轮速传感器,280,2025-04-14 13:55
M1775,F1775,检查燃油蒸发系统管路,燃油蒸发管密封垫,350,2024-07-09 13:06
M1776,F1776,更换右前安全气囊传感器,右前安全气囊传感器,650,2025-09-30 11:17
M1777,F1777,升级ECM控制模块程序,ECM程序升级包,980,2024-12-07 12:10
M1778,F1778,更换右后轮速传感器,右后轮速传感器,270,2025-01-24 12:29
M1779,F1779,更换驾驶员侧安全气囊模块,驾驶员侧安全气囊模块,1500,2025-09-01 15:36
M1780,F1780,更换进气温度传感器,进气温度传感器,380,2024-07-24 17:51
M1781,F1781,更换火花塞+缸线检查,铱金火花塞(4支),380,2024-12-07 18:11
M1782,F1782,更换轮速传感器,右前轮速传感器,260,2024-10-22 19:15
M1783,F1783,清洗节气门+燃油滤芯更换,燃油滤芯,420,2025-06-11 16:07
M1784,F1784,维修空调压缩机,压缩机电磁阀,580,2024-09-11 19:47
M1785,F1785,更换催化转化器,原厂催化转化器,2800,2024-05-28 15:12
M1786,F1786,更换涡轮增压器电磁阀,涡轮电磁阀,850,2024-07-13 11:02
M1787,F1787,更换刹车压力传感器,刹车压力传感器,480,2024-03-11 19:57
M1788,F1788,更换安全带传感器,主驾驶安全带传感器,320,2025-09-13 18:58
M1789,F1789,更换机油压力传感器,机油压力传感器,450,2024-01-05 14:26
M1790,F1790,维修ABS控制模块,ABS控制模块维修包,1200,2025-04-17 14:27
M1791,F1791,更换凸轮轴位置传感器,凸轮轴位置传感器,520,2024-09-24 11:40
M1792,F1792,维修安全气囊控制模块,安全气囊控制模块编程,800,2024-05-09 19:29
M1793,F1793,更换节气门位置传感器,节气门位置传感器,480,2025-02-14 13:24
M1794,F1794,更换左前轮速传感器,左前轮速传感器,280,2025-10-15 19:49
M1795,F1795,检查燃油蒸发系统管路,燃油蒸发管密封垫,350,2024-09-02 12:25
M1796,F1796,更换右前安全气囊传感器,右前安全气囊传感器,650,2024-08-20 10:00
M1797,F1797,升级ECM控制模块程序,ECM程序升级包,980,2025-02-14 16:02
M1798,F1798,更换右后轮速传感器,右后轮速传感器,270,2025-08-29 16:17
M1799,F1799,更换驾驶员侧安全气囊模块,驾驶员侧安全气囊模块,1500,2025-09-05 15:25
M1800,F1800,更换进气温度传感器,进气温度传感器,380,2024-09-03 16:12
M1801,F1801,更换火花塞+缸线检查,铱金火花塞(4支),380,2025-11-28 18:35
M1802,F1802,更换轮速传感器,右前轮速传感器,260,2024-06-29 11:43
M1803,F1803,清洗节气门+燃油滤芯更换,燃油滤芯,420,2024-08-07 12:10
M1804,F1804,维修空调压缩机,压缩机电磁阀,580,2024-01-05 12:19
M1805,F1805,更换催化转化器,原厂催化转化器,2800,2025-10-12 18:56
M1806,F1806,更换涡轮增压器电磁阀,涡轮电磁阀,850,2025-03-05 15:59
M1807,F1807,更换刹车压力传感器,刹车压力传感器,480,2024-08-01 17:15
M1808,F1808,更换安全带传感器,主驾驶安全带传感器,320,2024-08-30 12:08
M1809,F1809,更换机油压力传感器,机油压力传感器,450,2024-07-19 10:45
M1810,F1810,维修ABS控制模块,ABS控制模块维修包,1200,2024-08-21 16:15
M1811,F1811,更换凸轮轴位置传感器,凸轮轴位置传感器,520,2024-03-03 10:49
M1812,F1812,维修安全气囊控制模块,安全气囊控制模块编程,800,2024-04-14 14:36
M1813,F1813,更换节气门位置传感器,节气门位置传感器,480,2024-05-31 18:00
M1814,F1814,更换左前轮速传感器,左前轮速传感器,280,2024-02-17 15:08
M1815,F1815,检查燃油蒸发系统管路,燃油蒸发管密封垫,350,2024-06-01 16:21
M1816,F1816,更换右前安全气囊传感器,右前安全气囊传感器,650,2025-09-13 11:23
M1817,F1817,升级ECM控制模块程序,ECM程序升级包,980,2024-11-06 12:18
M1818,F1818,更换右后轮速传感器,右后轮速传感器,270,2024-02-12 15:45
M1819,F1819,更换驾驶员侧安全气囊模块,驾驶员侧安全气囊模块,1500,2024-05-24 15:19
M1820,F1820,更换进气温度传感器,进气温度传感器,380,2024-03-10 14:52
M1821,F1821,更换火花塞+缸线检查,铱金火花塞(4支),380,2025-10-30 15:51
M1822,F1822,更换轮速传感器,右前轮速传感器,260,2024-11-19 17:34
M1823,F1823,清洗节气门+燃油滤芯更换,燃油滤芯,420,2025-03-10 11:42
M1824,F1824,维修空调压缩机,压缩机电磁阀,580,2025-10-01 13:06
M1825,F1825,更换催化转化器,原厂催化转化器,2800,2024-05-11 09:01
M1826,F1826,更换涡轮增压器电磁阀,涡轮电磁阀,850,2024-03-26 16:31
M1827,F1827,更换刹车压力传感器,刹车压力传感器,480,2024-11-17 16:57
M1828,F1828,更换安全带传感器,主驾驶安全带传感器,320,2025-12-23 14:52
M1829,F1829,更换机油压力传感器,机油压力传感器,450,2025-11-16 16:46
M1830,F1830,维修ABS控制模块,ABS控制模块维修包,1200,2024-05-02 16:33
M1831,F1831,更换凸轮轴位置传感器,凸轮轴位置传感器,520,2024-02-19 18:45
M1832,F1832,维修安全气囊控制模块,安全气囊控制模块编程,800,2024-10-07 10:52
M1833,F1833,更换节气门位置传感器,节气门位置传感器,480,2025-02-25 13:02
M1834,F1834,更换左前轮速传感器,左前轮速传感器,280,2024-03-02 17:42
M1835,F1835,检查燃油蒸发系统管路,燃油蒸发管密封垫,350,2025-01-06 18:16
M1836,F1836,更换右前安全气囊传感器,右前安全气囊传感器,650,2024-04-13 15:26
M1837,F1837,升级ECM控制模块程序,ECM程序升级包,980,2025-05-14 14:20
M1838,F1838,更换右后轮速传感器,右后轮速传感器,270,2024-03-21 11:57
M1839,F1839,更换驾驶员侧安全气囊模块,驾驶员侧安全气囊模块,1500,2024-03-04 11:27
M1840,F1840,更换进气温度传感器,进气温度传感器,380,2025-12-13 17:12
M1841,F1841,更换火花塞+缸线检查,铱金火花塞(4支),380,2024-09-21 15:26
M1842,F1842,更换轮速传感器,右前轮速传感器,260,2025-08-02 14:51
M1843,F1843,清洗节气门+燃油滤芯更换,燃油滤芯,420,2025-02-14 14:46
M1844,F1844,维修空调压缩机,压缩机电磁阀,580,2025-12-22 10:27
M1845,F1845,更换催化转化器,原厂催化转化器,2800,2024-09-30 10:02
M1846,F1846,更换涡轮增压器电磁阀,涡轮电磁阀,850,2025-03-02 18:02
M1847,F1847,更换刹车压力传感器,刹车压力传感器,480,2024-09-27 17:26
M1848,F1848,更换安全带传感器,主驾驶安全带传感器,320,2025-03-22 15:50
M1849,F1849,更换机油压力传感器,机油压力传感器,450,2025-08-21 18:40
M1850,F1850,维修ABS控制模块,ABS控制模块维修包,1200,2024-09-04 18:30
M1851,F1851,更换凸轮轴位置传感器,凸轮轴位置传感器,520,2024-09-04 15:12
M1852,F1852,维修安全气囊控制模块,安全气囊控制模块编程,800,2025-03-26 17:38
M1853,F1853,更换节气门位置传感器,节气门位置传感器,480,2025-10-02 15:29
M1854,F1854,更换左前轮速传感器,左前轮速传感器,280,2024-05-31 14:05
M1855,F1855,检查燃油蒸发系统管路,燃油蒸发管密封垫,350,2025-11-08 10:27
M1856,F1856,更换右前安全气囊传感器,右前安全气囊传感器,650,2024-11-09 16:40
M1857,F1857,升级ECM控制模块程序,ECM程序升级包,980,2025-05-19 18:28
M1858,F1858,更换右后轮速传感器,右后轮速传感器,270,2025-11-16 10:57
M1859,F1859,更换驾驶员侧安全气囊模块,驾驶员侧安全气囊模块,1500,2025-10-18 19:07
M1860,F1860,更换进气温度传感器,进气温度传感器,380,2025-02-20 17:07
M1861,F1861,更换火花塞+缸线检查,铱金火花塞(4支),380,2025-04-03 18:21
M1862,F1862,更换轮速传感器,右前轮速传感器,260,2025-02-26 17:07
M1863,F1863,清洗节气门+燃油滤芯更换,燃油滤芯,420,2024-10-13 18:58
M1864,F1864,维修空调压缩机,压缩机电磁阀,580,2025-08-14 19:46
M1865,F1865,更换催化转化器,原厂催化转化器,2800,2025-09-26 10:31
M1866,F1866,更换涡轮增压器电磁阀,涡轮电磁阀,850,2024-07-28 13:52
M1867,F1867,更换刹车压力传感器,刹车压力传感器,480,2024-06-02 12:41
M1868,F1868,更换安全带传感器,主驾驶安全带传感器,320,2024-01-08 11:26
M1869,F1869,更换机油压力传感器,机油压力传感器,450,2025-11-02 14:29
M1870,F1870,维修ABS控制模块,ABS控制模块维修包,1200,2025-06-10 11:40
M1871,F1871,更换凸轮轴位置传感器,凸轮轴位置传感器,520,2025-04-05 15:24
M1872,F1872,维修安全气囊控制模块,安全气囊控制模块编程,800,2025-11-24 17:32
M1873,F1873,更换节气门位置传感器,节气门位置传感器,480,2024-02-17 17:18
M1874,F1874,更换左前轮速传感器,左前轮速传感器,280,2025-09-28 11:44
M1875,F1875,检查燃油蒸发系统管路,燃油蒸发管密封垫,350,2024-02-13 13:41
M1876,F1876,更换右前安全气囊传感器,右前安全气囊传感器,650,2025-11-28 16:15
M1877,F1877,升级ECM控制模块程序,ECM程序升级包,980,2025-02-15 16:17
M1878,F1878,更换右后轮速传感器,右后轮速传感器,270,2024-12-02 18:50
M1879,F1879,更换驾驶员侧安全气囊模块,驾驶员侧安全气囊模块,1500,2024-11-20 13:39
M1880,F1880,更换进气温度传感器,进气温度传感器,380,2024-01-22 18:29
M1881,F1881,更换火花塞+缸线检查,铱金火花塞(4支),380,2024-09-14 11:35
M1882,F1882,更换轮速传感器,右前轮速传感器,260,2025-09-05 14:40
M1883,F1883,清洗节气门+燃油滤芯更换,燃油滤芯,420,2025-03-03 13:00
M1884,F1884,维修空调压缩机,压缩机电磁阀,580,2025-04-11 18:16
M1885,F1885,更换催化转化器,原厂催化转化器,2800,2024-08-30 10:00
M1886,F1886,更换涡轮增压器电磁阀,涡轮电磁阀,850,2025-04-30 16:01
M1887,F1887,更换刹车压力传感器,刹车压力传感器,480,2025-11-05 18:01
M1888,F1888,更换安全带传感器,主驾驶安全带传感器,320,2025-11-30 15:56
M1889,F1889,更换机油压力传感器,机油压力传感器,450,2025-06-19 13:41
M1890,F1890,维修ABS控制模块,ABS控制模块维修包,1200,2025-03-05 14:26
M1891,F1891,更换凸轮轴位置传感器,凸轮轴位置传感器,520,2024-01-10 12:13
M1892,F1892,维修安全气囊控制模块,安全气囊控制模块编程,800,2024-11-01 16:34
M1893,F1893,更换节气门位置传感器,节气门位置传感器,480,2024-08-09 14:42
M1894,F1894,更换左前轮速传感器,左前轮速传感器,280,2024-06-09 14:47
M1895,F1895,检查燃油蒸发系统管路,燃油蒸发管密封垫,350,2024-09-02 16:08
M1896,F1896,更换右前安全气囊传感器,右前安全气囊传感器,650,2025-11-20 12:08
M1897,F1897,升级ECM控制模块程序,ECM程序升级包,980,2024-08-19 15:50
M1898,F1898,更换右后轮速传感器,右后轮速传感器,270,2024-07-27 17:02
M1899,F1899,更换驾驶员侧安全气囊模块,驾驶员侧安全气囊模块,1500,2024-08-18 16:44
M1900,F1900,更换进气温度传感器,进气温度传感器,380,2025-06-16 10:54
M1901,F1901,更换火花塞+缸线检查,铱金火花塞(4支),380,2025-07-11 17:47
M1902,F1902,更换轮速传感器,右前轮速传感器,260,2025-10-09 15:54
M1903,F1903,清洗节气门+燃油滤芯更换,燃油滤芯,420,2025-03-04 12:47
M1904,F1904,维修空调压缩机,压缩机电磁阀,580,2024-02-19 14:25
M1905,F1905,更换催化转化器,原厂催化转化器,2800,2024-11-11 18:05
M1906,F1906,更换涡轮增压器电磁阀,涡轮电磁阀,850,2024-09-07 19:10
M1907,F1907,更换刹车压力传感器,刹车压力传感器,480,2024-02-09 16:57
M1908,F1908,更换安全带传感器,主驾驶安全带传感器,320,2024-08-05 17:10
M1909,F1909,更换机油压力传感器,机油压力传感器,450,2025-06-26 10:14
M1910,F1910,维修ABS控制模块,ABS控制模块维修包,1200,2025-06-23 13:27
M1911,F1911,更换凸轮轴位置传感器,凸轮轴位置传感器,520,2025-06-28 11:27
M1912,F1912,维修安全气囊控制模块,安全气囊控制模块编程,800,2024-05-10 15:40
M1913,F1913,更换节气门位置传感器,节气门位置传感器,480,2025-06-09 10:37
M1914,F1914,更换左前轮速传感器,左前轮速传感器,280,2025-10-05 11:46
M1915,F1915,检查燃油蒸发系统管路,燃油蒸发管密封垫,350,2025-02-11 16:04
M1916,F1916,更换右前安全气囊传感器,右前安全气囊传感器,650,2025-07-02 11:36
M1917,F1917,升级ECM控制模块程序,ECM程序升级包,980,2024-04-08 09:26
M1918,F1918,更换右后轮速传感器,右后轮速传感器,270,2025-07-23 13:05
M1919,F1919,更换驾驶员侧安全气囊模块,驾驶员侧安全气囊模块,1500,2025-12-27 12:44
M1920,F1920,更换进气温度传感器,进气温度传感器,380,2025-10-28 10:07
M1921,F1921,更换火花塞+缸线检查,铱金火花塞(4支),380,2025-10-20 11:02
M1922,F1922,更换轮速传感器,右前轮速传感器,260,2024-05-27 12:15
M1923,F1923,清洗节气门+燃油滤芯更换,燃油滤芯,420,2024-06-13 13:44
M1924,F1924,维修空调压缩机,压缩机电磁阀,580,2025-12-24 10:20
M1925,F1925,更换催化转化器,原厂催化转化器,2800,2024-08-21 18:17
M1926,F1926,更换涡轮增压器电磁阀,涡轮电磁阀,850,2025-09-19 16:30
M1927,F1927,更换刹车压力传感器,刹车压力传感器,480,2025-11-05 18:11
M1928,F1928,更换安全带传感器,主驾驶安全带传感器,320,2024-07-17 18:59
M1929,F1929,更换机油压力传感器,机油压力传感器,450,2025-07-25 16:26
M1930,F1930,维修ABS控制模块,ABS控制模块维修包,1200,2025-09-09 17:07
M1931,F1931,更换凸轮轴位置传感器,凸轮轴位置传感器,520,2024-03-22 14:13
M1932,F1932,维修安全气囊控制模块,安全气囊控制模块编程,800,2025-03-18 16:28
M1933,F1933,更换节气门位置传感器,节气门位置传感器,480,2025-05-18 13:49
M1934,F1934,更换左前轮速传感器,左前轮速传感器,280,2025-01-09 15:44
M1935,F1935,检查燃油蒸发系统管路,燃油蒸发管密封垫,350,2024-11-13 19:43
M1936,F1936,更换右前安全气囊传感器,右前安全气囊传感器,650,2025-11-29 13:12
M1937,F1937,升级ECM控制模块程序,ECM程序升级包,980,2025-01-31 14:41
M1938,F1938,更换右后轮速传感器,右后轮速传感器,270,2025-01-10 14:26
M1939,F1939,更换驾驶员侧安全气囊模块,驾驶员侧安全气囊模块,1500,2025-10-22 13:59
M1940,F1940,更换进气温度传感器,进气温度传感器,380,2025-04-07 11:13
M1941,F1941,更换火花塞+缸线检查,铱金火花塞(4支),380,2024-01-21 11:47
M1942,F1942,更换轮速传感器,右前轮速传感器,260,2024-11-07 18:01
M1943,F1943,清洗节气门+燃油滤芯更换,燃油滤芯,420,2024-07-13 11:00
M1944,F1944,维修空调压缩机,压缩机电磁阀,580,2025-08-25 09:23
M1945,F1945,更换催化转化器,原厂催化转化器,2800,2025-03-11 11:32
M1946,F1946,更换涡轮增压器电磁阀,涡轮电磁阀,850,2024-08-03 09:01
M1947,F1947,更换刹车压力传感器,刹车压力传感器,480,2025-08-28 16:18
M1948,F1948,更换安全带传感器,主驾驶安全带传感器,320,2025-04-12 13:42
M1949,F1949,更换机油压力传感器,机油压力传感器,450,2025-06-19 09:09
M1950,F1950,维修ABS控制模块,ABS控制模块维修包,1200,2025-02-14 12:03
M1951,F1951,更换凸轮轴位置传感器,凸轮轴位置传感器,520,2025-01-22 16:41
M1952,F1952,维修安全气囊控制模块,安全气囊控制模块编程,800,2024-12-01 18:08
M1953,F1953,更换节气门位置传感器,节气门位置传感器,480,2025-09-08 18:44
M1954,F1954,更换左前轮速传感器,左前轮速传感器,280,2025-05-07 18:31
M1955,F1955,检查燃油蒸发系统管路,燃油蒸发管密封垫,350,2025-02-17 12:34
M1956,F1956,更换右前安全气囊传感器,右前安全气囊传感器,650,2025-11-14 14:22
M1957,F1957,升级ECM控制模块程序,ECM程序升级包,980,2025-03-31 13:55
M1958,F1958,更换右后轮速传感器,右后轮速传感器,270,2024-05-07 12:19
M1959,F1959,更换驾驶员侧安全气囊模块,驾驶员侧安全气囊模块,1500,2025-03-28 10:14
M1960,F1960,更换进气温度传感器,进气温度传感器,380,2024-09-09 17:48
M1961,F1961,更换火花塞+缸线检查,铱金火花塞(4支),380,2025-05-06 17:52
M1962,F1962,更换轮速传感器,右前轮速传感器,260,2024-06-06 16:50
M1963,F1963,清洗节气门+燃油滤芯更换,燃油滤芯,420,2024-06-24 12:19
M1964,F1964,维修空调压缩机,压缩机电磁阀,580,2025-06-22 19:18
M1965,F1965,更换催化转化器,原厂催化转化器,2800,2025-12-11 16:56
M1966,F1966,更换涡轮增压器电磁阀,涡轮电磁阀,850,2024-04-19 16:40
M1967,F1967,更换刹车压力传感器,刹车压力传感器,480,2025-03-20 16:13
M1968,F1968,更换安全带传感器,主驾驶安全带传感器,320,2024-09-19 16:57
M1969,F1969,更换机油压力传感器,机油压力传感器,450,2025-11-09 14:42
M1970,F1970,维修ABS控制模块,ABS控制模块维修包,1200,2024-12-05 11:37
M1971,F1971,更换凸轮轴位置传感器,凸轮轴位置传感器,520,2024-02-18 09:19
M1972,F1972,维修安全气囊控制模块,安全气囊控制模块编程,800,2025-10-13 18:32
M1973,F1973,更换节气门位置传感器,节气门位置传感器,480,2025-01-26 14:36
M1974,F1974,更换左前轮速传感器,左前轮速传感器,280,2024-01-15 17:15
M1975,F1975,检查燃油蒸发系统管路,燃油蒸发管密封垫,350,2025-04-07 15:36
M1976,F1976,更换右前安全气囊传感器,右前安全气囊传感器,650,2024-03-22 15:11
M1977,F1977,升级ECM控制模块程序,ECM程序升级包,980,2024-12-16 11:20
M1978,F1978,更换右后轮速传感器,右后轮速传感器,270,2025-07-03 18:19
M1979,F1979,更换驾驶员侧安全气囊模块,驾驶员侧安全气囊模块,1500,2025-01-14 12:15
M1980,F1980,更换进气温度传感器,进气温度传感器,380,2025-09-25 15:03
M1981,F1981,更换火花塞+缸线检查,铱金火花塞(4支),380,2025-11-20 12:25
M1982,F1982,更换轮速传感器,右前轮速传感器,260,2025-07-22 15:32
M1983,F1983,清洗节气门+燃油滤芯更换,燃油滤芯,420,2024-05-15 17:09
M1984,F1984,维修空调压缩机,压缩机电磁阀,580,2025-05-24 10:12
M1985,F1985,更换催化转化器,原厂催化转化器,2800,2024-09-09 13:43
M1986,F1986,更换涡轮增压器电磁阀,涡轮电磁阀,850,2024-07-03 13:31
M1987,F1987,更换刹车压力传感器,刹车压力传感器,480,2025-03-13 18:36
M1988,F1988,更换安全带传感器,主驾驶安全带传感器,320,2025-06-05 16:11
M1989,F1989,更换机油压力传感器,机油压力传感器,450,2024-12-01 15:33
M1990,F1990,维修ABS控制模块,ABS控制模块维修包,1200,2024-02-27 14:24
M1991,F1991,更换凸轮轴位置传感器,凸轮轴位置传感器,520,2025-05-09 12:48
M1992,F1992,维修安全气囊控制模块,安全气囊控制模块编程,800,2025-07-25 14:59
M1993,F1993,更换节气门位置传感器,节气门位置传感器,480,2024-05-05 19:15
M1994,F1994,更换左前轮速传感器,左前轮速传感器,280,2025-03-25 15:42
M1995,F1995,检查燃油蒸发系统管路,燃油蒸发管密封垫,350,2025-01-25 13:14
M1996,F1996,更换右前安全气囊传感器,右前安全气囊传感器,650,2024-01-25 12:30
M1997,F1997,升级ECM控制模块程序,ECM程序升级包,980,2025-07-03 09:03
M1998,F1998,更换右后轮速传感器,右后轮速传感器,270,2024-10-09 10:30
M1999,F1999,更换驾驶员侧安全气囊模块,驾驶员侧安全气囊模块,1500,2025-02-21 12:51
M2000,F2000,更换进气温度传感器,进气温度传感器,380,2024-11-19 10:02
M2001,F2001,更换火花塞+缸线检查,铱金火花塞(4支),380,2024-12-02 12:28
M2002,F2002,更换轮速传感器,右前轮速传感器,260,2024-04-27 10:05
M2003,F2003,清洗节气门+燃油滤芯更换,燃油滤芯,420,2024-11-05 10:17
M2004,F2004,维修空调压缩机,压缩机电磁阀,580,2024-09-10 16:51
M2005,F2005,更换催化转化器,原厂催化转化器,2800,2024-12-07 13:09
M2006,F2006,更换涡轮增压器电磁阀,涡轮电磁阀,850,2024-04-05 13:49
M2007,F2007,更换刹车压力传感器,刹车压力传感器,480,2024-08-16 13:37
M2008,F2008,更换安全带传感器,主驾驶安全带传感器,320,2025-02-06 17:10
M2009,F2009,更换机油压力传感器,机油压力传感器,450,2024-09-02 16:40
M2010,F2010,维修ABS控制模块,ABS控制模块维修包,1200,2024-10-16 10:13
M2011,F2011,更换凸轮轴位置传感器,凸轮轴位置传感器,520,2025-05-18 14:19
M2012,F2012,维修安全气囊控制模块,安全气囊控制模块编程,800,2024-12-05 15:21
M2013,F2013,更换节气门位置传感器,节气门位置传感器,480,2025-02-07 09:46
M2014,F2014,更换左前轮速传感器,左前轮速传感器,280,2024-05-20 19:48
M2015,F2015,检查燃油蒸发系统管路,燃油蒸发管密封垫,350,2024-01-19 13:58
M2016,F2016,更换右前安全气囊传感器,右前安全气囊传感器,650,2024-05-05 16:26
M2017,F2017,升级ECM控制模块程序,ECM程序升级包,980,2025-11-22 19:21
M2018,F2018,更换右后轮速传感器,右后轮速传感器,270,2024-12-13 13:49
M2019,F2019,更换驾驶员侧安全气囊模块,驾驶员侧安全气囊模块,1500,2024-11-26 12:14
M2020,F2020,更换进气温度传感器,进气温度传感器,380,2024-01-21 19:12
M2021,F2021,更换火花塞+缸线检查,铱金火花塞(4支),380,2025-04-01 14:51
M2022,F2022,更换轮速传感器,右前轮速传感器,260,2025-08-13 15:26
M2023,F2023,清洗节气门+燃油滤芯更换,燃油滤芯,420,2025-03-29 16:00
M2024,F2024,维修空调压缩机,压缩机电磁阀,580,2024-07-17 16:12
M2025,F2025,更换催化转化器,原厂催化转化器,2800,2024-04-15 17:27
M2026,F2026,更换涡轮增压器电磁阀,涡轮电磁阀,850,2025-01-03 17:06
M2027,F2027,更换刹车压力传感器,刹车压力传感器,480,2025-12-10 14:59
M2028,F2028,更换安全带传感器,主驾驶安全带传感器,320,2025-09-20 11:45
M2029,F2029,更换机油压力传感器,机油压力传感器,450,2024-01-09 17:24
M2030,F2030,维修ABS控制模块,ABS控制模块维修包,1200,2025-02-18 11:04
M2031,F2031,更换凸轮轴位置传感器,凸轮轴位置传感器,520,2025-10-01 12:06
M2032,F2032,维修安全气囊控制模块,安全气囊控制模块编程,800,2025-07-08 14:35
M2033,F2033,更换节气门位置传感器,节气门位置传感器,480,2025-12-12 09:32
M2034,F2034,更换左前轮速传感器,左前轮速传感器,280,2025-01-11 18:15
M2035,F2035,检查燃油蒸发系统管路,燃油蒸发管密封垫,350,2025-05-25 12:25
M2036,F2036,更换右前安全气囊传感器,右前安全气囊传感器,650,2024-02-21 14:51
M2037,F2037,升级ECM控制模块程序,ECM程序升级包,980,2024-02-12 14:21
M2038,F2038,更换右后轮速传感器,右后轮速传感器,270,2025-08-07 16:57
M2039,F2039,更换驾驶员侧安全气囊模块,驾驶员侧安全气囊模块,1500,2024-11-20 18:07
M2040,F2040,更换进气温度传感器,进气温度传感器,380,2025-04-08 18:29
M2041,F2041,更换火花塞+缸线检查,铱金火花塞(4支),380,2025-08-03 19:13
M2042,F2042,更换轮速传感器,右前轮速传感器,260,2025-08-07 15:19
M2043,F2043,清洗节气门+燃油滤芯更换,燃油滤芯,420,2025-07-27 13:09
M2044,F2044,维修空调压缩机,压缩机电磁阀,580,2025-01-06 18:19
M2045,F2045,更换催化转化器,原厂催化转化器,2800,2024-06-07 10:40
M2046,F2046,更换涡轮增压器电磁阀,涡轮电磁阀,850,2024-10-13 16:24
M2047,F2047,更换刹车压力传感器,刹车压力传感器,480,2024-10-07 16:21
M2048,F2048,更换安全带传感器,主驾驶安全带传感器,320,2025-04-29 18:22
M2049,F2049,更换机油压力传感器,机油压力传感器,450,2025-02-20 11:12
M2050,F2050,维修ABS控制模块,ABS控制模块维修包,1200,2024-01-24 12:16
M2051,F2051,更换凸轮轴位置传感器,凸轮轴位置传感器,520,2025-10-10 10:22
M2052,F2052,维修安全气囊控制模块,安全气囊控制模块编程,800,2024-05-21 14:12
M2053,F2053,更换节气门位置传感器,节气门位置传感器,480,2025-04-10 11:44
M2054,F2054,更换左前轮速传感器,左前轮速传感器,280,2024-11-17 10:43
M2055,F2055,检查燃油蒸发系统管路,燃油蒸发管密封垫,350,2024-06-02 16:17
M2056,F2056,更换右前安全气囊传感器,右前安全气囊传感器,650,2024-10-03 09:23
M2057,F2057,升级ECM控制模块程序,ECM程序升级包,980,2025-06-09 11:34
M2058,F2058,更换右后轮速传感器,右后轮速传感器,270,2024-06-13 13:07
M2059,F2059,更换驾驶员侧安全气囊模块,驾驶员侧安全气囊模块,1500,2025-07-09 15:53
M2060,F2060,更换进气温度传感器,进气温度传感器,380,2025-05-03 10:19
M2061,F2061,更换火花塞+缸线检查,铱金火花塞(4支),380,2024-03-13 17:55
M2062,F2062,更换轮速传感器,右前轮速传感器,260,2025-04-09 17:00
M2063,F2063,清洗节气门+燃油滤芯更换,燃油滤芯,420,2024-12-13 10:45
M2064,F2064,维修空调压缩机,压缩机电磁阀,580,2024-07-03 09:53
M2065,F2065,更换催化转化器,原厂催化转化器,2800,2025-12-02 17:17
M2066,F2066,更换涡轮增压器电磁阀,涡轮电磁阀,850,2025-05-06 12:24
M2067,F2067,更换刹车压力传感器,刹车压力传感器,480,2024-10-11 14:06
M2068,F2068,更换安全带传感器,主驾驶安全带传感器,320,2024-03-29 16:54
M2069,F2069,更换机油压力传感器,机油压力传感器,450,2024-04-22 12:29
M2070,F2070,维修ABS控制模块,ABS控制模块维修包,1200,2025-12-02 13:21
M2071,F2071,更换凸轮轴位置传感器,凸轮轴位置传感器,520,2024-03-19 09:28
M2072,F2072,维修安全气囊控制模块,安全气囊控制模块编程,800,2024-03-15 18:40
M2073,F2073,更换节气门位置传感器,节气门位置传感器,480,2024-08-14 09:01
M2074,F2074,更换左前轮速传感器,左前轮速传感器,280,2025-05-24 15:08
M2075,F2075,检查燃油蒸发系统管路,燃油蒸发管密封垫,350,2025-09-13 16:12
M2076,F2076,更换右前安全气囊传感器,右前安全气囊传感器,650,2025-02-09 11:19
M2077,F2077,升级ECM控制模块程序,ECM程序升级包,980,2025-01-12 14:01
M2078,F2078,更换右后轮速传感器,右后轮速传感器,270,2025-01-22 12:56
M2079,F2079,更换驾驶员侧安全气囊模块,驾驶员侧安全气囊模块,1500,2024-05-13 09:59
M2080,F2080,更换进气温度传感器,进气温度传感器,380,2025-09-17 16:30
M2081,F2081,更换火花塞+缸线检查,铱金火花塞(4支),380,2025-10-03 11:10
M2082,F2082,更换轮速传感器,右前轮速传感器,260,2024-10-27 12:54
M2083,F2083,清洗节气门+燃油滤芯更换,燃油滤芯,420,2024-11-19 15:21
M2084,F2084,维修空调压缩机,压缩机电磁阀,580,2025-10-14 17:24
M2085,F2085,更换催化转化器,原厂催化转化器,2800,2025-12-07 13:33
M2086,F2086,更换涡轮增压器电磁阀,涡轮电磁阀,850,2024-06-04 15:17
M2087,F2087,更换刹车压力传感器,刹车压力传感器,480,2025-07-30 18:17
M2088,F2088,更换安全带传感器,主驾驶安全带传感器,320,2024-05-25 16:40
M2089,F2089,更换机油压力传感器,机油压力传感器,450,2025-05-24 13:59
M2090,F2090,维修ABS控制模块,ABS控制模块维修包,1200,2025-02-19 16:28
M2091,F2091,更换凸轮轴位置传感器,凸轮轴位置传感器,520,2024-12-01 16:40
M2092,F2092,维修安全气囊控制模块,安全气囊控制模块编程,800,2025-11-09 16:55
M2093,F2093,更换节气门位置传感器,节气门位置传感器,480,2024-04-03 19:03
M2094,F2094,更换左前轮速传感器,左前轮速传感器,280,2025-02-12 14:24
M2095,F2095,检查燃油蒸发系统管路,燃油蒸发管密封垫,350,2024-10-30 15:31
M2096,F2096,更换右前安全气囊传感器,右前安全气囊传感器,650,2024-04-30 12:25
M2097,F2097,升级ECM控制模块程序,ECM程序升级包,980,2024-11-13 15:13
M2098,F2098,更换右后轮速传感器,右后轮速传感器,270,2025-07-30 16:23
M2099,F2099,更换驾驶员侧安全气囊模块,驾驶员侧安全气囊模块,1500,2024-05-29 09:09
M2100,F2100,更换进气温度传感器,进气温度传感器,380,2024-11-17 13:59
M2101,F2101,更换火花塞+缸线检查,铱金火花塞(4支),380,2024-01-13 12:16
M2102,F2102,更换轮速传感器,右前轮速传感器,260,2024-11-10 11:40
M2103,F2103,清洗节气门+燃油滤芯更换,燃油滤芯,420,2025-11-05 17:46
M2104,F2104,维修空调压缩机,压缩机电磁阀,580,2024-05-14 14:50
M2105,F2105,更换催化转化器,原厂催化转化器,2800,2025-11-05 16:32
M2106,F2106,更换涡轮增压器电磁阀,涡轮电磁阀,850,2025-01-07 13:35
M2107,F2107,更换刹车压力传感器,刹车压力传感器,480,2024-08-28 13:20
M2108,F2108,更换安全带传感器,主驾驶安全带传感器,320,2025-10-16 17:22
M2109,F2109,更换机油压力传感器,机油压力传感器,450,2025-03-09 16:12
M2110,F2110,维修ABS控制模块,ABS控制模块维修包,1200,2024-08-16 10:03
M2111,F2111,更换凸轮轴位置传感器,凸轮轴位置传感器,520,2024-05-09 18:48
M2112,F2112,维修安全气囊控制模块,安全气囊控制模块编程,800,2024-11-20 13:03
M2113,F2113,更换节气门位置传感器,节气门位置传感器,480,2024-03-12 14:51
M2114,F2114,更换左前轮速传感器,左前轮速传感器,280,2024-07-26 18:03
M2115,F2115,检查燃油蒸发系统管路,燃油蒸发管密封垫,350,2024-01-11 11:20
M2116,F2116,更换右前安全气囊传感器,右前安全气囊传感器,650,2025-11-17 13:43
M2117,F2117,升级ECM控制模块程序,ECM程序升级包,980,2025-11-23 09:09
M2118,F2118,更换右后轮速传感器,右后轮速传感器,270,2025-02-18 17:41
M2119,F2119,更换驾驶员侧安全气囊模块,驾驶员侧安全气囊模块,1500,2024-01-05 16:25
M2120,F2120,更换进气温度传感器,进气温度传感器,380,2025-06-02 10:45
M2121,F2121,更换火花塞+缸线检查,铱金火花塞(4支),380,2024-02-25 16:59
M2122,F2122,更换轮速传感器,右前轮速传感器,260,2025-10-17 12:38
M2123,F2123,清洗节气门+燃油滤芯更换,燃油滤芯,420,2025-11-05 14:57
M2124,F2124,维修空调压缩机,压缩机电磁阀,580,2025-01-22 16:38
M2125,F2125,更换催化转化器,原厂催化转化器,2800,2025-03-23 14:43
M2126,F2126,更换涡轮增压器电磁阀,涡轮电磁阀,850,2024-11-17 18:28
M2127,F2127,更换刹车压力传感器,刹车压力传感器,480,2024-07-09 15:55
M2128,F2128,更换安全带传感器,主驾驶安全带传感器,320,2025-09-01 11:09
M2129,F2129,更换机油压力传感器,机油压力传感器,450,2025-11-07 15:58
M2130,F2130,维修ABS控制模块,ABS控制模块维修包,1200,2025-09-11 16:39
M2131,F2131,更换凸轮轴位置传感器,凸轮轴位置传感器,520,2024-10-15 12:59
M2132,F2132,维修安全气囊控制模块,安全气囊控制模块编程,800,2024-09-08 18:00
M2133,F2133,更换节气门位置传感器,节气门位置传感器,480,2025-07-17 14:16
M2134,F2134,更换左前轮速传感器,左前轮速传感器,280,2025-07-25 16:30
M2135,F2135,检查燃油蒸发系统管路,燃油蒸发管密封垫,350,2024-01-02 14:04
M2136,F2136,更换右前安全气囊传感器,右前安全气囊传感器,650,2025-09-03 12:30
M2137,F2137,升级ECM控制模块程序,ECM程序升级包,980,2024-03-26 11:18
M2138,F2138,更换右后轮速传感器,右后轮速传感器,270,2025-08-17 17:18
M2139,F2139,更换驾驶员侧安全气囊模块,驾驶员侧安全气囊模块,1500,2025-02-26 12:06
M2140,F2140,更换进气温度传感器,进气温度传感器,380,2024-09-26 10:05
M2141,F2141,更换火花塞+缸线检查,铱金火花塞(4支),380,2024-01-23 19:47
M2142,F2142,更换轮速传感器,右前轮速传感器,260,2025-05-11 12:24
M2143,F2143,清洗节气门+燃油滤芯更换,燃油滤芯,420,2024-08-15 10:36
M2144,F2144,维修空调压缩机,压缩机电磁阀,580,2024-07-27 13:28
M2145,F2145,更换催化转化器,原厂催化转化器,2800,2024-12-22 16:22
M2146,F2146,更换涡轮增压器电磁阀,涡轮电磁阀,850,2024-10-06 10:36
M2147,F2147,更换刹车压力传感器,刹车压力传感器,480,2025-11-18 09:54
M2148,F2148,更换安全带传感器,主驾驶安全带传感器,320,2024-02-16 17:28
M2149,F2149,更换机油压力传感器,机油压力传感器,450,2024-10-10 09:10
M2150,F2150,维修ABS控制模块,ABS控制模块维修包,1200,2025-09-26 17:24
M2151,F2151,更换凸轮轴位置传感器,凸轮轴位置传感器,520,2025-10-10 18:14
M2152,F2152,维修安全气囊控制模块,安全气囊控制模块编程,800,2024-06-04 17:59
M2153,F2153,更换节气门位置传感器,节气门位置传感器,480,2025-04-11 13:04
M2154,F2154,更换左前轮速传感器,左前轮速传感器,280,2024-07-13 10:46
M2155,F2155,检查燃油蒸发系统管路,燃油蒸发管密封垫,350,2024-05-12 13:48
M2156,F2156,更换右前安全气囊传感器,右前安全气囊传感器,650,2025-09-27 17:32
M2157,F2157,升级ECM控制模块程序,ECM程序升级包,980,2024-09-02 14:31
M2158,F2158,更换右后轮速传感器,右后轮速传感器,270,2024-10-04 18:12
M2159,F2159,更换驾驶员侧安全气囊模块,驾驶员侧安全气囊模块,1500,2024-07-01 18:33
M2160,F2160,更换进气温度传感器,进气温度传感器,380,2025-11-10 12:20
M2161,F2161,更换火花塞+缸线检查,铱金火花塞(4支),380,2024-05-17 14:17
M2162,F2162,更换轮速传感器,右前轮速传感器,260,2025-03-24 16:23
M2163,F2163,清洗节气门+燃油滤芯更换,燃油滤芯,420,2025-04-30 10:19
M2164,F2164,维修空调压缩机,压缩机电磁阀,580,2024-04-29 09:36
M2165,F2165,更换催化转化器,原厂催化转化器,2800,2025-11-12 18:31
M2166,F2166,更换涡轮增压器电磁阀,涡轮电磁阀,850,2025-11-09 17:37
M2167,F2167,更换刹车压力传感器,刹车压力传感器,480,2025-08-21 11:46
M2168,F2168,更换安全带传感器,主驾驶安全带传感器,320,2024-02-18 14:54
M2169,F2169,更换机油压力传感器,机油压力传感器,450,2025-10-08 16:08
M2170,F2170,维修ABS控制模块,ABS控制模块维修包,1200,2024-06-28 19:14
M2171,F2171,更换凸轮轴位置传感器,凸轮轴位置传感器,520,2025-11-02 17:23
M2172,F2172,维修安全气囊控制模块,安全气囊控制模块编程,800,2025-01-31 11:05
M2173,F2173,更换节气门位置传感器,节气门位置传感器,480,2025-09-16 17:21
M2174,F2174,更换左前轮速传感器,左前轮速传感器,280,2025-12-07 12:21
M2175,F2175,检查燃油蒸发系统管路,燃油蒸发管密封垫,350,2024-07-21 13:27
M2176,F2176,更换右前安全气囊传感器,右前安全气囊传感器,650,2024-11-16 09:21
M2177,F2177,升级ECM控制模块程序,ECM程序升级包,980,2024-08-08 14:08
M2178,F2178,更换右后轮速传感器,右后轮速传感器,270,2025-03-20 12:59
M2179,F2179,更换驾驶员侧安全气囊模块,驾驶员侧安全气囊模块,1500,2025-09-30 11:12
M2180,F2180,更换进气温度传感器,进气温度传感器,380,2025-06-30 18:55
M2181,F2181,更换火花塞+缸线检查,铱金火花塞(4支),380,2024-06-01 15:31
M2182,F2182,更换轮速传感器,右前轮速传感器,260,2024-04-04 19:48
M2183,F2183,清洗节气门+燃油滤芯更换,燃油滤芯,420,2025-01-06 14:39
M2184,F2184,维修空调压缩机,压缩机电磁阀,580,2024-06-13 18:25
M2185,F2185,更换催化转化器,原厂催化转化器,2800,2025-01-17 16:34
M2186,F2186,更换涡轮增压器电磁阀,涡轮电磁阀,850,2024-05-01 16:40
M2187,F2187,更换刹车压力传感器,刹车压力传感器,480,2025-08-13 17:35
M2188,F2188,更换安全带传感器,主驾驶安全带传感器,320,2025-09-05 09:02
M2189,F2189,更换机油压力传感器,机油压力传感器,450,2024-07-18 11:42
M2190,F2190,维修ABS控制模块,ABS控制模块维修包,1200,2025-02-11 15:49
M2191,F2191,更换凸轮轴位置传感器,凸轮轴位置传感器,520,2024-10-28 12:11
M2192,F2192,维修安全气囊控制模块,安全气囊控制模块编程,800,2025-05-13 15:32
M2193,F2193,更换节气门位置传感器,节气门位置传感器,480,2025-01-25 15:23
M2194,F2194,更换左前轮速传感器,左前轮速传感器,280,2024-08-26 16:25
M2195,F2195,检查燃油蒸发系统管路,燃油蒸发管密封垫,350,2025-01-13 16:03
M2196,F2196,更换右前安全气囊传感器,右前安全气囊传感器,650,2025-10-28 11:47
M2197,F2197,升级ECM控制模块程序,ECM程序升级包,980,2024-11-26 12:14
M2198,F2198,更换右后轮速传感器,右后轮速传感器,270,2025-03-06 11:26
M2199,F2199,更换驾驶员侧安全气囊模块,驾驶员侧安全气囊模块,1500,2025-09-11 16:18
M2200,F2200,更换进气温度传感器,进气温度传感器,380,2025-12-19 15:29
M2201,F2201,更换火花塞+缸线检查,铱金火花塞(4支),380,2025-07-29 10:35
M2202,F2202,更换轮速传感器,右前轮速传感器,260,2025-04-09 17:40
M2203,F2203,清洗节气门+燃油滤芯更换,燃油滤芯,420,2024-07-16 15:37
M2204,F2204,维修空调压缩机,压缩机电磁阀,580,2024-03-04 18:12
M2205,F2205,更换催化转化器,原厂催化转化器,2800,2024-03-08 17:11
M2206,F2206,更换涡轮增压器电磁阀,涡轮电磁阀,850,2025-08-04 16:51
M2207,F2207,更换刹车压力传感器,刹车压力传感器,480,2025-11-28 15:00
M2208,F2208,更换安全带传感器,主驾驶安全带传感器,320,2025-06-21 11:27
M2209,F2209,更换机油压力传感器,机油压力传感器,450,2025-04-25 11:18
M2210,F2210,维修ABS控制模块,ABS控制模块维修包,1200,2025-04-22 12:47
M2211,F2211,更换凸轮轴位置传感器,凸轮轴位置传感器,520,2025-02-08 09:18
M2212,F2212,维修安全气囊控制模块,安全气囊控制模块编程,800,2024-02-07 12:43
M2213,F2213,更换节气门位置传感器,节气门位置传感器,480,2025-07-28 09:23
M2214,F2214,更换左前轮速传感器,左前轮速传感器,280,2025-11-14 11:06
M2215,F2215,检查燃油蒸发系统管路,燃油蒸发管密封垫,350,2025-05-17 15:27
M2216,F2216,更换右前安全气囊传感器,右前安全气囊传感器,650,2024-08-18 12:15
M2217,F2217,升级ECM控制模块程序,ECM程序升级包,980,2024-04-08 17:53
M2218,F2218,更换右后轮速传感器,右后轮速传感器,270,2024-07-29 16:41
M2219,F2219,更换驾驶员侧安全气囊模块,驾驶员侧安全气囊模块,1500,2024-02-25 16:11
M2220,F2220,更换进气温度传感器,进气温度传感器,380,2025-02-28 16:30
M2221,F2221,更换火花塞+缸线检查,铱金火花塞(4支),380,2024-08-26 12:25
M2222,F2222,更换轮速传感器,右前轮速传感器,260,2025-07-10 12:20
M2223,F2223,清洗节气门+燃油滤芯更换,燃油滤芯,420,2024-09-03 17:20
M2224,F2224,维修空调压缩机,压缩机电磁阀,580,2024-10-18 14:56
M2225,F2225,更换催化转化器,原厂催化转化器,2800,2024-12-18 17:38
M2226,F2226,更换涡轮增压器电磁阀,涡轮电磁阀,850,2025-02-04 13:45
M2227,F2227,更换刹车压力传感器,刹车压力传感器,480,2025-01-22 09:18
M2228,F2228,更换安全带传感器,主驾驶安全带传感器,320,2024-11-01 10:48
M2229,F2229,更换机油压力传感器,机油压力传感器,450,2024-05-18 19:43
M2230,F2230,维修ABS控制模块,ABS控制模块维修包,1200,2024-09-17 10:27
M2231,F2231,更换凸轮轴位置传感器,凸轮轴位置传感器,520,2024-01-13 18:07
M2232,F2232,维修安全气囊控制模块,安全气囊控制模块编程,800,2024-07-27 11:38
M2233,F2233,更换节气门位置传感器,节气门位置传感器,480,2025-10-18 13:18
M2234,F2234,更换左前轮速传感器,左前轮速传感器,280,2025-08-23 19:45
M2235,F2235,检查燃油蒸发系统管路,燃油蒸发管密封垫,350,2025-05-19 11:46
M2236,F2236,更换右前安全气囊传感器,右前安全气囊传感器,650,2025-01-28 15:18
M2237,F2237,升级ECM控制模块程序,ECM程序升级包,980,2025-02-14 12:16
M2238,F2238,更换右后轮速传感器,右后轮速传感器,270,2024-01-16 14:30
M2239,F2239,更换驾驶员侧安全气囊模块,驾驶员侧安全气囊模块,1500,2025-09-07 13:17
M2240,F2240,更换进气温度传感器,进气温度传感器,380,2024-11-06 17:24
M2241,F2241,更换火花塞+缸线检查,铱金火花塞(4支),380,2024-07-27 10:12
M2242,F2242,更换轮速传感器,右前轮速传感器,260,2025-03-05 14:17
M2243,F2243,清洗节气门+燃油滤芯更换,燃油滤芯,420,2025-12-14 11:12
M2244,F2244,维修空调压缩机,压缩机电磁阀,580,2025-04-03 19:43
M2245,F2245,更换催化转化器,原厂催化转化器,2800,2024-02-06 17:12
M2246,F2246,更换涡轮增压器电磁阀,涡轮电磁阀,850,2024-03-19 11:18
M2247,F2247,更换刹车压力传感器,刹车压力传感器,480,2024-07-03 12:13
M2248,F2248,更换安全带传感器,主驾驶安全带传感器,320,2025-11-26 18:06
M2249,F2249,更换机油压力传感器,机油压力传感器,450,2025-10-17 16:42
M2250,F2250,维修ABS控制模块,ABS控制模块维修包,1200,2024-04-07 13:36
M2251,F2251,更换凸轮轴位置传感器,凸轮轴位置传感器,520,2025-12-06 16:12
M2252,F2252,维修安全气囊控制模块,安全气囊控制模块编程,800,2024-02-05 13:05
M2253,F2253,更换节气门位置传感器,节气门位置传感器,480,2024-04-15 10:44
M2254,F2254,更换左前轮速传感器,左前轮速传感器,280,2024-10-16 18:33
M2255,F2255,检查燃油蒸发系统管路,燃油蒸发管密封垫,350,2024-06-29 14:38
M2256,F2256,更换右前安全气囊传感器,右前安全气囊传感器,650,2025-12-13 11:44
M2257,F2257,升级ECM控制模块程序,ECM程序升级包,980,2025-11-25 14:56
M2258,F2258,更换右后轮速传感器,右后轮速传感器,270,2025-03-23 12:00
M2259,F2259,更换驾驶员侧安全气囊模块,驾驶员侧安全气囊模块,1500,2024-01-02 10:13
M2260,F2260,更换进气温度传感器,进气温度传感器,380,2024-07-21 16:40
M2261,F2261,更换火花塞+缸线检查,铱金火花塞(4支),380,2024-06-27 19:25
M2262,F2262,更换轮速传感器,右前轮速传感器,260,2024-12-15 12:51
M2263,F2263,清洗节气门+燃油滤芯更换,燃油滤芯,420,2024-05-16 11:42
M2264,F2264,维修空调压缩机,压缩机电磁阀,580,2025-10-02 13:18
M2265,F2265,更换催化转化器,原厂催化转化器,2800,2024-11-15 13:41
M2266,F2266,更换涡轮增压器电磁阀,涡轮电磁阀,850,2025-12-11 12:23
M2267,F2267,更换刹车压力传感器,刹车压力传感器,480,2024-08-23 09:03
M2268,F2268,更换安全带传感器,主驾驶安全带传感器,320,2024-07-09 14:41
M2269,F2269,更换机油压力传感器,机油压力传感器,450,2024-09-21 17:23
M2270,F2270,维修ABS控制模块,ABS控制模块维修包,1200,2025-10-21 12:56
M2271,F2271,更换凸轮轴位置传感器,凸轮轴位置传感器,520,2024-04-18 12:41
M2272,F2272,维修安全气囊控制模块,安全气囊控制模块编程,800,2025-09-29 09:37
M2273,F2273,更换节气门位置传感器,节气门位置传感器,480,2025-05-11 18:11
M2274,F2274,更换左前轮速传感器,左前轮速传感器,280,2024-06-26 18:27
M2275,F2275,检查燃油蒸发系统管路,燃油蒸发管密封垫,350,2024-08-14 17:45
M2276,F2276,更换右前安全气囊传感器,右前安全气囊传感器,650,2024-03-25 09:05
M2277,F2277,升级ECM控制模块程序,ECM程序升级包,980,2025-09-10 14:18
M2278,F2278,更换右后轮速传感器,右后轮速传感器,270,2025-03-01 11:33
M2279,F2279,更换驾驶员侧安全气囊模块,驾驶员侧安全气囊模块,1500,2024-02-06 12:17
M2280,F2280,更换进气温度传感器,进气温度传感器,380,2025-09-09 17:39
M2281,F2281,更换火花塞+缸线检查,铱金火花塞(4支),380,2024-03-09 18:23
M2282,F2282,更换轮速传感器,右前轮速传感器,260,2025-12-01 09:38
M2283,F2283,清洗节气门+燃油滤芯更换,燃油滤芯,420,2024-02-03 16:44
M2284,F2284,维修空调压缩机,压缩机电磁阀,580,2025-06-30 11:40
M2285,F2285,更换催化转化器,原厂催化转化器,2800,2025-01-04 15:33
M2286,F2286,更换涡轮增压器电磁阀,涡轮电磁阀,850,2025-11-15 13:39
M2287,F2287,更换刹车压力传感器,刹车压力传感器,480,2025-01-16 11:47
M2288,F2288,更换安全带传感器,主驾驶安全带传感器,320,2024-02-27 10:36
M2289,F2289,更换机油压力传感器,机油压力传感器,450,2025-04-08 13:22
M2290,F2290,维修ABS控制模块,ABS控制模块维修包,1200,2024-09-23 10:42
M2291,F2291,更换凸轮轴位置传感器,凸轮轴位置传感器,520,2024-06-21 11:44
M2292,F2292,维修安全气囊控制模块,安全气囊控制模块编程,800,2024-08-14 13:42
M2293,F2293,更换节气门位置传感器,节气门位置传感器,480,2024-08-24 11:59
M2294,F2294,更换左前轮速传感器,左前轮速传感器,280,2024-07-10 10:09
M2295,F2295,检查燃油蒸发系统管路,燃油蒸发管密封垫,350,2024-07-02 16:07
M2296,F2296,更换右前安全气囊传感器,右前安全气囊传感器,650,2024-07-10 17:51
M2297,F2297,升级ECM控制模块程序,ECM程序升级包,980,2024-08-04 19:46
M2298,F2298,更换右后轮速传感器,右后轮速传感器,270,2024-08-03 19:21
M2299,F2299,更换驾驶员侧安全气囊模块,驾驶员侧安全气囊模块,1500,2025-10-04 17:21
M2300,F2300,更换进气温度传感器,进气温度传感器,380,2025-09-12 12:53
M2301,F2301,更换火花塞+缸线检查,铱金火花塞(4支),380,2024-02-09 12:00
M2302,F2302,更换轮速传感器,右前轮速传感器,260,2025-05-28 17:28
M2303,F2303,清洗节气门+燃油滤芯更换,燃油滤芯,420,2024-12-27 12:50
M2304,F2304,维修空调压缩机,压缩机电磁阀,580,2024-10-23 12:32
M2305,F2305,更换催化转化器,原厂催化转化器,2800,2024-12-21 16:21
M2306,F2306,更换涡轮增压器电磁阀,涡轮电磁阀,850,2024-03-24 11:03
M2307,F2307,更换刹车压力传感器,刹车压力传感器,480,2025-04-16 18:18
M2308,F2308,更换安全带传感器,主驾驶安全带传感器,320,2025-09-10 19:42
M2309,F2309,更换机油压力传感器,机油压力传感器,450,2024-12-06 09:57
M2310,F2310,维修ABS控制模块,ABS控制模块维修包,1200,2025-06-23 12:40
M2311,F2311,更换凸轮轴位置传感器,凸轮轴位置传感器,520,2025-01-08 14:42
M2312,F2312,维修安全气囊控制模块,安全气囊控制模块编程,800,2025-12-19 16:25
M2313,F2313,更换节气门位置传感器,节气门位置传感器,480,2025-03-22 16:17
M2314,F2314,更换左前轮速传感器,左前轮速传感器,280,2025-04-19 14:31
M2315,F2315,检查燃油蒸发系统管路,燃油蒸发管密封垫,350,2024-12-26 12:08
M2316,F2316,更换右前安全气囊传感器,右前安全气囊传感器,650,2025-09-21 14:08
M2317,F2317,升级ECM控制模块程序,ECM程序升级包,980,2025-04-21 16:54
M2318,F2318,更换右后轮速传感器,右后轮速传感器,270,2025-10-26 18:53
M2319,F2319,更换驾驶员侧安全气囊模块,驾驶员侧安全气囊模块,1500,2025-07-17 10:55
M2320,F2320,更换进气温度传感器,进气温度传感器,380,2024-09-04 11:33
M2321,F2321,更换火花塞+缸线检查,铱金火花塞(4支),380,2024-05-29 11:31
M2322,F2322,更换轮速传感器,右前轮速传感器,260,2024-02-13 16:34
M2323,F2323,清洗节气门+燃油滤芯更换,燃油滤芯,420,2024-08-30 17:11
M2324,F2324,维修空调压缩机,压缩机电磁阀,580,2025-04-01 10:12
M2325,F2325,更换催化转化器,原厂催化转化器,2800,2025-09-17 18:19
M2326,F2326,更换涡轮增压器电磁阀,涡轮电磁阀,850,2024-03-12 17:18
M2327,F2327,更换刹车压力传感器,刹车压力传感器,480,2025-10-01 09:55
M2328,F2328,更换安全带传感器,主驾驶安全带传感器,320,2024-07-09 18:56
M2329,F2329,更换机油压力传感器,机油压力传感器,450,2025-10-22 15:08
M2330,F2330,维修ABS控制模块,ABS控制模块维修包,1200,2024-03-20 09:59
M2331,F2331,更换凸轮轴位置传感器,凸轮轴位置传感器,520,2025-03-22 11:42
M2332,F2332,维修安全气囊控制模块,安全气囊控制模块编程,800,2025-02-03 10:26
M2333,F2333,更换节气门位置传感器,节气门位置传感器,480,2025-04-23 11:49
M2334,F2334,更换左前轮速传感器,左前轮速传感器,280,2024-05-10 10:15
M2335,F2335,检查燃油蒸发系统管路,燃油蒸发管密封垫,350,2025-01-26 10:16
M2336,F2336,更换右前安全气囊传感器,右前安全气囊传感器,650,2024-02-20 19:50
M2337,F2337,升级ECM控制模块程序,ECM程序升级包,980,2025-02-20 14:27
M2338,F2338,更换右后轮速传感器,右后轮速传感器,270,2024-02-04 11:41
M2339,F2339,更换驾驶员侧安全气囊模块,驾驶员侧安全气囊模块,1500,2025-03-23 11:51
M2340,F2340,更换进气温度传感器,进气温度传感器,380,2025-10-31 10:15
M2341,F2341,更换火花塞+缸线检查,铱金火花塞(4支),380,2025-11-07 15:02
M2342,F2342,更换轮速传感器,右前轮速传感器,260,2024-12-14 12:31
M2343,F2343,清洗节气门+燃油滤芯更换,燃油滤芯,420,2024-10-25 09:33
M2344,F2344,维修空调压缩机,压缩机电磁阀,580,2025-03-04 13:51
M2345,F2345,更换催化转化器,原厂催化转化器,2800,2024-06-19 15:51
M2346,F2346,更换涡轮增压器电磁阀,涡轮电磁阀,850,2024-12-22 12:44
M2347,F2347,更换刹车压力传感器,刹车压力传感器,480,2024-01-31 19:32
M2348,F2348,更换安全带传感器,主驾驶安全带传感器,320,2025-04-14 13:10
M2349,F2349,更换机油压力传感器,机油压力传感器,450,2025-02-22 17:58
M2350,F2350,维修ABS控制模块,ABS控制模块维修包,1200,2024-07-20 13:26
M2351,F2351,更换凸轮轴位置传感器,凸轮轴位置传感器,520,2024-02-06 16:54
M2352,F2352,维修安全气囊控制模块,安全气囊控制模块编程,800,2024-08-19 12:05
M2353,F2353,更换节气门位置传感器,节气门位置传感器,480,2024-09-28 19:30
M2354,F2354,更换左前轮速传感器,左前轮速传感器,280,2024-05-25 17:41
M2355,F2355,检查燃油蒸发系统管路,燃油蒸发管密封垫,350,2024-02-21 17:29
M2356,F2356,更换右前安全气囊传感器,右前安全气囊传感器,650,2024-05-16 10:41
M2357,F2357,升级ECM控制模块程序,ECM程序升级包,980,2025-07-01 15:30
M2358,F2358,更换右后轮速传感器,右后轮速传感器,270,2025-09-03 15:27
M2359,F2359,更换驾驶员侧安全气囊模块,驾驶员侧安全气囊模块,1500,2025-07-14 13:57
M2360,F2360,更换进气温度传感器,进气温度传感器,380,2024-12-11 15:08
M2361,F2361,更换火花塞+缸线检查,铱金火花塞(4支),380,2024-03-22 14:42
M2362,F2362,更换轮速传感器,右前轮速传感器,260,2024-12-07 09:27
M2363,F2363,清洗节气门+燃油滤芯更换,燃油滤芯,420,2024-11-01 09:40
M2364,F2364,维修空调压缩机,压缩机电磁阀,580,2024-07-17 12:59
M2365,F2365,更换催化转化器,原厂催化转化器,2800,2025-05-14 17:15
M2366,F2366,更换涡轮增压器电磁阀,涡轮电磁阀,850,2025-03-11 16:09
M2367,F2367,更换刹车压力传感器,刹车压力传感器,480,2025-06-03 16:10
M2368,F2368,更换安全带传感器,主驾驶安全带传感器,320,2025-01-19 17:52
M2369,F2369,更换机油压力传感器,机油压力传感器,450,2024-08-20 15:28
M2370,F2370,维修ABS控制模块,ABS控制模块维修包,1200,2025-05-07 11:33
M2371,F2371,更换凸轮轴位置传感器,凸轮轴位置传感器,520,2024-04-26 17:51
M2372,F2372,维修安全气囊控制模块,安全气囊控制模块编程,800,2024-02-17 15:37
M2373,F2373,更换节气门位置传感器,节气门位置传感器,480,2025-09-19 10:30
M2374,F2374,更换左前轮速传感器,左前轮速传感器,280,2025-07-29 14:12
M2375,F2375,检查燃油蒸发系统管路,燃油蒸发管密封垫,350,2024-03-10 10:28
M2376,F2376,更换右前安全气囊传感器,右前安全气囊传感器,650,2025-05-02 19:32
M2377,F2377,升级ECM控制模块程序,ECM程序升级包,980,2024-04-02 19:14
M2378,F2378,更换右后轮速传感器,右后轮速传感器,270,2024-04-04 11:24
M2379,F2379,更换驾驶员侧安全气囊模块,驾驶员侧安全气囊模块,1500,2025-04-22 10:02
M2380,F2380,更换进气温度传感器,进气温度传感器,380,2025-08-09 14:44
M2381,F2381,更换火花塞+缸线检查,铱金火花塞(4支),380,2025-07-11 12:12
M2382,F2382,更换轮速传感器,右前轮速传感器,260,2025-09-09 14:16
M2383,F2383,清洗节气门+燃油滤芯更换,燃油滤芯,420,2024-02-16 17:26
M2384,F2384,维修空调压缩机,压缩机电磁阀,580,2025-01-20 11:03
M2385,F2385,更换催化转化器,原厂催化转化器,2800,2025-08-11 14:28
M2386,F2386,更换涡轮增压器电磁阀,涡轮电磁阀,850,2025-10-03 17:09
M2387,F2387,更换刹车压力传感器,刹车压力传感器,480,2025-12-05 11:44
M2388,F2388,更换安全带传感器,主驾驶安全带传感器,320,2025-08-21 17:31
M2389,F2389,更换机油压力传感器,机油压力传感器,450,2024-03-28 14:11
M2390,F2390,维修ABS控制模块,ABS控制模块维修包,1200,2024-06-10 17:38
M2391,F2391,更换凸轮轴位置传感器,凸轮轴位置传感器,520,2024-10-30 11:52
M2392,F2392,维修安全气囊控制模块,安全气囊控制模块编程,800,2025-08-17 12:02
M2393,F2393,更换节气门位置传感器,节气门位置传感器,480,2024-09-27 14:39
M2394,F2394,更换左前轮速传感器,左前轮速传感器,280,2025-02-20 15:05
M2395,F2395,检查燃油蒸发系统管路,燃油蒸发管密封垫,350,2024-08-23 15:00
M2396,F2396,更换右前安全气囊传感器,右前安全气囊传感器,650,2024-04-06 16:27
M2397,F2397,升级ECM控制模块程序,ECM程序升级包,980,2025-10-06 18:42
M2398,F2398,更换右后轮速传感器,右后轮速传感器,270,2025-03-28 13:51
M2399,F2399,更换驾驶员侧安全气囊模块,驾驶员侧安全气囊模块,1500,2024-06-06 12:56
M2400,F2400,更换进气温度传感器,进气温度传感器,380,2024-06-06 18:30
M2401,F2401,更换火花塞+缸线检查,铱金火花塞(4支),380,2025-07-25 16:06
M2402,F2402,更换轮速传感器,右前轮速传感器,260,2024-12-31 16:52
M2403,F2403,清洗节气门+燃油滤芯更换,燃油滤芯,420,2024-07-05 18:07
M2404,F2404,维修空调压缩机,压缩机电磁阀,580,2024-09-14 14:24
M2405,F2405,更换催化转化器,原厂催化转化器,2800,2024-06-02 14:58
M2406,F2406,更换涡轮增压器电磁阀,涡轮电磁阀,850,2024-09-02 15:42
M2407,F2407,更换刹车压力传感器,刹车压力传感器,480,2025-12-12 09:59
M2408,F2408,更换安全带传感器,主驾驶安全带传感器,320,2024-10-29 13:58
M2409,F2409,更换机油压力传感器,机油压力传感器,450,2024-11-17 10:02
M2410,F2410,维修ABS控制模块,ABS控制模块维修包,1200,2025-10-02 10:44
M2411,F2411,更换凸轮轴位置传感器,凸轮轴位置传感器,520,2025-06-29 19:59
M2412,F2412,维修安全气囊控制模块,安全气囊控制模块编程,800,2025-06-27 18:27
M2413,F2413,更换节气门位置传感器,节气门位置传感器,480,2024-06-27 10:43
M2414,F2414,更换左前轮速传感器,左前轮速传感器,280,2025-07-14 11:34
M2415,F2415,检查燃油蒸发系统管路,燃油蒸发管密封垫,350,2024-12-27 10:55
M2416,F2416,更换右前安全气囊传感器,右前安全气囊传感器,650,2025-09-27 17:10
M2417,F2417,升级ECM控制模块程序,ECM程序升级包,980,2025-12-13 12:06
M2418,F2418,更换右后轮速传感器,右后轮速传感器,270,2024-12-18 10:13
M2419,F2419,更换驾驶员侧安全气囊模块,驾驶员侧安全气囊模块,1500,2024-01-01 13:43
M2420,F2420,更换进气温度传感器,进气温度传感器,380,2024-08-29 16:39
M2421,F2421,更换火花塞+缸线检查,铱金火花塞(4支),380,2025-04-19 17:21
M2422,F2422,更换轮速传感器,右前轮速传感器,260,2024-06-26 13:34
M2423,F2423,清洗节气门+燃油滤芯更换,燃油滤芯,420,2025-07-17 16:15
M2424,F2424,维修空调压缩机,压缩机电磁阀,580,2025-09-08 12:44
M2425,F2425,更换催化转化器,原厂催化转化器,2800,2024-08-05 14:20
M2426,F2426,更换涡轮增压器电磁阀,涡轮电磁阀,850,2025-03-11 15:17
M2427,F2427,更换刹车压力传感器,刹车压力传感器,480,2024-02-22 17:25
M2428,F2428,更换安全带传感器,主驾驶安全带传感器,320,2025-02-11 17:21
M2429,F2429,更换机油压力传感器,机油压力传感器,450,2024-09-26 19:14
M2430,F2430,维修ABS控制模块,ABS控制模块维修包,1200,2024-12-07 18:38
M2431,F2431,更换凸轮轴位置传感器,凸轮轴位置传感器,520,2024-06-02 16:36
M2432,F2432,维修安全气囊控制模块,安全气囊控制模块编程,800,2024-08-19 17:03
M2433,F2433,更换节气门位置传感器,节气门位置传感器,480,2024-12-24 16:20
M2434,F2434,更换左前轮速传感器,左前轮速传感器,280,2024-04-14 11:34
M2435,F2435,检查燃油蒸发系统管路,燃油蒸发管密封垫,350,2024-02-16 14:04
M2436,F2436,更换右前安全气囊传感器,右前安全气囊传感器,650,2025-12-15 10:22
M2437,F2437,升级ECM控制模块程序,ECM程序升级包,980,2024-02-02 13:38
M2438,F2438,更换右后轮速传感器,右后轮速传感器,270,2025-09-06 09:35
M2439,F2439,更换驾驶员侧安全气囊模块,驾驶员侧安全气囊模块,1500,2024-01-26 18:03
M2440,F2440,更换进气温度传感器,进气温度传感器,380,2025-03-27 09:51
M2441,F2441,更换火花塞+缸线检查,铱金火花塞(4支),380,2024-04-30 15:17
M2442,F2442,更换轮速传感器,右前轮速传感器,260,2024-11-21 13:26
M2443,F2443,清洗节气门+燃油滤芯更换,燃油滤芯,420,2025-11-03 15:05
M2444,F2444,维修空调压缩机,压缩机电磁阀,580,2025-09-15 10:36
M2445,F2445,更换催化转化器,原厂催化转化器,2800,2025-09-01 09:15
M2446,F2446,更换涡轮增压器电磁阀,涡轮电磁阀,850,2025-03-22 13:51
M2447,F2447,更换刹车压力传感器,刹车压力传感器,480,2025-01-10 14:41
M2448,F2448,更换安全带传感器,主驾驶安全带传感器,320,2024-08-30 19:25
M2449,F2449,更换机油压力传感器,机油压力传感器,450,2024-09-29 14:54
M2450,F2450,维修ABS控制模块,ABS控制模块维修包,1200,2025-05-10 17:12
M2451,F2451,更换凸轮轴位置传感器,凸轮轴位置传感器,520,2024-05-29 13:45
M2452,F2452,维修安全气囊控制模块,安全气囊控制模块编程,800,2024-03-28 17:52
M2453,F2453,更换节气门位置传感器,节气门位置传感器,480,2025-12-21 16:43
M2454,F2454,更换左前轮速传感器,左前轮速传感器,280,2024-06-21 13:20
M2455,F2455,检查燃油蒸发系统管路,燃油蒸发管密封垫,350,2025-06-06 15:08
M2456,F2456,更换右前安全气囊传感器,右前安全气囊传感器,650,2024-01-20 14:04
M2457,F2457,升级ECM控制模块程序,ECM程序升级包,980,2024-08-07 15:34
M2458,F2458,更换右后轮速传感器,右后轮速传感器,270,2025-02-21 17:26
M2459,F2459,更换驾驶员侧安全气囊模块,驾驶员侧安全气囊模块,1500,2025-03-02 18:31
M2460,F2460,更换进气温度传感器,进气温度传感器,380,2025-02-03 19:04
M2461,F2461,更换火花塞+缸线检查,铱金火花塞(4支),380,2025-04-05 13:45
M2462,F2462,更换轮速传感器,右前轮速传感器,260,2025-01-24 15:20
M2463,F2463,清洗节气门+燃油滤芯更换,燃油滤芯,420,2024-01-17 11:30
M2464,F2464,维修空调压缩机,压缩机电磁阀,580,2024-06-05 15:00
M2465,F2465,更换催化转化器,原厂催化转化器,2800,2024-01-08 10:13
M2466,F2466,更换涡轮增压器电磁阀,涡轮电磁阀,850,2025-07-16 12:00
M2467,F2467,更换刹车压力传感器,刹车压力传感器,480,2025-05-07 16:10
M2468,F2468,更换安全带传感器,主驾驶安全带传感器,320,2024-05-29 18:21
M2469,F2469,更换机油压力传感器,机油压力传感器,450,2025-03-19 18:15
M2470,F2470,维修ABS控制模块,ABS控制模块维修包,1200,2025-12-14 19:12
M2471,F2471,更换凸轮轴位置传感器,凸轮轴位置传感器,520,2024-08-11 15:29
M2472,F2472,维修安全气囊控制模块,安全气囊控制模块编程,800,2024-08-08 15:47
M2473,F2473,更换节气门位置传感器,节气门位置传感器,480,2024-10-08 18:05
M2474,F2474,更换左前轮速传感器,左前轮速传感器,280,2025-06-17 13:17
M2475,F2475,检查燃油蒸发系统管路,燃油蒸发管密封垫,350,2025-10-06 19:07
M2476,F2476,更换右前安全气囊传感器,右前安全气囊传感器,650,2025-03-31 16:55
M2477,F2477,升级ECM控制模块程序,ECM程序升级包,980,2024-01-23 10:10
M2478,F2478,更换右后轮速传感器,右后轮速传感器,270,2025-05-09 16:28
M2479,F2479,更换驾驶员侧安全气囊模块,驾驶员侧安全气囊模块,1500,2025-12-03 12:12
M2480,F2480,更换进气温度传感器,进气温度传感器,380,2024-09-27 13:13
M2481,F2481,更换火花塞+缸线检查,铱金火花塞(4支),380,2025-10-31 10:38
M2482,F2482,更换轮速传感器,右前轮速传感器,260,2024-08-11 10:49
M2483,F2483,清洗节气门+燃油滤芯更换,燃油滤芯,420,2024-08-08 17:57
M2484,F2484,维修空调压缩机,压缩机电磁阀,580,2025-02-07 11:35
M2485,F2485,更换催化转化器,原厂催化转化器,2800,2024-02-06 13:51
M2486,F2486,更换涡轮增压器电磁阀,涡轮电磁阀,850,2025-11-27 19:38
M2487,F2487,更换刹车压力传感器,刹车压力传感器,480,2024-03-17 14:26
M2488,F2488,更换安全带传感器,主驾驶安全带传感器,320,2025-05-22 16:33
M2489,F2489,更换机油压力传感器,机油压力传感器,450,2024-08-08 12:51
M2490,F2490,维修ABS控制模块,ABS控制模块维修包,1200,2024-04-08 14:56
M2491,F2491,更换凸轮轴位置传感器,凸轮轴位置传感器,520,2024-11-26 17:40
M2492,F2492,维修安全气囊控制模块,安全气囊控制模块编程,800,2025-09-03 12:29
M2493,F2493,更换节气门位置传感器,节气门位置传感器,480,2024-09-14 12:26
M2494,F2494,更换左前轮速传感器,左前轮速传感器,280,2025-12-11 16:17
M2495,F2495,检查燃油蒸发系统管路,燃油蒸发管密封垫,350,2024-06-08 14:35
M2496,F2496,更换右前安全气囊传感器,右前安全气囊传感器,650,2024-03-09 16:44
M2497,F2497,升级ECM控制模块程序,ECM程序升级包,980,2025-09-16 11:30
M2498,F2498,更换右后轮速传感器,右后轮速传感器,270,2024-01-30 16:25
M2499,F2499,更换驾驶员侧安全气囊模块,驾驶员侧安全气囊模块,1500,2024-10-26 15:22
M2500,F2500,更换进气温度传感器,进气温度传感器,380,2025-12-03 15:12
M2501,F2501,更换火花塞+缸线检查,铱金火花塞(4支),380,2025-11-24 19:24
M2502,F2502,更换轮速传感器,右前轮速传感器,260,2024-05-14 13:56
M2503,F2503,清洗节气门+燃油滤芯更换,燃油滤芯,420,2025-06-22 19:33
M2504,F2504,维修空调压缩机,压缩机电磁阀,580,2025-09-05 17:00
M2505,F2505,更换催化转化器,原厂催化转化器,2800,2024-07-09 17:25
M2506,F2506,更换涡轮增压器电磁阀,涡轮电磁阀,850,2024-08-28 12:52
M2507,F2507,更换刹车压力传感器,刹车压力传感器,480,2024-08-09 12:20
M2508,F2508,更换安全带传感器,主驾驶安全带传感器,320,2025-04-01 15:08
M2509,F2509,更换机油压力传感器,机油压力传感器,450,2024-06-12 17:52
M2510,F2510,维修ABS控制模块,ABS控制模块维修包,1200,2025-03-23 10:00
M2511,F2511,更换凸轮轴位置传感器,凸轮轴位置传感器,520,2024-05-27 10:39
M2512,F2512,维修安全气囊控制模块,安全气囊控制模块编程,800,2024-05-04 12:59
M2513,F2513,更换节气门位置传感器,节气门位置传感器,480,2025-05-19 16:27
M2514,F2514,更换左前轮速传感器,左前轮速传感器,280,2024-12-28 15:46
M2515,F2515,检查燃油蒸发系统管路,燃油蒸发管密封垫,350,2024-09-21 14:57
M2516,F2516,更换右前安全气囊传感器,右前安全气囊传感器,650,2025-04-15 18:07
M2517,F2517,升级ECM控制模块程序,ECM程序升级包,980,2024-04-28 12:03
M2518,F2518,更换右后轮速传感器,右后轮速传感器,270,2024-07-07 16:53
M2519,F2519,更换驾驶员侧安全气囊模块,驾驶员侧安全气囊模块,1500,2025-04-27 10:03
M2520,F2520,更换进气温度传感器,进气温度传感器,380,2025-09-03 17:39
M2521,F2521,更换火花塞+缸线检查,铱金火花塞(4支),380,2024-08-29 10:14
M2522,F2522,更换轮速传感器,右前轮速传感器,260,2025-07-02 14:54
M2523,F2523,清洗节气门+燃油滤芯更换,燃油滤芯,420,2025-12-26 16:29
M2524,F2524,维修空调压缩机,压缩机电磁阀,580,2025-03-03 17:58
M2525,F2525,更换催化转化器,原厂催化转化器,2800,2024-07-18 15:47
M2526,F2526,更换涡轮增压器电磁阀,涡轮电磁阀,850,2024-11-14 18:22
M2527,F2527,更换刹车压力传感器,刹车压力传感器,480,2024-08-22 16:56
M2528,F2528,更换安全带传感器,主驾驶安全带传感器,320,2024-12-07 19:28
M2529,F2529,更换机油压力传感器,机油压力传感器,450,2025-08-18 16:58
M2530,F2530,维修ABS控制模块,ABS控制模块维修包,1200,2025-02-01 11:17
M2531,F2531,更换凸轮轴位置传感器,凸轮轴位置传感器,520,2024-09-08 14:56
M2532,F2532,维修安全气囊控制模块,安全气囊控制模块编程,800,2025-03-16 15:51
M2533,F2533,更换节气门位置传感器,节气门位置传感器,480,2025-05-29 09:34
M2534,F2534,更换左前轮速传感器,左前轮速传感器,280,2024-01-09 17:53
M2535,F2535,检查燃油蒸发系统管路,燃油蒸发管密封垫,350,2024-12-20 11:51
M2536,F2536,更换右前安全气囊传感器,右前安全气囊传感器,650,2024-01-17 14:40
M2537,F2537,升级ECM控制模块程序,ECM程序升级包,980,2025-07-04 13:16
M2538,F2538,更换右后轮速传感器,右后轮速传感器,270,2024-08-22 12:13
M2539,F2539,更换驾驶员侧安全气囊模块,驾驶员侧安全气囊模块,1500,2024-04-09 18:15
M2540,F2540,更换进气温度传感器,进气温度传感器,380,2025-08-21 09:42
M2541,F2541,更换火花塞+缸线检查,铱金火花塞(4支),380,2025-04-10 18:08
M2542,F2542,更换轮速传感器,右前轮速传感器,260,2024-10-03 09:07
M2543,F2543,清洗节气门+燃油滤芯更换,燃油滤芯,420,2025-02-14 12:06
M2544,F2544,维修空调压缩机,压缩机电磁阀,580,2024-12-21 12:08
M2545,F2545,更换催化转化器,原厂催化转化器,2800,2024-12-11 19:32
M2546,F2546,更换涡轮增压器电磁阀,涡轮电磁阀,850,2025-01-15 18:51
M2547,F2547,更换刹车压力传感器,刹车压力传感器,480,2025-01-05 11:53
M2548,F2548,更换安全带传感器,主驾驶安全带传感器,320,2024-11-17 12:58
M2549,F2549,更换机油压力传感器,机油压力传感器,450,2025-04-28 16:18
M2550,F2550,维修ABS控制模块,ABS控制模块维修包,1200,2025-03-21 17:47
M2551,F2551,更换凸轮轴位置传感器,凸轮轴位置传感器,520,2025-09-06 10:55
M2552,F2552,维修安全气囊控制模块,安全气囊控制模块编程,800,2024-11-01 12:10
M2553,F2553,更换节气门位置传感器,节气门位置传感器,480,2025-07-13 12:15
M2554,F2554,更换左前轮速传感器,左前轮速传感器,280,2024-07-31 12:40
M2555,F2555,检查燃油蒸发系统管路,燃油蒸发管密封垫,350,2024-03-02 19:49
M2556,F2556,更换右前安全气囊传感器,右前安全气囊传感器,650,2024-01-12 15:52
M2557,F2557,升级ECM控制模块程序,ECM程序升级包,980,2024-04-13 11:17
M2558,F2558,更换右后轮速传感器,右后轮速传感器,270,2024-02-03 11:17
M2559,F2559,更换驾驶员侧安全气囊模块,驾驶员侧安全气囊模块,1500,2024-01-11 12:45
M2560,F2560,更换进气温度传感器,进气温度传感器,380,2025-06-07 15:05
M2561,F2561,更换火花塞+缸线检查,铱金火花塞(4支),380,2024-03-03 18:39
M2562,F2562,更换轮速传感器,右前轮速传感器,260,2025-09-15 17:09
M2563,F2563,清洗节气门+燃油滤芯更换,燃油滤芯,420,2024-09-15 12:31
M2564,F2564,维修空调压缩机,压缩机电磁阀,580,2024-06-13 10:27
M2565,F2565,更换催化转化器,原厂催化转化器,2800,2024-08-30 13:08
M2566,F2566,更换涡轮增压器电磁阀,涡轮电磁阀,850,2025-06-17 19:30
M2567,F2567,更换刹车压力传感器,刹车压力传感器,480,2024-11-05 09:14
M2568,F2568,更换安全带传感器,主驾驶安全带传感器,320,2025-07-24 11:49
M2569,F2569,更换机油压力传感器,机油压力传感器,450,2025-03-22 16:42
M2570,F2570,维修ABS控制模块,ABS控制模块维修包,1200,2024-04-30 17:20
M2571,F2571,更换凸轮轴位置传感器,凸轮轴位置传感器,520,2025-07-12 09:28
M2572,F2572,维修安全气囊控制模块,安全气囊控制模块编程,800,2024-08-11 12:16
M2573,F2573,更换节气门位置传感器,节气门位置传感器,480,2024-12-14 12:19
M2574,F2574,更换左前轮速传感器,左前轮速传感器,280,2025-04-13 17:25
M2575,F2575,检查燃油蒸发系统管路,燃油蒸发管密封垫,350,2024-02-11 11:15
M2576,F2576,更换右前安全气囊传感器,右前安全气囊传感器,650,2024-10-15 19:10
M2577,F2577,升级ECM控制模块程序,ECM程序升级包,980,2025-02-27 19:01
M2578,F2578,更换右后轮速传感器,右后轮速传感器,270,2025-12-23 13:59
M2579,F2579,更换驾驶员侧安全气囊模块,驾驶员侧安全气囊模块,1500,2025-10-26 10:03
M2580,F2580,更换进气温度传感器,进气温度传感器,380,2025-03-06 16:28
M2581,F2581,更换火花塞+缸线检查,铱金火花塞(4支),380,2024-05-23 13:39
M2582,F2582,更换轮速传感器,右前轮速传感器,260,2024-01-29 17:42
M2583,F2583,清洗节气门+燃油滤芯更换,燃油滤芯,420,2025-09-07 18:43
M2584,F2584,维修空调压缩机,压缩机电磁阀,580,2025-06-18 11:56
M2585,F2585,更换催化转化器,原厂催化转化器,2800,2025-11-20 14:03
M2586,F2586,更换涡轮增压器电磁阀,涡轮电磁阀,850,2025-01-14 10:55
M2587,F2587,更换刹车压力传感器,刹车压力传感器,480,2024-12-13 14:13
M2588,F2588,更换安全带传感器,主驾驶安全带传感器,320,2024-11-17 18:09
M2589,F2589,更换机油压力传感器,机油压力传感器,450,2024-09-15 09:29
M2590,F2590,维修ABS控制模块,ABS控制模块维修包,1200,2025-12-12 09:03
M2591,F2591,更换凸轮轴位置传感器,凸轮轴位置传感器,520,2024-08-07 15:00
M2592,F2592,维修安全气囊控制模块,安全气囊控制模块编程,800,2024-11-22 17:12
M2593,F2593,更换节气门位置传感器,节气门位置传感器,480,2024-09-06 17:22
M2594,F2594,更换左前轮速传感器,左前轮速传感器,280,2025-05-17 17:17
M2595,F2595,检查燃油蒸发系统管路,燃油蒸发管密封垫,350,2024-01-23 10:40
M2596,F2596,更换右前安全气囊传感器,右前安全气囊传感器,650,2025-07-07 16:52
M2597,F2597,升级ECM控制模块程序,ECM程序升级包,980,2024-11-11 10:34
M2598,F2598,更换右后轮速传感器,右后轮速传感器,270,2024-12-29 16:44
M2599,F2599,更换驾驶员侧安全气囊模块,驾驶员侧安全气囊模块,1500,2025-02-27 19:28
M2600,F2600,更换进气温度传感器,进气温度传感器,380,2024-04-05 10:43
M2601,F2601,更换火花塞+缸线检查,铱金火花塞(4支),380,2025-05-03 16:36
M2602,F2602,更换轮速传感器,右前轮速传感器,260,2024-07-06 13:47
M2603,F2603,清洗节气门+燃油滤芯更换,燃油滤芯,420,2025-11-20 14:36
M2604,F2604,维修空调压缩机,压缩机电磁阀,580,2024-01-17 12:38
M2605,F2605,更换催化转化器,原厂催化转化器,2800,2025-06-26 15:16
M2606,F2606,更换涡轮增压器电磁阀,涡轮电磁阀,850,2024-03-01 09:09
M2607,F2607,更换刹车压力传感器,刹车压力传感器,480,2025-11-28 11:26
M2608,F2608,更换安全带传感器,主驾驶安全带传感器,320,2025-11-07 09:19
M2609,F2609,更换机油压力传感器,机油压力传感器,450,2024-08-20 16:42
M2610,F2610,维修ABS控制模块,ABS控制模块维修包,1200,2025-01-03 15:00
M2611,F2611,更换凸轮轴位置传感器,凸轮轴位置传感器,520,2025-09-07 09:12
M2612,F2612,维修安全气囊控制模块,安全气囊控制模块编程,800,2024-07-25 18:31
M2613,F2613,更换节气门位置传感器,节气门位置传感器,480,2024-01-10 14:52
M2614,F2614,更换左前轮速传感器,左前轮速传感器,280,2025-09-25 18:51
M2615,F2615,检查燃油蒸发系统管路,燃油蒸发管密封垫,350,2024-10-25 12:02
M2616,F2616,更换右前安全气囊传感器,右前安全气囊传感器,650,2025-05-29 16:00
M2617,F2617,升级ECM控制模块程序,ECM程序升级包,980,2024-10-13 12:41
M2618,F2618,更换右后轮速传感器,右后轮速传感器,270,2024-09-16 19:33
M2619,F2619,更换驾驶员侧安全气囊模块,驾驶员侧安全气囊模块,1500,2024-11-03 12:40
M2620,F2620,更换进气温度传感器,进气温度传感器,380,2024-11-15 10:03
M2621,F2621,更换火花塞+缸线检查,铱金火花塞(4支),380,2024-08-06 15:06
M2622,F2622,更换轮速传感器,右前轮速传感器,260,2025-06-09 17:51
M2623,F2623,清洗节气门+燃油滤芯更换,燃油滤芯,420,2025-10-29 11:33
M2624,F2624,维修空调压缩机,压缩机电磁阀,580,2024-02-08 09:34
M2625,F2625,更换催化转化器,原厂催化转化器,2800,2024-01-28 16:14
M2626,F2626,更换涡轮增压器电磁阀,涡轮电磁阀,850,2025-07-01 12:55
M2627,F2627,更换刹车压力传感器,刹车压力传感器,480,2024-03-30 13:06
M2628,F2628,更换安全带传感器,主驾驶安全带传感器,320,2025-04-02 18:00
M2629,F2629,更换机油压力传感器,机油压力传感器,450,2024-02-24 17:57
M2630,F2630,维修ABS控制模块,ABS控制模块维修包,1200,2025-01-29 14:30
M2631,F2631,更换凸轮轴位置传感器,凸轮轴位置传感器,520,2025-04-25 11:54
M2632,F2632,维修安全气囊控制模块,安全气囊控制模块编程,800,2024-06-16 16:59
M2633,F2633,更换节气门位置传感器,节气门位置传感器,480,2025-12-17 14:59
M2634,F2634,更换左前轮速传感器,左前轮速传感器,280,2025-06-04 09:52
M2635,F2635,检查燃油蒸发系统管路,燃油蒸发管密封垫,350,2025-08-18 12:08
M2636,F2636,更换右前安全气囊传感器,右前安全气囊传感器,650,2025-09-23 19:13
M2637,F2637,升级ECM控制模块程序,ECM程序升级包,980,2024-08-30 09:22
M2638,F2638,更换右后轮速传感器,右后轮速传感器,270,2024-07-12 10:29
M2639,F2639,更换驾驶员侧安全气囊模块,驾驶员侧安全气囊模块,1500,2024-04-25 12:18
M2640,F2640,更换进气温度传感器,进气温度传感器,380,2024-05-21 13:55
M2641,F2641,更换火花塞+缸线检查,铱金火花塞(4支),380,2025-12-21 10:59
M2642,F2642,更换轮速传感器,右前轮速传感器,260,2024-03-23 14:32
M2643,F2643,清洗节气门+燃油滤芯更换,燃油滤芯,420,2025-02-16 16:02
M2644,F2644,维修空调压缩机,压缩机电磁阀,580,2024-04-25 15:02
M2645,F2645,更换催化转化器,原厂催化转化器,2800,2025-10-11 15:46
M2646,F2646,更换涡轮增压器电磁阀,涡轮电磁阀,850,2025-08-18 10:24
M2647,F2647,更换刹车压力传感器,刹车压力传感器,480,2025-03-08 14:35
M2648,F2648,更换安全带传感器,主驾驶安全带传感器,320,2024-04-15 11:29
M2649,F2649,更换机油压力传感器,机油压力传感器,450,2024-10-16 11:05
M2650,F2650,维修ABS控制模块,ABS控制模块维修包,1200,2025-10-15 10:02
M2651,F2651,更换凸轮轴位置传感器,凸轮轴位置传感器,520,2024-02-07 14:13
M2652,F2652,维修安全气囊控制模块,安全气囊控制模块编程,800,2024-03-31 10:30
M2653,F2653,更换节气门位置传感器,节气门位置传感器,480,2025-07-08 17:23
M2654,F2654,更换左前轮速传感器,左前轮速传感器,280,2024-03-22 10:08
M2655,F2655,检查燃油蒸发系统管路,燃油蒸发管密封垫,350,2024-02-03 13:44
M2656,F2656,更换右前安全气囊传感器,右前安全气囊传感器,650,2024-09-14 13:04
M2657,F2657,升级ECM控制模块程序,ECM程序升级包,980,2024-06-26 09:09
M2658,F2658,更换右后轮速传感器,右后轮速传感器,270,2025-06-08 15:06
M2659,F2659,更换驾驶员侧安全气囊模块,驾驶员侧安全气囊模块,1500,2025-06-26 18:54
M2660,F2660,更换进气温度传感器,进气温度传感器,380,2025-10-30 17:09
M2661,F2661,更换火花塞+缸线检查,铱金火花塞(4支),380,2025-07-26 13:40
M2662,F2662,更换轮速传感器,右前轮速传感器,260,2024-01-12 18:20
M2663,F2663,清洗节气门+燃油滤芯更换,燃油滤芯,420,2025-01-07 17:52
M2664,F2664,维修空调压缩机,压缩机电磁阀,580,2024-05-22 16:51
M2665,F2665,更换催化转化器,原厂催化转化器,2800,2024-04-27 10:45
M2666,F2666,更换涡轮增压器电磁阀,涡轮电磁阀,850,2025-03-03 17:58
M2667,F2667,更换刹车压力传感器,刹车压力传感器,480,2024-05-22 11:52
M2668,F2668,更换安全带传感器,主驾驶安全带传感器,320,2025-03-26 13:22
M2669,F2669,更换机油压力传感器,机油压力传感器,450,2024-04-02 18:33
M2670,F2670,维修ABS控制模块,ABS控制模块维修包,1200,2024-07-23 16:21
M2671,F2671,更换凸轮轴位置传感器,凸轮轴位置传感器,520,2025-08-14 17:07
M2672,F2672,维修安全气囊控制模块,安全气囊控制模块编程,800,2025-02-16 13:44
M2673,F2673,更换节气门位置传感器,节气门位置传感器,480,2024-12-23 10:47
M2674,F2674,更换左前轮速传感器,左前轮速传感器,280,2024-07-08 18:31
M2675,F2675,检查燃油蒸发系统管路,燃油蒸发管密封垫,350,2025-08-05 16:05
M2676,F2676,更换右前安全气囊传感器,右前安全气囊传感器,650,2025-07-25 13:36
M2677,F2677,升级ECM控制模块程序,ECM程序升级包,980,2025-10-18 16:43
M2678,F2678,更换右后轮速传感器,右后轮速传感器,270,2024-03-10 11:20
M2679,F2679,更换驾驶员侧安全气囊模块,驾驶员侧安全气囊模块,1500,2025-10-11 18:26
M2680,F2680,更换进气温度传感器,进气温度传感器,380,2025-07-03 16:51
M2681,F2681,更换火花塞+缸线检查,铱金火花塞(4支),380,2025-06-15 12:01
M2682,F2682,更换轮速传感器,右前轮速传感器,260,2024-07-27 09:17
M2683,F2683,清洗节气门+燃油滤芯更换,燃油滤芯,420,2024-10-27 11:06
M2684,F2684,维修空调压缩机,压缩机电磁阀,580,2024-02-17 14:14
M2685,F2685,更换催化转化器,原厂催化转化器,2800,2024-06-26 11:09
M2686,F2686,更换涡轮增压器电磁阀,涡轮电磁阀,850,2024-07-31 11:24
M2687,F2687,更换刹车压力传感器,刹车压力传感器,480,2024-10-21 09:22
M2688,F2688,更换安全带传感器,主驾驶安全带传感器,320,2024-07-02 13:09
M2689,F2689,更换机油压力传感器,机油压力传感器,450,2025-05-17 19:58
M2690,F2690,维修ABS控制模块,ABS控制模块维修包,1200,2025-01-04 19:38
M2691,F2691,更换凸轮轴位置传感器,凸轮轴位置传感器,520,2025-10-19 16:20
M2692,F2692,维修安全气囊控制模块,安全气囊控制模块编程,800,2025-09-15 14:24
M2693,F2693,更换节气门位置传感器,节气门位置传感器,480,2024-01-06 16:58
M2694,F2694,更换左前轮速传感器,左前轮速传感器,280,2025-09-27 14:02
M2695,F2695,检查燃油蒸发系统管路,燃油蒸发管密封垫,350,2024-01-20 18:57
M2696,F2696,更换右前安全气囊传感器,右前安全气囊传感器,650,2024-10-02 15:25
M2697,F2697,升级ECM控制模块程序,ECM程序升级包,980,2025-09-19 17:18
M2698,F2698,更换右后轮速传感器,右后轮速传感器,270,2024-04-14 17:19
M2699,F2699,更换驾驶员侧安全气囊模块,驾驶员侧安全气囊模块,1500,2024-09-11 15:04
M2700,F2700,更换进气温度传感器,进气温度传感器,380,2024-08-27 13:33
M2701,F2701,更换火花塞+缸线检查,铱金火花塞(4支),380,2024-06-07 09:31
M2702,F2702,更换轮速传感器,右前轮速传感器,260,2024-09-19 16:07
M2703,F2703,清洗节气门+燃油滤芯更换,燃油滤芯,420,2024-04-19 10:08
M2704,F2704,维修空调压缩机,压缩机电磁阀,580,2024-09-05 11:23
M2705,F2705,更换催化转化器,原厂催化转化器,2800,2025-09-18 12:43
M2706,F2706,更换涡轮增压器电磁阀,涡轮电磁阀,850,2025-02-02 14:54
M2707,F2707,更换刹车压力传感器,刹车压力传感器,480,2025-03-19 13:22
M2708,F2708,更换安全带传感器,主驾驶安全带传感器,320,2025-07-03 17:17
M2709,F2709,更换机油压力传感器,机油压力传感器,450,2025-05-29 11:33
M2710,F2710,维修ABS控制模块,ABS控制模块维修包,1200,2025-01-27 10:13
M2711,F2711,更换凸轮轴位置传感器,凸轮轴位置传感器,520,2024-05-22 13:40
M2712,F2712,维修安全气囊控制模块,安全气囊控制模块编程,800,2024-12-21 15:53
M2713,F2713,更换节气门位置传感器,节气门位置传感器,480,2025-11-14 09:11
M2714,F2714,更换左前轮速传感器,左前轮速传感器,280,2025-11-16 13:32
M2715,F2715,检查燃油蒸发系统管路,燃油蒸发管密封垫,350,2024-06-26 12:55
M2716,F2716,更换右前安全气囊传感器,右前安全气囊传感器,650,2024-09-30 10:43
M2717,F2717,升级ECM控制模块程序,ECM程序升级包,980,2024-08-01 10:31
M2718,F2718,更换右后轮速传感器,右后轮速传感器,270,2024-07-16 11:41
M2719,F2719,更换驾驶员侧安全气囊模块,驾驶员侧安全气囊模块,1500,2025-03-09 12:16
M2720,F2720,更换进气温度传感器,进气温度传感器,380,2024-08-13 13:04
M2721,F2721,更换火花塞+缸线检查,铱金火花塞(4支),380,2025-10-19 13:07
M2722,F2722,更换轮速传感器,右前轮速传感器,260,2024-03-01 13:56
M2723,F2723,清洗节气门+燃油滤芯更换,燃油滤芯,420,2024-02-01 18:44
M2724,F2724,维修空调压缩机,压缩机电磁阀,580,2025-09-09 14:09
M2725,F2725,更换催化转化器,原厂催化转化器,2800,2025-01-21 15:48
M2726,F2726,更换涡轮增压器电磁阀,涡轮电磁阀,850,2024-11-02 16:32
M2727,F2727,更换刹车压力传感器,刹车压力传感器,480,2025-03-21 18:49
M2728,F2728,更换安全带传感器,主驾驶安全带传感器,320,2024-02-08 12:11
M2729,F2729,更换机油压力传感器,机油压力传感器,450,2025-02-15 11:48
M2730,F2730,维修ABS控制模块,ABS控制模块维修包,1200,2025-10-12 18:24
M2731,F2731,更换凸轮轴位置传感器,凸轮轴位置传感器,520,2024-08-27 09:23
M2732,F2732,维修安全气囊控制模块,安全气囊控制模块编程,800,2025-04-15 11:45
M2733,F2733,更换节气门位置传感器,节气门位置传感器,480,2025-09-06 16:23
M2734,F2734,更换左前轮速传感器,左前轮速传感器,280,2024-12-07 15:28
M2735,F2735,检查燃油蒸发系统管路,燃油蒸发管密封垫,350,2024-07-25 12:27
M2736,F2736,更换右前安全气囊传感器,右前安全气囊传感器,650,2024-04-11 14:24
M2737,F2737,升级ECM控制模块程序,ECM程序升级包,980,2025-05-25 19:32
M2738,F2738,更换右后轮速传感器,右后轮速传感器,270,2024-01-29 18:08
M2739,F2739,更换驾驶员侧安全气囊模块,驾驶员侧安全气囊模块,1500,2025-10-01 17:11
M2740,F2740,更换进气温度传感器,进气温度传感器,380,2024-02-06 13:15
M2741,F2741,更换火花塞+缸线检查,铱金火花塞(4支),380,2025-11-21 18:09
M2742,F2742,更换轮速传感器,右前轮速传感器,260,2025-09-08 14:10
M2743,F2743,清洗节气门+燃油滤芯更换,燃油滤芯,420,2025-11-11 14:47
M2744,F2744,维修空调压缩机,压缩机电磁阀,580,2024-02-11 17:18
M2745,F2745,更换催化转化器,原厂催化转化器,2800,2024-02-20 15:45
M2746,F2746,更换涡轮增压器电磁阀,涡轮电磁阀,850,2024-03-21 12:56
M2747,F2747,更换刹车压力传感器,刹车压力传感器,480,2024-08-03 15:47
M2748,F2748,更换安全带传感器,主驾驶安全带传感器,320,2025-02-12 09:20
M2749,F2749,更换机油压力传感器,机油压力传感器,450,2025-05-16 15:27
M2750,F2750,维修ABS控制模块,ABS控制模块维修包,1200,2024-01-20 14:39
M2751,F2751,更换凸轮轴位置传感器,凸轮轴位置传感器,520,2025-07-16 13:30
M2752,F2752,维修安全气囊控制模块,安全气囊控制模块编程,800,2024-04-30 10:21
M2753,F2753,更换节气门位置传感器,节气门位置传感器,480,2024-02-04 18:48
M2754,F2754,更换左前轮速传感器,左前轮速传感器,280,2025-06-10 17:56
M2755,F2755,检查燃油蒸发系统管路,燃油蒸发管密封垫,350,2025-01-07 14:57
M2756,F2756,更换右前安全气囊传感器,右前安全气囊传感器,650,2025-10-23 18:25
M2757,F2757,升级ECM控制模块程序,ECM程序升级包,980,2024-09-13 16:23
M2758,F2758,更换右后轮速传感器,右后轮速传感器,270,2024-02-02 13:55
M2759,F2759,更换驾驶员侧安全气囊模块,驾驶员侧安全气囊模块,1500,2025-10-07 15:29
M2760,F2760,更换进气温度传感器,进气温度传感器,380,2025-08-25 16:13
M2761,F2761,更换火花塞+缸线检查,铱金火花塞(4支),380,2024-07-19 18:57
M2762,F2762,更换轮速传感器,右前轮速传感器,260,2025-11-22 10:18
M2763,F2763,清洗节气门+燃油滤芯更换,燃油滤芯,420,2024-08-18 13:37
M2764,F2764,维修空调压缩机,压缩机电磁阀,580,2025-03-05 10:51
M2765,F2765,更换催化转化器,原厂催化转化器,2800,2025-03-21 17:30
M2766,F2766,更换涡轮增压器电磁阀,涡轮电磁阀,850,2025-08-09 10:27
M2767,F2767,更换刹车压力传感器,刹车压力传感器,480,2024-12-20 10:47
M2768,F2768,更换安全带传感器,主驾驶安全带传感器,320,2024-10-22 17:36
M2769,F2769,更换机油压力传感器,机油压力传感器,450,2025-01-20 16:10
M2770,F2770,维修ABS控制模块,ABS控制模块维修包,1200,2024-06-22 09:36
M2771,F2771,更换凸轮轴位置传感器,凸轮轴位置传感器,520,2025-03-20 17:30
M2772,F2772,维修安全气囊控制模块,安全气囊控制模块编程,800,2025-09-16 16:53
M2773,F2773,更换节气门位置传感器,节气门位置传感器,480,2024-06-19 14:52
M2774,F2774,更换左前轮速传感器,左前轮速传感器,280,2024-06-08 14:22
M2775,F2775,检查燃油蒸发系统管路,燃油蒸发管密封垫,350,2024-04-26 18:49
M2776,F2776,更换右前安全气囊传感器,右前安全气囊传感器,650,2025-11-20 17:45
M2777,F2777,升级ECM控制模块程序,ECM程序升级包,980,2025-08-30 16:53
M2778,F2778,更换右后轮速传感器,右后轮速传感器,270,2025-09-04 16:09
M2779,F2779,更换驾驶员侧安全气囊模块,驾驶员侧安全气囊模块,1500,2025-05-09 17:10
M2780,F2780,更换进气温度传感器,进气温度传感器,380,2025-04-04 16:58
M2781,F2781,更换火花塞+缸线检查,铱金火花塞(4支),380,2024-04-30 11:17
M2782,F2782,更换轮速传感器,右前轮速传感器,260,2025-03-19 14:51
M2783,F2783,清洗节气门+燃油滤芯更换,燃油滤芯,420,2025-10-19 12:04
M2784,F2784,维修空调压缩机,压缩机电磁阀,580,2025-04-15 10:59
M2785,F2785,更换催化转化器,原厂催化转化器,2800,2024-11-19 11:18
M2786,F2786,更换涡轮增压器电磁阀,涡轮电磁阀,850,2024-02-21 11:26
M2787,F2787,更换刹车压力传感器,刹车压力传感器,480,2024-02-12 12:36
M2788,F2788,更换安全带传感器,主驾驶安全带传感器,320,2025-03-29 14:29
M2789,F2789,更换机油压力传感器,机油压力传感器,450,2025-05-12 13:19
M2790,F2790,维修ABS控制模块,ABS控制模块维修包,1200,2024-06-11 11:01
M2791,F2791,更换凸轮轴位置传感器,凸轮轴位置传感器,520,2024-03-07 14:22
M2792,F2792,维修安全气囊控制模块,安全气囊控制模块编程,800,2025-05-27 09:40
M2793,F2793,更换节气门位置传感器,节气门位置传感器,480,2024-07-06 17:56
M2794,F2794,更换左前轮速传感器,左前轮速传感器,280,2024-06-22 18:15
M2795,F2795,检查燃油蒸发系统管路,燃油蒸发管密封垫,350,2025-07-14 10:23
M2796,F2796,更换右前安全气囊传感器,右前安全气囊传感器,650,2025-11-27 11:53
M2797,F2797,升级ECM控制模块程序,ECM程序升级包,980,2024-10-24 18:52
M2798,F2798,更换右后轮速传感器,右后轮速传感器,270,2024-07-29 15:58
M2799,F2799,更换驾驶员侧安全气囊模块,驾驶员侧安全气囊模块,1500,2025-07-26 12:04
M2800,F2800,更换进气温度传感器,进气温度传感器,380,2024-04-17 12:07
M2801,F2801,更换火花塞+缸线检查,铱金火花塞(4支),380,2025-01-23 15:22
M2802,F2802,更换轮速传感器,右前轮速传感器,260,2025-06-20 18:46
M2803,F2803,清洗节气门+燃油滤芯更换,燃油滤芯,420,2024-03-09 14:06
M2804,F2804,维修空调压缩机,压缩机电磁阀,580,2025-06-12 12:36
M2805,F2805,更换催化转化器,原厂催化转化器,2800,2025-02-12 17:22
M2806,F2806,更换涡轮增压器电磁阀,涡轮电磁阀,850,2025-09-03 16:36
M2807,F2807,更换刹车压力传感器,刹车压力传感器,480,2025-01-02 16:09
M2808,F2808,更换安全带传感器,主驾驶安全带传感器,320,2024-01-12 10:55
M2809,F2809,更换机油压力传感器,机油压力传感器,450,2024-09-25 15:12
M2810,F2810,维修ABS控制模块,ABS控制模块维修包,1200,2024-07-31 16:51
M2811,F2811,更换凸轮轴位置传感器,凸轮轴位置传感器,520,2024-10-31 18:24
M2812,F2812,维修安全气囊控制模块,安全气囊控制模块编程,800,2024-04-22 14:43
M2813,F2813,更换节气门位置传感器,节气门位置传感器,480,2024-01-07 11:12
M2814,F2814,更换左前轮速传感器,左前轮速传感器,280,2025-12-18 10:12
M2815,F2815,检查燃油蒸发系统管路,燃油蒸发管密封垫,350,2025-09-15 16:45
M2816,F2816,更换右前安全气囊传感器,右前安全气囊传感器,650,2024-02-27 16:13
M2817,F2817,升级ECM控制模块程序,ECM程序升级包,980,2024-01-29 13:13
M2818,F2818,更换右后轮速传感器,右后轮速传感器,270,2024-09-22 18:12
M2819,F2819,更换驾驶员侧安全气囊模块,驾驶员侧安全气囊模块,1500,2025-12-02 10:46
M2820,F2820,更换进气温度传感器,进气温度传感器,380,2025-10-30 17:05
M2821,F2821,更换火花塞+缸线检查,铱金火花塞(4支),380,2024-05-23 12:33
M2822,F2822,更换轮速传感器,右前轮速传感器,260,2025-05-03 13:24
M2823,F2823,清洗节气门+燃油滤芯更换,燃油滤芯,420,2024-08-12 18:40
M2824,F2824,维修空调压缩机,压缩机电磁阀,580,2025-04-01 15:43
M2825,F2825,更换催化转化器,原厂催化转化器,2800,2025-11-18 18:38
M2826,F2826,更换涡轮增压器电磁阀,涡轮电磁阀,850,2024-10-19 10:23
M2827,F2827,更换刹车压力传感器,刹车压力传感器,480,2024-04-13 09:28
M2828,F2828,更换安全带传感器,主驾驶安全带传感器,320,2024-01-22 13:42
M2829,F2829,更换机油压力传感器,机油压力传感器,450,2024-10-28 13:14
M2830,F2830,维修ABS控制模块,ABS控制模块维修包,1200,2025-07-07 12:37
M2831,F2831,更换凸轮轴位置传感器,凸轮轴位置传感器,520,2025-08-22 13:06
M2832,F2832,维修安全气囊控制模块,安全气囊控制模块编程,800,2025-06-20 16:58
M2833,F2833,更换节气门位置传感器,节气门位置传感器,480,2025-07-30 13:24
M2834,F2834,更换左前轮速传感器,左前轮速传感器,280,2024-04-28 17:03
M2835,F2835,检查燃油蒸发系统管路,燃油蒸发管密封垫,350,2024-10-17 10:25
M2836,F2836,更换右前安全气囊传感器,右前安全气囊传感器,650,2025-05-14 12:30
M2837,F2837,升级ECM控制模块程序,ECM程序升级包,980,2024-03-02 11:08
M2838,F2838,更换右后轮速传感器,右后轮速传感器,270,2025-04-21 15:01
M2839,F2839,更换驾驶员侧安全气囊模块,驾驶员侧安全气囊模块,1500,2024-09-08 10:53
M2840,F2840,更换进气温度传感器,进气温度传感器,380,2025-05-03 13:30
M2841,F2841,更换火花塞+缸线检查,铱金火花塞(4支),380,2024-08-24 15:12
M2842,F2842,更换轮速传感器,右前轮速传感器,260,2024-08-12 14:23
M2843,F2843,清洗节气门+燃油滤芯更换,燃油滤芯,420,2025-07-28 17:58
M2844,F2844,维修空调压缩机,压缩机电磁阀,580,2024-10-24 12:55
M2845,F2845,更换催化转化器,原厂催化转化器,2800,2025-05-16 10:11
M2846,F2846,更换涡轮增压器电磁阀,涡轮电磁阀,850,2025-06-13 11:13
M2847,F2847,更换刹车压力传感器,刹车压力传感器,480,2025-02-03 16:41
M2848,F2848,更换安全带传感器,主驾驶安全带传感器,320,2024-04-17 17:11
M2849,F2849,更换机油压力传感器,机油压力传感器,450,2025-04-24 16:25
M2850,F2850,维修ABS控制模块,ABS控制模块维修包,1200,2024-10-08 17:23
M2851,F2851,更换凸轮轴位置传感器,凸轮轴位置传感器,520,2024-12-24 11:19
M2852,F2852,维修安全气囊控制模块,安全气囊控制模块编程,800,2025-11-23 16:13
M2853,F2853,更换节气门位置传感器,节气门位置传感器,480,2024-04-05 15:48
M2854,F2854,更换左前轮速传感器,左前轮速传感器,280,2025-06-18 14:41
M2855,F2855,检查燃油蒸发系统管路,燃油蒸发管密封垫,350,2024-03-29 10:32
M2856,F2856,更换右前安全气囊传感器,右前安全气囊传感器,650,2025-10-31 11:55
M2857,F2857,升级ECM控制模块程序,ECM程序升级包,980,2024-04-11 15:49
M2858,F2858,更换右后轮速传感器,右后轮速传感器,270,2024-02-02 11:42
M2859,F2859,更换驾驶员侧安全气囊模块,驾驶员侧安全气囊模块,1500,2025-05-11 17:15
M2860,F2860,更换进气温度传感器,进气温度传感器,380,2025-07-01 10:00
M2861,F2861,更换火花塞+缸线检查,铱金火花塞(4支),380,2024-11-28 17:13
M2862,F2862,更换轮速传感器,右前轮速传感器,260,2025-10-16 14:37
M2863,F2863,清洗节气门+燃油滤芯更换,燃油滤芯,420,2024-03-21 16:04
M2864,F2864,维修空调压缩机,压缩机电磁阀,580,2024-10-05 15:56
M2865,F2865,更换催化转化器,原厂催化转化器,2800,2025-05-26 13:18
M2866,F2866,更换涡轮增压器电磁阀,涡轮电磁阀,850,2025-03-14 18:45
M2867,F2867,更换刹车压力传感器,刹车压力传感器,480,2025-07-09 14:17
M2868,F2868,更换安全带传感器,主驾驶安全带传感器,320,2024-09-07 18:25
M2869,F2869,更换机油压力传感器,机油压力传感器,450,2025-06-03 18:46
M2870,F2870,维修ABS控制模块,ABS控制模块维修包,1200,2024-07-15 17:09
M2871,F2871,更换凸轮轴位置传感器,凸轮轴位置传感器,520,2024-02-27 16:50
M2872,F2872,维修安全气囊控制模块,安全气囊控制模块编程,800,2025-06-12 16:31
M2873,F2873,更换节气门位置传感器,节气门位置传感器,480,2024-08-17 18:08
M2874,F2874,更换左前轮速传感器,左前轮速传感器,280,2024-05-04 16:32
M2875,F2875,检查燃油蒸发系统管路,燃油蒸发管密封垫,350,2025-02-12 15:41
M2876,F2876,更换右前安全气囊传感器,右前安全气囊传感器,650,2025-03-22 09:02
M2877,F2877,升级ECM控制模块程序,ECM程序升级包,980,2024-02-05 16:57
M2878,F2878,更换右后轮速传感器,右后轮速传感器,270,2024-10-06 16:25
M2879,F2879,更换驾驶员侧安全气囊模块,驾驶员侧安全气囊模块,1500,2024-11-28 13:40
M2880,F2880,更换进气温度传感器,进气温度传感器,380,2024-07-19 11:42
M2881,F2881,更换火花塞+缸线检查,铱金火花塞(4支),380,2024-02-25 16:25
M2882,F2882,更换轮速传感器,右前轮速传感器,260,2024-08-26 13:41
M2883,F2883,清洗节气门+燃油滤芯更换,燃油滤芯,420,2025-04-24 09:13
M2884,F2884,维修空调压缩机,压缩机电磁阀,580,2024-09-23 09:33
M2885,F2885,更换催化转化器,原厂催化转化器,2800,2025-06-26 10:03
M2886,F2886,更换涡轮增压器电磁阀,涡轮电磁阀,850,2024-11-18 10:57
M2887,F2887,更换刹车压力传感器,刹车压力传感器,480,2025-12-22 16:28
M2888,F2888,更换安全带传感器,主驾驶安全带传感器,320,2025-03-21 13:28
M2889,F2889,更换机油压力传感器,机油压力传感器,450,2025-06-29 12:40
M2890,F2890,维修ABS控制模块,ABS控制模块维修包,1200,2024-04-06 17:19
M2891,F2891,更换凸轮轴位置传感器,凸轮轴位置传感器,520,2024-09-15 17:00
M2892,F2892,维修安全气囊控制模块,安全气囊控制模块编程,800,2024-06-29 09:37
M2893,F2893,更换节气门位置传感器,节气门位置传感器,480,2024-03-24 11:53
M2894,F2894,更换左前轮速传感器,左前轮速传感器,280,2024-05-01 14:25
M2895,F2895,检查燃油蒸发系统管路,燃油蒸发管密封垫,350,2025-09-05 17:23
M2896,F2896,更换右前安全气囊传感器,右前安全气囊传感器,650,2024-09-25 18:59
M2897,F2897,升级ECM控制模块程序,ECM程序升级包,980,2024-01-01 10:30
M2898,F2898,更换右后轮速传感器,右后轮速传感器,270,2025-03-01 16:21
M2899,F2899,更换驾驶员侧安全气囊模块,驾驶员侧安全气囊模块,1500,2024-05-14 17:39
M2900,F2900,更换进气温度传感器,进气温度传感器,380,2025-01-05 18:12
M2901,F2901,更换火花塞+缸线检查,铱金火花塞(4支),380,2024-01-27 16:24
M2902,F2902,更换轮速传感器,右前轮速传感器,260,2024-06-04 10:25
M2903,F2903,清洗节气门+燃油滤芯更换,燃油滤芯,420,2025-12-01 13:30
M2904,F2904,维修空调压缩机,压缩机电磁阀,580,2024-11-25 12:45
M2905,F2905,更换催化转化器,原厂催化转化器,2800,2024-03-22 11:44
M2906,F2906,更换涡轮增压器电磁阀,涡轮电磁阀,850,2024-04-18 11:42
M2907,F2907,更换刹车压力传感器,刹车压力传感器,480,2025-10-27 18:34
M2908,F2908,更换安全带传感器,主驾驶安全带传感器,320,2025-07-18 19:21
M2909,F2909,更换机油压力传感器,机油压力传感器,450,2024-07-18 09:21
M2910,F2910,维修ABS控制模块,ABS控制模块维修包,1200,2024-12-09 12:11
M2911,F2911,更换凸轮轴位置传感器,凸轮轴位置传感器,520,2024-12-27 09:33
M2912,F2912,维修安全气囊控制模块,安全气囊控制模块编程,800,2024-02-05 10:49
M2913,F2913,更换节气门位置传感器,节气门位置传感器,480,2025-08-20 14:29
M2914,F2914,更换左前轮速传感器,左前轮速传感器,280,2025-03-21 17:23
M2915,F2915,检查燃油蒸发系统管路,燃油蒸发管密封垫,350,2024-11-15 14:43
M2916,F2916,更换右前安全气囊传感器,右前安全气囊传感器,650,2024-11-06 14:16
M2917,F2917,升级ECM控制模块程序,ECM程序升级包,980,2024-06-26 14:01
M2918,F2918,更换右后轮速传感器,右后轮速传感器,270,2024-09-16 14:44
M2919,F2919,更换驾驶员侧安全气囊模块,驾驶员侧安全气囊模块,1500,2025-04-06 17:36
M2920,F2920,更换进气温度传感器,进气温度传感器,380,2025-06-28 14:05
M2921,F2921,更换火花塞+缸线检查,铱金火花塞(4支),380,2025-10-18 16:08
M2922,F2922,更换轮速传感器,右前轮速传感器,260,2025-06-29 17:35
M2923,F2923,清洗节气门+燃油滤芯更换,燃油滤芯,420,2024-05-24 14:50
M2924,F2924,维修空调压缩机,压缩机电磁阀,580,2024-05-31 09:22
M2925,F2925,更换催化转化器,原厂催化转化器,2800,2024-02-17 12:24
M2926,F2926,更换涡轮增压器电磁阀,涡轮电磁阀,850,2024-05-07 19:53
M2927,F2927,更换刹车压力传感器,刹车压力传感器,480,2025-12-26 11:56
M2928,F2928,更换安全带传感器,主驾驶安全带传感器,320,2024-03-01 10:07
M2929,F2929,更换机油压力传感器,机油压力传感器,450,2024-04-30 18:47
M2930,F2930,维修ABS控制模块,ABS控制模块维修包,1200,2024-05-03 11:30
M2931,F2931,更换凸轮轴位置传感器,凸轮轴位置传感器,520,2025-11-08 14:17
M2932,F2932,维修安全气囊控制模块,安全气囊控制模块编程,800,2024-10-17 15:11
M2933,F2933,更换节气门位置传感器,节气门位置传感器,480,2024-07-21 14:42
M2934,F2934,更换左前轮速传感器,左前轮速传感器,280,2024-07-06 10:29
M2935,F2935,检查燃油蒸发系统管路,燃油蒸发管密封垫,350,2024-02-17 16:17
M2936,F2936,更换右前安全气囊传感器,右前安全气囊传感器,650,2025-07-06 16:38
M2937,F2937,升级ECM控制模块程序,ECM程序升级包,980,2025-03-26 14:37
M2938,F2938,更换右后轮速传感器,右后轮速传感器,270,2025-09-03 13:09
M2939,F2939,更换驾驶员侧安全气囊模块,驾驶员侧安全气囊模块,1500,2024-04-30 17:08
M2940,F2940,更换进气温度传感器,进气温度传感器,380,2025-05-29 15:01
M2941,F2941,更换火花塞+缸线检查,铱金火花塞(4支),380,2025-01-12 13:46
M2942,F2942,更换轮速传感器,右前轮速传感器,260,2025-10-17 09:24
M2943,F2943,清洗节气门+燃油滤芯更换,燃油滤芯,420,2024-05-08 15:09
M2944,F2944,维修空调压缩机,压缩机电磁阀,580,2024-05-09 10:56
M2945,F2945,更换催化转化器,原厂催化转化器,2800,2025-05-13 11:46
M2946,F2946,更换涡轮增压器电磁阀,涡轮电磁阀,850,2024-01-09 14:25
M2947,F2947,更换刹车压力传感器,刹车压力传感器,480,2025-03-01 12:52
M2948,F2948,更换安全带传感器,主驾驶安全带传感器,320,2024-07-29 17:21
M2949,F2949,更换机油压力传感器,机油压力传感器,450,2024-05-13 14:18
M2950,F2950,维修ABS控制模块,ABS控制模块维修包,1200,2024-12-28 15:12
M2951,F2951,更换凸轮轴位置传感器,凸轮轴位置传感器,520,2025-11-18 10:42
M2952,F2952,维修安全气囊控制模块,安全气囊控制模块编程,800,2025-03-13 18:19
M2953,F2953,更换节气门位置传感器,节气门位置传感器,480,2024-09-05 10:50
M2954,F2954,更换左前轮速传感器,左前轮速传感器,280,2025-06-17 09:30
M2955,F2955,检查燃油蒸发系统管路,燃油蒸发管密封垫,350,2024-08-25 10:18
M2956,F2956,更换右前安全气囊传感器,右前安全气囊传感器,650,2025-05-01 17:40
M2957,F2957,升级ECM控制模块程序,ECM程序升级包,980,2025-09-28 15:20
M2958,F2958,更换右后轮速传感器,右后轮速传感器,270,2024-04-20 17:39
M2959,F2959,更换驾驶员侧安全气囊模块,驾驶员侧安全气囊模块,1500,2025-06-23 09:37
M2960,F2960,更换进气温度传感器,进气温度传感器,380,2024-09-16 11:50
M2961,F2961,更换火花塞+缸线检查,铱金火花塞(4支),380,2024-07-20 13:41
M2962,F2962,更换轮速传感器,右前轮速传感器,260,2025-09-06 18:02
M2963,F2963,清洗节气门+燃油滤芯更换,燃油滤芯,420,2025-08-06 12:07
M2964,F2964,维修空调压缩机,压缩机电磁阀,580,2025-02-10 16:08
M2965,F2965,更换催化转化器,原厂催化转化器,2800,2025-06-07 18:08
M2966,F2966,更换涡轮增压器电磁阀,涡轮电磁阀,850,2025-08-09 14:10
M2967,F2967,更换刹车压力传感器,刹车压力传感器,480,2024-01-02 17:18
M2968,F2968,更换安全带传感器,主驾驶安全带传感器,320,2024-06-19 18:48
M2969,F2969,更换机油压力传感器,机油压力传感器,450,2025-04-16 17:16
M2970,F2970,维修ABS控制模块,ABS控制模块维修包,1200,2024-10-08 19:47
M2971,F2971,更换凸轮轴位置传感器,凸轮轴位置传感器,520,2025-07-17 10:43
M2972,F2972,维修安全气囊控制模块,安全气囊控制模块编程,800,2024-09-23 18:54
M2973,F2973,更换节气门位置传感器,节气门位置传感器,480,2024-08-28 15:04
M2974,F2974,更换左前轮速传感器,左前轮速传感器,280,2024-10-31 19:17
M2975,F2975,检查燃油蒸发系统管路,燃油蒸发管密封垫,350,2025-03-15 19:46
M2976,F2976,更换右前安全气囊传感器,右前安全气囊传感器,650,2025-03-21 11:56
M2977,F2977,升级ECM控制模块程序,ECM程序升级包,980,2024-05-24 13:23
M2978,F2978,更换右后轮速传感器,右后轮速传感器,270,2024-01-21 14:03
M2979,F2979,更换驾驶员侧安全气囊模块,驾驶员侧安全气囊模块,1500,2024-01-23 19:12
M2980,F2980,更换进气温度传感器,进气温度传感器,380,2025-09-12 15:17
M2981,F2981,更换火花塞+缸线检查,铱金火花塞(4支),380,2024-06-10 11:40
M2982,F2982,更换轮速传感器,右前轮速传感器,260,2024-11-06 17:57
M2983,F2983,清洗节气门+燃油滤芯更换,燃油滤芯,420,2024-04-10 18:50
M2984,F2984,维修空调压缩机,压缩机电磁阀,580,2024-07-11 17:30
M2985,F2985,更换催化转化器,原厂催化转化器,2800,2024-03-21 15:37
M2986,F2986,更换涡轮增压器电磁阀,涡轮电磁阀,850,2025-05-07 10:06
M2987,F2987,更换刹车压力传感器,刹车压力传感器,480,2024-06-15 11:50
M2988,F2988,更换安全带传感器,主驾驶安全带传感器,320,2024-09-10 19:19
M2989,F2989,更换机油压力传感器,机油压力传感器,450,2024-07-26 17:58
M2990,F2990,维修ABS控制模块,ABS控制模块维修包,1200,2025-12-05 14:05
M2991,F2991,更换凸轮轴位置传感器,凸轮轴位置传感器,520,2025-11-23 14:11
M2992,F2992,维修安全气囊控制模块,安全气囊控制模块编程,800,2024-08-07 12:16
M2993,F2993,更换节气门位置传感器,节气门位置传感器,480,2024-07-03 15:07
M2994,F2994,更换左前轮速传感器,左前轮速传感器,280,2024-01-11 18:04
M2995,F2995,检查燃油蒸发系统管路,燃油蒸发管密封垫,350,2025-03-23 19:26
M2996,F2996,更换右前安全气囊传感器,右前安全气囊传感器,650,2025-09-12 18:44
M2997,F2997,升级ECM控制模块程序,ECM程序升级包,980,2025-02-04 18:48
M2998,F2998,更换右后轮速传感器,右后轮速传感器,270,2024-08-14 15:52
M2999,F2999,更换驾驶员侧安全气囊模块,驾驶员侧安全气囊模块,1500,2024-10-10 12:44
M3000,F3000,更换进气温度传感器,进气温度传感器,380,2025-05-11 17:47
M3001,F3001,更换火花塞+缸线检查,铱金火花塞(4支),380,2024-02-19 11:55
M3002,F3002,更换轮速传感器,右前轮速传感器,260,2024-04-13 17:13
M3003,F3003,清洗节气门+燃油滤芯更换,燃油滤芯,420,2024-04-10 11:08
M3004,F3004,维修空调压缩机,压缩机电磁阀,580,2025-01-08 18:13
M3005,F3005,更换催化转化器,原厂催化转化器,2800,2025-03-09 10:18
M3006,F3006,更换涡轮增压器电磁阀,涡轮电磁阀,850,2024-04-12 12:39
M3007,F3007,更换刹车压力传感器,刹车压力传感器,480,2024-03-08 12:49
M3008,F3008,更换安全带传感器,主驾驶安全带传感器,320,2024-05-06 18:25
M3009,F3009,更换机油压力传感器,机油压力传感器,450,2024-02-25 18:36
M3010,F3010,维修ABS控制模块,ABS控制模块维修包,1200,2025-07-20 14:59
M3011,F3011,更换凸轮轴位置传感器,凸轮轴位置传感器,520,2024-11-18 15:42
M3012,F3012,维修安全气囊控制模块,安全气囊控制模块编程,800,2024-10-14 11:55
M3013,F3013,更换节气门位置传感器,节气门位置传感器,480,2025-08-25 15:03
M3014,F3014,更换左前轮速传感器,左前轮速传感器,280,2025-04-02 11:03
M3015,F3015,检查燃油蒸发系统管路,燃油蒸发管密封垫,350,2025-07-01 10:01
M3016,F3016,更换右前安全气囊传感器,右前安全气囊传感器,650,2025-03-05 13:35
M3017,F3017,升级ECM控制模块程序,ECM程序升级包,980,2024-05-20 19:14
M3018,F3018,更换右后轮速传感器,右后轮速传感器,270,2025-07-04 14:01
M3019,F3019,更换驾驶员侧安全气囊模块,驾驶员侧安全气囊模块,1500,2024-06-13 15:23
M3020,F3020,更换进气温度传感器,进气温度传感器,380,2025-09-21 16:17
M3021,F3021,更换火花塞+缸线检查,铱金火花塞(4支),380,2025-07-08 15:41
M3022,F3022,更换轮速传感器,右前轮速传感器,260,2025-04-24 13:20
M3023,F3023,清洗节气门+燃油滤芯更换,燃油滤芯,420,2024-10-14 14:18
M3024,F3024,维修空调压缩机,压缩机电磁阀,580,2025-10-03 18:44
M3025,F3025,更换催化转化器,原厂催化转化器,2800,2025-02-17 17:57
M3026,F3026,更换涡轮增压器电磁阀,涡轮电磁阀,850,2025-10-16 18:57
M3027,F3027,更换刹车压力传感器,刹车压力传感器,480,2025-11-02 11:01
M3028,F3028,更换安全带传感器,主驾驶安全带传感器,320,2024-01-30 18:09
M3029,F3029,更换机油压力传感器,机油压力传感器,450,2025-07-05 11:29
M3030,F3030,维修ABS控制模块,ABS控制模块维修包,1200,2025-04-19 17:53
M3031,F3031,更换凸轮轴位置传感器,凸轮轴位置传感器,520,2025-06-22 16:18
M3032,F3032,维修安全气囊控制模块,安全气囊控制模块编程,800,2025-10-29 18:34
M3033,F3033,更换节气门位置传感器,节气门位置传感器,480,2025-07-24 19:36
M3034,F3034,更换左前轮速传感器,左前轮速传感器,280,2024-03-03 11:45
M3035,F3035,检查燃油蒸发系统管路,燃油蒸发管密封垫,350,2025-07-14 15:04
M3036,F3036,更换右前安全气囊传感器,右前安全气囊传感器,650,2024-09-27 18:45
M3037,F3037,升级ECM控制模块程序,ECM程序升级包,980,2024-06-21 10:39
M3038,F3038,更换右后轮速传感器,右后轮速传感器,270,2025-02-10 15:08
M3039,F3039,更换驾驶员侧安全气囊模块,驾驶员侧安全气囊模块,1500,2025-09-15 18:18
M3040,F3040,更换进气温度传感器,进气温度传感器,380,2025-03-28 15:44
M3041,F3041,更换火花塞+缸线检查,铱金火花塞(4支),380,2025-08-22 13:02
M3042,F3042,更换轮速传感器,右前轮速传感器,260,2024-11-26 18:35
M3043,F3043,清洗节气门+燃油滤芯更换,燃油滤芯,420,2025-07-05 19:40
M3044,F3044,维修空调压缩机,压缩机电磁阀,580,2025-05-02 13:34
M3045,F3045,更换催化转化器,原厂催化转化器,2800,2024-11-09 15:17
M3046,F3046,更换涡轮增压器电磁阀,涡轮电磁阀,850,2024-04-27 12:39
M3047,F3047,更换刹车压力传感器,刹车压力传感器,480,2025-04-06 14:50
M3048,F3048,更换安全带传感器,主驾驶安全带传感器,320,2025-07-30 15:25
M3049,F3049,更换机油压力传感器,机油压力传感器,450,2024-04-09 15:30
M3050,F3050,维修ABS控制模块,ABS控制模块维修包,1200,2024-07-03 16:36
M3051,F3051,更换凸轮轴位置传感器,凸轮轴位置传感器,520,2024-05-04 12:25
M3052,F3052,维修安全气囊控制模块,安全气囊控制模块编程,800,2025-09-14 14:59
M3053,F3053,更换节气门位置传感器,节气门位置传感器,480,2024-01-08 16:48
M3054,F3054,更换左前轮速传感器,左前轮速传感器,280,2024-10-28 18:33
M3055,F3055,检查燃油蒸发系统管路,燃油蒸发管密封垫,350,2024-11-19 10:52
M3056,F3056,更换右前安全气囊传感器,右前安全气囊传感器,650,2024-11-28 16:26
M3057,F3057,升级ECM控制模块程序,ECM程序升级包,980,2024-12-27 15:06
M3058,F3058,更换右后轮速传感器,右后轮速传感器,270,2024-05-30 13:34
M3059,F3059,更换驾驶员侧安全气囊模块,驾驶员侧安全气囊模块,1500,2025-04-24 12:30
M3060,F3060,更换进气温度传感器,进气温度传感器,380,2024-11-24 10:21
M3061,F3061,更换火花塞+缸线检查,铱金火花塞(4支),380,2024-11-20 17:59
M3062,F3062,更换轮速传感器,右前轮速传感器,260,2025-12-25 13:09
M3063,F3063,清洗节气门+燃油滤芯更换,燃油滤芯,420,2024-12-01 17:17
M3064,F3064,维修空调压缩机,压缩机电磁阀,580,2025-03-15 13:37
M3065,F3065,更换催化转化器,原厂催化转化器,2800,2025-07-18 11:30
M3066,F3066,更换涡轮增压器电磁阀,涡轮电磁阀,850,2025-01-17 14:20
M3067,F3067,更换刹车压力传感器,刹车压力传感器,480,2024-04-06 09:45
M3068,F3068,更换安全带传感器,主驾驶安全带传感器,320,2025-12-13 14:38
M3069,F3069,更换机油压力传感器,机油压力传感器,450,2024-07-31 16:19
M3070,F3070,维修ABS控制模块,ABS控制模块维修包,1200,2025-11-18 13:28
M3071,F3071,更换凸轮轴位置传感器,凸轮轴位置传感器,520,2024-03-26 15:36
M3072,F3072,维修安全气囊控制模块,安全气囊控制模块编程,800,2024-04-27 16:26
M3073,F3073,更换节气门位置传感器,节气门位置传感器,480,2025-01-10 19:54
M3074,F3074,更换左前轮速传感器,左前轮速传感器,280,2025-03-16 12:32
M3075,F3075,检查燃油蒸发系统管路,燃油蒸发管密封垫,350,2025-01-25 16:16
M3076,F3076,更换右前安全气囊传感器,右前安全气囊传感器,650,2024-02-04 18:24
M3077,F3077,升级ECM控制模块程序,ECM程序升级包,980,2024-05-20 18:32
M3078,F3078,更换右后轮速传感器,右后轮速传感器,270,2025-12-24 16:41
M3079,F3079,更换驾驶员侧安全气囊模块,驾驶员侧安全气囊模块,1500,2024-04-10 17:20
M3080,F3080,更换进气温度传感器,进气温度传感器,380,2024-10-31 16:37
M3081,F3081,更换火花塞+缸线检查,铱金火花塞(4支),380,2025-01-14 11:59
M3082,F3082,更换轮速传感器,右前轮速传感器,260,2025-11-24 10:51
M3083,F3083,清洗节气门+燃油滤芯更换,燃油滤芯,420,2025-12-16 12:57
M3084,F3084,维修空调压缩机,压缩机电磁阀,580,2024-11-03 18:31
M3085,F3085,更换催化转化器,原厂催化转化器,2800,2025-11-24 19:19
M3086,F3086,更换涡轮增压器电磁阀,涡轮电磁阀,850,2024-11-05 11:03
M3087,F3087,更换刹车压力传感器,刹车压力传感器,480,2024-10-19 10:59
M3088,F3088,更换安全带传感器,主驾驶安全带传感器,320,2024-04-01 10:50
M3089,F3089,更换机油压力传感器,机油压力传感器,450,2025-01-12 18:43
M3090,F3090,维修ABS控制模块,ABS控制模块维修包,1200,2025-09-11 17:31
M3091,F3091,更换凸轮轴位置传感器,凸轮轴位置传感器,520,2024-06-16 10:22
M3092,F3092,维修安全气囊控制模块,安全气囊控制模块编程,800,2025-05-28 09:36
M3093,F3093,更换节气门位置传感器,节气门位置传感器,480,2024-04-03 13:57
M3094,F3094,更换左前轮速传感器,左前轮速传感器,280,2024-03-17 09:28
M3095,F3095,检查燃油蒸发系统管路,燃油蒸发管密封垫,350,2025-02-18 10:52
M3096,F3096,更换右前安全气囊传感器,右前安全气囊传感器,650,2024-09-25 17:25
M3097,F3097,升级ECM控制模块程序,ECM程序升级包,980,2024-01-07 11:19
M3098,F3098,更换右后轮速传感器,右后轮速传感器,270,2024-10-14 18:56
M3099,F3099,更换驾驶员侧安全气囊模块,驾驶员侧安全气囊模块,1500,2025-09-05 10:47
M3100,F3100,更换进气温度传感器,进气温度传感器,380,2024-06-22 10:03
M3101,F3101,更换火花塞+缸线检查,铱金火花塞(4支),380,2025-12-15 09:54
M3102,F3102,更换轮速传感器,右前轮速传感器,260,2024-06-20 13:39
M3103,F3103,清洗节气门+燃油滤芯更换,燃油滤芯,420,2024-08-05 17:00
M3104,F3104,维修空调压缩机,压缩机电磁阀,580,2024-10-26 12:46
M3105,F3105,更换催化转化器,原厂催化转化器,2800,2025-06-29 09:01
M3106,F3106,更换涡轮增压器电磁阀,涡轮电磁阀,850,2025-08-15 19:30
M3107,F3107,更换刹车压力传感器,刹车压力传感器,480,2024-08-06 14:40
M3108,F3108,更换安全带传感器,主驾驶安全带传感器,320,2024-11-27 17:30
M3109,F3109,更换机油压力传感器,机油压力传感器,450,2024-05-25 12:38
M3110,F3110,维修ABS控制模块,ABS控制模块维修包,1200,2025-10-18 19:40
M3111,F3111,更换凸轮轴位置传感器,凸轮轴位置传感器,520,2025-03-12 10:22
M3112,F3112,维修安全气囊控制模块,安全气囊控制模块编程,800,2025-06-13 12:57
M3113,F3113,更换节气门位置传感器,节气门位置传感器,480,2024-09-16 17:50
M3114,F3114,更换左前轮速传感器,左前轮速传感器,280,2024-08-05 11:00
M3115,F3115,检查燃油蒸发系统管路,燃油蒸发管密封垫,350,2024-11-06 17:43
M3116,F3116,更换右前安全气囊传感器,右前安全气囊传感器,650,2025-07-14 10:50
M3117,F3117,升级ECM控制模块程序,ECM程序升级包,980,2024-06-21 15:13
M3118,F3118,更换右后轮速传感器,右后轮速传感器,270,2024-02-26 10:43
M3119,F3119,更换驾驶员侧安全气囊模块,驾驶员侧安全气囊模块,1500,2025-10-06 15:24
M3120,F3120,更换进气温度传感器,进气温度传感器,380,2024-07-05 13:02
M3121,F3121,更换火花塞+缸线检查,铱金火花塞(4支),380,2024-04-17 13:19
M3122,F3122,更换轮速传感器,右前轮速传感器,260,2024-05-09 18:26
M3123,F3123,清洗节气门+燃油滤芯更换,燃油滤芯,420,2024-09-30 17:26
M3124,F3124,维修空调压缩机,压缩机电磁阀,580,2025-11-04 10:19
M3125,F3125,更换催化转化器,原厂催化转化器,2800,2025-05-12 10:07
M3126,F3126,更换涡轮增压器电磁阀,涡轮电磁阀,850,2024-10-09 10:07
M3127,F3127,更换刹车压力传感器,刹车压力传感器,480,2024-12-08 15:18
M3128,F3128,更换安全带传感器,主驾驶安全带传感器,320,2024-06-27 10:57
M3129,F3129,更换机油压力传感器,机油压力传感器,450,2024-02-28 14:28
M3130,F3130,维修ABS控制模块,ABS控制模块维修包,1200,2025-11-16 12:50
M3131,F3131,更换凸轮轴位置传感器,凸轮轴位置传感器,520,2025-06-26 13:16
M3132,F3132,维修安全气囊控制模块,安全气囊控制模块编程,800,2025-01-28 19:12
M3133,F3133,更换节气门位置传感器,节气门位置传感器,480,2024-09-07 16:40
M3134,F3134,更换左前轮速传感器,左前轮速传感器,280,2024-10-18 15:28
M3135,F3135,检查燃油蒸发系统管路,燃油蒸发管密封垫,350,2024-04-12 17:34
M3136,F3136,更换右前安全气囊传感器,右前安全气囊传感器,650,2024-03-04 19:11
M3137,F3137,升级ECM控制模块程序,ECM程序升级包,980,2025-12-02 16:08
M3138,F3138,更换右后轮速传感器,右后轮速传感器,270,2024-12-29 10:41
M3139,F3139,更换驾驶员侧安全气囊模块,驾驶员侧安全气囊模块,1500,2024-08-12 17:11
M3140,F3140,更换进气温度传感器,进气温度传感器,380,2024-04-07 17:53
M3141,F3141,更换火花塞+缸线检查,铱金火花塞(4支),380,2025-08-06 15:24
M3142,F3142,更换轮速传感器,右前轮速传感器,260,2025-06-12 17:19
M3143,F3143,清洗节气门+燃油滤芯更换,燃油滤芯,420,2024-02-07 17:06
M3144,F3144,维修空调压缩机,压缩机电磁阀,580,2025-12-11 17:28
M3145,F3145,更换催化转化器,原厂催化转化器,2800,2025-01-28 11:26
M3146,F3146,更换涡轮增压器电磁阀,涡轮电磁阀,850,2025-02-17 09:32
M3147,F3147,更换刹车压力传感器,刹车压力传感器,480,2025-03-10 14:33
M3148,F3148,更换安全带传感器,主驾驶安全带传感器,320,2024-12-04 11:06
M3149,F3149,更换机油压力传感器,机油压力传感器,450,2024-01-06 16:50
M3150,F3150,维修ABS控制模块,ABS控制模块维修包,1200,2024-10-28 18:46
M3151,F3151,更换凸轮轴位置传感器,凸轮轴位置传感器,520,2024-08-28 19:34
M3152,F3152,维修安全气囊控制模块,安全气囊控制模块编程,800,2025-02-09 12:02
M3153,F3153,更换节气门位置传感器,节气门位置传感器,480,2025-12-04 15:03
M3154,F3154,更换左前轮速传感器,左前轮速传感器,280,2025-01-26 13:55
M3155,F3155,检查燃油蒸发系统管路,燃油蒸发管密封垫,350,2025-05-18 12:00
M3156,F3156,更换右前安全气囊传感器,右前安全气囊传感器,650,2024-10-18 16:26
M3157,F3157,升级ECM控制模块程序,ECM程序升级包,980,2025-10-26 13:12
M3158,F3158,更换右后轮速传感器,右后轮速传感器,270,2025-04-01 15:22
M3159,F3159,更换驾驶员侧安全气囊模块,驾驶员侧安全气囊模块,1500,2024-04-11 15:02
M3160,F3160,更换进气温度传感器,进气温度传感器,380,2025-05-13 10:02
M3161,F3161,更换火花塞+缸线检查,铱金火花塞(4支),380,2024-04-06 10:32
M3162,F3162,更换轮速传感器,右前轮速传感器,260,2024-11-24 14:48
M3163,F3163,清洗节气门+燃油滤芯更换,燃油滤芯,420,2025-11-16 17:00
M3164,F3164,维修空调压缩机,压缩机电磁阀,580,2024-08-25 17:37
M3165,F3165,更换催化转化器,原厂催化转化器,2800,2025-12-24 15:56
M3166,F3166,更换涡轮增压器电磁阀,涡轮电磁阀,850,2024-12-07 16:33
M3167,F3167,更换刹车压力传感器,刹车压力传感器,480,2025-12-09 10:52
M3168,F3168,更换安全带传感器,主驾驶安全带传感器,320,2024-03-11 17:23
M3169,F3169,更换机油压力传感器,机油压力传感器,450,2024-02-05 11:34
M3170,F3170,维修ABS控制模块,ABS控制模块维修包,1200,2024-10-27 18:08
M3171,F3171,更换凸轮轴位置传感器,凸轮轴位置传感器,520,2024-09-26 11:44
M3172,F3172,维修安全气囊控制模块,安全气囊控制模块编程,800,2025-11-12 15:24
M3173,F3173,更换节气门位置传感器,节气门位置传感器,480,2025-04-10 17:03
M3174,F3174,更换左前轮速传感器,左前轮速传感器,280,2025-05-24 17:53
M3175,F3175,检查燃油蒸发系统管路,燃油蒸发管密封垫,350,2024-12-14 17:00
M3176,F3176,更换右前安全气囊传感器,右前安全气囊传感器,650,2025-08-27 17:57
M3177,F3177,升级ECM控制模块程序,ECM程序升级包,980,2024-06-22 13:07
M3178,F3178,更换右后轮速传感器,右后轮速传感器,270,2025-03-30 12:11
M3179,F3179,更换驾驶员侧安全气囊模块,驾驶员侧安全气囊模块,1500,2025-01-03 14:04
M3180,F3180,更换进气温度传感器,进气温度传感器,380,2024-01-29 18:47
M3181,F3181,更换火花塞+缸线检查,铱金火花塞(4支),380,2025-12-01 11:48
M3182,F3182,更换轮速传感器,右前轮速传感器,260,2024-06-14 16:19
M3183,F3183,清洗节气门+燃油滤芯更换,燃油滤芯,420,2024-08-27 11:49
M3184,F3184,维修空调压缩机,压缩机电磁阀,580,2025-09-16 10:55
M3185,F3185,更换催化转化器,原厂催化转化器,2800,2024-02-17 10:03
M3186,F3186,更换涡轮增压器电磁阀,涡轮电磁阀,850,2024-02-03 15:29
M3187,F3187,更换刹车压力传感器,刹车压力传感器,480,2025-02-09 11:14
M3188,F3188,更换安全带传感器,主驾驶安全带传感器,320,2024-02-20 18:23
M3189,F3189,更换机油压力传感器,机油压力传感器,450,2024-12-07 10:05
M3190,F3190,维修ABS控制模块,ABS控制模块维修包,1200,2024-06-03 12:35
M3191,F3191,更换凸轮轴位置传感器,凸轮轴位置传感器,520,2024-06-18 18:52
M3192,F3192,维修安全气囊控制模块,安全气囊控制模块编程,800,2025-11-15 15:50
M3193,F3193,更换节气门位置传感器,节气门位置传感器,480,2024-12-15 12:31
M3194,F3194,更换左前轮速传感器,左前轮速传感器,280,2024-11-07 09:46
M3195,F3195,检查燃油蒸发系统管路,燃油蒸发管密封垫,350,2024-02-05 18:48
M3196,F3196,更换右前安全气囊传感器,右前安全气囊传感器,650,2024-11-06 10:10
M3197,F3197,升级ECM控制模块程序,ECM程序升级包,980,2024-04-16 12:26
M3198,F3198,更换右后轮速传感器,右后轮速传感器,270,2024-05-16 09:48
M3199,F3199,更换驾驶员侧安全气囊模块,驾驶员侧安全气囊模块,1500,2025-10-27 11:03
M3200,F3200,更换进气温度传感器,进气温度传感器,380,2025-08-21 16:03
M3201,F3201,更换火花塞+缸线检查,铱金火花塞(4支),380,2025-01-13 10:42
M3202,F3202,更换轮速传感器,右前轮速传感器,260,2025-09-20 16:18
M3203,F3203,清洗节气门+燃油滤芯更换,燃油滤芯,420,2025-02-21 17:43
M3204,F3204,维修空调压缩机,压缩机电磁阀,580,2024-01-06 15:08
M3205,F3205,更换催化转化器,原厂催化转化器,2800,2025-11-10 15:36
M3206,F3206,更换涡轮增压器电磁阀,涡轮电磁阀,850,2024-12-18 12:28
M3207,F3207,更换刹车压力传感器,刹车压力传感器,480,2025-08-22 14:27
M3208,F3208,更换安全带传感器,主驾驶安全带传感器,320,2025-09-16 11:25
M3209,F3209,更换机油压力传感器,机油压力传感器,450,2024-05-20 17:59
M3210,F3210,维修ABS控制模块,ABS控制模块维修包,1200,2025-12-29 13:14
M3211,F3211,更换凸轮轴位置传感器,凸轮轴位置传感器,520,2025-12-15 15:18
M3212,F3212,维修安全气囊控制模块,安全气囊控制模块编程,800,2025-10-11 19:20
M3213,F3213,更换节气门位置传感器,节气门位置传感器,480,2024-06-03 14:06
M3214,F3214,更换左前轮速传感器,左前轮速传感器,280,2024-08-10 12:54
M3215,F3215,检查燃油蒸发系统管路,燃油蒸发管密封垫,350,2025-03-05 16:34
M3216,F3216,更换右前安全气囊传感器,右前安全气囊传感器,650,2025-03-20 19:45
M3217,F3217,升级ECM控制模块程序,ECM程序升级包,980,2024-04-02 19:22
M3218,F3218,更换右后轮速传感器,右后轮速传感器,270,2025-06-06 09:40
M3219,F3219,更换驾驶员侧安全气囊模块,驾驶员侧安全气囊模块,1500,2024-02-01 10:48
M3220,F3220,更换进气温度传感器,进气温度传感器,380,2025-10-30 15:50
M3221,F3221,更换火花塞+缸线检查,铱金火花塞(4支),380,2025-09-18 18:41
M3222,F3222,更换轮速传感器,右前轮速传感器,260,2024-02-17 12:29
M3223,F3223,清洗节气门+燃油滤芯更换,燃油滤芯,420,2024-11-30 13:09
M3224,F3224,维修空调压缩机,压缩机电磁阀,580,2024-06-17 12:14
M3225,F3225,更换催化转化器,原厂催化转化器,2800,2025-08-26 13:18
M3226,F3226,更换涡轮增压器电磁阀,涡轮电磁阀,850,2025-12-22 12:35
M3227,F3227,更换刹车压力传感器,刹车压力传感器,480,2024-01-15 14:06
M3228,F3228,更换安全带传感器,主驾驶安全带传感器,320,2025-03-12 10:41
M3229,F3229,更换机油压力传感器,机油压力传感器,450,2024-08-06 12:35
M3230,F3230,维修ABS控制模块,ABS控制模块维修包,1200,2024-09-30 09:31
M3231,F3231,更换凸轮轴位置传感器,凸轮轴位置传感器,520,2025-08-25 12:54
M3232,F3232,维修安全气囊控制模块,安全气囊控制模块编程,800,2024-05-24 16:41
M3233,F3233,更换节气门位置传感器,节气门位置传感器,480,2024-02-22 18:27
M3234,F3234,更换左前轮速传感器,左前轮速传感器,280,2024-09-26 09:58
M3235,F3235,检查燃油蒸发系统管路,燃油蒸发管密封垫,350,2024-10-13 11:01
M3236,F3236,更换右前安全气囊传感器,右前安全气囊传感器,650,2024-04-01 16:06
M3237,F3237,升级ECM控制模块程序,ECM程序升级包,980,2024-11-17 09:04
M3238,F3238,更换右后轮速传感器,右后轮速传感器,270,2024-09-26 12:20
M3239,F3239,更换驾驶员侧安全气囊模块,驾驶员侧安全气囊模块,1500,2024-05-09 09:26
M3240,F3240,更换进气温度传感器,进气温度传感器,380,2024-11-12 12:40
M3241,F3241,更换火花塞+缸线检查,铱金火花塞(4支),380,2025-11-08 15:36
M3242,F3242,更换轮速传感器,右前轮速传感器,260,2024-02-19 10:48
M3243,F3243,清洗节气门+燃油滤芯更换,燃油滤芯,420,2024-11-06 15:26
M3244,F3244,维修空调压缩机,压缩机电磁阀,580,2024-06-09 18:05
M3245,F3245,更换催化转化器,原厂催化转化器,2800,2025-07-26 12:16
M3246,F3246,更换涡轮增压器电磁阀,涡轮电磁阀,850,2025-04-03 18:12
M3247,F3247,更换刹车压力传感器,刹车压力传感器,480,2024-04-22 11:30
M3248,F3248,更换安全带传感器,主驾驶安全带传感器,320,2025-02-28 18:34
M3249,F3249,更换机油压力传感器,机油压力传感器,450,2024-11-03 11:50
M3250,F3250,维修ABS控制模块,ABS控制模块维修包,1200,2024-02-18 18:48
M3251,F3251,更换凸轮轴位置传感器,凸轮轴位置传感器,520,2025-06-11 14:03
M3252,F3252,维修安全气囊控制模块,安全气囊控制模块编程,800,2024-06-18 12:46
M3253,F3253,更换节气门位置传感器,节气门位置传感器,480,2024-12-11 11:18
M3254,F3254,更换左前轮速传感器,左前轮速传感器,280,2025-07-25 16:09
M3255,F3255,检查燃油蒸发系统管路,燃油蒸发管密封垫,350,2025-04-08 18:00
M3256,F3256,更换右前安全气囊传感器,右前安全气囊传感器,650,2024-08-28 17:14
M3257,F3257,升级ECM控制模块程序,ECM程序升级包,980,2024-12-06 12:16
M3258,F3258,更换右后轮速传感器,右后轮速传感器,270,2025-11-20 18:55
M3259,F3259,更换驾驶员侧安全气囊模块,驾驶员侧安全气囊模块,1500,2024-01-19 10:35
M3260,F3260,更换进气温度传感器,进气温度传感器,380,2024-06-16 14:39
M3261,F3261,更换火花塞+缸线检查,铱金火花塞(4支),380,2025-08-13 17:14
M3262,F3262,更换轮速传感器,右前轮速传感器,260,2025-06-17 19:19
M3263,F3263,清洗节气门+燃油滤芯更换,燃油滤芯,420,2025-12-09 09:21
M3264,F3264,维修空调压缩机,压缩机电磁阀,580,2025-04-14 18:16
M3265,F3265,更换催化转化器,原厂催化转化器,2800,2025-10-09 10:59
M3266,F3266,更换涡轮增压器电磁阀,涡轮电磁阀,850,2025-07-13 15:49
M3267,F3267,更换刹车压力传感器,刹车压力传感器,480,2025-04-01 17:03
M3268,F3268,更换安全带传感器,主驾驶安全带传感器,320,2024-10-18 15:49
M3269,F3269,更换机油压力传感器,机油压力传感器,450,2024-07-17 10:47
M3270,F3270,维修ABS控制模块,ABS控制模块维修包,1200,2024-01-30 12:40
M3271,F3271,更换凸轮轴位置传感器,凸轮轴位置传感器,520,2025-11-29 16:00
M3272,F3272,维修安全气囊控制模块,安全气囊控制模块编程,800,2024-11-03 12:17
M3273,F3273,更换节气门位置传感器,节气门位置传感器,480,2025-05-12 12:21
M3274,F3274,更换左前轮速传感器,左前轮速传感器,280,2024-01-22 12:02
M3275,F3275,检查燃油蒸发系统管路,燃油蒸发管密封垫,350,2025-09-14 12:31
M3276,F3276,更换右前安全气囊传感器,右前安全气囊传感器,650,2024-04-02 11:06
M3277,F3277,升级ECM控制模块程序,ECM程序升级包,980,2025-11-11 10:13
M3278,F3278,更换右后轮速传感器,右后轮速传感器,270,2024-04-15 11:19
M3279,F3279,更换驾驶员侧安全气囊模块,驾驶员侧安全气囊模块,1500,2024-05-03 10:00
M3280,F3280,更换进气温度传感器,进气温度传感器,380,2024-05-17 10:59
M3281,F3281,更换火花塞+缸线检查,铱金火花塞(4支),380,2024-10-12 12:58
M3282,F3282,更换轮速传感器,右前轮速传感器,260,2024-06-18 11:56
M3283,F3283,清洗节气门+燃油滤芯更换,燃油滤芯,420,2024-12-02 12:49
M3284,F3284,维修空调压缩机,压缩机电磁阀,580,2024-08-09 19:55
M3285,F3285,更换催化转化器,原厂催化转化器,2800,2025-04-22 14:00
M3286,F3286,更换涡轮增压器电磁阀,涡轮电磁阀,850,2025-12-19 18:29
M3287,F3287,更换刹车压力传感器,刹车压力传感器,480,2024-11-03 14:58
M3288,F3288,更换安全带传感器,主驾驶安全带传感器,320,2025-02-06 11:31
M3289,F3289,更换机油压力传感器,机油压力传感器,450,2025-04-10 15:03
M3290,F3290,维修ABS控制模块,ABS控制模块维修包,1200,2024-05-13 15:35
M3291,F3291,更换凸轮轴位置传感器,凸轮轴位置传感器,520,2024-05-12 19:21
M3292,F3292,维修安全气囊控制模块,安全气囊控制模块编程,800,2025-07-14 18:16
M3293,F3293,更换节气门位置传感器,节气门位置传感器,480,2025-04-08 10:56
M3294,F3294,更换左前轮速传感器,左前轮速传感器,280,2025-08-21 15:23
M3295,F3295,检查燃油蒸发系统管路,燃油蒸发管密封垫,350,2024-09-16 19:16
M3296,F3296,更换右前安全气囊传感器,右前安全气囊传感器,650,2025-10-18 11:28
M3297,F3297,升级ECM控制模块程序,ECM程序升级包,980,2024-05-17 18:06
M3298,F3298,更换右后轮速传感器,右后轮速传感器,270,2024-03-19 15:13
M3299,F3299,更换驾驶员侧安全气囊模块,驾驶员侧安全气囊模块,1500,2025-07-04 19:51
M3300,F3300,更换进气温度传感器,进气温度传感器,380,2025-11-18 11:36
M3301,F3301,更换火花塞+缸线检查,铱金火花塞(4支),380,2024-09-05 18:29
M3302,F3302,更换轮速传感器,右前轮速传感器,260,2025-05-28 10:55
M3303,F3303,清洗节气门+燃油滤芯更换,燃油滤芯,420,2025-12-16 17:44
M3304,F3304,维修空调压缩机,压缩机电磁阀,580,2025-05-09 13:46
M3305,F3305,更换催化转化器,原厂催化转化器,2800,2025-11-25 13:37
M3306,F3306,更换涡轮增压器电磁阀,涡轮电磁阀,850,2024-11-07 19:58
M3307,F3307,更换刹车压力传感器,刹车压力传感器,480,2025-12-25 10:19
M3308,F3308,更换安全带传感器,主驾驶安全带传感器,320,2025-04-05 11:21
M3309,F3309,更换机油压力传感器,机油压力传感器,450,2025-06-03 14:19
M3310,F3310,维修ABS控制模块,ABS控制模块维修包,1200,2025-03-01 16:56
M3311,F3311,更换凸轮轴位置传感器,凸轮轴位置传感器,520,2025-10-13 16:30
M3312,F3312,维修安全气囊控制模块,安全气囊控制模块编程,800,2025-03-09 13:15
M3313,F3313,更换节气门位置传感器,节气门位置传感器,480,2025-09-20 13:47
M3314,F3314,更换左前轮速传感器,左前轮速传感器,280,2024-12-09 10:09
M3315,F3315,检查燃油蒸发系统管路,燃油蒸发管密封垫,350,2025-03-09 19:46
M3316,F3316,更换右前安全气囊传感器,右前安全气囊传感器,650,2025-05-25 10:21
M3317,F3317,升级ECM控制模块程序,ECM程序升级包,980,2024-09-08 19:45
M3318,F3318,更换右后轮速传感器,右后轮速传感器,270,2024-02-10 13:33
M3319,F3319,更换驾驶员侧安全气囊模块,驾驶员侧安全气囊模块,1500,2025-10-22 10:40
M3320,F3320,更换进气温度传感器,进气温度传感器,380,2025-11-30 10:11
M3321,F3321,更换火花塞+缸线检查,铱金火花塞(4支),380,2025-11-20 11:32
M3322,F3322,更换轮速传感器,右前轮速传感器,260,2024-11-28 14:04
M3323,F3323,清洗节气门+燃油滤芯更换,燃油滤芯,420,2024-05-12 19:52
M3324,F3324,维修空调压缩机,压缩机电磁阀,580,2024-01-19 15:50
M3325,F3325,更换催化转化器,原厂催化转化器,2800,2024-08-03 12:53
M3326,F3326,更换涡轮增压器电磁阀,涡轮电磁阀,850,2025-11-22 19:41
M3327,F3327,更换刹车压力传感器,刹车压力传感器,480,2024-02-09 14:34
M3328,F3328,更换安全带传感器,主驾驶安全带传感器,320,2024-12-15 10:05
M3329,F3329,更换机油压力传感器,机油压力传感器,450,2024-05-24 14:24
M3330,F3330,维修ABS控制模块,ABS控制模块维修包,1200,2024-11-24 17:24
M3331,F3331,更换凸轮轴位置传感器,凸轮轴位置传感器,520,2025-05-21 13:41
M3332,F3332,维修安全气囊控制模块,安全气囊控制模块编程,800,2025-11-07 11:41
M3333,F3333,更换节气门位置传感器,节气门位置传感器,480,2025-01-15 14:17
M3334,F3334,更换左前轮速传感器,左前轮速传感器,280,2024-05-08 16:18
M3335,F3335,检查燃油蒸发系统管路,燃油蒸发管密封垫,350,2024-09-30 15:19
M3336,F3336,更换右前安全气囊传感器,右前安全气囊传感器,650,2025-09-16 14:48
M3337,F3337,升级ECM控制模块程序,ECM程序升级包,980,2025-07-19 17:38
M3338,F3338,更换右后轮速传感器,右后轮速传感器,270,2024-10-14 15:45
M3339,F3339,更换驾驶员侧安全气囊模块,驾驶员侧安全气囊模块,1500,2025-03-07 13:29
M3340,F3340,更换进气温度传感器,进气温度传感器,380,2024-09-01 17:19
M3341,F3341,更换火花塞+缸线检查,铱金火花塞(4支),380,2025-06-19 11:32
M3342,F3342,更换轮速传感器,右前轮速传感器,260,2025-01-08 14:02
M3343,F3343,清洗节气门+燃油滤芯更换,燃油滤芯,420,2024-09-28 09:20
M3344,F3344,维修空调压缩机,压缩机电磁阀,580,2025-04-11 17:26
M3345,F3345,更换催化转化器,原厂催化转化器,2800,2025-02-14 15:25
M3346,F3346,更换涡轮增压器电磁阀,涡轮电磁阀,850,2024-01-13 11:43
M3347,F3347,更换刹车压力传感器,刹车压力传感器,480,2025-08-02 16:42
M3348,F3348,更换安全带传感器,主驾驶安全带传感器,320,2024-09-17 13:27
M3349,F3349,更换机油压力传感器,机油压力传感器,450,2025-10-28 15:07
M3350,F3350,维修ABS控制模块,ABS控制模块维修包,1200,2025-01-10 14:03
M3351,F3351,更换凸轮轴位置传感器,凸轮轴位置传感器,520,2024-12-13 09:42
M3352,F3352,维修安全气囊控制模块,安全气囊控制模块编程,800,2025-04-03 19:55
M3353,F3353,更换节气门位置传感器,节气门位置传感器,480,2024-06-05 19:54
M3354,F3354,更换左前轮速传感器,左前轮速传感器,280,2025-12-29 15:51
M3355,F3355,检查燃油蒸发系统管路,燃油蒸发管密封垫,350,2025-07-21 16:23
M3356,F3356,更换右前安全气囊传感器,右前安全气囊传感器,650,2025-02-28 12:13
M3357,F3357,升级ECM控制模块程序,ECM程序升级包,980,2025-10-23 10:08
M3358,F3358,更换右后轮速传感器,右后轮速传感器,270,2024-01-30 12:38
M3359,F3359,更换驾驶员侧安全气囊模块,驾驶员侧安全气囊模块,1500,2025-10-30 18:39
M3360,F3360,更换进气温度传感器,进气温度传感器,380,2025-10-21 15:14
M3361,F3361,更换火花塞+缸线检查,铱金火花塞(4支),380,2025-11-02 19:15
M3362,F3362,更换轮速传感器,右前轮速传感器,260,2025-02-20 17:30
M3363,F3363,清洗节气门+燃油滤芯更换,燃油滤芯,420,2024-12-16 13:07
M3364,F3364,维修空调压缩机,压缩机电磁阀,580,2024-12-05 16:09
M3365,F3365,更换催化转化器,原厂催化转化器,2800,2025-10-18 10:19
M3366,F3366,更换涡轮增压器电磁阀,涡轮电磁阀,850,2024-06-30 11:59
M3367,F3367,更换刹车压力传感器,刹车压力传感器,480,2024-06-14 12:40
M3368,F3368,更换安全带传感器,主驾驶安全带传感器,320,2025-01-04 13:37
M3369,F3369,更换机油压力传感器,机油压力传感器,450,2024-07-04 11:33
M3370,F3370,维修ABS控制模块,ABS控制模块维修包,1200,2025-11-03 16:53
M3371,F3371,更换凸轮轴位置传感器,凸轮轴位置传感器,520,2024-12-06 13:48
M3372,F3372,维修安全气囊控制模块,安全气囊控制模块编程,800,2025-08-06 15:13
M3373,F3373,更换节气门位置传感器,节气门位置传感器,480,2024-11-22 13:07
M3374,F3374,更换左前轮速传感器,左前轮速传感器,280,2024-01-28 13:45
M3375,F3375,检查燃油蒸发系统管路,燃油蒸发管密封垫,350,2025-06-12 16:56
M3376,F3376,更换右前安全气囊传感器,右前安全气囊传感器,650,2025-06-22 11:29
M3377,F3377,升级ECM控制模块程序,ECM程序升级包,980,2025-07-31 14:57
M3378,F3378,更换右后轮速传感器,右后轮速传感器,270,2025-07-26 18:10
M3379,F3379,更换驾驶员侧安全气囊模块,驾驶员侧安全气囊模块,1500,2024-10-09 15:55
M3380,F3380,更换进气温度传感器,进气温度传感器,380,2024-11-19 19:13
M3381,F3381,更换火花塞+缸线检查,铱金火花塞(4支),380,2024-08-28 17:29
M3382,F3382,更换轮速传感器,右前轮速传感器,260,2024-07-10 15:57
M3383,F3383,清洗节气门+燃油滤芯更换,燃油滤芯,420,2025-01-25 13:13
M3384,F3384,维修空调压缩机,压缩机电磁阀,580,2025-04-25 13:52
M3385,F3385,更换催化转化器,原厂催化转化器,2800,2024-10-05 17:45
M3386,F3386,更换涡轮增压器电磁阀,涡轮电磁阀,850,2025-06-09 16:22
M3387,F3387,更换刹车压力传感器,刹车压力传感器,480,2024-04-26 12:34
M3388,F3388,更换安全带传感器,主驾驶安全带传感器,320,2024-03-29 14:30
M3389,F3389,更换机油压力传感器,机油压力传感器,450,2024-03-26 11:36
M3390,F3390,维修ABS控制模块,ABS控制模块维修包,1200,2025-09-30 10:26
M3391,F3391,更换凸轮轴位置传感器,凸轮轴位置传感器,520,2024-07-11 15:20
M3392,F3392,维修安全气囊控制模块,安全气囊控制模块编程,800,2024-11-08 11:49
M3393,F3393,更换节气门位置传感器,节气门位置传感器,480,2024-10-21 09:09
M3394,F3394,更换左前轮速传感器,左前轮速传感器,280,2024-08-01 10:17
M3395,F3395,检查燃油蒸发系统管路,燃油蒸发管密封垫,350,2024-10-30 12:04
M3396,F3396,更换右前安全气囊传感器,右前安全气囊传感器,650,2025-12-05 16:13
M3397,F3397,升级ECM控制模块程序,ECM程序升级包,980,2024-10-21 17:15
M3398,F3398,更换右后轮速传感器,右后轮速传感器,270,2025-04-26 11:14
M3399,F3399,更换驾驶员侧安全气囊模块,驾驶员侧安全气囊模块,1500,2025-08-18 16:07
M3400,F3400,更换进气温度传感器,进气温度传感器,380,2025-03-28 19:11
M3401,F3401,更换火花塞+缸线检查,铱金火花塞(4支),380,2025-03-31 12:35
M3402,F3402,更换轮速传感器,右前轮速传感器,260,2025-03-03 13:11
M3403,F3403,清洗节气门+燃油滤芯更换,燃油滤芯,420,2025-01-07 16:40
M3404,F3404,维修空调压缩机,压缩机电磁阀,580,2025-07-11 15:18
M3405,F3405,更换催化转化器,原厂催化转化器,2800,2025-07-18 16:16
M3406,F3406,更换涡轮增压器电磁阀,涡轮电磁阀,850,2024-02-14 18:14
M3407,F3407,更换刹车压力传感器,刹车压力传感器,480,2025-03-20 16:46
M3408,F3408,更换安全带传感器,主驾驶安全带传感器,320,2025-01-14 10:35
M3409,F3409,更换机油压力传感器,机油压力传感器,450,2024-08-01 16:20
M3410,F3410,维修ABS控制模块,ABS控制模块维修包,1200,2025-03-04 15:57
M3411,F3411,更换凸轮轴位置传感器,凸轮轴位置传感器,520,2024-03-16 12:53
M3412,F3412,维修安全气囊控制模块,安全气囊控制模块编程,800,2024-10-06 17:02
M3413,F3413,更换节气门位置传感器,节气门位置传感器,480,2024-08-11 15:11
M3414,F3414,更换左前轮速传感器,左前轮速传感器,280,2025-05-29 18:03
M3415,F3415,检查燃油蒸发系统管路,燃油蒸发管密封垫,350,2025-11-02 09:44
M3416,F3416,更换右前安全气囊传感器,右前安全气囊传感器,650,2024-02-27 13:26
M3417,F3417,升级ECM控制模块程序,ECM程序升级包,980,2025-11-19 15:16
M3418,F3418,更换右后轮速传感器,右后轮速传感器,270,2024-10-31 12:03
M3419,F3419,更换驾驶员侧安全气囊模块,驾驶员侧安全气囊模块,1500,2025-11-13 12:56
M3420,F3420,更换进气温度传感器,进气温度传感器,380,2024-08-16 12:02
M3421,F3421,更换火花塞+缸线检查,铱金火花塞(4支),380,2024-02-24 11:57
M3422,F3422,更换轮速传感器,右前轮速传感器,260,2024-12-18 16:07
M3423,F3423,清洗节气门+燃油滤芯更换,燃油滤芯,420,2025-06-03 19:49
M3424,F3424,维修空调压缩机,压缩机电磁阀,580,2024-05-15 11:39
M3425,F3425,更换催化转化器,原厂催化转化器,2800,2025-11-11 18:56
M3426,F3426,更换涡轮增压器电磁阀,涡轮电磁阀,850,2024-11-17 17:06
M3427,F3427,更换刹车压力传感器,刹车压力传感器,480,2024-08-06 10:09
M3428,F3428,更换安全带传感器,主驾驶安全带传感器,320,2024-04-28 19:15
M3429,F3429,更换机油压力传感器,机油压力传感器,450,2025-01-08 09:30
M3430,F3430,维修ABS控制模块,ABS控制模块维修包,1200,2025-02-13 17:16
M3431,F3431,更换凸轮轴位置传感器,凸轮轴位置传感器,520,2025-08-21 18:59
M3432,F3432,维修安全气囊控制模块,安全气囊控制模块编程,800,2024-10-26 16:25
M3433,F3433,更换节气门位置传感器,节气门位置传感器,480,2025-09-20 19:56
M3434,F3434,更换左前轮速传感器,左前轮速传感器,280,2024-08-09 10:27
M3435,F3435,检查燃油蒸发系统管路,燃油蒸发管密封垫,350,2025-08-24 11:36
M3436,F3436,更换右前安全气囊传感器,右前安全气囊传感器,650,2025-04-18 09:03
M3437,F3437,升级ECM控制模块程序,ECM程序升级包,980,2024-11-13 18:33
M3438,F3438,更换右后轮速传感器,右后轮速传感器,270,2024-06-12 12:42
M3439,F3439,更换驾驶员侧安全气囊模块,驾驶员侧安全气囊模块,1500,2025-01-04 12:51
M3440,F3440,更换进气温度传感器,进气温度传感器,380,2024-10-24 18:12
M3441,F3441,更换火花塞+缸线检查,铱金火花塞(4支),380,2024-03-13 11:00
M3442,F3442,更换轮速传感器,右前轮速传感器,260,2025-03-15 18:35
M3443,F3443,清洗节气门+燃油滤芯更换,燃油滤芯,420,2025-10-20 19:33
M3444,F3444,维修空调压缩机,压缩机电磁阀,580,2024-04-22 10:01
M3445,F3445,更换催化转化器,原厂催化转化器,2800,2024-10-12 16:06
M3446,F3446,更换涡轮增压器电磁阀,涡轮电磁阀,850,2024-05-15 10:59
M3447,F3447,更换刹车压力传感器,刹车压力传感器,480,2024-02-26 10:22
M3448,F3448,更换安全带传感器,主驾驶安全带传感器,320,2025-03-27 12:29
M3449,F3449,更换机油压力传感器,机油压力传感器,450,2025-05-10 11:43
M3450,F3450,维修ABS控制模块,ABS控制模块维修包,1200,2024-04-11 18:15
M3451,F3451,更换凸轮轴位置传感器,凸轮轴位置传感器,520,2025-03-04 14:14
M3452,F3452,维修安全气囊控制模块,安全气囊控制模块编程,800,2025-09-02 17:01
M3453,F3453,更换节气门位置传感器,节气门位置传感器,480,2024-11-12 17:04
M3454,F3454,更换左前轮速传感器,左前轮速传感器,280,2024-02-13 14:16
M3455,F3455,检查燃油蒸发系统管路,燃油蒸发管密封垫,350,2024-02-22 14:19
M3456,F3456,更换右前安全气囊传感器,右前安全气囊传感器,650,2024-05-23 17:05
M3457,F3457,升级ECM控制模块程序,ECM程序升级包,980,2024-11-16 17:54
M3458,F3458,更换右后轮速传感器,右后轮速传感器,270,2025-06-02 18:22
M3459,F3459,更换驾驶员侧安全气囊模块,驾驶员侧安全气囊模块,1500,2024-08-25 13:40
M3460,F3460,更换进气温度传感器,进气温度传感器,380,2025-04-13 10:28
M3461,F3461,更换火花塞+缸线检查,铱金火花塞(4支),380,2024-04-08 10:57
M3462,F3462,更换轮速传感器,右前轮速传感器,260,2025-10-25 10:19
M3463,F3463,清洗节气门+燃油滤芯更换,燃油滤芯,420,2024-02-23 16:43
M3464,F3464,维修空调压缩机,压缩机电磁阀,580,2024-09-09 17:29
M3465,F3465,更换催化转化器,原厂催化转化器,2800,2025-04-06 11:19
M3466,F3466,更换涡轮增压器电磁阀,涡轮电磁阀,850,2024-05-22 10:34
M3467,F3467,更换刹车压力传感器,刹车压力传感器,480,2024-04-26 11:29
M3468,F3468,更换安全带传感器,主驾驶安全带传感器,320,2024-03-08 10:53
M3469,F3469,更换机油压力传感器,机油压力传感器,450,2024-10-28 13:34
M3470,F3470,维修ABS控制模块,ABS控制模块维修包,1200,2025-08-19 17:02
M3471,F3471,更换凸轮轴位置传感器,凸轮轴位置传感器,520,2025-11-15 10:18
M3472,F3472,维修安全气囊控制模块,安全气囊控制模块编程,800,2025-12-25 14:49
M3473,F3473,更换节气门位置传感器,节气门位置传感器,480,2024-03-18 10:58
M3474,F3474,更换左前轮速传感器,左前轮速传感器,280,2025-10-15 12:49
M3475,F3475,检查燃油蒸发系统管路,燃油蒸发管密封垫,350,2024-07-12 18:03
M3476,F3476,更换右前安全气囊传感器,右前安全气囊传感器,650,2025-02-03 16:13
M3477,F3477,升级ECM控制模块程序,ECM程序升级包,980,2024-02-05 10:47
M3478,F3478,更换右后轮速传感器,右后轮速传感器,270,2025-11-24 14:30
M3479,F3479,更换驾驶员侧安全气囊模块,驾驶员侧安全气囊模块,1500,2024-02-06 12:02
M3480,F3480,更换进气温度传感器,进气温度传感器,380,2024-06-05 12:37
M3481,F3481,更换火花塞+缸线检查,铱金火花塞(4支),380,2024-01-20 16:56
M3482,F3482,更换轮速传感器,右前轮速传感器,260,2025-01-26 18:08
M3483,F3483,清洗节气门+燃油滤芯更换,燃油滤芯,420,2024-05-13 13:19
M3484,F3484,维修空调压缩机,压缩机电磁阀,580,2024-07-26 12:56
M3485,F3485,更换催化转化器,原厂催化转化器,2800,2024-11-25 15:16
M3486,F3486,更换涡轮增压器电磁阀,涡轮电磁阀,850,2024-05-11 15:08
M3487,F3487,更换刹车压力传感器,刹车压力传感器,480,2025-05-05 14:17
M3488,F3488,更换安全带传感器,主驾驶安全带传感器,320,2024-06-18 12:03
M3489,F3489,更换机油压力传感器,机油压力传感器,450,2025-08-15 17:34
M3490,F3490,维修ABS控制模块,ABS控制模块维修包,1200,2024-01-29 15:24
M3491,F3491,更换凸轮轴位置传感器,凸轮轴位置传感器,520,2025-10-09 16:16
M3492,F3492,维修安全气囊控制模块,安全气囊控制模块编程,800,2024-11-21 12:17
M3493,F3493,更换节气门位置传感器,节气门位置传感器,480,2024-10-22 09:45
M3494,F3494,更换左前轮速传感器,左前轮速传感器,280,2025-05-04 15:59
M3495,F3495,检查燃油蒸发系统管路,燃油蒸发管密封垫,350,2024-08-12 19:19
M3496,F3496,更换右前安全气囊传感器,右前安全气囊传感器,650,2024-12-19 13:42
M3497,F3497,升级ECM控制模块程序,ECM程序升级包,980,2024-01-09 10:06
M3498,F3498,更换右后轮速传感器,右后轮速传感器,270,2024-08-06 19:34
M3499,F3499,更换驾驶员侧安全气囊模块,驾驶员侧安全气囊模块,1500,2024-07-29 14:15
M3500,F3500,更换进气温度传感器,进气温度传感器,380,2025-02-11 13:42
M3501,F3501,更换火花塞+缸线检查,铱金火花塞(4支),380,2024-08-02 12:50
M3502,F3502,更换轮速传感器,右前轮速传感器,260,2024-05-19 16:15
M3503,F3503,清洗节气门+燃油滤芯更换,燃油滤芯,420,2024-05-06 17:38
M3504,F3504,维修空调压缩机,压缩机电磁阀,580,2024-11-16 17:17
M3505,F3505,更换催化转化器,原厂催化转化器,2800,2024-10-29 18:57
M3506,F3506,更换涡轮增压器电磁阀,涡轮电磁阀,850,2025-06-15 12:21
M3507,F3507,更换刹车压力传感器,刹车压力传感器,480,2025-12-02 11:27
M3508,F3508,更换安全带传感器,主驾驶安全带传感器,320,2025-12-06 17:31
M3509,F3509,更换机油压力传感器,机油压力传感器,450,2025-04-19 14:47
M3510,F3510,维修ABS控制模块,ABS控制模块维修包,1200,2024-05-18 14:50
M3511,F3511,更换凸轮轴位置传感器,凸轮轴位置传感器,520,2025-11-06 11:33
M3512,F3512,维修安全气囊控制模块,安全气囊控制模块编程,800,2024-12-31 10:02
M3513,F3513,更换节气门位置传感器,节气门位置传感器,480,2024-11-04 13:15
M3514,F3514,更换左前轮速传感器,左前轮速传感器,280,2025-04-16 11:51
M3515,F3515,检查燃油蒸发系统管路,燃油蒸发管密封垫,350,2025-12-18 16:59
M3516,F3516,更换右前安全气囊传感器,右前安全气囊传感器,650,2025-06-19 12:20
M3517,F3517,升级ECM控制模块程序,ECM程序升级包,980,2025-06-05 11:39
M3518,F3518,更换右后轮速传感器,右后轮速传感器,270,2024-07-28 14:30
M3519,F3519,更换驾驶员侧安全气囊模块,驾驶员侧安全气囊模块,1500,2024-05-23 16:14
M3520,F3520,更换进气温度传感器,进气温度传感器,380,2024-06-19 16:14
M3521,F3521,更换火花塞+缸线检查,铱金火花塞(4支),380,2024-01-08 10:06
M3522,F3522,更换轮速传感器,右前轮速传感器,260,2024-06-23 18:54
M3523,F3523,清洗节气门+燃油滤芯更换,燃油滤芯,420,2025-10-20 18:48
M3524,F3524,维修空调压缩机,压缩机电磁阀,580,2025-02-27 12:36
M3525,F3525,更换催化转化器,原厂催化转化器,2800,2024-08-11 12:37
M3526,F3526,更换涡轮增压器电磁阀,涡轮电磁阀,850,2025-06-14 11:20
M3527,F3527,更换刹车压力传感器,刹车压力传感器,480,2024-10-31 10:08
M3528,F3528,更换安全带传感器,主驾驶安全带传感器,320,2024-04-20 18:47
M3529,F3529,更换机油压力传感器,机油压力传感器,450,2025-07-17 17:26
M3530,F3530,维修ABS控制模块,ABS控制模块维修包,1200,2024-09-02 11:20
M3531,F3531,更换凸轮轴位置传感器,凸轮轴位置传感器,520,2024-05-18 16:06
M3532,F3532,维修安全气囊控制模块,安全气囊控制模块编程,800,2024-09-19 15:31
M3533,F3533,更换节气门位置传感器,节气门位置传感器,480,2024-04-18 18:12
M3534,F3534,更换左前轮速传感器,左前轮速传感器,280,2024-10-07 12:49
M3535,F3535,检查燃油蒸发系统管路,燃油蒸发管密封垫,350,2025-05-07 15:57
M3536,F3536,更换右前安全气囊传感器,右前安全气囊传感器,650,2025-10-14 13:21
M3537,F3537,升级ECM控制模块程序,ECM程序升级包,980,2024-01-12 18:07
M3538,F3538,更换右后轮速传感器,右后轮速传感器,270,2025-04-29 18:49
M3539,F3539,更换驾驶员侧安全气囊模块,驾驶员侧安全气囊模块,1500,2024-06-19 13:41
M3540,F3540,更换进气温度传感器,进气温度传感器,380,2024-08-28 12:16
M3541,F3541,更换火花塞+缸线检查,铱金火花塞(4支),380,2025-07-10 16:39
M3542,F3542,更换轮速传感器,右前轮速传感器,260,2025-11-16 14:13
M3543,F3543,清洗节气门+燃油滤芯更换,燃油滤芯,420,2025-07-13 10:54
M3544,F3544,维修空调压缩机,压缩机电磁阀,580,2024-07-15 10:48
M3545,F3545,更换催化转化器,原厂催化转化器,2800,2024-08-15 10:38
M3546,F3546,更换涡轮增压器电磁阀,涡轮电磁阀,850,2024-08-01 14:37
M3547,F3547,更换刹车压力传感器,刹车压力传感器,480,2025-12-04 16:37
M3548,F3548,更换安全带传感器,主驾驶安全带传感器,320,2025-04-24 14:39
M3549,F3549,更换机油压力传感器,机油压力传感器,450,2025-04-11 16:47
M3550,F3550,维修ABS控制模块,ABS控制模块维修包,1200,2025-04-29 11:37
M3551,F3551,更换凸轮轴位置传感器,凸轮轴位置传感器,520,2025-10-31 10:40
M3552,F3552,维修安全气囊控制模块,安全气囊控制模块编程,800,2024-05-13 12:21
M3553,F3553,更换节气门位置传感器,节气门位置传感器,480,2025-09-27 11:35
M3554,F3554,更换左前轮速传感器,左前轮速传感器,280,2024-11-27 18:26
M3555,F3555,检查燃油蒸发系统管路,燃油蒸发管密封垫,350,2025-09-10 17:40
M3556,F3556,更换右前安全气囊传感器,右前安全气囊传感器,650,2025-11-25 10:53
M3557,F3557,升级ECM控制模块程序,ECM程序升级包,980,2025-09-08 15:57
M3558,F3558,更换右后轮速传感器,右后轮速传感器,270,2025-12-10 16:53
M3559,F3559,更换驾驶员侧安全气囊模块,驾驶员侧安全气囊模块,1500,2025-12-24 12:25
M3560,F3560,更换进气温度传感器,进气温度传感器,380,2024-04-16 18:12
M3561,F3561,更换火花塞+缸线检查,铱金火花塞(4支),380,2024-09-02 11:25
M3562,F3562,更换轮速传感器,右前轮速传感器,260,2025-08-17 18:55
M3563,F3563,清洗节气门+燃油滤芯更换,燃油滤芯,420,2024-01-07 10:54
M3564,F3564,维修空调压缩机,压缩机电磁阀,580,2024-07-05 16:23
M3565,F3565,更换催化转化器,原厂催化转化器,2800,2025-05-04 17:59
M3566,F3566,更换涡轮增压器电磁阀,涡轮电磁阀,850,2025-02-26 13:32
M3567,F3567,更换刹车压力传感器,刹车压力传感器,480,2025-04-14 10:00
M3568,F3568,更换安全带传感器,主驾驶安全带传感器,320,2024-07-05 10:35
M3569,F3569,更换机油压力传感器,机油压力传感器,450,2024-05-04 15:38
M3570,F3570,维修ABS控制模块,ABS控制模块维修包,1200,2025-10-23 13:50
M3571,F3571,更换凸轮轴位置传感器,凸轮轴位置传感器,520,2024-10-04 14:44
M3572,F3572,维修安全气囊控制模块,安全气囊控制模块编程,800,2025-03-08 14:46
M3573,F3573,更换节气门位置传感器,节气门位置传感器,480,2024-07-09 16:30
M3574,F3574,更换左前轮速传感器,左前轮速传感器,280,2025-10-23 12:04
M3575,F3575,检查燃油蒸发系统管路,燃油蒸发管密封垫,350,2024-03-29 19:17
M3576,F3576,更换右前安全气囊传感器,右前安全气囊传感器,650,2025-02-08 14:14
M3577,F3577,升级ECM控制模块程序,ECM程序升级包,980,2025-05-03 19:53
M3578,F3578,更换右后轮速传感器,右后轮速传感器,270,2024-01-16 18:37
M3579,F3579,更换驾驶员侧安全气囊模块,驾驶员侧安全气囊模块,1500,2025-12-13 18:02
M3580,F3580,更换进气温度传感器,进气温度传感器,380,2024-12-18 16:19
M3581,F3581,更换火花塞+缸线检查,铱金火花塞(4支),380,2025-10-30 17:50
M3582,F3582,更换轮速传感器,右前轮速传感器,260,2025-11-07 10:33
M3583,F3583,清洗节气门+燃油滤芯更换,燃油滤芯,420,2024-04-30 18:01
M3584,F3584,维修空调压缩机,压缩机电磁阀,580,2025-01-15 10:19
M3585,F3585,更换催化转化器,原厂催化转化器,2800,2024-08-19 18:33
M3586,F3586,更换涡轮增压器电磁阀,涡轮电磁阀,850,2024-06-17 18:33
M3587,F3587,更换刹车压力传感器,刹车压力传感器,480,2025-09-13 10:49
M3588,F3588,更换安全带传感器,主驾驶安全带传感器,320,2024-01-10 16:49
M3589,F3589,更换机油压力传感器,机油压力传感器,450,2025-04-25 18:11
M3590,F3590,维修ABS控制模块,ABS控制模块维修包,1200,2024-02-20 15:43
M3591,F3591,更换凸轮轴位置传感器,凸轮轴位置传感器,520,2024-10-27 18:12
M3592,F3592,维修安全气囊控制模块,安全气囊控制模块编程,800,2024-09-16 18:28
M3593,F3593,更换节气门位置传感器,节气门位置传感器,480,2025-12-14 15:02
M3594,F3594,更换左前轮速传感器,左前轮速传感器,280,2025-05-02 19:37
M3595,F3595,检查燃油蒸发系统管路,燃油蒸发管密封垫,350,2025-12-09 10:40
M3596,F3596,更换右前安全气囊传感器,右前安全气囊传感器,650,2025-08-24 15:52
M3597,F3597,升级ECM控制模块程序,ECM程序升级包,980,2024-08-06 15:45
M3598,F3598,更换右后轮速传感器,右后轮速传感器,270,2025-11-09 17:37
M3599,F3599,更换驾驶员侧安全气囊模块,驾驶员侧安全气囊模块,1500,2025-02-15 11:38
M3600,F3600,更换进气温度传感器,进气温度传感器,380,2025-12-05 17:05
M3601,F3601,更换火花塞+缸线检查,铱金火花塞(4支),380,2025-01-11 16:47
M3602,F3602,更换轮速传感器,右前轮速传感器,260,2025-04-01 15:03
M3603,F3603,清洗节气门+燃油滤芯更换,燃油滤芯,420,2024-06-08 16:05
M3604,F3604,维修空调压缩机,压缩机电磁阀,580,2025-03-19 16:23
M3605,F3605,更换催化转化器,原厂催化转化器,2800,2025-10-21 15:36
M3606,F3606,更换涡轮增压器电磁阀,涡轮电磁阀,850,2025-10-09 10:37
M3607,F3607,更换刹车压力传感器,刹车压力传感器,480,2024-06-04 13:29
M3608,F3608,更换安全带传感器,主驾驶安全带传感器,320,2024-10-06 10:35
M3609,F3609,更换机油压力传感器,机油压力传感器,450,2025-02-05 11:23
M3610,F3610,维修ABS控制模块,ABS控制模块维修包,1200,2024-10-23 15:54
M3611,F3611,更换凸轮轴位置传感器,凸轮轴位置传感器,520,2024-05-14 19:15
M3612,F3612,维修安全气囊控制模块,安全气囊控制模块编程,800,2025-04-05 17:56
M3613,F3613,更换节气门位置传感器,节气门位置传感器,480,2025-01-09 12:45
M3614,F3614,更换左前轮速传感器,左前轮速传感器,280,2024-10-29 10:33
M3615,F3615,检查燃油蒸发系统管路,燃油蒸发管密封垫,350,2024-02-14 11:53
M3616,F3616,更换右前安全气囊传感器,右前安全气囊传感器,650,2024-04-17 18:36
M3617,F3617,升级ECM控制模块程序,ECM程序升级包,980,2025-12-08 16:16
M3618,F3618,更换右后轮速传感器,右后轮速传感器,270,2025-05-26 17:33
M3619,F3619,更换驾驶员侧安全气囊模块,驾驶员侧安全气囊模块,1500,2025-08-30 18:18
M3620,F3620,更换进气温度传感器,进气温度传感器,380,2024-05-29 11:23
M3621,F3621,更换火花塞+缸线检查,铱金火花塞(4支),380,2025-03-06 15:31
M3622,F3622,更换轮速传感器,右前轮速传感器,260,2025-07-02 12:41
M3623,F3623,清洗节气门+燃油滤芯更换,燃油滤芯,420,2024-07-27 16:08
M3624,F3624,维修空调压缩机,压缩机电磁阀,580,2024-10-20 13:43
M3625,F3625,更换催化转化器,原厂催化转化器,2800,2025-02-20 16:54
M3626,F3626,更换涡轮增压器电磁阀,涡轮电磁阀,850,2024-11-18 11:16
M3627,F3627,更换刹车压力传感器,刹车压力传感器,480,2024-11-08 18:51
M3628,F3628,更换安全带传感器,主驾驶安全带传感器,320,2024-10-27 12:03
M3629,F3629,更换机油压力传感器,机油压力传感器,450,2024-12-12 09:01
M3630,F3630,维修ABS控制模块,ABS控制模块维修包,1200,2025-03-28 19:49
M3631,F3631,更换凸轮轴位置传感器,凸轮轴位置传感器,520,2025-07-22 11:06
M3632,F3632,维修安全气囊控制模块,安全气囊控制模块编程,800,2024-12-15 16:13
M3633,F3633,更换节气门位置传感器,节气门位置传感器,480,2025-01-20 17:46
M3634,F3634,更换左前轮速传感器,左前轮速传感器,280,2024-07-17 19:25
M3635,F3635,检查燃油蒸发系统管路,燃油蒸发管密封垫,350,2024-01-13 18:18
M3636,F3636,更换右前安全气囊传感器,右前安全气囊传感器,650,2025-02-07 10:22
M3637,F3637,升级ECM控制模块程序,ECM程序升级包,980,2025-12-18 12:55
M3638,F3638,更换右后轮速传感器,右后轮速传感器,270,2024-03-10 18:31
M3639,F3639,更换驾驶员侧安全气囊模块,驾驶员侧安全气囊模块,1500,2025-07-30 16:45
M3640,F3640,更换进气温度传感器,进气温度传感器,380,2024-07-09 10:04
M3641,F3641,更换火花塞+缸线检查,铱金火花塞(4支),380,2025-04-18 09:35
M3642,F3642,更换轮速传感器,右前轮速传感器,260,2024-11-01 15:21
M3643,F3643,清洗节气门+燃油滤芯更换,燃油滤芯,420,2025-02-04 15:48
M3644,F3644,维修空调压缩机,压缩机电磁阀,580,2024-10-21 10:33
M3645,F3645,更换催化转化器,原厂催化转化器,2800,2025-02-23 11:07
M3646,F3646,更换涡轮增压器电磁阀,涡轮电磁阀,850,2024-02-07 09:58
M3647,F3647,更换刹车压力传感器,刹车压力传感器,480,2025-10-03 14:13
M3648,F3648,更换安全带传感器,主驾驶安全带传感器,320,2025-12-03 09:33
M3649,F3649,更换机油压力传感器,机油压力传感器,450,2024-05-04 19:35
M3650,F3650,维修ABS控制模块,ABS控制模块维修包,1200,2025-02-21 18:16
M3651,F3651,更换凸轮轴位置传感器,凸轮轴位置传感器,520,2024-11-15 12:26
M3652,F3652,维修安全气囊控制模块,安全气囊控制模块编程,800,2024-08-25 17:14
M3653,F3653,更换节气门位置传感器,节气门位置传感器,480,2024-03-05 11:03
M3654,F3654,更换左前轮速传感器,左前轮速传感器,280,2024-11-08 17:59
M3655,F3655,检查燃油蒸发系统管路,燃油蒸发管密封垫,350,2025-11-28 15:44
M3656,F3656,更换右前安全气囊传感器,右前安全气囊传感器,650,2025-08-07 17:04
M3657,F3657,升级ECM控制模块程序,ECM程序升级包,980,2024-07-21 19:15
M3658,F3658,更换右后轮速传感器,右后轮速传感器,270,2025-08-19 13:56
M3659,F3659,更换驾驶员侧安全气囊模块,驾驶员侧安全气囊模块,1500,2024-06-11 15:03
M3660,F3660,更换进气温度传感器,进气温度传感器,380,2025-01-15 18:20
M3661,F3661,更换火花塞+缸线检查,铱金火花塞(4支),380,2025-12-01 18:19
M3662,F3662,更换轮速传感器,右前轮速传感器,260,2025-04-24 12:45
M3663,F3663,清洗节气门+燃油滤芯更换,燃油滤芯,420,2025-01-20 12:51
M3664,F3664,维修空调压缩机,压缩机电磁阀,580,2025-02-04 12:09
M3665,F3665,更换催化转化器,原厂催化转化器,2800,2025-01-03 14:32
M3666,F3666,更换涡轮增压器电磁阀,涡轮电磁阀,850,2025-06-10 17:24
M3667,F3667,更换刹车压力传感器,刹车压力传感器,480,2025-02-25 14:14
M3668,F3668,更换安全带传感器,主驾驶安全带传感器,320,2024-10-18 16:26
M3669,F3669,更换机油压力传感器,机油压力传感器,450,2025-03-14 19:51
M3670,F3670,维修ABS控制模块,ABS控制模块维修包,1200,2024-11-23 17:30
M3671,F3671,更换凸轮轴位置传感器,凸轮轴位置传感器,520,2025-11-11 18:15
M3672,F3672,维修安全气囊控制模块,安全气囊控制模块编程,800,2024-04-17 13:07
M3673,F3673,更换节气门位置传感器,节气门位置传感器,480,2025-06-02 16:49
M3674,F3674,更换左前轮速传感器,左前轮速传感器,280,2025-05-02 14:20
M3675,F3675,检查燃油蒸发系统管路,燃油蒸发管密封垫,350,2024-02-15 12:51
M3676,F3676,更换右前安全气囊传感器,右前安全气囊传感器,650,2024-09-12 14:41
M3677,F3677,升级ECM控制模块程序,ECM程序升级包,980,2025-05-09 17:58
M3678,F3678,更换右后轮速传感器,右后轮速传感器,270,2025-07-27 12:29
M3679,F3679,更换驾驶员侧安全气囊模块,驾驶员侧安全气囊模块,1500,2025-04-19 12:07
M3680,F3680,更换进气温度传感器,进气温度传感器,380,2024-05-31 16:40
M3681,F3681,更换火花塞+缸线检查,铱金火花塞(4支),380,2025-03-06 17:23
M3682,F3682,更换轮速传感器,右前轮速传感器,260,2025-01-20 13:14
M3683,F3683,清洗节气门+燃油滤芯更换,燃油滤芯,420,2025-01-18 13:33
M3684,F3684,维修空调压缩机,压缩机电磁阀,580,2025-05-20 14:37
M3685,F3685,更换催化转化器,原厂催化转化器,2800,2024-10-03 11:04
M3686,F3686,更换涡轮增压器电磁阀,涡轮电磁阀,850,2025-02-10 18:55
M3687,F3687,更换刹车压力传感器,刹车压力传感器,480,2025-08-31 09:34
M3688,F3688,更换安全带传感器,主驾驶安全带传感器,320,2024-09-16 11:52
M3689,F3689,更换机油压力传感器,机油压力传感器,450,2025-07-14 12:09
M3690,F3690,维修ABS控制模块,ABS控制模块维修包,1200,2025-05-24 11:49
M3691,F3691,更换凸轮轴位置传感器,凸轮轴位置传感器,520,2024-12-08 19:14
M3692,F3692,维修安全气囊控制模块,安全气囊控制模块编程,800,2024-09-10 12:15
M3693,F3693,更换节气门位置传感器,节气门位置传感器,480,2025-11-01 11:04
M3694,F3694,更换左前轮速传感器,左前轮速传感器,280,2025-02-20 19:18
M3695,F3695,检查燃油蒸发系统管路,燃油蒸发管密封垫,350,2025-10-19 15:48
M3696,F3696,更换右前安全气囊传感器,右前安全气囊传感器,650,2024-06-16 11:15
M3697,F3697,升级ECM控制模块程序,ECM程序升级包,980,2024-07-08 16:23
M3698,F3698,更换右后轮速传感器,右后轮速传感器,270,2025-01-05 13:21
M3699,F3699,更换驾驶员侧安全气囊模块,驾驶员侧安全气囊模块,1500,2024-11-04 12:36
M3700,F3700,更换进气温度传感器,进气温度传感器,380,2025-12-21 14:21
M3701,F3701,更换火花塞+缸线检查,铱金火花塞(4支),380,2025-01-18 18:12
M3702,F3702,更换轮速传感器,右前轮速传感器,260,2025-06-15 11:11
M3703,F3703,清洗节气门+燃油滤芯更换,燃油滤芯,420,2025-09-16 15:13
M3704,F3704,维修空调压缩机,压缩机电磁阀,580,2025-07-08 13:44
M3705,F3705,更换催化转化器,原厂催化转化器,2800,2024-04-17 18:47
M3706,F3706,更换涡轮增压器电磁阀,涡轮电磁阀,850,2024-02-20 15:26
M3707,F3707,更换刹车压力传感器,刹车压力传感器,480,2024-06-25 10:36
M3708,F3708,更换安全带传感器,主驾驶安全带传感器,320,2024-07-18 16:51
M3709,F3709,更换机油压力传感器,机油压力传感器,450,2024-02-10 11:19
M3710,F3710,维修ABS控制模块,ABS控制模块维修包,1200,2024-07-30 12:30
M3711,F3711,更换凸轮轴位置传感器,凸轮轴位置传感器,520,2025-09-21 18:03
M3712,F3712,维修安全气囊控制模块,安全气囊控制模块编程,800,2025-10-19 17:40
M3713,F3713,更换节气门位置传感器,节气门位置传感器,480,2024-10-27 14:17
M3714,F3714,更换左前轮速传感器,左前轮速传感器,280,2024-10-26 14:12
M3715,F3715,检查燃油蒸发系统管路,燃油蒸发管密封垫,350,2024-10-06 14:09
M3716,F3716,更换右前安全气囊传感器,右前安全气囊传感器,650,2024-07-22 10:47
M3717,F3717,升级ECM控制模块程序,ECM程序升级包,980,2025-04-02 11:41
M3718,F3718,更换右后轮速传感器,右后轮速传感器,270,2025-07-18 12:37
M3719,F3719,更换驾驶员侧安全气囊模块,驾驶员侧安全气囊模块,1500,2024-09-23 12:06
M3720,F3720,更换进气温度传感器,进气温度传感器,380,2024-03-26 13:53
M3721,F3721,更换火花塞+缸线检查,铱金火花塞(4支),380,2024-06-17 17:34
M3722,F3722,更换轮速传感器,右前轮速传感器,260,2025-05-18 15:42
M3723,F3723,清洗节气门+燃油滤芯更换,燃油滤芯,420,2024-11-22 16:45
M3724,F3724,维修空调压缩机,压缩机电磁阀,580,2025-04-30 17:08
M3725,F3725,更换催化转化器,原厂催化转化器,2800,2024-08-24 14:05
M3726,F3726,更换涡轮增压器电磁阀,涡轮电磁阀,850,2024-05-28 14:36
M3727,F3727,更换刹车压力传感器,刹车压力传感器,480,2025-12-12 15:22
M3728,F3728,更换安全带传感器,主驾驶安全带传感器,320,2024-01-02 18:57
M3729,F3729,更换机油压力传感器,机油压力传感器,450,2024-11-03 12:31
M3730,F3730,维修ABS控制模块,ABS控制模块维修包,1200,2025-12-10 14:34
M3731,F3731,更换凸轮轴位置传感器,凸轮轴位置传感器,520,2025-07-05 13:53
M3732,F3732,维修安全气囊控制模块,安全气囊控制模块编程,800,2025-04-16 14:16
M3733,F3733,更换节气门位置传感器,节气门位置传感器,480,2024-01-31 10:38
M3734,F3734,更换左前轮速传感器,左前轮速传感器,280,2024-01-04 14:08
M3735,F3735,检查燃油蒸发系统管路,燃油蒸发管密封垫,350,2024-08-24 16:42
M3736,F3736,更换右前安全气囊传感器,右前安全气囊传感器,650,2024-05-14 09:34
M3737,F3737,升级ECM控制模块程序,ECM程序升级包,980,2024-09-13 17:34
M3738,F3738,更换右后轮速传感器,右后轮速传感器,270,2024-06-23 17:25
M3739,F3739,更换驾驶员侧安全气囊模块,驾驶员侧安全气囊模块,1500,2025-10-22 16:21
M3740,F3740,更换进气温度传感器,进气温度传感器,380,2024-08-30 15:38
M3741,F3741,更换火花塞+缸线检查,铱金火花塞(4支),380,2024-06-05 09:11
M3742,F3742,更换轮速传感器,右前轮速传感器,260,2025-06-03 17:45
M3743,F3743,清洗节气门+燃油滤芯更换,燃油滤芯,420,2025-01-08 15:06
M3744,F3744,维修空调压缩机,压缩机电磁阀,580,2024-05-17 17:13
M3745,F3745,更换催化转化器,原厂催化转化器,2800,2025-04-04 09:27
M3746,F3746,更换涡轮增压器电磁阀,涡轮电磁阀,850,2024-08-20 09:51
M3747,F3747,更换刹车压力传感器,刹车压力传感器,480,2024-06-01 19:58
M3748,F3748,更换安全带传感器,主驾驶安全带传感器,320,2025-01-27 16:12
M3749,F3749,更换机油压力传感器,机油压力传感器,450,2024-05-10 16:47
M3750,F3750,维修ABS控制模块,ABS控制模块维修包,1200,2024-12-24 14:53
M3751,F3751,更换凸轮轴位置传感器,凸轮轴位置传感器,520,2024-05-17 12:18
M3752,F3752,维修安全气囊控制模块,安全气囊控制模块编程,800,2024-04-07 13:20
M3753,F3753,更换节气门位置传感器,节气门位置传感器,480,2024-07-13 13:10
M3754,F3754,更换左前轮速传感器,左前轮速传感器,280,2025-04-26 16:44
M3755,F3755,检查燃油蒸发系统管路,燃油蒸发管密封垫,350,2025-11-27 18:33
M3756,F3756,更换右前安全气囊传感器,右前安全气囊传感器,650,2024-07-08 15:56
M3757,F3757,升级ECM控制模块程序,ECM程序升级包,980,2024-12-12 19:59
M3758,F3758,更换右后轮速传感器,右后轮速传感器,270,2025-04-07 10:27
M3759,F3759,更换驾驶员侧安全气囊模块,驾驶员侧安全气囊模块,1500,2024-07-09 11:07
M3760,F3760,更换进气温度传感器,进气温度传感器,380,2024-11-13 17:45
M3761,F3761,更换火花塞+缸线检查,铱金火花塞(4支),380,2025-08-06 16:35
M3762,F3762,更换轮速传感器,右前轮速传感器,260,2024-06-14 14:53
M3763,F3763,清洗节气门+燃油滤芯更换,燃油滤芯,420,2025-09-21 15:18
M3764,F3764,维修空调压缩机,压缩机电磁阀,580,2024-06-20 09:46
M3765,F3765,更换催化转化器,原厂催化转化器,2800,2025-04-20 09:00
M3766,F3766,更换涡轮增压器电磁阀,涡轮电磁阀,850,2024-07-07 09:35
M3767,F3767,更换刹车压力传感器,刹车压力传感器,480,2024-05-08 18:06
M3768,F3768,更换安全带传感器,主驾驶安全带传感器,320,2024-07-07 14:50
M3769,F3769,更换机油压力传感器,机油压力传感器,450,2024-10-13 18:04
M3770,F3770,维修ABS控制模块,ABS控制模块维修包,1200,2025-06-25 10:10
M3771,F3771,更换凸轮轴位置传感器,凸轮轴位置传感器,520,2024-01-30 12:43
M3772,F3772,维修安全气囊控制模块,安全气囊控制模块编程,800,2025-05-07 18:28
M3773,F3773,更换节气门位置传感器,节气门位置传感器,480,2024-07-14 11:39
M3774,F3774,更换左前轮速传感器,左前轮速传感器,280,2025-08-28 16:25
M3775,F3775,检查燃油蒸发系统管路,燃油蒸发管密封垫,350,2025-01-16 12:04
M3776,F3776,更换右前安全气囊传感器,右前安全气囊传感器,650,2024-12-27 14:50
M3777,F3777,升级ECM控制模块程序,ECM程序升级包,980,2025-03-28 16:28
M3778,F3778,更换右后轮速传感器,右后轮速传感器,270,2024-07-05 11:12
M3779,F3779,更换驾驶员侧安全气囊模块,驾驶员侧安全气囊模块,1500,2025-05-14 12:59
M3780,F3780,更换进气温度传感器,进气温度传感器,380,2025-09-17 11:40
M3781,F3781,更换火花塞+缸线检查,铱金火花塞(4支),380,2024-12-03 19:17
M3782,F3782,更换轮速传感器,右前轮速传感器,260,2024-10-22 17:43
M3783,F3783,清洗节气门+燃油滤芯更换,燃油滤芯,420,2024-02-02 17:29
M3784,F3784,维修空调压缩机,压缩机电磁阀,580,2024-05-05 14:43
M3785,F3785,更换催化转化器,原厂催化转化器,2800,2024-01-10 14:21
M3786,F3786,更换涡轮增压器电磁阀,涡轮电磁阀,850,2024-10-18 18:30
M3787,F3787,更换刹车压力传感器,刹车压力传感器,480,2025-11-11 19:34
M3788,F3788,更换安全带传感器,主驾驶安全带传感器,320,2025-12-09 16:30
M3789,F3789,更换机油压力传感器,机油压力传感器,450,2024-03-10 15:17
M3790,F3790,维修ABS控制模块,ABS控制模块维修包,1200,2025-01-12 14:13
M3791,F3791,更换凸轮轴位置传感器,凸轮轴位置传感器,520,2024-06-17 10:35
M3792,F3792,维修安全气囊控制模块,安全气囊控制模块编程,800,2024-06-28 16:55
M3793,F3793,更换节气门位置传感器,节气门位置传感器,480,2025-07-20 10:11
M3794,F3794,更换左前轮速传感器,左前轮速传感器,280,2025-03-31 18:29
M3795,F3795,检查燃油蒸发系统管路,燃油蒸发管密封垫,350,2025-06-09 11:28
M3796,F3796,更换右前安全气囊传感器,右前安全气囊传感器,650,2024-10-14 14:34
M3797,F3797,升级ECM控制模块程序,ECM程序升级包,980,2024-09-26 09:40
M3798,F3798,更换右后轮速传感器,右后轮速传感器,270,2025-10-26 15:07
M3799,F3799,更换驾驶员侧安全气囊模块,驾驶员侧安全气囊模块,1500,2024-11-21 09:00
M3800,F3800,更换进气温度传感器,进气温度传感器,380,2025-06-15 15:36
M3801,F3801,更换火花塞+缸线检查,铱金火花塞(4支),380,2024-07-21 11:52
M3802,F3802,更换轮速传感器,右前轮速传感器,260,2025-06-11 15:07
M3803,F3803,清洗节气门+燃油滤芯更换,燃油滤芯,420,2025-12-20 15:14
M3804,F3804,维修空调压缩机,压缩机电磁阀,580,2024-09-12 14:17
M3805,F3805,更换催化转化器,原厂催化转化器,2800,2025-04-16 10:17
M3806,F3806,更换涡轮增压器电磁阀,涡轮电磁阀,850,2025-03-13 17:05
M3807,F3807,更换刹车压力传感器,刹车压力传感器,480,2024-01-03 13:10
M3808,F3808,更换安全带传感器,主驾驶安全带传感器,320,2024-06-15 09:29
M3809,F3809,更换机油压力传感器,机油压力传感器,450,2024-09-08 09:12
M3810,F3810,维修ABS控制模块,ABS控制模块维修包,1200,2024-12-18 11:15
M3811,F3811,更换凸轮轴位置传感器,凸轮轴位置传感器,520,2024-05-25 17:45
M3812,F3812,维修安全气囊控制模块,安全气囊控制模块编程,800,2024-06-10 12:59
M3813,F3813,更换节气门位置传感器,节气门位置传感器,480,2024-10-04 19:44
M3814,F3814,更换左前轮速传感器,左前轮速传感器,280,2025-11-11 15:24
M3815,F3815,检查燃油蒸发系统管路,燃油蒸发管密封垫,350,2025-07-30 17:08
M3816,F3816,更换右前安全气囊传感器,右前安全气囊传感器,650,2025-06-24 14:31
M3817,F3817,升级ECM控制模块程序,ECM程序升级包,980,2025-04-04 13:25
M3818,F3818,更换右后轮速传感器,右后轮速传感器,270,2025-02-09 12:13
M3819,F3819,更换驾驶员侧安全气囊模块,驾驶员侧安全气囊模块,1500,2025-09-22 17:36
M3820,F3820,更换进气温度传感器,进气温度传感器,380,2024-05-24 10:27
M3821,F3821,更换火花塞+缸线检查,铱金火花塞(4支),380,2024-11-03 10:04
M3822,F3822,更换轮速传感器,右前轮速传感器,260,2024-07-01 09:39
M3823,F3823,清洗节气门+燃油滤芯更换,燃油滤芯,420,2025-10-22 11:51
M3824,F3824,维修空调压缩机,压缩机电磁阀,580,2025-02-27 15:00
M3825,F3825,更换催化转化器,原厂催化转化器,2800,2025-08-10 11:02
M3826,F3826,更换涡轮增压器电磁阀,涡轮电磁阀,850,2024-11-03 17:11
M3827,F3827,更换刹车压力传感器,刹车压力传感器,480,2025-06-06 17:24
M3828,F3828,更换安全带传感器,主驾驶安全带传感器,320,2025-10-24 17:37
M3829,F3829,更换机油压力传感器,机油压力传感器,450,2024-07-17 10:22
M3830,F3830,维修ABS控制模块,ABS控制模块维修包,1200,2024-04-13 18:15
M3831,F3831,更换凸轮轴位置传感器,凸轮轴位置传感器,520,2025-02-17 18:30
M3832,F3832,维修安全气囊控制模块,安全气囊控制模块编程,800,2025-07-05 14:44
M3833,F3833,更换节气门位置传感器,节气门位置传感器,480,2025-05-06 14:23
M3834,F3834,更换左前轮速传感器,左前轮速传感器,280,2024-05-28 12:21
M3835,F3835,检查燃油蒸发系统管路,燃油蒸发管密封垫,350,2024-07-17 15:09
M3836,F3836,更换右前安全气囊传感器,右前安全气囊传感器,650,2025-02-17 18:17
M3837,F3837,升级ECM控制模块程序,ECM程序升级包,980,2025-02-15 14:18
M3838,F3838,更换右后轮速传感器,右后轮速传感器,270,2025-08-25 19:21
M3839,F3839,更换驾驶员侧安全气囊模块,驾驶员侧安全气囊模块,1500,2024-09-27 18:19
M3840,F3840,更换进气温度传感器,进气温度传感器,380,2025-04-30 12:42
M3841,F3841,更换火花塞+缸线检查,铱金火花塞(4支),380,2024-04-26 12:03
M3842,F3842,更换轮速传感器,右前轮速传感器,260,2025-07-28 16:01
M3843,F3843,清洗节气门+燃油滤芯更换,燃油滤芯,420,2024-04-12 09:17
M3844,F3844,维修空调压缩机,压缩机电磁阀,580,2024-05-04 09:07
M3845,F3845,更换催化转化器,原厂催化转化器,2800,2024-12-17 17:51
M3846,F3846,更换涡轮增压器电磁阀,涡轮电磁阀,850,2025-04-22 15:20
M3847,F3847,更换刹车压力传感器,刹车压力传感器,480,2024-12-28 17:46
M3848,F3848,更换安全带传感器,主驾驶安全带传感器,320,2025-01-14 14:12
M3849,F3849,更换机油压力传感器,机油压力传感器,450,2025-04-01 15:59
M3850,F3850,维修ABS控制模块,ABS控制模块维修包,1200,2024-11-19 17:25
M3851,F3851,更换凸轮轴位置传感器,凸轮轴位置传感器,520,2025-02-12 17:12
M3852,F3852,维修安全气囊控制模块,安全气囊控制模块编程,800,2025-01-10 15:31
M3853,F3853,更换节气门位置传感器,节气门位置传感器,480,2024-10-30 14:49
M3854,F3854,更换左前轮速传感器,左前轮速传感器,280,2024-07-27 16:19
M3855,F3855,检查燃油蒸发系统管路,燃油蒸发管密封垫,350,2024-03-16 18:51
M3856,F3856,更换右前安全气囊传感器,右前安全气囊传感器,650,2025-10-15 16:39
M3857,F3857,升级ECM控制模块程序,ECM程序升级包,980,2024-09-20 11:00
M3858,F3858,更换右后轮速传感器,右后轮速传感器,270,2024-10-02 18:55
M3859,F3859,更换驾驶员侧安全气囊模块,驾驶员侧安全气囊模块,1500,2024-06-17 11:36
M3860,F3860,更换进气温度传感器,进气温度传感器,380,2024-03-19 10:28
M3861,F3861,更换火花塞+缸线检查,铱金火花塞(4支),380,2025-05-14 16:08
M3862,F3862,更换轮速传感器,右前轮速传感器,260,2025-02-03 18:41
M3863,F3863,清洗节气门+燃油滤芯更换,燃油滤芯,420,2024-10-26 14:53
M3864,F3864,维修空调压缩机,压缩机电磁阀,580,2024-03-17 17:14
M3865,F3865,更换催化转化器,原厂催化转化器,2800,2024-01-17 18:53
M3866,F3866,更换涡轮增压器电磁阀,涡轮电磁阀,850,2025-05-26 12:06
M3867,F3867,更换刹车压力传感器,刹车压力传感器,480,2025-10-29 12:53
M3868,F3868,更换安全带传感器,主驾驶安全带传感器,320,2024-02-25 16:35
M3869,F3869,更换机油压力传感器,机油压力传感器,450,2024-08-10 09:56
M3870,F3870,维修ABS控制模块,ABS控制模块维修包,1200,2025-09-15 15:04
M3871,F3871,更换凸轮轴位置传感器,凸轮轴位置传感器,520,2025-12-20 09:36
M3872,F3872,维修安全气囊控制模块,安全气囊控制模块编程,800,2024-05-08 17:49
M3873,F3873,更换节气门位置传感器,节气门位置传感器,480,2025-10-18 12:07
M3874,F3874,更换左前轮速传感器,左前轮速传感器,280,2024-11-14 14:37
M3875,F3875,检查燃油蒸发系统管路,燃油蒸发管密封垫,350,2024-05-18 14:11
M3876,F3876,更换右前安全气囊传感器,右前安全气囊传感器,650,2024-05-29 09:37
M3877,F3877,升级ECM控制模块程序,ECM程序升级包,980,2025-05-29 15:30
M3878,F3878,更换右后轮速传感器,右后轮速传感器,270,2024-08-20 16:45
M3879,F3879,更换驾驶员侧安全气囊模块,驾驶员侧安全气囊模块,1500,2025-11-18 19:41
M3880,F3880,更换进气温度传感器,进气温度传感器,380,2025-11-14 13:16
M3881,F3881,更换火花塞+缸线检查,铱金火花塞(4支),380,2024-04-21 10:44
M3882,F3882,更换轮速传感器,右前轮速传感器,260,2025-06-16 13:15
M3883,F3883,清洗节气门+燃油滤芯更换,燃油滤芯,420,2025-03-03 12:35
M3884,F3884,维修空调压缩机,压缩机电磁阀,580,2025-05-14 13:18
M3885,F3885,更换催化转化器,原厂催化转化器,2800,2025-07-22 12:53
M3886,F3886,更换涡轮增压器电磁阀,涡轮电磁阀,850,2024-08-24 11:34
M3887,F3887,更换刹车压力传感器,刹车压力传感器,480,2025-11-17 17:14
M3888,F3888,更换安全带传感器,主驾驶安全带传感器,320,2024-12-28 13:34
M3889,F3889,更换机油压力传感器,机油压力传感器,450,2025-10-21 17:28
M3890,F3890,维修ABS控制模块,ABS控制模块维修包,1200,2024-09-05 15:22
M3891,F3891,更换凸轮轴位置传感器,凸轮轴位置传感器,520,2025-02-18 14:28
M3892,F3892,维修安全气囊控制模块,安全气囊控制模块编程,800,2024-07-15 13:05
M3893,F3893,更换节气门位置传感器,节气门位置传感器,480,2025-01-22 18:56
M3894,F3894,更换左前轮速传感器,左前轮速传感器,280,2024-03-01 13:13
M3895,F3895,检查燃油蒸发系统管路,燃油蒸发管密封垫,350,2025-02-18 17:44
M3896,F3896,更换右前安全气囊传感器,右前安全气囊传感器,650,2024-09-01 17:13
M3897,F3897,升级ECM控制模块程序,ECM程序升级包,980,2025-09-06 11:17
M3898,F3898,更换右后轮速传感器,右后轮速传感器,270,2025-11-13 12:58
M3899,F3899,更换驾驶员侧安全气囊模块,驾驶员侧安全气囊模块,1500,2024-11-11 12:02
M3900,F3900,更换进气温度传感器,进气温度传感器,380,2024-11-14 18:35
M3901,F3901,更换火花塞+缸线检查,铱金火花塞(4支),380,2025-11-12 12:55
M3902,F3902,更换轮速传感器,右前轮速传感器,260,2025-01-06 09:45
M3903,F3903,清洗节气门+燃油滤芯更换,燃油滤芯,420,2025-06-18 11:19
M3904,F3904,维修空调压缩机,压缩机电磁阀,580,2024-03-23 12:43
M3905,F3905,更换催化转化器,原厂催化转化器,2800,2025-01-04 15:05
M3906,F3906,更换涡轮增压器电磁阀,涡轮电磁阀,850,2025-06-24 14:09
M3907,F3907,更换刹车压力传感器,刹车压力传感器,480,2024-01-25 13:36
M3908,F3908,更换安全带传感器,主驾驶安全带传感器,320,2024-06-06 14:50
M3909,F3909,更换机油压力传感器,机油压力传感器,450,2025-02-27 14:49
M3910,F3910,维修ABS控制模块,ABS控制模块维修包,1200,2024-01-31 14:12
M3911,F3911,更换凸轮轴位置传感器,凸轮轴位置传感器,520,2024-06-20 14:50
M3912,F3912,维修安全气囊控制模块,安全气囊控制模块编程,800,2025-02-21 16:26
M3913,F3913,更换节气门位置传感器,节气门位置传感器,480,2024-10-30 19:41
M3914,F3914,更换左前轮速传感器,左前轮速传感器,280,2024-10-24 13:23
M3915,F3915,检查燃油蒸发系统管路,燃油蒸发管密封垫,350,2025-12-01 11:10
M3916,F3916,更换右前安全气囊传感器,右前安全气囊传感器,650,2025-04-26 17:31
M3917,F3917,升级ECM控制模块程序,ECM程序升级包,980,2025-10-07 15:08
M3918,F3918,更换右后轮速传感器,右后轮速传感器,270,2025-06-11 11:16
M3919,F3919,更换驾驶员侧安全气囊模块,驾驶员侧安全气囊模块,1500,2024-05-26 11:29
M3920,F3920,更换进气温度传感器,进气温度传感器,380,2025-08-09 19:07
M3921,F3921,更换火花塞+缸线检查,铱金火花塞(4支),380,2024-09-15 18:40
M3922,F3922,更换轮速传感器,右前轮速传感器,260,2024-09-29 10:33
M3923,F3923,清洗节气门+燃油滤芯更换,燃油滤芯,420,2025-09-05 16:08
M3924,F3924,维修空调压缩机,压缩机电磁阀,580,2025-01-22 15:11
M3925,F3925,更换催化转化器,原厂催化转化器,2800,2024-04-28 13:02
M3926,F3926,更换涡轮增压器电磁阀,涡轮电磁阀,850,2024-07-06 17:29
M3927,F3927,更换刹车压力传感器,刹车压力传感器,480,2024-09-23 17:51
M3928,F3928,更换安全带传感器,主驾驶安全带传感器,320,2025-01-03 19:44
M3929,F3929,更换机油压力传感器,机油压力传感器,450,2025-05-30 11:56
M3930,F3930,维修ABS控制模块,ABS控制模块维修包,1200,2025-02-05 15:54
M3931,F3931,更换凸轮轴位置传感器,凸轮轴位置传感器,520,2024-10-09 19:16
M3932,F3932,维修安全气囊控制模块,安全气囊控制模块编程,800,2024-11-17 16:28
M3933,F3933,更换节气门位置传感器,节气门位置传感器,480,2025-11-06 17:59
M3934,F3934,更换左前轮速传感器,左前轮速传感器,280,2024-02-07 17:33
M3935,F3935,检查燃油蒸发系统管路,燃油蒸发管密封垫,350,2025-10-24 12:14
M3936,F3936,更换右前安全气囊传感器,右前安全气囊传感器,650,2025-04-26 14:15
M3937,F3937,升级ECM控制模块程序,ECM程序升级包,980,2024-02-02 14:53
M3938,F3938,更换右后轮速传感器,右后轮速传感器,270,2024-03-29 15:23
M3939,F3939,更换驾驶员侧安全气囊模块,驾驶员侧安全气囊模块,1500,2024-02-21 15:18
M3940,F3940,更换进气温度传感器,进气温度传感器,380,2025-04-14 10:21
M3941,F3941,更换火花塞+缸线检查,铱金火花塞(4支),380,2025-09-17 18:16
M3942,F3942,更换轮速传感器,右前轮速传感器,260,2024-08-25 11:42
M3943,F3943,清洗节气门+燃油滤芯更换,燃油滤芯,420,2024-07-08 18:30
M3944,F3944,维修空调压缩机,压缩机电磁阀,580,2025-09-24 13:32
M3945,F3945,更换催化转化器,原厂催化转化器,2800,2025-03-27 17:39
M3946,F3946,更换涡轮增压器电磁阀,涡轮电磁阀,850,2024-02-29 13:58
M3947,F3947,更换刹车压力传感器,刹车压力传感器,480,2025-07-05 11:37
M3948,F3948,更换安全带传感器,主驾驶安全带传感器,320,2024-04-01 12:28
M3949,F3949,更换机油压力传感器,机油压力传感器,450,2025-04-28 11:00
M3950,F3950,维修ABS控制模块,ABS控制模块维修包,1200,2024-11-24 18:59
M3951,F3951,更换凸轮轴位置传感器,凸轮轴位置传感器,520,2025-07-23 14:10
M3952,F3952,维修安全气囊控制模块,安全气囊控制模块编程,800,2024-12-15 11:50
M3953,F3953,更换节气门位置传感器,节气门位置传感器,480,2025-03-03 11:30
M3954,F3954,更换左前轮速传感器,左前轮速传感器,280,2025-11-13 13:06
M3955,F3955,检查燃油蒸发系统管路,燃油蒸发管密封垫,350,2025-07-02 18:21
M3956,F3956,更换右前安全气囊传感器,右前安全气囊传感器,650,2025-08-08 12:45
M3957,F3957,升级ECM控制模块程序,ECM程序升级包,980,2024-08-15 17:46
M3958,F3958,更换右后轮速传感器,右后轮速传感器,270,2024-07-24 11:24
M3959,F3959,更换驾驶员侧安全气囊模块,驾驶员侧安全气囊模块,1500,2024-10-10 09:32
M3960,F3960,更换进气温度传感器,进气温度传感器,380,2024-01-28 11:18
M3961,F3961,更换火花塞+缸线检查,铱金火花塞(4支),380,2025-07-20 15:18
M3962,F3962,更换轮速传感器,右前轮速传感器,260,2024-06-11 16:17
M3963,F3963,清洗节气门+燃油滤芯更换,燃油滤芯,420,2025-05-07 14:36
M3964,F3964,维修空调压缩机,压缩机电磁阀,580,2025-12-02 18:58
M3965,F3965,更换催化转化器,原厂催化转化器,2800,2025-11-05 18:07
M3966,F3966,更换涡轮增压器电磁阀,涡轮电磁阀,850,2024-03-26 14:59
M3967,F3967,更换刹车压力传感器,刹车压力传感器,480,2024-05-04 16:44
M3968,F3968,更换安全带传感器,主驾驶安全带传感器,320,2024-12-15 17:16
M3969,F3969,更换机油压力传感器,机油压力传感器,450,2025-10-14 16:59
M3970,F3970,维修ABS控制模块,ABS控制模块维修包,1200,2024-11-19 16:21
M3971,F3971,更换凸轮轴位置传感器,凸轮轴位置传感器,520,2024-10-14 19:51
M3972,F3972,维修安全气囊控制模块,安全气囊控制模块编程,800,2024-12-20 15:24
M3973,F3973,更换节气门位置传感器,节气门位置传感器,480,2024-11-15 11:23
M3974,F3974,更换左前轮速传感器,左前轮速传感器,280,2024-02-08 19:12
M3975,F3975,检查燃油蒸发系统管路,燃油蒸发管密封垫,350,2025-06-17 15:46
M3976,F3976,更换右前安全气囊传感器,右前安全气囊传感器,650,2025-09-09 13:26
M3977,F3977,升级ECM控制模块程序,ECM程序升级包,980,2024-10-18 13:40
M3978,F3978,更换右后轮速传感器,右后轮速传感器,270,2025-09-18 17:24
M3979,F3979,更换驾驶员侧安全气囊模块,驾驶员侧安全气囊模块,1500,2024-03-18 12:11
M3980,F3980,更换进气温度传感器,进气温度传感器,380,2025-09-14 15:55
M3981,F3981,更换火花塞+缸线检查,铱金火花塞(4支),380,2025-04-22 15:06
M3982,F3982,更换轮速传感器,右前轮速传感器,260,2025-06-25 17:40
M3983,F3983,清洗节气门+燃油滤芯更换,燃油滤芯,420,2025-04-18 15:47
M3984,F3984,维修空调压缩机,压缩机电磁阀,580,2024-10-10 13:37
M3985,F3985,更换催化转化器,原厂催化转化器,2800,2024-09-08 16:35
M3986,F3986,更换涡轮增压器电磁阀,涡轮电磁阀,850,2025-11-17 14:56
M3987,F3987,更换刹车压力传感器,刹车压力传感器,480,2024-12-07 17:59
M3988,F3988,更换安全带传感器,主驾驶安全带传感器,320,2025-03-02 10:49
M3989,F3989,更换机油压力传感器,机油压力传感器,450,2024-12-12 14:55
M3990,F3990,维修ABS控制模块,ABS控制模块维修包,1200,2025-12-06 10:27
M3991,F3991,更换凸轮轴位置传感器,凸轮轴位置传感器,520,2024-01-28 11:48
M3992,F3992,维修安全气囊控制模块,安全气囊控制模块编程,800,2025-03-27 10:20
M3993,F3993,更换节气门位置传感器,节气门位置传感器,480,2024-08-29 13:02
M3994,F3994,更换左前轮速传感器,左前轮速传感器,280,2024-10-07 10:44
M3995,F3995,检查燃油蒸发系统管路,燃油蒸发管密封垫,350,2024-12-31 16:58
M3996,F3996,更换右前安全气囊传感器,右前安全气囊传感器,650,2024-06-28 17:11
M3997,F3997,升级ECM控制模块程序,ECM程序升级包,980,2025-11-11 10:21
M3998,F3998,更换右后轮速传感器,右后轮速传感器,270,2024-11-14 16:35
M3999,F3999,更换驾驶员侧安全气囊模块,驾驶员侧安全气囊模块,1500,2024-03-06 11:04
M4000,F4000,更换进气温度传感器,进气温度传感器,380,2024-09-25 18:54
M4001,F4001,更换火花塞+缸线检查,铱金火花塞(4支),380,2024-06-21 16:09
M4002,F4002,更换轮速传感器,右前轮速传感器,260,2024-06-23 09:48
M4003,F4003,清洗节气门+燃油滤芯更换,燃油滤芯,420,2025-08-29 13:04
M4004,F4004,维修空调压缩机,压缩机电磁阀,580,2025-10-27 13:39
M4005,F4005,更换催化转化器,原厂催化转化器,2800,2024-02-04 13:46
M4006,F4006,更换涡轮增压器电磁阀,涡轮电磁阀,850,2025-12-29 16:23
M4007,F4007,更换刹车压力传感器,刹车压力传感器,480,2024-04-29 17:43
M4008,F4008,更换安全带传感器,主驾驶安全带传感器,320,2025-07-27 19:45
M4009,F4009,更换机油压力传感器,机油压力传感器,450,2025-03-24 15:51
M4010,F4010,维修ABS控制模块,ABS控制模块维修包,1200,2024-10-04 11:45
M4011,F4011,更换凸轮轴位置传感器,凸轮轴位置传感器,520,2024-06-12 14:57
M4012,F4012,维修安全气囊控制模块,安全气囊控制模块编程,800,2024-07-16 18:52
M4013,F4013,更换节气门位置传感器,节气门位置传感器,480,2024-12-07 11:02
M4014,F4014,更换左前轮速传感器,左前轮速传感器,280,2024-06-14 11:10
M4015,F4015,检查燃油蒸发系统管路,燃油蒸发管密封垫,350,2025-11-09 17:37
M4016,F4016,更换右前安全气囊传感器,右前安全气囊传感器,650,2025-06-07 19:17
M4017,F4017,升级ECM控制模块程序,ECM程序升级包,980,2024-01-20 18:55
M4018,F4018,更换右后轮速传感器,右后轮速传感器,270,2025-12-18 09:26
M4019,F4019,更换驾驶员侧安全气囊模块,驾驶员侧安全气囊模块,1500,2025-11-12 19:51
M4020,F4020,更换进气温度传感器,进气温度传感器,380,2024-01-25 17:11
M4021,F4021,更换火花塞+缸线检查,铱金火花塞(4支),380,2025-01-22 11:56
M4022,F4022,更换轮速传感器,右前轮速传感器,260,2025-04-28 18:11
M4023,F4023,清洗节气门+燃油滤芯更换,燃油滤芯,420,2025-04-07 11:41
M4024,F4024,维修空调压缩机,压缩机电磁阀,580,2025-04-24 12:18
M4025,F4025,更换催化转化器,原厂催化转化器,2800,2024-12-23 19:09
M4026,F4026,更换涡轮增压器电磁阀,涡轮电磁阀,850,2025-07-09 14:37
M4027,F4027,更换刹车压力传感器,刹车压力传感器,480,2024-04-07 14:34
M4028,F4028,更换安全带传感器,主驾驶安全带传感器,320,2024-03-17 13:58
M4029,F4029,更换机油压力传感器,机油压力传感器,450,2025-11-20 13:03
M4030,F4030,维修ABS控制模块,ABS控制模块维修包,1200,2024-03-20 14:08
M4031,F4031,更换凸轮轴位置传感器,凸轮轴位置传感器,520,2025-03-18 15:29
M4032,F4032,维修安全气囊控制模块,安全气囊控制模块编程,800,2024-12-03 11:13
M4033,F4033,更换节气门位置传感器,节气门位置传感器,480,2025-05-27 16:14
M4034,F4034,更换左前轮速传感器,左前轮速传感器,280,2025-11-16 17:00
M4035,F4035,检查燃油蒸发系统管路,燃油蒸发管密封垫,350,2024-10-06 16:29
M4036,F4036,更换右前安全气囊传感器,右前安全气囊传感器,650,2024-11-23 09:19
M4037,F4037,升级ECM控制模块程序,ECM程序升级包,980,2025-03-27 12:54
M4038,F4038,更换右后轮速传感器,右后轮速传感器,270,2025-06-24 15:38
M4039,F4039,更换驾驶员侧安全气囊模块,驾驶员侧安全气囊模块,1500,2024-04-21 12:01
M4040,F4040,更换进气温度传感器,进气温度传感器,380,2025-03-29 18:38
M4041,F4041,更换火花塞+缸线检查,铱金火花塞(4支),380,2024-12-09 15:18
M4042,F4042,更换轮速传感器,右前轮速传感器,260,2024-11-07 18:15
M4043,F4043,清洗节气门+燃油滤芯更换,燃油滤芯,420,2024-06-20 15:50
M4044,F4044,维修空调压缩机,压缩机电磁阀,580,2025-04-03 15:23
M4045,F4045,更换催化转化器,原厂催化转化器,2800,2024-04-24 13:48
M4046,F4046,更换涡轮增压器电磁阀,涡轮电磁阀,850,2024-07-30 10:29
M4047,F4047,更换刹车压力传感器,刹车压力传感器,480,2025-02-12 17:56
M4048,F4048,更换安全带传感器,主驾驶安全带传感器,320,2024-05-11 11:55
M4049,F4049,更换机油压力传感器,机油压力传感器,450,2024-07-09 14:20
M4050,F4050,维修ABS控制模块,ABS控制模块维修包,1200,2025-06-03 14:03
M4051,F4051,更换凸轮轴位置传感器,凸轮轴位置传感器,520,2025-09-30 12:52
M4052,F4052,维修安全气囊控制模块,安全气囊控制模块编程,800,2024-07-10 11:34
M4053,F4053,更换节气门位置传感器,节气门位置传感器,480,2024-05-17 14:41
M4054,F4054,更换左前轮速传感器,左前轮速传感器,280,2025-08-22 14:51
M4055,F4055,检查燃油蒸发系统管路,燃油蒸发管密封垫,350,2025-04-30 16:10
M4056,F4056,更换右前安全气囊传感器,右前安全气囊传感器,650,2025-12-16 10:12
M4057,F4057,升级ECM控制模块程序,ECM程序升级包,980,2024-04-25 10:23
M4058,F4058,更换右后轮速传感器,右后轮速传感器,270,2025-02-23 16:57
M4059,F4059,更换驾驶员侧安全气囊模块,驾驶员侧安全气囊模块,1500,2024-11-07 18:53
M4060,F4060,更换进气温度传感器,进气温度传感器,380,2024-08-04 14:08
M4061,F4061,更换火花塞+缸线检查,铱金火花塞(4支),380,2024-02-01 19:22
M4062,F4062,更换轮速传感器,右前轮速传感器,260,2024-02-24 11:57
M4063,F4063,清洗节气门+燃油滤芯更换,燃油滤芯,420,2025-08-17 14:51
M4064,F4064,维修空调压缩机,压缩机电磁阀,580,2025-04-03 13:35
M4065,F4065,更换催化转化器,原厂催化转化器,2800,2024-11-30 18:29
M4066,F4066,更换涡轮增压器电磁阀,涡轮电磁阀,850,2024-07-24 12:15
M4067,F4067,更换刹车压力传感器,刹车压力传感器,480,2024-12-06 12:14
M4068,F4068,更换安全带传感器,主驾驶安全带传感器,320,2024-11-01 13:33
M4069,F4069,更换机油压力传感器,机油压力传感器,450,2024-09-14 17:54
M4070,F4070,维修ABS控制模块,ABS控制模块维修包,1200,2024-04-18 16:19
M4071,F4071,更换凸轮轴位置传感器,凸轮轴位置传感器,520,2024-04-09 15:29
M4072,F4072,维修安全气囊控制模块,安全气囊控制模块编程,800,2025-06-09 18:03
M4073,F4073,更换节气门位置传感器,节气门位置传感器,480,2024-09-17 15:42
M4074,F4074,更换左前轮速传感器,左前轮速传感器,280,2024-05-30 14:23
M4075,F4075,检查燃油蒸发系统管路,燃油蒸发管密封垫,350,2025-05-11 10:07
M4076,F4076,更换右前安全气囊传感器,右前安全气囊传感器,650,2024-10-30 12:46
M4077,F4077,升级ECM控制模块程序,ECM程序升级包,980,2025-05-30 12:10
M4078,F4078,更换右后轮速传感器,右后轮速传感器,270,2024-11-17 09:47
M4079,F4079,更换驾驶员侧安全气囊模块,驾驶员侧安全气囊模块,1500,2024-04-03 13:08
M4080,F4080,更换进气温度传感器,进气温度传感器,380,2024-10-23 17:39
M4081,F4081,更换火花塞+缸线检查,铱金火花塞(4支),380,2024-03-31 13:45
M4082,F4082,更换轮速传感器,右前轮速传感器,260,2025-09-24 10:59
M4083,F4083,清洗节气门+燃油滤芯更换,燃油滤芯,420,2024-07-13 10:45
M4084,F4084,维修空调压缩机,压缩机电磁阀,580,2025-01-14 13:34
M4085,F4085,更换催化转化器,原厂催化转化器,2800,2024-04-12 12:10
M4086,F4086,更换涡轮增压器电磁阀,涡轮电磁阀,850,2025-07-14 13:09
M4087,F4087,更换刹车压力传感器,刹车压力传感器,480,2025-03-24 11:20
M4088,F4088,更换安全带传感器,主驾驶安全带传感器,320,2024-11-24 19:52
M4089,F4089,更换机油压力传感器,机油压力传感器,450,2024-10-09 14:51
M4090,F4090,维修ABS控制模块,ABS控制模块维修包,1200,2024-03-23 14:10
M4091,F4091,更换凸轮轴位置传感器,凸轮轴位置传感器,520,2025-08-09 13:29
M4092,F4092,维修安全气囊控制模块,安全气囊控制模块编程,800,2025-01-18 18:52
M4093,F4093,更换节气门位置传感器,节气门位置传感器,480,2025-10-15 15:48
M4094,F4094,更换左前轮速传感器,左前轮速传感器,280,2024-08-17 17:19
M4095,F4095,检查燃油蒸发系统管路,燃油蒸发管密封垫,350,2024-11-29 14:58
M4096,F4096,更换右前安全气囊传感器,右前安全气囊传感器,650,2025-05-15 19:29
M4097,F4097,升级ECM控制模块程序,ECM程序升级包,980,2024-02-26 12:50
M4098,F4098,更换右后轮速传感器,右后轮速传感器,270,2025-05-01 09:20
M4099,F4099,更换驾驶员侧安全气囊模块,驾驶员侧安全气囊模块,1500,2025-04-01 09:50
M4100,F4100,更换进气温度传感器,进气温度传感器,380,2024-09-05 19:01
M4101,F4101,更换火花塞+缸线检查,铱金火花塞(4支),380,2024-03-20 12:12
M4102,F4102,更换轮速传感器,右前轮速传感器,260,2024-05-02 14:07
M4103,F4103,清洗节气门+燃油滤芯更换,燃油滤芯,420,2024-10-12 16:38
M4104,F4104,维修空调压缩机,压缩机电磁阀,580,2025-09-21 18:33
M4105,F4105,更换催化转化器,原厂催化转化器,2800,2024-01-15 18:52
M4106,F4106,更换涡轮增压器电磁阀,涡轮电磁阀,850,2025-03-01 12:03
M4107,F4107,更换刹车压力传感器,刹车压力传感器,480,2024-04-18 11:46
M4108,F4108,更换安全带传感器,主驾驶安全带传感器,320,2024-01-18 16:19
M4109,F4109,更换机油压力传感器,机油压力传感器,450,2025-11-15 17:19
M4110,F4110,维修ABS控制模块,ABS控制模块维修包,1200,2024-02-28 13:55
M4111,F4111,更换凸轮轴位置传感器,凸轮轴位置传感器,520,2024-11-30 18:14
M4112,F4112,维修安全气囊控制模块,安全气囊控制模块编程,800,2025-04-09 14:30
M4113,F4113,更换节气门位置传感器,节气门位置传感器,480,2025-02-28 14:36
M4114,F4114,更换左前轮速传感器,左前轮速传感器,280,2024-04-21 11:52
M4115,F4115,检查燃油蒸发系统管路,燃油蒸发管密封垫,350,2024-10-01 15:34
M4116,F4116,更换右前安全气囊传感器,右前安全气囊传感器,650,2025-11-01 13:39
M4117,F4117,升级ECM控制模块程序,ECM程序升级包,980,2025-05-05 18:23
M4118,F4118,更换右后轮速传感器,右后轮速传感器,270,2024-05-25 18:18
M4119,F4119,更换驾驶员侧安全气囊模块,驾驶员侧安全气囊模块,1500,2025-10-22 11:17
M4120,F4120,更换进气温度传感器,进气温度传感器,380,2025-04-11 12:16
M4121,F4121,更换火花塞+缸线检查,铱金火花塞(4支),380,2024-09-20 18:40
M4122,F4122,更换轮速传感器,右前轮速传感器,260,2024-04-06 16:24
M4123,F4123,清洗节气门+燃油滤芯更换,燃油滤芯,420,2025-08-01 17:57
M4124,F4124,维修空调压缩机,压缩机电磁阀,580,2025-05-03 09:06
M4125,F4125,更换催化转化器,原厂催化转化器,2800,2025-05-01 12:28
M4126,F4126,更换涡轮增压器电磁阀,涡轮电磁阀,850,2025-02-28 14:15
M4127,F4127,更换刹车压力传感器,刹车压力传感器,480,2025-12-06 12:24
M4128,F4128,更换安全带传感器,主驾驶安全带传感器,320,2024-05-01 12:51
M4129,F4129,更换机油压力传感器,机油压力传感器,450,2024-02-02 13:49
M4130,F4130,维修ABS控制模块,ABS控制模块维修包,1200,2025-09-13 10:31
M4131,F4131,更换凸轮轴位置传感器,凸轮轴位置传感器,520,2025-03-30 09:20
M4132,F4132,维修安全气囊控制模块,安全气囊控制模块编程,800,2024-03-04 10:21
M4133,F4133,更换节气门位置传感器,节气门位置传感器,480,2025-03-20 17:09
M4134,F4134,更换左前轮速传感器,左前轮速传感器,280,2025-09-27 10:44
M4135,F4135,检查燃油蒸发系统管路,燃油蒸发管密封垫,350,2025-10-06 17:40
M4136,F4136,更换右前安全气囊传感器,右前安全气囊传感器,650,2025-03-14 18:07
M4137,F4137,升级ECM控制模块程序,ECM程序升级包,980,2025-06-17 15:23
M4138,F4138,更换右后轮速传感器,右后轮速传感器,270,2024-11-19 17:42
M4139,F4139,更换驾驶员侧安全气囊模块,驾驶员侧安全气囊模块,1500,2024-01-02 18:17
M4140,F4140,更换进气温度传感器,进气温度传感器,380,2025-01-22 09:43
M4141,F4141,更换火花塞+缸线检查,铱金火花塞(4支),380,2024-09-01 12:48
M4142,F4142,更换轮速传感器,右前轮速传感器,260,2024-11-22 12:32
M4143,F4143,清洗节气门+燃油滤芯更换,燃油滤芯,420,2025-01-31 14:38
M4144,F4144,维修空调压缩机,压缩机电磁阀,580,2024-04-13 16:58
M4145,F4145,更换催化转化器,原厂催化转化器,2800,2025-01-19 11:49
M4146,F4146,更换涡轮增压器电磁阀,涡轮电磁阀,850,2024-02-06 16:49
M4147,F4147,更换刹车压力传感器,刹车压力传感器,480,2024-10-01 11:42
M4148,F4148,更换安全带传感器,主驾驶安全带传感器,320,2024-07-27 16:19
M4149,F4149,更换机油压力传感器,机油压力传感器,450,2025-03-11 12:04
M4150,F4150,维修ABS控制模块,ABS控制模块维修包,1200,2025-04-11 14:29
M4151,F4151,更换凸轮轴位置传感器,凸轮轴位置传感器,520,2024-02-17 14:10
M4152,F4152,维修安全气囊控制模块,安全气囊控制模块编程,800,2024-10-28 14:53
M4153,F4153,更换节气门位置传感器,节气门位置传感器,480,2024-04-28 16:17
M4154,F4154,更换左前轮速传感器,左前轮速传感器,280,2025-12-28 11:36
M4155,F4155,检查燃油蒸发系统管路,燃油蒸发管密封垫,350,2025-08-16 18:22
M4156,F4156,更换右前安全气囊传感器,右前安全气囊传感器,650,2025-10-24 17:17
M4157,F4157,升级ECM控制模块程序,ECM程序升级包,980,2024-07-20 10:21
M4158,F4158,更换右后轮速传感器,右后轮速传感器,270,2024-12-26 19:52
M4159,F4159,更换驾驶员侧安全气囊模块,驾驶员侧安全气囊模块,1500,2025-12-02 15:24
M4160,F4160,更换进气温度传感器,进气温度传感器,380,2025-04-26 13:41
M4161,F4161,更换火花塞+缸线检查,铱金火花塞(4支),380,2024-05-30 16:34
M4162,F4162,更换轮速传感器,右前轮速传感器,260,2025-07-12 16:19
M4163,F4163,清洗节气门+燃油滤芯更换,燃油滤芯,420,2025-07-08 10:05
M4164,F4164,维修空调压缩机,压缩机电磁阀,580,2025-01-03 10:31
M4165,F4165,更换催化转化器,原厂催化转化器,2800,2025-02-11 15:51
M4166,F4166,更换涡轮增压器电磁阀,涡轮电磁阀,850,2024-12-24 10:19
M4167,F4167,更换刹车压力传感器,刹车压力传感器,480,2024-06-03 16:12
M4168,F4168,更换安全带传感器,主驾驶安全带传感器,320,2024-03-04 13:34
M4169,F4169,更换机油压力传感器,机油压力传感器,450,2025-06-18 11:26
M4170,F4170,维修ABS控制模块,ABS控制模块维修包,1200,2025-10-28 17:18
M4171,F4171,更换凸轮轴位置传感器,凸轮轴位置传感器,520,2025-08-11 14:34
M4172,F4172,维修安全气囊控制模块,安全气囊控制模块编程,800,2025-01-27 12:26
M4173,F4173,更换节气门位置传感器,节气门位置传感器,480,2024-05-11 12:36
M4174,F4174,更换左前轮速传感器,左前轮速传感器,280,2025-12-03 13:28
M4175,F4175,检查燃油蒸发系统管路,燃油蒸发管密封垫,350,2024-02-14 10:22
M4176,F4176,更换右前安全气囊传感器,右前安全气囊传感器,650,2025-10-17 16:52
M4177,F4177,升级ECM控制模块程序,ECM程序升级包,980,2024-10-09 17:39
M4178,F4178,更换右后轮速传感器,右后轮速传感器,270,2025-04-20 18:39
M4179,F4179,更换驾驶员侧安全气囊模块,驾驶员侧安全气囊模块,1500,2024-12-13 10:12
M4180,F4180,更换进气温度传感器,进气温度传感器,380,2025-11-28 19:14
M4181,F4181,更换火花塞+缸线检查,铱金火花塞(4支),380,2024-01-29 14:15
M4182,F4182,更换轮速传感器,右前轮速传感器,260,2024-10-20 14:31
M4183,F4183,清洗节气门+燃油滤芯更换,燃油滤芯,420,2025-03-13 15:39
M4184,F4184,维修空调压缩机,压缩机电磁阀,580,2024-07-09 18:17
M4185,F4185,更换催化转化器,原厂催化转化器,2800,2025-01-24 10:07
M4186,F4186,更换涡轮增压器电磁阀,涡轮电磁阀,850,2024-05-31 14:35
M4187,F4187,更换刹车压力传感器,刹车压力传感器,480,2024-11-09 10:31
M4188,F4188,更换安全带传感器,主驾驶安全带传感器,320,2025-05-22 13:15
M4189,F4189,更换机油压力传感器,机油压力传感器,450,2024-04-10 17:24
M4190,F4190,维修ABS控制模块,ABS控制模块维修包,1200,2024-09-17 18:21
M4191,F4191,更换凸轮轴位置传感器,凸轮轴位置传感器,520,2024-11-17 12:34
M4192,F4192,维修安全气囊控制模块,安全气囊控制模块编程,800,2024-03-07 15:32
M4193,F4193,更换节气门位置传感器,节气门位置传感器,480,2024-08-17 18:54
M4194,F4194,更换左前轮速传感器,左前轮速传感器,280,2024-05-29 18:26
M4195,F4195,检查燃油蒸发系统管路,燃油蒸发管密封垫,350,2025-04-16 15:22
M4196,F4196,更换右前安全气囊传感器,右前安全气囊传感器,650,2024-10-07 13:43
M4197,F4197,升级ECM控制模块程序,ECM程序升级包,980,2025-07-18 17:49
M4198,F4198,更换右后轮速传感器,右后轮速传感器,270,2025-06-23 17:53
M4199,F4199,更换驾驶员侧安全气囊模块,驾驶员侧安全气囊模块,1500,2025-05-15 14:32
M4200,F4200,更换进气温度传感器,进气温度传感器,380,2024-07-24 17:09
M4201,F4201,更换火花塞+缸线检查,铱金火花塞(4支),380,2024-07-18 16:24
M4202,F4202,更换轮速传感器,右前轮速传感器,260,2025-05-31 18:09
M4203,F4203,清洗节气门+燃油滤芯更换,燃油滤芯,420,2025-08-03 15:01
M4204,F4204,维修空调压缩机,压缩机电磁阀,580,2025-06-16 13:37
M4205,F4205,更换催化转化器,原厂催化转化器,2800,2024-04-29 18:12
M4206,F4206,更换涡轮增压器电磁阀,涡轮电磁阀,850,2024-10-18 17:18
M4207,F4207,更换刹车压力传感器,刹车压力传感器,480,2024-09-15 12:34
M4208,F4208,更换安全带传感器,主驾驶安全带传感器,320,2025-05-24 12:09
M4209,F4209,更换机油压力传感器,机油压力传感器,450,2024-07-08 15:44
M4210,F4210,维修ABS控制模块,ABS控制模块维修包,1200,2024-05-29 11:05
M4211,F4211,更换凸轮轴位置传感器,凸轮轴位置传感器,520,2024-10-05 13:22
M4212,F4212,维修安全气囊控制模块,安全气囊控制模块编程,800,2025-05-05 18:25
M4213,F4213,更换节气门位置传感器,节气门位置传感器,480,2025-10-28 18:15
M4214,F4214,更换左前轮速传感器,左前轮速传感器,280,2025-10-16 09:35
M4215,F4215,检查燃油蒸发系统管路,燃油蒸发管密封垫,350,2025-04-05 19:47
M4216,F4216,更换右前安全气囊传感器,右前安全气囊传感器,650,2024-07-31 14:26
M4217,F4217,升级ECM控制模块程序,ECM程序升级包,980,2024-09-25 17:29
M4218,F4218,更换右后轮速传感器,右后轮速传感器,270,2025-09-11 13:25
M4219,F4219,更换驾驶员侧安全气囊模块,驾驶员侧安全气囊模块,1500,2025-02-14 17:52
M4220,F4220,更换进气温度传感器,进气温度传感器,380,2025-10-09 12:14
M4221,F4221,更换火花塞+缸线检查,铱金火花塞(4支),380,2025-12-25 11:41
M4222,F4222,更换轮速传感器,右前轮速传感器,260,2025-08-28 17:22
M4223,F4223,清洗节气门+燃油滤芯更换,燃油滤芯,420,2024-12-17 09:18
M4224,F4224,维修空调压缩机,压缩机电磁阀,580,2024-02-01 11:49
M4225,F4225,更换催化转化器,原厂催化转化器,2800,2025-05-09 16:21
M4226,F4226,更换涡轮增压器电磁阀,涡轮电磁阀,850,2025-08-08 14:27
M4227,F4227,更换刹车压力传感器,刹车压力传感器,480,2024-11-24 15:12
M4228,F4228,更换安全带传感器,主驾驶安全带传感器,320,2025-12-10 17:26
M4229,F4229,更换机油压力传感器,机油压力传感器,450,2025-04-05 18:37
M4230,F4230,维修ABS控制模块,ABS控制模块维修包,1200,2025-03-21 09:45
M4231,F4231,更换凸轮轴位置传感器,凸轮轴位置传感器,520,2025-01-19 11:44
M4232,F4232,维修安全气囊控制模块,安全气囊控制模块编程,800,2024-07-21 13:14
M4233,F4233,更换节气门位置传感器,节气门位置传感器,480,2025-09-08 10:08
M4234,F4234,更换左前轮速传感器,左前轮速传感器,280,2024-05-02 15:17
M4235,F4235,检查燃油蒸发系统管路,燃油蒸发管密封垫,350,2024-05-05 18:06
M4236,F4236,更换右前安全气囊传感器,右前安全气囊传感器,650,2025-12-11 16:30
M4237,F4237,升级ECM控制模块程序,ECM程序升级包,980,2024-05-30 16:39
M4238,F4238,更换右后轮速传感器,右后轮速传感器,270,2025-12-05 12:51
M4239,F4239,更换驾驶员侧安全气囊模块,驾驶员侧安全气囊模块,1500,2024-08-07 12:06
M4240,F4240,更换进气温度传感器,进气温度传感器,380,2024-02-25 17:40
M4241,F4241,更换火花塞+缸线检查,铱金火花塞(4支),380,2025-02-02 18:17
M4242,F4242,更换轮速传感器,右前轮速传感器,260,2024-09-20 11:27
M4243,F4243,清洗节气门+燃油滤芯更换,燃油滤芯,420,2024-11-15 15:49
M4244,F4244,维修空调压缩机,压缩机电磁阀,580,2024-12-05 12:35
M4245,F4245,更换催化转化器,原厂催化转化器,2800,2025-10-07 19:53
M4246,F4246,更换涡轮增压器电磁阀,涡轮电磁阀,850,2024-01-14 19:10
M4247,F4247,更换刹车压力传感器,刹车压力传感器,480,2025-09-17 15:48
M4248,F4248,更换安全带传感器,主驾驶安全带传感器,320,2025-10-11 13:52
M4249,F4249,更换机油压力传感器,机油压力传感器,450,2024-11-11 12:53
M4250,F4250,维修ABS控制模块,ABS控制模块维修包,1200,2025-08-24 16:30
M4251,F4251,更换凸轮轴位置传感器,凸轮轴位置传感器,520,2024-01-27 13:24
M4252,F4252,维修安全气囊控制模块,安全气囊控制模块编程,800,2025-03-15 16:16
M4253,F4253,更换节气门位置传感器,节气门位置传感器,480,2024-03-03 11:11
M4254,F4254,更换左前轮速传感器,左前轮速传感器,280,2024-09-13 13:40
M4255,F4255,检查燃油蒸发系统管路,燃油蒸发管密封垫,350,2025-04-20 11:36
M4256,F4256,更换右前安全气囊传感器,右前安全气囊传感器,650,2025-01-14 10:28
M4257,F4257,升级ECM控制模块程序,ECM程序升级包,980,2024-07-20 15:08
M4258,F4258,更换右后轮速传感器,右后轮速传感器,270,2024-03-14 11:37
M4259,F4259,更换驾驶员侧安全气囊模块,驾驶员侧安全气囊模块,1500,2025-10-16 12:00
M4260,F4260,更换进气温度传感器,进气温度传感器,380,2025-07-04 13:46
M4261,F4261,更换火花塞+缸线检查,铱金火花塞(4支),380,2025-08-16 18:30
M4262,F4262,更换轮速传感器,右前轮速传感器,260,2025-03-17 15:21
M4263,F4263,清洗节气门+燃油滤芯更换,燃油滤芯,420,2025-02-13 13:05
M4264,F4264,维修空调压缩机,压缩机电磁阀,580,2025-02-02 12:16
M4265,F4265,更换催化转化器,原厂催化转化器,2800,2024-06-28 12:10
M4266,F4266,更换涡轮增压器电磁阀,涡轮电磁阀,850,2025-12-30 09:55
M4267,F4267,更换刹车压力传感器,刹车压力传感器,480,2025-11-04 12:34
M4268,F4268,更换安全带传感器,主驾驶安全带传感器,320,2025-07-14 16:04
M4269,F4269,更换机油压力传感器,机油压力传感器,450,2025-03-02 12:51
M4270,F4270,维修ABS控制模块,ABS控制模块维修包,1200,2025-09-27 17:49
M4271,F4271,更换凸轮轴位置传感器,凸轮轴位置传感器,520,2025-10-11 18:41
M4272,F4272,维修安全气囊控制模块,安全气囊控制模块编程,800,2024-12-25 15:11
M4273,F4273,更换节气门位置传感器,节气门位置传感器,480,2025-02-13 14:48
M4274,F4274,更换左前轮速传感器,左前轮速传感器,280,2025-04-27 16:21
M4275,F4275,检查燃油蒸发系统管路,燃油蒸发管密封垫,350,2024-05-02 13:44
M4276,F4276,更换右前安全气囊传感器,右前安全气囊传感器,650,2024-09-09 19:42
M4277,F4277,升级ECM控制模块程序,ECM程序升级包,980,2025-10-31 17:22
M4278,F4278,更换右后轮速传感器,右后轮速传感器,270,2025-11-11 19:51
M4279,F4279,更换驾驶员侧安全气囊模块,驾驶员侧安全气囊模块,1500,2025-06-11 19:03
M4280,F4280,更换进气温度传感器,进气温度传感器,380,2024-06-20 18:16
M4281,F4281,更换火花塞+缸线检查,铱金火花塞(4支),380,2025-02-25 16:49
M4282,F4282,更换轮速传感器,右前轮速传感器,260,2025-04-06 18:22
M4283,F4283,清洗节气门+燃油滤芯更换,燃油滤芯,420,2024-06-04 17:06
M4284,F4284,维修空调压缩机,压缩机电磁阀,580,2024-05-15 10:09
M4285,F4285,更换催化转化器,原厂催化转化器,2800,2025-05-13 13:15
M4286,F4286,更换涡轮增压器电磁阀,涡轮电磁阀,850,2025-10-14 15:35
M4287,F4287,更换刹车压力传感器,刹车压力传感器,480,2025-02-10 10:26
M4288,F4288,更换安全带传感器,主驾驶安全带传感器,320,2025-07-13 15:00
M4289,F4289,更换机油压力传感器,机油压力传感器,450,2025-11-08 10:10
M4290,F4290,维修ABS控制模块,ABS控制模块维修包,1200,2024-11-12 19:56
M4291,F4291,更换凸轮轴位置传感器,凸轮轴位置传感器,520,2024-09-03 15:28
M4292,F4292,维修安全气囊控制模块,安全气囊控制模块编程,800,2025-12-27 19:06
M4293,F4293,更换节气门位置传感器,节气门位置传感器,480,2025-08-16 09:00
M4294,F4294,更换左前轮速传感器,左前轮速传感器,280,2025-09-09 09:03
M4295,F4295,检查燃油蒸发系统管路,燃油蒸发管密封垫,350,2024-02-08 15:07
M4296,F4296,更换右前安全气囊传感器,右前安全气囊传感器,650,2024-12-05 16:23
M4297,F4297,升级ECM控制模块程序,ECM程序升级包,980,2025-08-07 17:59
M4298,F4298,更换右后轮速传感器,右后轮速传感器,270,2024-12-05 13:45
M4299,F4299,更换驾驶员侧安全气囊模块,驾驶员侧安全气囊模块,1500,2025-05-14 15:27
M4300,F4300,更换进气温度传感器,进气温度传感器,380,2024-04-11 10:33
M4301,F4301,更换火花塞+缸线检查,铱金火花塞(4支),380,2024-12-11 11:13
M4302,F4302,更换轮速传感器,右前轮速传感器,260,2024-01-25 12:26
M4303,F4303,清洗节气门+燃油滤芯更换,燃油滤芯,420,2025-03-24 12:23
M4304,F4304,维修空调压缩机,压缩机电磁阀,580,2024-01-16 12:00
M4305,F4305,更换催化转化器,原厂催化转化器,2800,2025-11-06 15:04
M4306,F4306,更换涡轮增压器电磁阀,涡轮电磁阀,850,2024-03-31 16:56
M4307,F4307,更换刹车压力传感器,刹车压力传感器,480,2024-10-23 15:59
M4308,F4308,更换安全带传感器,主驾驶安全带传感器,320,2025-11-27 13:01
M4309,F4309,更换机油压力传感器,机油压力传感器,450,2024-02-05 14:26
M4310,F4310,维修ABS控制模块,ABS控制模块维修包,1200,2024-03-07 19:21
M4311,F4311,更换凸轮轴位置传感器,凸轮轴位置传感器,520,2024-04-27 16:24
M4312,F4312,维修安全气囊控制模块,安全气囊控制模块编程,800,2024-08-23 13:16
M4313,F4313,更换节气门位置传感器,节气门位置传感器,480,2025-06-19 16:25
M4314,F4314,更换左前轮速传感器,左前轮速传感器,280,2024-10-22 14:06
M4315,F4315,检查燃油蒸发系统管路,燃油蒸发管密封垫,350,2024-03-21 18:46
M4316,F4316,更换右前安全气囊传感器,右前安全气囊传感器,650,2024-12-30 16:27
M4317,F4317,升级ECM控制模块程序,ECM程序升级包,980,2025-01-29 14:51
M4318,F4318,更换右后轮速传感器,右后轮速传感器,270,2025-02-17 17:12
M4319,F4319,更换驾驶员侧安全气囊模块,驾驶员侧安全气囊模块,1500,2025-06-25 17:28
M4320,F4320,更换进气温度传感器,进气温度传感器,380,2025-04-09 19:31
M4321,F4321,更换火花塞+缸线检查,铱金火花塞(4支),380,2024-11-01 10:47
M4322,F4322,更换轮速传感器,右前轮速传感器,260,2024-06-06 16:49
M4323,F4323,清洗节气门+燃油滤芯更换,燃油滤芯,420,2025-06-23 13:01
M4324,F4324,维修空调压缩机,压缩机电磁阀,580,2024-07-20 16:05
M4325,F4325,更换催化转化器,原厂催化转化器,2800,2024-04-25 17:20
M4326,F4326,更换涡轮增压器电磁阀,涡轮电磁阀,850,2025-01-30 14:31
M4327,F4327,更换刹车压力传感器,刹车压力传感器,480,2024-08-11 14:48
M4328,F4328,更换安全带传感器,主驾驶安全带传感器,320,2024-01-07 19:57
M4329,F4329,更换机油压力传感器,机油压力传感器,450,2024-02-20 11:53
M4330,F4330,维修ABS控制模块,ABS控制模块维修包,1200,2024-04-29 10:43
M4331,F4331,更换凸轮轴位置传感器,凸轮轴位置传感器,520,2025-04-27 10:36
M4332,F4332,维修安全气囊控制模块,安全气囊控制模块编程,800,2024-02-26 16:46
M4333,F4333,更换节气门位置传感器,节气门位置传感器,480,2025-02-08 10:37
M4334,F4334,更换左前轮速传感器,左前轮速传感器,280,2024-09-27 14:54
M4335,F4335,检查燃油蒸发系统管路,燃油蒸发管密封垫,350,2025-09-17 18:58
M4336,F4336,更换右前安全气囊传感器,右前安全气囊传感器,650,2024-02-03 15:31
M4337,F4337,升级ECM控制模块程序,ECM程序升级包,980,2025-11-11 18:58
M4338,F4338,更换右后轮速传感器,右后轮速传感器,270,2025-05-25 17:41
M4339,F4339,更换驾驶员侧安全气囊模块,驾驶员侧安全气囊模块,1500,2024-08-20 16:01
M4340,F4340,更换进气温度传感器,进气温度传感器,380,2025-07-23 18:48
M4341,F4341,更换火花塞+缸线检查,铱金火花塞(4支),380,2024-07-01 14:52
M4342,F4342,更换轮速传感器,右前轮速传感器,260,2025-08-05 13:59
M4343,F4343,清洗节气门+燃油滤芯更换,燃油滤芯,420,2025-10-25 15:44
M4344,F4344,维修空调压缩机,压缩机电磁阀,580,2025-02-10 12:44
M4345,F4345,更换催化转化器,原厂催化转化器,2800,2025-05-22 12:42
M4346,F4346,更换涡轮增压器电磁阀,涡轮电磁阀,850,2025-04-10 15:47
M4347,F4347,更换刹车压力传感器,刹车压力传感器,480,2025-01-21 14:34
M4348,F4348,更换安全带传感器,主驾驶安全带传感器,320,2025-06-07 11:54
M4349,F4349,更换机油压力传感器,机油压力传感器,450,2025-10-09 11:14
M4350,F4350,维修ABS控制模块,ABS控制模块维修包,1200,2024-03-02 18:00
M4351,F4351,更换凸轮轴位置传感器,凸轮轴位置传感器,520,2025-10-28 11:47
M4352,F4352,维修安全气囊控制模块,安全气囊控制模块编程,800,2025-04-13 13:54
M4353,F4353,更换节气门位置传感器,节气门位置传感器,480,2024-08-29 12:13
M4354,F4354,更换左前轮速传感器,左前轮速传感器,280,2025-12-20 10:50
M4355,F4355,检查燃油蒸发系统管路,燃油蒸发管密封垫,350,2024-07-29 10:27
M4356,F4356,更换右前安全气囊传感器,右前安全气囊传感器,650,2025-03-22 15:23
M4357,F4357,升级ECM控制模块程序,ECM程序升级包,980,2024-10-03 10:24
M4358,F4358,更换右后轮速传感器,右后轮速传感器,270,2024-12-02 12:13
M4359,F4359,更换驾驶员侧安全气囊模块,驾驶员侧安全气囊模块,1500,2024-12-24 14:58
M4360,F4360,更换进气温度传感器,进气温度传感器,380,2024-11-10 15:18
M4361,F4361,更换火花塞+缸线检查,铱金火花塞(4支),380,2025-10-09 12:18
M4362,F4362,更换轮速传感器,右前轮速传感器,260,2024-10-27 15:19
M4363,F4363,清洗节气门+燃油滤芯更换,燃油滤芯,420,2025-08-11 11:41
M4364,F4364,维修空调压缩机,压缩机电磁阀,580,2025-08-29 14:00
M4365,F4365,更换催化转化器,原厂催化转化器,2800,2024-07-12 10:46
M4366,F4366,更换涡轮增压器电磁阀,涡轮电磁阀,850,2024-11-04 16:41
M4367,F4367,更换刹车压力传感器,刹车压力传感器,480,2025-09-06 17:03
M4368,F4368,更换安全带传感器,主驾驶安全带传感器,320,2024-06-05 13:39
M4369,F4369,更换机油压力传感器,机油压力传感器,450,2024-11-04 16:29
M4370,F4370,维修ABS控制模块,ABS控制模块维修包,1200,2024-09-09 09:49
M4371,F4371,更换凸轮轴位置传感器,凸轮轴位置传感器,520,2025-06-30 18:11
M4372,F4372,维修安全气囊控制模块,安全气囊控制模块编程,800,2024-06-30 16:44
M4373,F4373,更换节气门位置传感器,节气门位置传感器,480,2025-01-07 18:00
M4374,F4374,更换左前轮速传感器,左前轮速传感器,280,2025-01-30 11:59
M4375,F4375,检查燃油蒸发系统管路,燃油蒸发管密封垫,350,2024-04-09 12:55
M4376,F4376,更换右前安全气囊传感器,右前安全气囊传感器,650,2024-06-18 19:13
M4377,F4377,升级ECM控制模块程序,ECM程序升级包,980,2024-02-08 13:47
M4378,F4378,更换右后轮速传感器,右后轮速传感器,270,2024-08-15 12:29
M4379,F4379,更换驾驶员侧安全气囊模块,驾驶员侧安全气囊模块,1500,2025-11-14 13:43
M4380,F4380,更换进气温度传感器,进气温度传感器,380,2025-11-21 17:43
M4381,F4381,更换火花塞+缸线检查,铱金火花塞(4支),380,2024-06-23 11:13
M4382,F4382,更换轮速传感器,右前轮速传感器,260,2024-04-21 15:56
M4383,F4383,清洗节气门+燃油滤芯更换,燃油滤芯,420,2024-09-15 11:05
M4384,F4384,维修空调压缩机,压缩机电磁阀,580,2025-11-07 19:15
M4385,F4385,更换催化转化器,原厂催化转化器,2800,2025-10-16 13:37
M4386,F4386,更换涡轮增压器电磁阀,涡轮电磁阀,850,2025-05-03 12:25
M4387,F4387,更换刹车压力传感器,刹车压力传感器,480,2025-11-01 18:16
M4388,F4388,更换安全带传感器,主驾驶安全带传感器,320,2025-05-11 14:31
M4389,F4389,更换机油压力传感器,机油压力传感器,450,2024-11-02 16:04
M4390,F4390,维修ABS控制模块,ABS控制模块维修包,1200,2025-03-10 14:40
M4391,F4391,更换凸轮轴位置传感器,凸轮轴位置传感器,520,2025-01-11 13:06
M4392,F4392,维修安全气囊控制模块,安全气囊控制模块编程,800,2025-07-14 12:52
M4393,F4393,更换节气门位置传感器,节气门位置传感器,480,2024-02-11 14:10
M4394,F4394,更换左前轮速传感器,左前轮速传感器,280,2024-04-23 15:06
M4395,F4395,检查燃油蒸发系统管路,燃油蒸发管密封垫,350,2025-12-20 12:15
M4396,F4396,更换右前安全气囊传感器,右前安全气囊传感器,650,2025-02-18 09:38
M4397,F4397,升级ECM控制模块程序,ECM程序升级包,980,2025-12-10 10:29
M4398,F4398,更换右后轮速传感器,右后轮速传感器,270,2024-06-05 13:55
M4399,F4399,更换驾驶员侧安全气囊模块,驾驶员侧安全气囊模块,1500,2025-03-26 13:05
M4400,F4400,更换进气温度传感器,进气温度传感器,380,2025-09-10 12:11
M4401,F4401,更换火花塞+缸线检查,铱金火花塞(4支),380,2025-07-09 17:04
M4402,F4402,更换轮速传感器,右前轮速传感器,260,2025-10-26 18:56
M4403,F4403,清洗节气门+燃油滤芯更换,燃油滤芯,420,2025-03-29 16:41
M4404,F4404,维修空调压缩机,压缩机电磁阀,580,2024-05-09 17:21
M4405,F4405,更换催化转化器,原厂催化转化器,2800,2025-11-21 16:54
M4406,F4406,更换涡轮增压器电磁阀,涡轮电磁阀,850,2024-12-15 11:28
M4407,F4407,更换刹车压力传感器,刹车压力传感器,480,2024-03-27 15:22
M4408,F4408,更换安全带传感器,主驾驶安全带传感器,320,2025-08-10 13:59
M4409,F4409,更换机油压力传感器,机油压力传感器,450,2025-11-06 15:48
M4410,F4410,维修ABS控制模块,ABS控制模块维修包,1200,2025-05-01 13:18
M4411,F4411,更换凸轮轴位置传感器,凸轮轴位置传感器,520,2024-07-01 16:23
M4412,F4412,维修安全气囊控制模块,安全气囊控制模块编程,800,2024-02-05 15:29
M4413,F4413,更换节气门位置传感器,节气门位置传感器,480,2024-06-21 17:35
M4414,F4414,更换左前轮速传感器,左前轮速传感器,280,2025-09-14 09:57
M4415,F4415,检查燃油蒸发系统管路,燃油蒸发管密封垫,350,2024-09-19 10:43
M4416,F4416,更换右前安全气囊传感器,右前安全气囊传感器,650,2025-02-14 15:29
M4417,F4417,升级ECM控制模块程序,ECM程序升级包,980,2024-12-17 15:56
M4418,F4418,更换右后轮速传感器,右后轮速传感器,270,2024-04-02 13:12
M4419,F4419,更换驾驶员侧安全气囊模块,驾驶员侧安全气囊模块,1500,2025-08-13 16:12
M4420,F4420,更换进气温度传感器,进气温度传感器,380,2025-09-25 14:06
M4421,F4421,更换火花塞+缸线检查,铱金火花塞(4支),380,2025-06-02 12:37
M4422,F4422,更换轮速传感器,右前轮速传感器,260,2024-02-14 13:55
M4423,F4423,清洗节气门+燃油滤芯更换,燃油滤芯,420,2025-10-30 17:08
M4424,F4424,维修空调压缩机,压缩机电磁阀,580,2024-07-03 13:24
M4425,F4425,更换催化转化器,原厂催化转化器,2800,2024-01-22 17:07
M4426,F4426,更换涡轮增压器电磁阀,涡轮电磁阀,850,2025-03-24 18:27
M4427,F4427,更换刹车压力传感器,刹车压力传感器,480,2025-05-27 16:13
M4428,F4428,更换安全带传感器,主驾驶安全带传感器,320,2024-12-28 16:27
M4429,F4429,更换机油压力传感器,机油压力传感器,450,2024-05-22 10:06
M4430,F4430,维修ABS控制模块,ABS控制模块维修包,1200,2024-08-11 11:02
M4431,F4431,更换凸轮轴位置传感器,凸轮轴位置传感器,520,2025-10-04 15:58
M4432,F4432,维修安全气囊控制模块,安全气囊控制模块编程,800,2025-07-12 15:15
M4433,F4433,更换节气门位置传感器,节气门位置传感器,480,2024-10-10 13:12
M4434,F4434,更换左前轮速传感器,左前轮速传感器,280,2024-12-26 12:53
M4435,F4435,检查燃油蒸发系统管路,燃油蒸发管密封垫,350,2024-09-17 12:22
M4436,F4436,更换右前安全气囊传感器,右前安全气囊传感器,650,2024-08-15 15:51
M4437,F4437,升级ECM控制模块程序,ECM程序升级包,980,2025-09-02 11:44
M4438,F4438,更换右后轮速传感器,右后轮速传感器,270,2024-11-11 10:53
M4439,F4439,更换驾驶员侧安全气囊模块,驾驶员侧安全气囊模块,1500,2024-04-16 10:54
M4440,F4440,更换进气温度传感器,进气温度传感器,380,2024-06-24 11:02
M4441,F4441,更换火花塞+缸线检查,铱金火花塞(4支),380,2025-11-18 17:55
M4442,F4442,更换轮速传感器,右前轮速传感器,260,2024-12-25 09:45
M4443,F4443,清洗节气门+燃油滤芯更换,燃油滤芯,420,2024-09-26 19:27
M4444,F4444,维修空调压缩机,压缩机电磁阀,580,2025-04-07 11:24
M4445,F4445,更换催化转化器,原厂催化转化器,2800,2024-10-31 15:22
M4446,F4446,更换涡轮增压器电磁阀,涡轮电磁阀,850,2025-09-21 18:08
M4447,F4447,更换刹车压力传感器,刹车压力传感器,480,2024-01-10 10:17
M4448,F4448,更换安全带传感器,主驾驶安全带传感器,320,2024-10-19 17:15
M4449,F4449,更换机油压力传感器,机油压力传感器,450,2024-06-26 09:19
M4450,F4450,维修ABS控制模块,ABS控制模块维修包,1200,2024-02-13 11:53
M4451,F4451,更换凸轮轴位置传感器,凸轮轴位置传感器,520,2025-07-23 10:41
M4452,F4452,维修安全气囊控制模块,安全气囊控制模块编程,800,2024-01-25 14:46
M4453,F4453,更换节气门位置传感器,节气门位置传感器,480,2024-04-27 15:01
M4454,F4454,更换左前轮速传感器,左前轮速传感器,280,2025-12-24 14:04
M4455,F4455,检查燃油蒸发系统管路,燃油蒸发管密封垫,350,2025-01-27 12:47
M4456,F4456,更换右前安全气囊传感器,右前安全气囊传感器,650,2024-06-29 12:06
M4457,F4457,升级ECM控制模块程序,ECM程序升级包,980,2025-08-21 16:40
M4458,F4458,更换右后轮速传感器,右后轮速传感器,270,2024-08-22 16:45
M4459,F4459,更换驾驶员侧安全气囊模块,驾驶员侧安全气囊模块,1500,2024-05-05 14:08
M4460,F4460,更换进气温度传感器,进气温度传感器,380,2024-08-26 16:02
M4461,F4461,更换火花塞+缸线检查,铱金火花塞(4支),380,2024-09-27 16:40
M4462,F4462,更换轮速传感器,右前轮速传感器,260,2025-03-05 14:14
M4463,F4463,清洗节气门+燃油滤芯更换,燃油滤芯,420,2024-03-29 16:27
M4464,F4464,维修空调压缩机,压缩机电磁阀,580,2024-07-09 16:57
M4465,F4465,更换催化转化器,原厂催化转化器,2800,2024-08-16 14:42
M4466,F4466,更换涡轮增压器电磁阀,涡轮电磁阀,850,2025-03-10 16:20
M4467,F4467,更换刹车压力传感器,刹车压力传感器,480,2025-12-15 10:50
M4468,F4468,更换安全带传感器,主驾驶安全带传感器,320,2024-06-19 10:34
M4469,F4469,更换机油压力传感器,机油压力传感器,450,2025-03-07 14:35
M4470,F4470,维修ABS控制模块,ABS控制模块维修包,1200,2024-11-08 14:06
M4471,F4471,更换凸轮轴位置传感器,凸轮轴位置传感器,520,2024-10-19 12:36
M4472,F4472,维修安全气囊控制模块,安全气囊控制模块编程,800,2024-06-18 16:40
M4473,F4473,更换节气门位置传感器,节气门位置传感器,480,2024-10-20 09:41
M4474,F4474,更换左前轮速传感器,左前轮速传感器,280,2024-03-07 18:34
M4475,F4475,检查燃油蒸发系统管路,燃油蒸发管密封垫,350,2024-02-11 16:16
M4476,F4476,更换右前安全气囊传感器,右前安全气囊传感器,650,2024-11-02 14:39
M4477,F4477,升级ECM控制模块程序,ECM程序升级包,980,2025-03-05 12:27
M4478,F4478,更换右后轮速传感器,右后轮速传感器,270,2025-11-12 10:40
M4479,F4479,更换驾驶员侧安全气囊模块,驾驶员侧安全气囊模块,1500,2024-08-09 11:02
M4480,F4480,更换进气温度传感器,进气温度传感器,380,2025-02-23 12:46
M4481,F4481,更换火花塞+缸线检查,铱金火花塞(4支),380,2024-06-24 10:35
M4482,F4482,更换轮速传感器,右前轮速传感器,260,2024-09-08 17:33
M4483,F4483,清洗节气门+燃油滤芯更换,燃油滤芯,420,2024-11-27 10:29
M4484,F4484,维修空调压缩机,压缩机电磁阀,580,2025-04-13 10:45
M4485,F4485,更换催化转化器,原厂催化转化器,2800,2025-08-01 09:11
M4486,F4486,更换涡轮增压器电磁阀,涡轮电磁阀,850,2024-02-28 16:22
M4487,F4487,更换刹车压力传感器,刹车压力传感器,480,2024-01-14 14:33
M4488,F4488,更换安全带传感器,主驾驶安全带传感器,320,2024-04-22 12:12
M4489,F4489,更换机油压力传感器,机油压力传感器,450,2025-01-27 12:46
M4490,F4490,维修ABS控制模块,ABS控制模块维修包,1200,2024-05-18 18:14
M4491,F4491,更换凸轮轴位置传感器,凸轮轴位置传感器,520,2025-04-30 18:48
M4492,F4492,维修安全气囊控制模块,安全气囊控制模块编程,800,2025-01-12 16:44
M4493,F4493,更换节气门位置传感器,节气门位置传感器,480,2025-10-02 10:19
M4494,F4494,更换左前轮速传感器,左前轮速传感器,280,2025-01-24 16:49
M4495,F4495,检查燃油蒸发系统管路,燃油蒸发管密封垫,350,2024-01-06 15:33
M4496,F4496,更换右前安全气囊传感器,右前安全气囊传感器,650,2024-06-07 10:01
M4497,F4497,升级ECM控制模块程序,ECM程序升级包,980,2025-02-22 16:32
M4498,F4498,更换右后轮速传感器,右后轮速传感器,270,2024-09-20 12:00
M4499,F4499,更换驾驶员侧安全气囊模块,驾驶员侧安全气囊模块,1500,2025-06-06 16:04
M4500,F4500,更换进气温度传感器,进气温度传感器,380,2025-12-19 16:03
M4501,F4501,更换火花塞+缸线检查,铱金火花塞(4支),380,2024-01-16 19:32
M4502,F4502,更换轮速传感器,右前轮速传感器,260,2025-12-07 11:04
M4503,F4503,清洗节气门+燃油滤芯更换,燃油滤芯,420,2024-01-21 11:13
M4504,F4504,维修空调压缩机,压缩机电磁阀,580,2024-07-15 17:27
M4505,F4505,更换催化转化器,原厂催化转化器,2800,2024-10-23 16:42
M4506,F4506,更换涡轮增压器电磁阀,涡轮电磁阀,850,2025-12-10 11:12
M4507,F4507,更换刹车压力传感器,刹车压力传感器,480,2024-08-24 15:11
M4508,F4508,更换安全带传感器,主驾驶安全带传感器,320,2025-06-20 18:04
M4509,F4509,更换机油压力传感器,机油压力传感器,450,2025-09-12 12:47
M4510,F4510,维修ABS控制模块,ABS控制模块维修包,1200,2025-12-04 10:27
M4511,F4511,更换凸轮轴位置传感器,凸轮轴位置传感器,520,2025-09-30 17:57
M4512,F4512,维修安全气囊控制模块,安全气囊控制模块编程,800,2024-05-26 17:10
M4513,F4513,更换节气门位置传感器,节气门位置传感器,480,2025-01-25 13:11
M4514,F4514,更换左前轮速传感器,左前轮速传感器,280,2024-12-15 18:23
M4515,F4515,检查燃油蒸发系统管路,燃油蒸发管密封垫,350,2025-01-07 16:24
M4516,F4516,更换右前安全气囊传感器,右前安全气囊传感器,650,2024-12-01 14:07
M4517,F4517,升级ECM控制模块程序,ECM程序升级包,980,2025-06-21 19:46
M4518,F4518,更换右后轮速传感器,右后轮速传感器,270,2025-02-26 13:31
M4519,F4519,更换驾驶员侧安全气囊模块,驾驶员侧安全气囊模块,1500,2025-09-07 09:17
M4520,F4520,更换进气温度传感器,进气温度传感器,380,2024-05-06 17:56
M4521,F4521,更换火花塞+缸线检查,铱金火花塞(4支),380,2025-12-09 19:43
M4522,F4522,更换轮速传感器,右前轮速传感器,260,2024-04-03 12:16
M4523,F4523,清洗节气门+燃油滤芯更换,燃油滤芯,420,2025-08-19 17:13
M4524,F4524,维修空调压缩机,压缩机电磁阀,580,2024-01-12 10:21
M4525,F4525,更换催化转化器,原厂催化转化器,2800,2025-04-13 19:12
M4526,F4526,更换涡轮增压器电磁阀,涡轮电磁阀,850,2025-04-08 18:52
M4527,F4527,更换刹车压力传感器,刹车压力传感器,480,2025-12-03 17:48
M4528,F4528,更换安全带传感器,主驾驶安全带传感器,320,2024-05-07 10:00
M4529,F4529,更换机油压力传感器,机油压力传感器,450,2024-03-21 14:15
M4530,F4530,维修ABS控制模块,ABS控制模块维修包,1200,2024-10-30 11:31
M4531,F4531,更换凸轮轴位置传感器,凸轮轴位置传感器,520,2024-05-15 17:00
M4532,F4532,维修安全气囊控制模块,安全气囊控制模块编程,800,2024-09-21 16:53
M4533,F4533,更换节气门位置传感器,节气门位置传感器,480,2024-05-04 16:44
M4534,F4534,更换左前轮速传感器,左前轮速传感器,280,2025-09-13 16:58
M4535,F4535,检查燃油蒸发系统管路,燃油蒸发管密封垫,350,2024-05-16 19:46
M4536,F4536,更换右前安全气囊传感器,右前安全气囊传感器,650,2024-11-03 13:07
M4537,F4537,升级ECM控制模块程序,ECM程序升级包,980,2025-07-28 19:00
M4538,F4538,更换右后轮速传感器,右后轮速传感器,270,2024-09-05 12:25
M4539,F4539,更换驾驶员侧安全气囊模块,驾驶员侧安全气囊模块,1500,2024-11-19 11:31
M4540,F4540,更换进气温度传感器,进气温度传感器,380,2025-11-08 12:38
M4541,F4541,更换火花塞+缸线检查,铱金火花塞(4支),380,2024-07-25 14:38
M4542,F4542,更换轮速传感器,右前轮速传感器,260,2025-08-14 14:24
M4543,F4543,清洗节气门+燃油滤芯更换,燃油滤芯,420,2024-10-03 12:03
M4544,F4544,维修空调压缩机,压缩机电磁阀,580,2024-05-08 17:02
M4545,F4545,更换催化转化器,原厂催化转化器,2800,2024-02-29 13:01
M4546,F4546,更换涡轮增压器电磁阀,涡轮电磁阀,850,2025-04-29 10:39
M4547,F4547,更换刹车压力传感器,刹车压力传感器,480,2024-02-29 09:44
M4548,F4548,更换安全带传感器,主驾驶安全带传感器,320,2025-03-23 12:50
M4549,F4549,更换机油压力传感器,机油压力传感器,450,2024-11-22 16:27
M4550,F4550,维修ABS控制模块,ABS控制模块维修包,1200,2025-05-21 17:18
M4551,F4551,更换凸轮轴位置传感器,凸轮轴位置传感器,520,2024-06-13 17:03
M4552,F4552,维修安全气囊控制模块,安全气囊控制模块编程,800,2024-03-20 10:51
M4553,F4553,更换节气门位置传感器,节气门位置传感器,480,2024-02-29 13:18
M4554,F4554,更换左前轮速传感器,左前轮速传感器,280,2024-01-07 16:01
M4555,F4555,检查燃油蒸发系统管路,燃油蒸发管密封垫,350,2025-04-24 18:47
M4556,F4556,更换右前安全气囊传感器,右前安全气囊传感器,650,2024-07-12 09:52
M4557,F4557,升级ECM控制模块程序,ECM程序升级包,980,2025-10-11 16:48
M4558,F4558,更换右后轮速传感器,右后轮速传感器,270,2025-02-12 16:29
M4559,F4559,更换驾驶员侧安全气囊模块,驾驶员侧安全气囊模块,1500,2025-10-23 09:54
M4560,F4560,更换进气温度传感器,进气温度传感器,380,2025-10-31 12:58
M4561,F4561,更换火花塞+缸线检查,铱金火花塞(4支),380,2025-11-27 16:28
M4562,F4562,更换轮速传感器,右前轮速传感器,260,2025-04-21 18:11
M4563,F4563,清洗节气门+燃油滤芯更换,燃油滤芯,420,2024-08-28 15:09
M4564,F4564,维修空调压缩机,压缩机电磁阀,580,2024-08-07 17:31
M4565,F4565,更换催化转化器,原厂催化转化器,2800,2024-03-09 10:37
M4566,F4566,更换涡轮增压器电磁阀,涡轮电磁阀,850,2025-04-24 12:02
M4567,F4567,更换刹车压力传感器,刹车压力传感器,480,2025-12-06 14:09
M4568,F4568,更换安全带传感器,主驾驶安全带传感器,320,2024-04-22 17:45
M4569,F4569,更换机油压力传感器,机油压力传感器,450,2024-12-24 15:55
M4570,F4570,维修ABS控制模块,ABS控制模块维修包,1200,2024-08-28 18:12
M4571,F4571,更换凸轮轴位置传感器,凸轮轴位置传感器,520,2025-12-02 16:23
M4572,F4572,维修安全气囊控制模块,安全气囊控制模块编程,800,2025-10-17 09:19
M4573,F4573,更换节气门位置传感器,节气门位置传感器,480,2024-06-29 16:16
M4574,F4574,更换左前轮速传感器,左前轮速传感器,280,2024-04-11 12:57
M4575,F4575,检查燃油蒸发系统管路,燃油蒸发管密封垫,350,2024-02-05 10:25
M4576,F4576,更换右前安全气囊传感器,右前安全气囊传感器,650,2024-06-18 15:13
M4577,F4577,升级ECM控制模块程序,ECM程序升级包,980,2024-09-03 10:41
M4578,F4578,更换右后轮速传感器,右后轮速传感器,270,2024-11-13 15:19
M4579,F4579,更换驾驶员侧安全气囊模块,驾驶员侧安全气囊模块,1500,2025-07-15 14:11
M4580,F4580,更换进气温度传感器,进气温度传感器,380,2024-05-14 14:03
M4581,F4581,更换火花塞+缸线检查,铱金火花塞(4支),380,2025-03-13 15:53
M4582,F4582,更换轮速传感器,右前轮速传感器,260,2025-06-06 14:27
M4583,F4583,清洗节气门+燃油滤芯更换,燃油滤芯,420,2024-09-17 17:55
M4584,F4584,维修空调压缩机,压缩机电磁阀,580,2025-09-02 13:27
M4585,F4585,更换催化转化器,原厂催化转化器,2800,2024-09-07 14:02
M4586,F4586,更换涡轮增压器电磁阀,涡轮电磁阀,850,2024-04-19 15:45
M4587,F4587,更换刹车压力传感器,刹车压力传感器,480,2024-09-18 14:06
M4588,F4588,更换安全带传感器,主驾驶安全带传感器,320,2024-10-06 14:23
M4589,F4589,更换机油压力传感器,机油压力传感器,450,2024-12-14 18:00
M4590,F4590,维修ABS控制模块,ABS控制模块维修包,1200,2024-11-04 18:10
M4591,F4591,更换凸轮轴位置传感器,凸轮轴位置传感器,520,2024-02-14 13:43
M4592,F4592,维修安全气囊控制模块,安全气囊控制模块编程,800,2024-08-07 13:46
M4593,F4593,更换节气门位置传感器,节气门位置传感器,480,2024-10-30 12:54
M4594,F4594,更换左前轮速传感器,左前轮速传感器,280,2025-07-21 14:42
M4595,F4595,检查燃油蒸发系统管路,燃油蒸发管密封垫,350,2024-11-19 16:51
M4596,F4596,更换右前安全气囊传感器,右前安全气囊传感器,650,2024-03-04 18:01
M4597,F4597,升级ECM控制模块程序,ECM程序升级包,980,2024-03-06 10:23
M4598,F4598,更换右后轮速传感器,右后轮速传感器,270,2025-07-21 16:14
M4599,F4599,更换驾驶员侧安全气囊模块,驾驶员侧安全气囊模块,1500,2025-01-20 17:29
M4600,F4600,更换进气温度传感器,进气温度传感器,380,2025-09-14 19:11
M4601,F4601,更换火花塞+缸线检查,铱金火花塞(4支),380,2025-11-21 11:36
M4602,F4602,更换轮速传感器,右前轮速传感器,260,2025-03-12 17:10
M4603,F4603,清洗节气门+燃油滤芯更换,燃油滤芯,420,2024-12-14 11:17
M4604,F4604,维修空调压缩机,压缩机电磁阀,580,2024-10-09 14:14
M4605,F4605,更换催化转化器,原厂催化转化器,2800,2024-04-02 18:58
M4606,F4606,更换涡轮增压器电磁阀,涡轮电磁阀,850,2024-09-22 13:01
M4607,F4607,更换刹车压力传感器,刹车压力传感器,480,2024-12-31 17:51
M4608,F4608,更换安全带传感器,主驾驶安全带传感器,320,2025-08-19 18:16
M4609,F4609,更换机油压力传感器,机油压力传感器,450,2024-11-07 13:51
M4610,F4610,维修ABS控制模块,ABS控制模块维修包,1200,2025-12-05 19:54
M4611,F4611,更换凸轮轴位置传感器,凸轮轴位置传感器,520,2024-11-26 12:13
M4612,F4612,维修安全气囊控制模块,安全气囊控制模块编程,800,2024-05-31 11:41
M4613,F4613,更换节气门位置传感器,节气门位置传感器,480,2025-10-22 18:24
M4614,F4614,更换左前轮速传感器,左前轮速传感器,280,2024-03-15 16:31
M4615,F4615,检查燃油蒸发系统管路,燃油蒸发管密封垫,350,2024-08-21 10:51
M4616,F4616,更换右前安全气囊传感器,右前安全气囊传感器,650,2025-02-28 14:30
M4617,F4617,升级ECM控制模块程序,ECM程序升级包,980,2025-05-01 11:15
M4618,F4618,更换右后轮速传感器,右后轮速传感器,270,2025-11-11 10:11
M4619,F4619,更换驾驶员侧安全气囊模块,驾驶员侧安全气囊模块,1500,2025-01-22 11:05
M4620,F4620,更换进气温度传感器,进气温度传感器,380,2025-10-09 19:25
M4621,F4621,更换火花塞+缸线检查,铱金火花塞(4支),380,2024-01-27 15:16
M4622,F4622,更换轮速传感器,右前轮速传感器,260,2025-09-26 15:58
M4623,F4623,清洗节气门+燃油滤芯更换,燃油滤芯,420,2025-10-29 18:23
M4624,F4624,维修空调压缩机,压缩机电磁阀,580,2025-11-15 13:45
M4625,F4625,更换催化转化器,原厂催化转化器,2800,2024-10-27 13:27
M4626,F4626,更换涡轮增压器电磁阀,涡轮电磁阀,850,2025-01-02 10:07
M4627,F4627,更换刹车压力传感器,刹车压力传感器,480,2025-08-16 17:31
M4628,F4628,更换安全带传感器,主驾驶安全带传感器,320,2024-09-02 12:09
M4629,F4629,更换机油压力传感器,机油压力传感器,450,2024-10-31 10:46
M4630,F4630,维修ABS控制模块,ABS控制模块维修包,1200,2025-12-03 13:19
M4631,F4631,更换凸轮轴位置传感器,凸轮轴位置传感器,520,2024-06-20 11:21
M4632,F4632,维修安全气囊控制模块,安全气囊控制模块编程,800,2024-06-17 11:55
M4633,F4633,更换节气门位置传感器,节气门位置传感器,480,2025-07-30 19:39
M4634,F4634,更换左前轮速传感器,左前轮速传感器,280,2025-11-13 09:33
M4635,F4635,检查燃油蒸发系统管路,燃油蒸发管密封垫,350,2024-07-07 11:34
M4636,F4636,更换右前安全气囊传感器,右前安全气囊传感器,650,2025-04-06 13:46
M4637,F4637,升级ECM控制模块程序,ECM程序升级包,980,2025-07-19 16:37
M4638,F4638,更换右后轮速传感器,右后轮速传感器,270,2024-04-24 14:06
M4639,F4639,更换驾驶员侧安全气囊模块,驾驶员侧安全气囊模块,1500,2024-02-29 09:57
M4640,F4640,更换进气温度传感器,进气温度传感器,380,2025-03-13 10:13
M4641,F4641,更换火花塞+缸线检查,铱金火花塞(4支),380,2025-07-20 11:11
M4642,F4642,更换轮速传感器,右前轮速传感器,260,2024-05-16 17:19
M4643,F4643,清洗节气门+燃油滤芯更换,燃油滤芯,420,2024-07-30 15:02
M4644,F4644,维修空调压缩机,压缩机电磁阀,580,2025-10-22 14:40
M4645,F4645,更换催化转化器,原厂催化转化器,2800,2024-02-04 14:46
M4646,F4646,更换涡轮增压器电磁阀,涡轮电磁阀,850,2024-11-14 16:05
M4647,F4647,更换刹车压力传感器,刹车压力传感器,480,2024-10-28 18:48
M4648,F4648,更换安全带传感器,主驾驶安全带传感器,320,2024-05-04 12:58
M4649,F4649,更换机油压力传感器,机油压力传感器,450,2024-02-17 15:11
M4650,F4650,维修ABS控制模块,ABS控制模块维修包,1200,2025-12-01 12:39
M4651,F4651,更换凸轮轴位置传感器,凸轮轴位置传感器,520,2025-05-01 15:25
M4652,F4652,维修安全气囊控制模块,安全气囊控制模块编程,800,2025-08-17 14:59
M4653,F4653,更换节气门位置传感器,节气门位置传感器,480,2025-10-24 14:21
M4654,F4654,更换左前轮速传感器,左前轮速传感器,280,2025-01-05 19:34
M4655,F4655,检查燃油蒸发系统管路,燃油蒸发管密封垫,350,2025-05-14 17:15
M4656,F4656,更换右前安全气囊传感器,右前安全气囊传感器,650,2024-06-01 10:52
M4657,F4657,升级ECM控制模块程序,ECM程序升级包,980,2025-02-27 11:43
M4658,F4658,更换右后轮速传感器,右后轮速传感器,270,2025-03-09 15:26
M4659,F4659,更换驾驶员侧安全气囊模块,驾驶员侧安全气囊模块,1500,2024-05-02 19:01
M4660,F4660,更换进气温度传感器,进气温度传感器,380,2024-06-07 12:10
M4661,F4661,更换火花塞+缸线检查,铱金火花塞(4支),380,2024-04-14 14:44
M4662,F4662,更换轮速传感器,右前轮速传感器,260,2025-03-28 14:27
M4663,F4663,清洗节气门+燃油滤芯更换,燃油滤芯,420,2024-01-07 10:22
M4664,F4664,维修空调压缩机,压缩机电磁阀,580,2024-08-14 16:48
M4665,F4665,更换催化转化器,原厂催化转化器,2800,2024-03-09 18:03
M4666,F4666,更换涡轮增压器电磁阀,涡轮电磁阀,850,2025-07-15 10:17
M4667,F4667,更换刹车压力传感器,刹车压力传感器,480,2025-09-19 11:33
M4668,F4668,更换安全带传感器,主驾驶安全带传感器,320,2025-08-09 14:08
M4669,F4669,更换机油压力传感器,机油压力传感器,450,2024-01-29 10:13
M4670,F4670,维修ABS控制模块,ABS控制模块维修包,1200,2025-12-17 11:30
M4671,F4671,更换凸轮轴位置传感器,凸轮轴位置传感器,520,2025-07-21 15:18
M4672,F4672,维修安全气囊控制模块,安全气囊控制模块编程,800,2024-03-10 15:28
M4673,F4673,更换节气门位置传感器,节气门位置传感器,480,2025-08-07 11:38
M4674,F4674,更换左前轮速传感器,左前轮速传感器,280,2024-11-17 18:13
M4675,F4675,检查燃油蒸发系统管路,燃油蒸发管密封垫,350,2024-08-07 09:26
M4676,F4676,更换右前安全气囊传感器,右前安全气囊传感器,650,2025-01-20 16:52
M4677,F4677,升级ECM控制模块程序,ECM程序升级包,980,2024-04-06 12:41
M4678,F4678,更换右后轮速传感器,右后轮速传感器,270,2024-12-08 13:28
M4679,F4679,更换驾驶员侧安全气囊模块,驾驶员侧安全气囊模块,1500,2025-09-03 17:57
M4680,F4680,更换进气温度传感器,进气温度传感器,380,2025-04-16 09:12
M4681,F4681,更换火花塞+缸线检查,铱金火花塞(4支),380,2025-03-02 14:50
M4682,F4682,更换轮速传感器,右前轮速传感器,260,2024-12-12 18:38
M4683,F4683,清洗节气门+燃油滤芯更换,燃油滤芯,420,2025-10-10 09:05
M4684,F4684,维修空调压缩机,压缩机电磁阀,580,2024-10-06 16:38
M4685,F4685,更换催化转化器,原厂催化转化器,2800,2024-11-15 14:10
M4686,F4686,更换涡轮增压器电磁阀,涡轮电磁阀,850,2024-12-25 09:53
M4687,F4687,更换刹车压力传感器,刹车压力传感器,480,2024-01-17 19:34
M4688,F4688,更换安全带传感器,主驾驶安全带传感器,320,2025-03-10 12:10
M4689,F4689,更换机油压力传感器,机油压力传感器,450,2025-12-13 11:27
M4690,F4690,维修ABS控制模块,ABS控制模块维修包,1200,2025-09-29 10:55
M4691,F4691,更换凸轮轴位置传感器,凸轮轴位置传感器,520,2024-12-22 15:08
M4692,F4692,维修安全气囊控制模块,安全气囊控制模块编程,800,2024-10-20 10:24
M4693,F4693,更换节气门位置传感器,节气门位置传感器,480,2024-12-29 10:05
M4694,F4694,更换左前轮速传感器,左前轮速传感器,280,2024-12-15 16:39
M4695,F4695,检查燃油蒸发系统管路,燃油蒸发管密封垫,350,2024-02-11 15:20
M4696,F4696,更换右前安全气囊传感器,右前安全气囊传感器,650,2025-07-13 14:13
M4697,F4697,升级ECM控制模块程序,ECM程序升级包,980,2024-07-31 12:39
M4698,F4698,更换右后轮速传感器,右后轮速传感器,270,2025-08-02 17:09
M4699,F4699,更换驾驶员侧安全气囊模块,驾驶员侧安全气囊模块,1500,2025-10-11 13:57
M4700,F4700,更换进气温度传感器,进气温度传感器,380,2025-01-10 13:39
M4701,F4701,更换火花塞+缸线检查,铱金火花塞(4支),380,2024-09-20 09:04
M4702,F4702,更换轮速传感器,右前轮速传感器,260,2024-03-31 12:59
M4703,F4703,清洗节气门+燃油滤芯更换,燃油滤芯,420,2024-04-14 14:47
M4704,F4704,维修空调压缩机,压缩机电磁阀,580,2025-12-20 11:17
M4705,F4705,更换催化转化器,原厂催化转化器,2800,2024-07-18 15:43
M4706,F4706,更换涡轮增压器电磁阀,涡轮电磁阀,850,2025-04-17 13:53
M4707,F4707,更换刹车压力传感器,刹车压力传感器,480,2025-06-29 15:59
M4708,F4708,更换安全带传感器,主驾驶安全带传感器,320,2024-02-13 18:56
M4709,F4709,更换机油压力传感器,机油压力传感器,450,2024-09-21 19:26
M4710,F4710,维修ABS控制模块,ABS控制模块维修包,1200,2025-05-07 10:35
M4711,F4711,更换凸轮轴位置传感器,凸轮轴位置传感器,520,2024-12-24 12:41
M4712,F4712,维修安全气囊控制模块,安全气囊控制模块编程,800,2024-01-03 14:45
M4713,F4713,更换节气门位置传感器,节气门位置传感器,480,2024-05-24 12:55
M4714,F4714,更换左前轮速传感器,左前轮速传感器,280,2025-01-18 16:29
M4715,F4715,检查燃油蒸发系统管路,燃油蒸发管密封垫,350,2025-12-26 10:59
M4716,F4716,更换右前安全气囊传感器,右前安全气囊传感器,650,2025-08-07 17:42
M4717,F4717,升级ECM控制模块程序,ECM程序升级包,980,2024-01-07 16:33
M4718,F4718,更换右后轮速传感器,右后轮速传感器,270,2024-12-02 16:31
M4719,F4719,更换驾驶员侧安全气囊模块,驾驶员侧安全气囊模块,1500,2025-12-03 14:49
M4720,F4720,更换进气温度传感器,进气温度传感器,380,2025-03-22 11:42
M4721,F4721,更换火花塞+缸线检查,铱金火花塞(4支),380,2025-10-30 17:39
M4722,F4722,更换轮速传感器,右前轮速传感器,260,2025-11-21 19:51
M4723,F4723,清洗节气门+燃油滤芯更换,燃油滤芯,420,2025-07-31 11:18
M4724,F4724,维修空调压缩机,压缩机电磁阀,580,2025-09-22 16:49
M4725,F4725,更换催化转化器,原厂催化转化器,2800,2024-08-27 09:55
M4726,F4726,更换涡轮增压器电磁阀,涡轮电磁阀,850,2024-11-01 17:44
M4727,F4727,更换刹车压力传感器,刹车压力传感器,480,2025-11-30 10:55
M4728,F4728,更换安全带传感器,主驾驶安全带传感器,320,2024-06-01 13:16
M4729,F4729,更换机油压力传感器,机油压力传感器,450,2024-08-31 14:51
M4730,F4730,维修ABS控制模块,ABS控制模块维修包,1200,2024-10-22 14:58
M4731,F4731,更换凸轮轴位置传感器,凸轮轴位置传感器,520,2024-10-23 15:53
M4732,F4732,维修安全气囊控制模块,安全气囊控制模块编程,800,2024-01-12 17:03
M4733,F4733,更换节气门位置传感器,节气门位置传感器,480,2024-05-26 17:18
M4734,F4734,更换左前轮速传感器,左前轮速传感器,280,2025-11-17 17:40
M4735,F4735,检查燃油蒸发系统管路,燃油蒸发管密封垫,350,2024-09-12 18:27
M4736,F4736,更换右前安全气囊传感器,右前安全气囊传感器,650,2024-06-04 18:25
M4737,F4737,升级ECM控制模块程序,ECM程序升级包,980,2025-11-06 17:37
M4738,F4738,更换右后轮速传感器,右后轮速传感器,270,2024-10-01 17:27
M4739,F4739,更换驾驶员侧安全气囊模块,驾驶员侧安全气囊模块,1500,2024-10-29 15:34
M4740,F4740,更换进气温度传感器,进气温度传感器,380,2024-04-24 09:46
M4741,F4741,更换火花塞+缸线检查,铱金火花塞(4支),380,2025-10-21 18:36
M4742,F4742,更换轮速传感器,右前轮速传感器,260,2024-03-22 19:43
M4743,F4743,清洗节气门+燃油滤芯更换,燃油滤芯,420,2024-11-07 18:38
M4744,F4744,维修空调压缩机,压缩机电磁阀,580,2024-07-05 10:02
M4745,F4745,更换催化转化器,原厂催化转化器,2800,2025-09-20 16:44
M4746,F4746,更换涡轮增压器电磁阀,涡轮电磁阀,850,2024-12-27 09:43
M4747,F4747,更换刹车压力传感器,刹车压力传感器,480,2024-01-02 14:11
M4748,F4748,更换安全带传感器,主驾驶安全带传感器,320,2025-12-07 18:32
M4749,F4749,更换机油压力传感器,机油压力传感器,450,2025-01-04 15:47
M4750,F4750,维修ABS控制模块,ABS控制模块维修包,1200,2025-01-02 17:09
M4751,F4751,更换凸轮轴位置传感器,凸轮轴位置传感器,520,2025-04-10 18:58
M4752,F4752,维修安全气囊控制模块,安全气囊控制模块编程,800,2025-05-03 15:09
M4753,F4753,更换节气门位置传感器,节气门位置传感器,480,2025-07-30 14:39
M4754,F4754,更换左前轮速传感器,左前轮速传感器,280,2024-02-07 17:03
M4755,F4755,检查燃油蒸发系统管路,燃油蒸发管密封垫,350,2024-03-04 16:28
M4756,F4756,更换右前安全气囊传感器,右前安全气囊传感器,650,2024-06-22 18:03
M4757,F4757,升级ECM控制模块程序,ECM程序升级包,980,2024-01-04 15:48
M4758,F4758,更换右后轮速传感器,右后轮速传感器,270,2025-08-25 17:20
M4759,F4759,更换驾驶员侧安全气囊模块,驾驶员侧安全气囊模块,1500,2025-06-18 16:23
M4760,F4760,更换进气温度传感器,进气温度传感器,380,2025-12-26 18:16
M4761,F4761,更换火花塞+缸线检查,铱金火花塞(4支),380,2025-04-01 12:54
M4762,F4762,更换轮速传感器,右前轮速传感器,260,2024-07-08 17:35
M4763,F4763,清洗节气门+燃油滤芯更换,燃油滤芯,420,2024-03-08 12:03
M4764,F4764,维修空调压缩机,压缩机电磁阀,580,2025-05-22 11:14
M4765,F4765,更换催化转化器,原厂催化转化器,2800,2024-07-18 14:14
M4766,F4766,更换涡轮增压器电磁阀,涡轮电磁阀,850,2024-04-11 17:45
M4767,F4767,更换刹车压力传感器,刹车压力传感器,480,2024-04-28 13:09
M4768,F4768,更换安全带传感器,主驾驶安全带传感器,320,2024-07-29 11:36
M4769,F4769,更换机油压力传感器,机油压力传感器,450,2024-07-13 19:15
M4770,F4770,维修ABS控制模块,ABS控制模块维修包,1200,2025-10-17 16:59
M4771,F4771,更换凸轮轴位置传感器,凸轮轴位置传感器,520,2025-08-30 11:02
M4772,F4772,维修安全气囊控制模块,安全气囊控制模块编程,800,2024-12-21 15:27
M4773,F4773,更换节气门位置传感器,节气门位置传感器,480,2025-08-19 10:57
M4774,F4774,更换左前轮速传感器,左前轮速传感器,280,2025-12-08 19:22
M4775,F4775,检查燃油蒸发系统管路,燃油蒸发管密封垫,350,2025-12-04 13:21
M4776,F4776,更换右前安全气囊传感器,右前安全气囊传感器,650,2024-05-23 18:06
M4777,F4777,升级ECM控制模块程序,ECM程序升级包,980,2025-06-30 12:29
M4778,F4778,更换右后轮速传感器,右后轮速传感器,270,2025-12-10 18:13
M4779,F4779,更换驾驶员侧安全气囊模块,驾驶员侧安全气囊模块,1500,2025-04-05 17:52
M4780,F4780,更换进气温度传感器,进气温度传感器,380,2024-11-09 14:47
M4781,F4781,更换火花塞+缸线检查,铱金火花塞(4支),380,2025-04-28 13:38
M4782,F4782,更换轮速传感器,右前轮速传感器,260,2024-08-06 14:55
M4783,F4783,清洗节气门+燃油滤芯更换,燃油滤芯,420,2025-03-06 13:12
M4784,F4784,维修空调压缩机,压缩机电磁阀,580,2024-01-05 15:27
M4785,F4785,更换催化转化器,原厂催化转化器,2800,2025-03-22 12:08
M4786,F4786,更换涡轮增压器电磁阀,涡轮电磁阀,850,2024-12-16 17:26
M4787,F4787,更换刹车压力传感器,刹车压力传感器,480,2025-02-18 16:12
M4788,F4788,更换安全带传感器,主驾驶安全带传感器,320,2025-01-14 18:55
M4789,F4789,更换机油压力传感器,机油压力传感器,450,2024-04-26 18:54
M4790,F4790,维修ABS控制模块,ABS控制模块维修包,1200,2025-04-17 09:43
M4791,F4791,更换凸轮轴位置传感器,凸轮轴位置传感器,520,2025-03-25 09:40
M4792,F4792,维修安全气囊控制模块,安全气囊控制模块编程,800,2024-08-13 12:55
M4793,F4793,更换节气门位置传感器,节气门位置传感器,480,2025-08-08 14:27
M4794,F4794,更换左前轮速传感器,左前轮速传感器,280,2024-01-03 15:14
M4795,F4795,检查燃油蒸发系统管路,燃油蒸发管密封垫,350,2024-01-02 10:29
M4796,F4796,更换右前安全气囊传感器,右前安全气囊传感器,650,2025-12-28 15:05
M4797,F4797,升级ECM控制模块程序,ECM程序升级包,980,2025-12-26 15:50
M4798,F4798,更换右后轮速传感器,右后轮速传感器,270,2024-09-18 18:24
M4799,F4799,更换驾驶员侧安全气囊模块,驾驶员侧安全气囊模块,1500,2025-06-04 16:04
M4800,F4800,更换进气温度传感器,进气温度传感器,380,2024-07-17 14:06
M4801,F4801,更换火花塞+缸线检查,铱金火花塞(4支),380,2025-02-13 19:32
M4802,F4802,更换轮速传感器,右前轮速传感器,260,2025-12-05 11:46
M4803,F4803,清洗节气门+燃油滤芯更换,燃油滤芯,420,2025-09-25 12:16
M4804,F4804,维修空调压缩机,压缩机电磁阀,580,2025-07-27 12:34
M4805,F4805,更换催化转化器,原厂催化转化器,2800,2025-04-25 11:53
M4806,F4806,更换涡轮增压器电磁阀,涡轮电磁阀,850,2025-07-23 11:56
M4807,F4807,更换刹车压力传感器,刹车压力传感器,480,2025-06-20 14:06
M4808,F4808,更换安全带传感器,主驾驶安全带传感器,320,2025-11-24 10:28
M4809,F4809,更换机油压力传感器,机油压力传感器,450,2024-05-29 18:32
M4810,F4810,维修ABS控制模块,ABS控制模块维修包,1200,2024-08-09 11:05
M4811,F4811,更换凸轮轴位置传感器,凸轮轴位置传感器,520,2024-09-14 14:44
M4812,F4812,维修安全气囊控制模块,安全气囊控制模块编程,800,2024-05-16 16:30
M4813,F4813,更换节气门位置传感器,节气门位置传感器,480,2025-07-12 15:28
M4814,F4814,更换左前轮速传感器,左前轮速传感器,280,2025-01-19 16:31
M4815,F4815,检查燃油蒸发系统管路,燃油蒸发管密封垫,350,2024-02-24 18:33
M4816,F4816,更换右前安全气囊传感器,右前安全气囊传感器,650,2025-11-09 14:17
M4817,F4817,升级ECM控制模块程序,ECM程序升级包,980,2025-03-23 09:11
M4818,F4818,更换右后轮速传感器,右后轮速传感器,270,2025-06-25 10:12
M4819,F4819,更换驾驶员侧安全气囊模块,驾驶员侧安全气囊模块,1500,2024-08-27 16:23
M4820,F4820,更换进气温度传感器,进气温度传感器,380,2025-08-24 17:39
M4821,F4821,更换火花塞+缸线检查,铱金火花塞(4支),380,2024-09-12 18:26
M4822,F4822,更换轮速传感器,右前轮速传感器,260,2024-05-01 18:59
M4823,F4823,清洗节气门+燃油滤芯更换,燃油滤芯,420,2024-12-01 17:33
M4824,F4824,维修空调压缩机,压缩机电磁阀,580,2025-01-12 18:57
M4825,F4825,更换催化转化器,原厂催化转化器,2800,2024-07-24 19:50
M4826,F4826,更换涡轮增压器电磁阀,涡轮电磁阀,850,2024-07-20 18:23
M4827,F4827,更换刹车压力传感器,刹车压力传感器,480,2025-12-09 11:16
M4828,F4828,更换安全带传感器,主驾驶安全带传感器,320,2024-06-29 16:24
M4829,F4829,更换机油压力传感器,机油压力传感器,450,2024-04-04 16:00
M4830,F4830,维修ABS控制模块,ABS控制模块维修包,1200,2024-03-01 17:07
M4831,F4831,更换凸轮轴位置传感器,凸轮轴位置传感器,520,2025-04-14 19:24
M4832,F4832,维修安全气囊控制模块,安全气囊控制模块编程,800,2024-08-13 16:44
M4833,F4833,更换节气门位置传感器,节气门位置传感器,480,2025-05-06 13:10
M4834,F4834,更换左前轮速传感器,左前轮速传感器,280,2025-11-24 14:23
M4835,F4835,检查燃油蒸发系统管路,燃油蒸发管密封垫,350,2024-06-25 11:52
M4836,F4836,更换右前安全气囊传感器,右前安全气囊传感器,650,2024-11-28 09:11
M4837,F4837,升级ECM控制模块程序,ECM程序升级包,980,2024-11-04 12:25
M4838,F4838,更换右后轮速传感器,右后轮速传感器,270,2024-01-24 17:31
M4839,F4839,更换驾驶员侧安全气囊模块,驾驶员侧安全气囊模块,1500,2025-03-27 16:48
M4840,F4840,更换进气温度传感器,进气温度传感器,380,2025-01-03 18:54
M4841,F4841,更换火花塞+缸线检查,铱金火花塞(4支),380,2025-01-13 15:18
M4842,F4842,更换轮速传感器,右前轮速传感器,260,2025-07-25 19:48
M4843,F4843,清洗节气门+燃油滤芯更换,燃油滤芯,420,2025-02-25 16:25
M4844,F4844,维修空调压缩机,压缩机电磁阀,580,2024-08-11 13:33
M4845,F4845,更换催化转化器,原厂催化转化器,2800,2025-09-19 12:18
M4846,F4846,更换涡轮增压器电磁阀,涡轮电磁阀,850,2024-09-29 14:38
M4847,F4847,更换刹车压力传感器,刹车压力传感器,480,2024-06-01 11:14
M4848,F4848,更换安全带传感器,主驾驶安全带传感器,320,2024-09-14 11:43
M4849,F4849,更换机油压力传感器,机油压力传感器,450,2025-11-28 11:05
M4850,F4850,维修ABS控制模块,ABS控制模块维修包,1200,2025-03-09 09:28
M4851,F4851,更换凸轮轴位置传感器,凸轮轴位置传感器,520,2025-01-03 10:34
M4852,F4852,维修安全气囊控制模块,安全气囊控制模块编程,800,2024-10-18 18:16
M4853,F4853,更换节气门位置传感器,节气门位置传感器,480,2024-03-03 15:02
M4854,F4854,更换左前轮速传感器,左前轮速传感器,280,2024-04-24 10:11
M4855,F4855,检查燃油蒸发系统管路,燃油蒸发管密封垫,350,2024-07-14 18:15
M4856,F4856,更换右前安全气囊传感器,右前安全气囊传感器,650,2025-05-01 15:22
M4857,F4857,升级ECM控制模块程序,ECM程序升级包,980,2025-03-13 17:17
M4858,F4858,更换右后轮速传感器,右后轮速传感器,270,2025-06-02 11:35
M4859,F4859,更换驾驶员侧安全气囊模块,驾驶员侧安全气囊模块,1500,2024-11-10 15:25
M4860,F4860,更换进气温度传感器,进气温度传感器,380,2025-02-01 17:15
M4861,F4861,更换火花塞+缸线检查,铱金火花塞(4支),380,2024-12-02 14:46
M4862,F4862,更换轮速传感器,右前轮速传感器,260,2025-08-19 10:15
M4863,F4863,清洗节气门+燃油滤芯更换,燃油滤芯,420,2025-07-11 11:01
M4864,F4864,维修空调压缩机,压缩机电磁阀,580,2025-05-22 17:54
M4865,F4865,更换催化转化器,原厂催化转化器,2800,2025-05-03 12:32
M4866,F4866,更换涡轮增压器电磁阀,涡轮电磁阀,850,2025-01-06 11:32
M4867,F4867,更换刹车压力传感器,刹车压力传感器,480,2025-02-22 19:40
M4868,F4868,更换安全带传感器,主驾驶安全带传感器,320,2024-09-22 12:42
M4869,F4869,更换机油压力传感器,机油压力传感器,450,2025-06-20 16:59
M4870,F4870,维修ABS控制模块,ABS控制模块维修包,1200,2025-09-01 16:49
M4871,F4871,更换凸轮轴位置传感器,凸轮轴位置传感器,520,2024-04-19 11:14
M4872,F4872,维修安全气囊控制模块,安全气囊控制模块编程,800,2025-04-03 10:16
M4873,F4873,更换节气门位置传感器,节气门位置传感器,480,2024-01-14 19:26
M4874,F4874,更换左前轮速传感器,左前轮速传感器,280,2024-06-14 16:25
M4875,F4875,检查燃油蒸发系统管路,燃油蒸发管密封垫,350,2024-05-29 12:22
M4876,F4876,更换右前安全气囊传感器,右前安全气囊传感器,650,2024-08-19 18:30
M4877,F4877,升级ECM控制模块程序,ECM程序升级包,980,2024-06-10 12:50
M4878,F4878,更换右后轮速传感器,右后轮速传感器,270,2025-02-24 14:01
M4879,F4879,更换驾驶员侧安全气囊模块,驾驶员侧安全气囊模块,1500,2025-05-09 12:07
M4880,F4880,更换进气温度传感器,进气温度传感器,380,2024-10-05 17:18
M4881,F4881,更换火花塞+缸线检查,铱金火花塞(4支),380,2025-01-18 09:23
M4882,F4882,更换轮速传感器,右前轮速传感器,260,2025-05-10 11:34
M4883,F4883,清洗节气门+燃油滤芯更换,燃油滤芯,420,2025-10-28 17:11
M4884,F4884,维修空调压缩机,压缩机电磁阀,580,2024-06-06 12:35
M4885,F4885,更换催化转化器,原厂催化转化器,2800,2024-09-12 16:16
M4886,F4886,更换涡轮增压器电磁阀,涡轮电磁阀,850,2024-06-26 13:05
M4887,F4887,更换刹车压力传感器,刹车压力传感器,480,2024-06-10 16:10
M4888,F4888,更换安全带传感器,主驾驶安全带传感器,320,2024-04-25 10:45
M4889,F4889,更换机油压力传感器,机油压力传感器,450,2025-12-14 10:22
M4890,F4890,维修ABS控制模块,ABS控制模块维修包,1200,2025-10-10 17:33
M4891,F4891,更换凸轮轴位置传感器,凸轮轴位置传感器,520,2025-02-02 14:12
M4892,F4892,维修安全气囊控制模块,安全气囊控制模块编程,800,2024-07-07 10:40
M4893,F4893,更换节气门位置传感器,节气门位置传感器,480,2025-08-06 16:27
M4894,F4894,更换左前轮速传感器,左前轮速传感器,280,2025-07-10 19:20
M4895,F4895,检查燃油蒸发系统管路,燃油蒸发管密封垫,350,2024-04-30 13:57
M4896,F4896,更换右前安全气囊传感器,右前安全气囊传感器,650,2024-03-26 13:45
M4897,F4897,升级ECM控制模块程序,ECM程序升级包,980,2025-10-09 14:27
M4898,F4898,更换右后轮速传感器,右后轮速传感器,270,2025-01-15 13:14
M4899,F4899,更换驾驶员侧安全气囊模块,驾驶员侧安全气囊模块,1500,2024-07-22 12:31
M4900,F4900,更换进气温度传感器,进气温度传感器,380,2024-02-13 10:56
M4901,F4901,更换火花塞+缸线检查,铱金火花塞(4支),380,2024-10-16 17:00
M4902,F4902,更换轮速传感器,右前轮速传感器,260,2025-09-15 10:42
M4903,F4903,清洗节气门+燃油滤芯更换,燃油滤芯,420,2025-11-26 11:34
M4904,F4904,维修空调压缩机,压缩机电磁阀,580,2024-01-10 16:19
M4905,F4905,更换催化转化器,原厂催化转化器,2800,2024-12-14 16:38
M4906,F4906,更换涡轮增压器电磁阀,涡轮电磁阀,850,2024-07-10 17:47
M4907,F4907,更换刹车压力传感器,刹车压力传感器,480,2024-03-27 09:50
M4908,F4908,更换安全带传感器,主驾驶安全带传感器,320,2025-05-10 16:43
M4909,F4909,更换机油压力传感器,机油压力传感器,450,2024-05-11 16:43
M4910,F4910,维修ABS控制模块,ABS控制模块维修包,1200,2025-07-24 16:25
M4911,F4911,更换凸轮轴位置传感器,凸轮轴位置传感器,520,2024-07-06 13:56
M4912,F4912,维修安全气囊控制模块,安全气囊控制模块编程,800,2024-05-20 11:25
M4913,F4913,更换节气门位置传感器,节气门位置传感器,480,2024-11-29 16:27
M4914,F4914,更换左前轮速传感器,左前轮速传感器,280,2025-12-03 13:07
M4915,F4915,检查燃油蒸发系统管路,燃油蒸发管密封垫,350,2025-08-04 11:57
M4916,F4916,更换右前安全气囊传感器,右前安全气囊传感器,650,2024-03-19 09:38
M4917,F4917,升级ECM控制模块程序,ECM程序升级包,980,2025-12-25 16:04
M4918,F4918,更换右后轮速传感器,右后轮速传感器,270,2025-03-03 16:05
M4919,F4919,更换驾驶员侧安全气囊模块,驾驶员侧安全气囊模块,1500,2024-06-09 12:50
M4920,F4920,更换进气温度传感器,进气温度传感器,380,2025-10-31 18:32
M4921,F4921,更换火花塞+缸线检查,铱金火花塞(4支),380,2024-02-11 13:14
M4922,F4922,更换轮速传感器,右前轮速传感器,260,2024-04-21 15:10
M4923,F4923,清洗节气门+燃油滤芯更换,燃油滤芯,420,2025-02-06 16:55
M4924,F4924,维修空调压缩机,压缩机电磁阀,580,2025-07-31 16:03
M4925,F4925,更换催化转化器,原厂催化转化器,2800,2025-05-18 15:29
M4926,F4926,更换涡轮增压器电磁阀,涡轮电磁阀,850,2024-07-10 18:11
M4927,F4927,更换刹车压力传感器,刹车压力传感器,480,2025-05-25 15:12
M4928,F4928,更换安全带传感器,主驾驶安全带传感器,320,2024-09-12 16:44
M4929,F4929,更换机油压力传感器,机油压力传感器,450,2024-02-11 12:38
M4930,F4930,维修ABS控制模块,ABS控制模块维修包,1200,2024-03-07 19:59
M4931,F4931,更换凸轮轴位置传感器,凸轮轴位置传感器,520,2025-01-05 15:58
M4932,F4932,维修安全气囊控制模块,安全气囊控制模块编程,800,2024-09-08 11:48
M4933,F4933,更换节气门位置传感器,节气门位置传感器,480,2025-08-19 13:42
M4934,F4934,更换左前轮速传感器,左前轮速传感器,280,2025-02-20 15:21
M4935,F4935,检查燃油蒸发系统管路,燃油蒸发管密封垫,350,2024-08-31 09:43
M4936,F4936,更换右前安全气囊传感器,右前安全气囊传感器,650,2024-12-07 17:37
M4937,F4937,升级ECM控制模块程序,ECM程序升级包,980,2025-08-12 17:02
M4938,F4938,更换右后轮速传感器,右后轮速传感器,270,2025-06-27 14:40
M4939,F4939,更换驾驶员侧安全气囊模块,驾驶员侧安全气囊模块,1500,2025-02-28 10:12
M4940,F4940,更换进气温度传感器,进气温度传感器,380,2025-11-13 17:40
M4941,F4941,更换火花塞+缸线检查,铱金火花塞(4支),380,2024-12-16 18:49
M4942,F4942,更换轮速传感器,右前轮速传感器,260,2024-07-18 10:54
M4943,F4943,清洗节气门+燃油滤芯更换,燃油滤芯,420,2024-02-07 16:30
M4944,F4944,维修空调压缩机,压缩机电磁阀,580,2024-09-05 19:10
M4945,F4945,更换催化转化器,原厂催化转化器,2800,2024-06-19 14:54
M4946,F4946,更换涡轮增压器电磁阀,涡轮电磁阀,850,2024-04-19 12:56
M4947,F4947,更换刹车压力传感器,刹车压力传感器,480,2024-03-02 12:56
M4948,F4948,更换安全带传感器,主驾驶安全带传感器,320,2025-01-17 15:29
M4949,F4949,更换机油压力传感器,机油压力传感器,450,2024-03-04 10:52
M4950,F4950,维修ABS控制模块,ABS控制模块维修包,1200,2024-04-20 10:05
M4951,F4951,更换凸轮轴位置传感器,凸轮轴位置传感器,520,2025-03-24 11:25
M4952,F4952,维修安全气囊控制模块,安全气囊控制模块编程,800,2024-07-11 13:56
M4953,F4953,更换节气门位置传感器,节气门位置传感器,480,2025-03-25 12:20
M4954,F4954,更换左前轮速传感器,左前轮速传感器,280,2024-07-10 12:30
M4955,F4955,检查燃油蒸发系统管路,燃油蒸发管密封垫,350,2025-06-02 12:06
M4956,F4956,更换右前安全气囊传感器,右前安全气囊传感器,650,2024-09-05 19:31
M4957,F4957,升级ECM控制模块程序,ECM程序升级包,980,2024-01-27 14:15
M4958,F4958,更换右后轮速传感器,右后轮速传感器,270,2024-05-19 15:16
M4959,F4959,更换驾驶员侧安全气囊模块,驾驶员侧安全气囊模块,1500,2025-09-30 19:22
M4960,F4960,更换进气温度传感器,进气温度传感器,380,2025-02-02 18:17
M4961,F4961,更换火花塞+缸线检查,铱金火花塞(4支),380,2024-07-08 15:59
M4962,F4962,更换轮速传感器,右前轮速传感器,260,2025-12-20 18:59
M4963,F4963,清洗节气门+燃油滤芯更换,燃油滤芯,420,2024-12-26 10:53
M4964,F4964,维修空调压缩机,压缩机电磁阀,580,2025-01-29 11:44
M4965,F4965,更换催化转化器,原厂催化转化器,2800,2024-12-06 10:32
M4966,F4966,更换涡轮增压器电磁阀,涡轮电磁阀,850,2025-02-10 14:17
M4967,F4967,更换刹车压力传感器,刹车压力传感器,480,2025-02-14 15:19
M4968,F4968,更换安全带传感器,主驾驶安全带传感器,320,2025-05-20 10:32
M4969,F4969,更换机油压力传感器,机油压力传感器,450,2025-11-20 14:02
M4970,F4970,维修ABS控制模块,ABS控制模块维修包,1200,2024-12-09 17:27
M4971,F4971,更换凸轮轴位置传感器,凸轮轴位置传感器,520,2024-07-15 14:56
M4972,F4972,维修安全气囊控制模块,安全气囊控制模块编程,800,2024-08-24 15:59
M4973,F4973,更换节气门位置传感器,节气门位置传感器,480,2025-08-02 13:27
M4974,F4974,更换左前轮速传感器,左前轮速传感器,280,2025-08-11 13:21
M4975,F4975,检查燃油蒸发系统管路,燃油蒸发管密封垫,350,2024-12-28 10:15
M4976,F4976,更换右前安全气囊传感器,右前安全气囊传感器,650,2025-08-12 12:10
M4977,F4977,升级ECM控制模块程序,ECM程序升级包,980,2024-11-09 18:58
M4978,F4978,更换右后轮速传感器,右后轮速传感器,270,2024-05-01 11:19
M4979,F4979,更换驾驶员侧安全气囊模块,驾驶员侧安全气囊模块,1500,2025-03-21 14:02
M4980,F4980,更换进气温度传感器,进气温度传感器,380,2024-08-02 12:45
M4981,F4981,更换火花塞+缸线检查,铱金火花塞(4支),380,2024-10-13 09:32
M4982,F4982,更换轮速传感器,右前轮速传感器,260,2025-07-15 15:27
M4983,F4983,清洗节气门+燃油滤芯更换,燃油滤芯,420,2025-03-02 10:31
M4984,F4984,维修空调压缩机,压缩机电磁阀,580,2025-06-30 18:28
M4985,F4985,更换催化转化器,原厂催化转化器,2800,2024-04-21 14:50
M4986,F4986,更换涡轮增压器电磁阀,涡轮电磁阀,850,2024-04-18 15:21
M4987,F4987,更换刹车压力传感器,刹车压力传感器,480,2025-07-09 18:21
M4988,F4988,更换安全带传感器,主驾驶安全带传感器,320,2025-08-12 17:23
M4989,F4989,更换机油压力传感器,机油压力传感器,450,2025-12-22 11:37
M4990,F4990,维修ABS控制模块,ABS控制模块维修包,1200,2025-11-22 09:20
M4991,F4991,更换凸轮轴位置传感器,凸轮轴位置传感器,520,2025-02-04 13:58
M4992,F4992,维修安全气囊控制模块,安全气囊控制模块编程,800,2025-07-18 09:38
M4993,F4993,更换节气门位置传感器,节气门位置传感器,480,2025-07-02 18:40
M4994,F4994,更换左前轮速传感器,左前轮速传感器,280,2024-02-18 19:14
M4995,F4995,检查燃油蒸发系统管路,燃油蒸发管密封垫,350,2025-04-12 11:36
M4996,F4996,更换右前安全气囊传感器,右前安全气囊传感器,650,2025-09-02 11:59
M4997,F4997,升级ECM控制模块程序,ECM程序升级包,980,2025-05-31 19:58
M4998,F4998,更换右后轮速传感器,右后轮速传感器,270,2024-09-23 18:09
M4999,F4999,更换驾驶员侧安全气囊模块,驾驶员侧安全气囊模块,1500,2024-03-02 09:36
M5000,F5000,更换进气温度传感器,进气温度传感器,380,2025-04-17 16:19
M5001,F5001,更换火花塞+缸线检查,铱金火花塞(4支),380,2025-10-05 13:24
M5002,F5002,更换轮速传感器,右前轮速传感器,260,2025-11-28 12:28
M5003,F5003,清洗节气门+燃油滤芯更换,燃油滤芯,420,2025-10-19 11:21
M5004,F5004,维修空调压缩机,压缩机电磁阀,580,2024-08-29 11:10
M5005,F5005,更换催化转化器,原厂催化转化器,2800,2024-08-02 10:29
M5006,F5006,更换涡轮增压器电磁阀,涡轮电磁阀,850,2025-12-22 16:23
M5007,F5007,更换刹车压力传感器,刹车压力传感器,480,2024-12-29 15:16
M5008,F5008,更换安全带传感器,主驾驶安全带传感器,320,2024-08-04 13:00
M5009,F5009,更换机油压力传感器,机油压力传感器,450,2024-07-02 15:04
M5010,F5010,维修ABS控制模块,ABS控制模块维修包,1200,2025-08-06 12:41
M5011,F5011,更换凸轮轴位置传感器,凸轮轴位置传感器,520,2024-07-09 10:54
M5012,F5012,维修安全气囊控制模块,安全气囊控制模块编程,800,2025-08-15 16:45
M5013,F5013,更换节气门位置传感器,节气门位置传感器,480,2024-10-30 18:23
M5014,F5014,更换左前轮速传感器,左前轮速传感器,280,2025-01-31 17:30
M5015,F5015,检查燃油蒸发系统管路,燃油蒸发管密封垫,350,2024-04-25 09:25
M5016,F5016,更换右前安全气囊传感器,右前安全气囊传感器,650,2024-04-02 16:25
M5017,F5017,升级ECM控制模块程序,ECM程序升级包,980,2025-06-29 19:09
M5018,F5018,更换右后轮速传感器,右后轮速传感器,270,2024-08-28 14:54
M5019,F5019,更换驾驶员侧安全气囊模块,驾驶员侧安全气囊模块,1500,2024-09-16 12:49
M5020,F5020,更换进气温度传感器,进气温度传感器,380,2024-02-25 14:07
M5021,F5021,更换火花塞+缸线检查,铱金火花塞(4支),380,2025-10-20 14:40
M5022,F5022,更换轮速传感器,右前轮速传感器,260,2025-10-11 18:09
M5023,F5023,清洗节气门+燃油滤芯更换,燃油滤芯,420,2024-12-08 17:14
M5024,F5024,维修空调压缩机,压缩机电磁阀,580,2025-09-26 11:44
M5025,F5025,更换催化转化器,原厂催化转化器,2800,2025-07-06 14:17
M5026,F5026,更换涡轮增压器电磁阀,涡轮电磁阀,850,2025-05-14 15:45
M5027,F5027,更换刹车压力传感器,刹车压力传感器,480,2025-11-18 18:17
M5028,F5028,更换安全带传感器,主驾驶安全带传感器,320,2025-05-24 13:05
M5029,F5029,更换机油压力传感器,机油压力传感器,450,2024-12-22 11:45
M5030,F5030,维修ABS控制模块,ABS控制模块维修包,1200,2025-02-18 15:56
M5031,F5031,更换凸轮轴位置传感器,凸轮轴位置传感器,520,2024-04-10 17:59
M5032,F5032,维修安全气囊控制模块,安全气囊控制模块编程,800,2025-05-17 15:27
M5033,F5033,更换节气门位置传感器,节气门位置传感器,480,2024-08-02 17:09
M5034,F5034,更换左前轮速传感器,左前轮速传感器,280,2024-03-11 18:06
M5035,F5035,检查燃油蒸发系统管路,燃油蒸发管密封垫,350,2025-02-26 16:06
M5036,F5036,更换右前安全气囊传感器,右前安全气囊传感器,650,2024-12-06 16:52
M5037,F5037,升级ECM控制模块程序,ECM程序升级包,980,2024-12-18 16:45
M5038,F5038,更换右后轮速传感器,右后轮速传感器,270,2024-01-02 10:32
M5039,F5039,更换驾驶员侧安全气囊模块,驾驶员侧安全气囊模块,1500,2025-10-04 16:34
M5040,F5040,更换进气温度传感器,进气温度传感器,380,2025-05-10 19:37
M5041,F5041,更换火花塞+缸线检查,铱金火花塞(4支),380,2024-01-19 14:05
M5042,F5042,更换轮速传感器,右前轮速传感器,260,2024-02-09 18:04
M5043,F5043,清洗节气门+燃油滤芯更换,燃油滤芯,420,2024-01-19 18:48
M5044,F5044,维修空调压缩机,压缩机电磁阀,580,2025-03-19 10:10
M5045,F5045,更换催化转化器,原厂催化转化器,2800,2025-01-23 12:41
M5046,F5046,更换涡轮增压器电磁阀,涡轮电磁阀,850,2025-08-14 17:36
M5047,F5047,更换刹车压力传感器,刹车压力传感器,480,2024-01-07 14:46
M5048,F5048,更换安全带传感器,主驾驶安全带传感器,320,2024-10-31 12:22
M5049,F5049,更换机油压力传感器,机油压力传感器,450,2025-08-15 16:57
M5050,F5050,维修ABS控制模块,ABS控制模块维修包,1200,2024-07-27 18:06
M5051,F5051,更换凸轮轴位置传感器,凸轮轴位置传感器,520,2025-04-06 15:56
M5052,F5052,维修安全气囊控制模块,安全气囊控制模块编程,800,2025-06-29 14:16
M5053,F5053,更换节气门位置传感器,节气门位置传感器,480,2024-01-03 10:58
M5054,F5054,更换左前轮速传感器,左前轮速传感器,280,2024-10-16 16:34
M5055,F5055,检查燃油蒸发系统管路,燃油蒸发管密封垫,350,2025-09-29 13:36
M5056,F5056,更换右前安全气囊传感器,右前安全气囊传感器,650,2025-12-26 12:33
M5057,F5057,升级ECM控制模块程序,ECM程序升级包,980,2025-11-04 11:38
M5058,F5058,更换右后轮速传感器,右后轮速传感器,270,2025-06-01 10:18
M5059,F5059,更换驾驶员侧安全气囊模块,驾驶员侧安全气囊模块,1500,2025-08-26 12:59
M5060,F5060,更换进气温度传感器,进气温度传感器,380,2025-02-10 10:58
M5061,F5061,更换火花塞+缸线检查,铱金火花塞(4支),380,2025-11-01 12:16
M5062,F5062,更换轮速传感器,右前轮速传感器,260,2024-04-03 16:36
M5063,F5063,清洗节气门+燃油滤芯更换,燃油滤芯,420,2024-10-08 10:22
M5064,F5064,维修空调压缩机,压缩机电磁阀,580,2025-04-25 15:16
M5065,F5065,更换催化转化器,原厂催化转化器,2800,2025-10-20 11:13
M5066,F5066,更换涡轮增压器电磁阀,涡轮电磁阀,850,2025-04-12 18:27
M5067,F5067,更换刹车压力传感器,刹车压力传感器,480,2025-08-25 17:31
M5068,F5068,更换安全带传感器,主驾驶安全带传感器,320,2025-12-18 14:11
M5069,F5069,更换机油压力传感器,机油压力传感器,450,2024-12-29 09:19
M5070,F5070,维修ABS控制模块,ABS控制模块维修包,1200,2025-04-06 17:47
M5071,F5071,更换凸轮轴位置传感器,凸轮轴位置传感器,520,2025-08-27 11:11
M5072,F5072,维修安全气囊控制模块,安全气囊控制模块编程,800,2025-03-07 15:58
M5073,F5073,更换节气门位置传感器,节气门位置传感器,480,2025-12-25 11:35
M5074,F5074,更换左前轮速传感器,左前轮速传感器,280,2024-01-19 11:53
M5075,F5075,检查燃油蒸发系统管路,燃油蒸发管密封垫,350,2024-03-16 19:42
M5076,F5076,更换右前安全气囊传感器,右前安全气囊传感器,650,2025-08-26 10:07
M5077,F5077,升级ECM控制模块程序,ECM程序升级包,980,2025-06-21 18:16
M5078,F5078,更换右后轮速传感器,右后轮速传感器,270,2024-04-18 13:11
M5079,F5079,更换驾驶员侧安全气囊模块,驾驶员侧安全气囊模块,1500,2025-02-14 17:00
M5080,F5080,更换进气温度传感器,进气温度传感器,380,2025-02-28 12:53
M5081,F5081,更换火花塞+缸线检查,铱金火花塞(4支),380,2025-03-17 18:57
M5082,F5082,更换轮速传感器,右前轮速传感器,260,2025-12-20 16:35
M5083,F5083,清洗节气门+燃油滤芯更换,燃油滤芯,420,2024-12-25 15:20
M5084,F5084,维修空调压缩机,压缩机电磁阀,580,2024-09-11 17:03
M5085,F5085,更换催化转化器,原厂催化转化器,2800,2024-04-24 17:37
M5086,F5086,更换涡轮增压器电磁阀,涡轮电磁阀,850,2024-04-03 10:59
M5087,F5087,更换刹车压力传感器,刹车压力传感器,480,2024-03-23 14:37
M5088,F5088,更换安全带传感器,主驾驶安全带传感器,320,2025-09-05 13:47
M5089,F5089,更换机油压力传感器,机油压力传感器,450,2025-06-30 19:59
M5090,F5090,维修ABS控制模块,ABS控制模块维修包,1200,2024-04-10 12:48
M5091,F5091,更换凸轮轴位置传感器,凸轮轴位置传感器,520,2025-11-06 15:16
M5092,F5092,维修安全气囊控制模块,安全气囊控制模块编程,800,2024-07-12 12:57
M5093,F5093,更换节气门位置传感器,节气门位置传感器,480,2024-06-08 12:03
M5094,F5094,更换左前轮速传感器,左前轮速传感器,280,2024-09-12 17:47
M5095,F5095,检查燃油蒸发系统管路,燃油蒸发管密封垫,350,2024-07-30 11:40
M5096,F5096,更换右前安全气囊传感器,右前安全气囊传感器,650,2024-01-07 19:30
M5097,F5097,升级ECM控制模块程序,ECM程序升级包,980,2024-07-31 18:00
M5098,F5098,更换右后轮速传感器,右后轮速传感器,270,2025-04-30 11:09
M5099,F5099,更换驾驶员侧安全气囊模块,驾驶员侧安全气囊模块,1500,2025-02-01 09:30
M5100,F5100,更换进气温度传感器,进气温度传感器,380,2024-06-01 11:39
M5101,F5101,更换火花塞+缸线检查,铱金火花塞(4支),380,2024-07-11 14:57
M5102,F5102,更换轮速传感器,右前轮速传感器,260,2025-10-25 17:21
M5103,F5103,清洗节气门+燃油滤芯更换,燃油滤芯,420,2025-02-13 19:36
M5104,F5104,维修空调压缩机,压缩机电磁阀,580,2024-10-09 17:51
M5105,F5105,更换催化转化器,原厂催化转化器,2800,2025-02-04 12:15
M5106,F5106,更换涡轮增压器电磁阀,涡轮电磁阀,850,2025-05-23 11:43
M5107,F5107,更换刹车压力传感器,刹车压力传感器,480,2025-05-27 16:38
M5108,F5108,更换安全带传感器,主驾驶安全带传感器,320,2024-11-05 10:23
M5109,F5109,更换机油压力传感器,机油压力传感器,450,2025-01-02 19:53
M5110,F5110,维修ABS控制模块,ABS控制模块维修包,1200,2024-04-02 16:03
M5111,F5111,更换凸轮轴位置传感器,凸轮轴位置传感器,520,2024-06-05 13:45
M5112,F5112,维修安全气囊控制模块,安全气囊控制模块编程,800,2025-11-06 18:21
M5113,F5113,更换节气门位置传感器,节气门位置传感器,480,2024-09-19 09:33
M5114,F5114,更换左前轮速传感器,左前轮速传感器,280,2024-03-17 09:27
M5115,F5115,检查燃油蒸发系统管路,燃油蒸发管密封垫,350,2024-03-13 13:50
M5116,F5116,更换右前安全气囊传感器,右前安全气囊传感器,650,2025-11-11 15:39
M5117,F5117,升级ECM控制模块程序,ECM程序升级包,980,2024-06-28 13:45
M5118,F5118,更换右后轮速传感器,右后轮速传感器,270,2025-08-10 17:12
M5119,F5119,更换驾驶员侧安全气囊模块,驾驶员侧安全气囊模块,1500,2024-02-14 11:34
M5120,F5120,更换进气温度传感器,进气温度传感器,380,2024-10-13 14:09
M5121,F5121,更换火花塞+缸线检查,铱金火花塞(4支),380,2025-11-20 14:20
M5122,F5122,更换轮速传感器,右前轮速传感器,260,2024-01-01 10:19
M5123,F5123,清洗节气门+燃油滤芯更换,燃油滤芯,420,2025-06-29 10:39
M5124,F5124,维修空调压缩机,压缩机电磁阀,580,2025-01-27 14:14
M5125,F5125,更换催化转化器,原厂催化转化器,2800,2025-10-05 12:54
M5126,F5126,更换涡轮增压器电磁阀,涡轮电磁阀,850,2025-09-11 13:14
M5127,F5127,更换刹车压力传感器,刹车压力传感器,480,2025-12-12 13:18
M5128,F5128,更换安全带传感器,主驾驶安全带传感器,320,2024-02-06 10:52
M5129,F5129,更换机油压力传感器,机油压力传感器,450,2024-04-13 14:15
M5130,F5130,维修ABS控制模块,ABS控制模块维修包,1200,2024-08-29 19:08
M5131,F5131,更换凸轮轴位置传感器,凸轮轴位置传感器,520,2025-10-27 10:10
M5132,F5132,维修安全气囊控制模块,安全气囊控制模块编程,800,2025-09-02 10:05
M5133,F5133,更换节气门位置传感器,节气门位置传感器,480,2025-10-08 11:38
M5134,F5134,更换左前轮速传感器,左前轮速传感器,280,2025-11-28 14:09
M5135,F5135,检查燃油蒸发系统管路,燃油蒸发管密封垫,350,2025-01-17 13:06
M5136,F5136,更换右前安全气囊传感器,右前安全气囊传感器,650,2024-09-02 15:47
M5137,F5137,升级ECM控制模块程序,ECM程序升级包,980,2025-07-24 16:53
M5138,F5138,更换右后轮速传感器,右后轮速传感器,270,2025-09-13 09:32
M5139,F5139,更换驾驶员侧安全气囊模块,驾驶员侧安全气囊模块,1500,2024-04-08 16:37
M5140,F5140,更换进气温度传感器,进气温度传感器,380,2025-01-15 10:01
M5141,F5141,更换火花塞+缸线检查,铱金火花塞(4支),380,2025-05-22 17:05
M5142,F5142,更换轮速传感器,右前轮速传感器,260,2024-12-07 17:32
M5143,F5143,清洗节气门+燃油滤芯更换,燃油滤芯,420,2024-01-18 11:17
M5144,F5144,维修空调压缩机,压缩机电磁阀,580,2024-12-06 15:24
M5145,F5145,更换催化转化器,原厂催化转化器,2800,2025-04-20 19:18
M5146,F5146,更换涡轮增压器电磁阀,涡轮电磁阀,850,2025-09-08 13:21
M5147,F5147,更换刹车压力传感器,刹车压力传感器,480,2025-07-01 15:59
M5148,F5148,更换安全带传感器,主驾驶安全带传感器,320,2025-08-26 15:41
M5149,F5149,更换机油压力传感器,机油压力传感器,450,2025-12-19 16:32
M5150,F5150,维修ABS控制模块,ABS控制模块维修包,1200,2024-08-12 15:21
M5151,F5151,更换凸轮轴位置传感器,凸轮轴位置传感器,520,2025-06-12 11:44
M5152,F5152,维修安全气囊控制模块,安全气囊控制模块编程,800,2024-10-07 11:08
M5153,F5153,更换节气门位置传感器,节气门位置传感器,480,2025-10-22 12:01
M5154,F5154,更换左前轮速传感器,左前轮速传感器,280,2024-04-15 17:58
M5155,F5155,检查燃油蒸发系统管路,燃油蒸发管密封垫,350,2025-11-12 12:43
M5156,F5156,更换右前安全气囊传感器,右前安全气囊传感器,650,2025-05-28 12:17
M5157,F5157,升级ECM控制模块程序,ECM程序升级包,980,2025-01-04 09:22
M5158,F5158,更换右后轮速传感器,右后轮速传感器,270,2025-02-19 12:22
M5159,F5159,更换驾驶员侧安全气囊模块,驾驶员侧安全气囊模块,1500,2025-11-26 12:12
M5160,F5160,更换进气温度传感器,进气温度传感器,380,2025-02-19 14:22
M5161,F5161,更换火花塞+缸线检查,铱金火花塞(4支),380,2025-12-14 18:50
M5162,F5162,更换轮速传感器,右前轮速传感器,260,2024-01-20 18:01
M5163,F5163,清洗节气门+燃油滤芯更换,燃油滤芯,420,2024-01-12 09:24
M5164,F5164,维修空调压缩机,压缩机电磁阀,580,2025-07-07 09:54
M5165,F5165,更换催化转化器,原厂催化转化器,2800,2024-01-19 12:10
M5166,F5166,更换涡轮增压器电磁阀,涡轮电磁阀,850,2024-10-01 13:55
M5167,F5167,更换刹车压力传感器,刹车压力传感器,480,2025-12-19 13:36
M5168,F5168,更换安全带传感器,主驾驶安全带传感器,320,2025-09-06 10:04
M5169,F5169,更换机油压力传感器,机油压力传感器,450,2024-01-28 09:09
M5170,F5170,维修ABS控制模块,ABS控制模块维修包,1200,2025-03-03 11:02
M5171,F5171,更换凸轮轴位置传感器,凸轮轴位置传感器,520,2025-03-03 17:26
M5172,F5172,维修安全气囊控制模块,安全气囊控制模块编程,800,2025-11-12 18:22
M5173,F5173,更换节气门位置传感器,节气门位置传感器,480,2025-01-27 11:10
M5174,F5174,更换左前轮速传感器,左前轮速传感器,280,2024-05-23 16:17
M5175,F5175,检查燃油蒸发系统管路,燃油蒸发管密封垫,350,2024-05-14 15:00
M5176,F5176,更换右前安全气囊传感器,右前安全气囊传感器,650,2025-11-21 18:31
M5177,F5177,升级ECM控制模块程序,ECM程序升级包,980,2024-06-24 09:33
M5178,F5178,更换右后轮速传感器,右后轮速传感器,270,2024-03-04 17:13
M5179,F5179,更换驾驶员侧安全气囊模块,驾驶员侧安全气囊模块,1500,2024-05-05 09:43
M5180,F5180,更换进气温度传感器,进气温度传感器,380,2024-12-08 15:01
M5181,F5181,更换火花塞+缸线检查,铱金火花塞(4支),380,2025-04-19 13:41
M5182,F5182,更换轮速传感器,右前轮速传感器,260,2025-10-26 10:23
M5183,F5183,清洗节气门+燃油滤芯更换,燃油滤芯,420,2024-10-07 15:46
M5184,F5184,维修空调压缩机,压缩机电磁阀,580,2024-10-24 15:48
M5185,F5185,更换催化转化器,原厂催化转化器,2800,2024-04-19 19:59
M5186,F5186,更换涡轮增压器电磁阀,涡轮电磁阀,850,2024-06-10 09:31
M5187,F5187,更换刹车压力传感器,刹车压力传感器,480,2024-12-23 15:14
M5188,F5188,更换安全带传感器,主驾驶安全带传感器,320,2025-01-27 10:49
M5189,F5189,更换机油压力传感器,机油压力传感器,450,2025-07-02 13:43
M5190,F5190,维修ABS控制模块,ABS控制模块维修包,1200,2025-12-04 09:29
M5191,F5191,更换凸轮轴位置传感器,凸轮轴位置传感器,520,2025-01-17 15:22
M5192,F5192,维修安全气囊控制模块,安全气囊控制模块编程,800,2025-12-28 13:18
M5193,F5193,更换节气门位置传感器,节气门位置传感器,480,2025-09-20 11:11
M5194,F5194,更换左前轮速传感器,左前轮速传感器,280,2024-12-19 19:03
M5195,F5195,检查燃油蒸发系统管路,燃油蒸发管密封垫,350,2025-07-11 11:11
M5196,F5196,更换右前安全气囊传感器,右前安全气囊传感器,650,2025-05-20 15:35
M5197,F5197,升级ECM控制模块程序,ECM程序升级包,980,2024-08-04 11:13
M5198,F5198,更换右后轮速传感器,右后轮速传感器,270,2025-08-11 15:40
M5199,F5199,更换驾驶员侧安全气囊模块,驾驶员侧安全气囊模块,1500,2025-08-16 12:51
M5200,F5200,更换进气温度传感器,进气温度传感器,380,2025-05-02 17:20
M5201,F5201,更换火花塞+缸线检查,铱金火花塞(4支),380,2024-08-17 14:56
M5202,F5202,更换轮速传感器,右前轮速传感器,260,2025-01-31 13:13
M5203,F5203,清洗节气门+燃油滤芯更换,燃油滤芯,420,2025-01-10 13:25
M5204,F5204,维修空调压缩机,压缩机电磁阀,580,2025-02-08 12:07
M5205,F5205,更换催化转化器,原厂催化转化器,2800,2024-03-01 13:45
M5206,F5206,更换涡轮增压器电磁阀,涡轮电磁阀,850,2024-08-22 11:33
M5207,F5207,更换刹车压力传感器,刹车压力传感器,480,2025-10-25 14:32
M5208,F5208,更换安全带传感器,主驾驶安全带传感器,320,2024-09-02 15:07
M5209,F5209,更换机油压力传感器,机油压力传感器,450,2025-01-02 10:51
M5210,F5210,维修ABS控制模块,ABS控制模块维修包,1200,2024-12-19 16:17
M5211,F5211,更换凸轮轴位置传感器,凸轮轴位置传感器,520,2024-09-09 13:39
M5212,F5212,维修安全气囊控制模块,安全气囊控制模块编程,800,2024-06-01 15:47
M5213,F5213,更换节气门位置传感器,节气门位置传感器,480,2024-05-30 13:04
M5214,F5214,更换左前轮速传感器,左前轮速传感器,280,2025-08-12 17:10
M5215,F5215,检查燃油蒸发系统管路,燃油蒸发管密封垫,350,2025-04-01 16:34
M5216,F5216,更换右前安全气囊传感器,右前安全气囊传感器,650,2025-10-27 19:26
M5217,F5217,升级ECM控制模块程序,ECM程序升级包,980,2025-01-25 14:05
M5218,F5218,更换右后轮速传感器,右后轮速传感器,270,2024-04-19 13:30
M5219,F5219,更换驾驶员侧安全气囊模块,驾驶员侧安全气囊模块,1500,2025-07-02 12:52
M5220,F5220,更换进气温度传感器,进气温度传感器,380,2025-03-03 12:34
M5221,F5221,更换火花塞+缸线检查,铱金火花塞(4支),380,2024-09-16 16:45
M5222,F5222,更换轮速传感器,右前轮速传感器,260,2025-01-13 12:21
M5223,F5223,清洗节气门+燃油滤芯更换,燃油滤芯,420,2024-07-03 18:39
M5224,F5224,维修空调压缩机,压缩机电磁阀,580,2024-07-15 13:34
M5225,F5225,更换催化转化器,原厂催化转化器,2800,2025-11-03 18:50
M5226,F5226,更换涡轮增压器电磁阀,涡轮电磁阀,850,2025-05-11 15:40
M5227,F5227,更换刹车压力传感器,刹车压力传感器,480,2025-04-10 14:19
M5228,F5228,更换安全带传感器,主驾驶安全带传感器,320,2025-12-18 14:20
M5229,F5229,更换机油压力传感器,机油压力传感器,450,2024-03-11 12:07
M5230,F5230,维修ABS控制模块,ABS控制模块维修包,1200,2024-09-03 16:58
M5231,F5231,更换凸轮轴位置传感器,凸轮轴位置传感器,520,2025-10-20 15:31
M5232,F5232,维修安全气囊控制模块,安全气囊控制模块编程,800,2025-07-31 17:18
M5233,F5233,更换节气门位置传感器,节气门位置传感器,480,2024-11-30 09:44
M5234,F5234,更换左前轮速传感器,左前轮速传感器,280,2024-02-24 12:56
M5235,F5235,检查燃油蒸发系统管路,燃油蒸发管密封垫,350,2024-08-02 09:33
M5236,F5236,更换右前安全气囊传感器,右前安全气囊传感器,650,2024-03-22 18:04
M5237,F5237,升级ECM控制模块程序,ECM程序升级包,980,2024-03-07 15:24
M5238,F5238,更换右后轮速传感器,右后轮速传感器,270,2024-03-04 14:47
M5239,F5239,更换驾驶员侧安全气囊模块,驾驶员侧安全气囊模块,1500,2024-05-25 15:46
M5240,F5240,更换进气温度传感器,进气温度传感器,380,2024-12-06 18:44
M5241,F5241,更换火花塞+缸线检查,铱金火花塞(4支),380,2025-04-14 17:38
M5242,F5242,更换轮速传感器,右前轮速传感器,260,2025-04-01 15:33
M5243,F5243,清洗节气门+燃油滤芯更换,燃油滤芯,420,2024-10-28 14:06
M5244,F5244,维修空调压缩机,压缩机电磁阀,580,2024-04-17 10:53
M5245,F5245,更换催化转化器,原厂催化转化器,2800,2024-10-05 10:15
M5246,F5246,更换涡轮增压器电磁阀,涡轮电磁阀,850,2025-02-01 12:53
M5247,F5247,更换刹车压力传感器,刹车压力传感器,480,2025-10-23 18:17
M5248,F5248,更换安全带传感器,主驾驶安全带传感器,320,2025-03-25 13:02
M5249,F5249,更换机油压力传感器,机油压力传感器,450,2024-12-14 10:02
M5250,F5250,维修ABS控制模块,ABS控制模块维修包,1200,2024-01-15 11:03
M5251,F5251,更换凸轮轴位置传感器,凸轮轴位置传感器,520,2024-07-17 16:22
M5252,F5252,维修安全气囊控制模块,安全气囊控制模块编程,800,2025-03-30 16:37
M5253,F5253,更换节气门位置传感器,节气门位置传感器,480,2025-01-18 13:01
M5254,F5254,更换左前轮速传感器,左前轮速传感器,280,2025-11-25 17:47
M5255,F5255,检查燃油蒸发系统管路,燃油蒸发管密封垫,350,2025-05-27 16:04
M5256,F5256,更换右前安全气囊传感器,右前安全气囊传感器,650,2025-06-20 16:37
M5257,F5257,升级ECM控制模块程序,ECM程序升级包,980,2024-07-05 14:50
M5258,F5258,更换右后轮速传感器,右后轮速传感器,270,2024-11-08 13:51
M5259,F5259,更换驾驶员侧安全气囊模块,驾驶员侧安全气囊模块,1500,2024-11-28 11:55
M5260,F5260,更换进气温度传感器,进气温度传感器,380,2025-10-15 14:27
M5261,F5261,更换火花塞+缸线检查,铱金火花塞(4支),380,2025-03-19 10:03
M5262,F5262,更换轮速传感器,右前轮速传感器,260,2024-01-28 10:54
M5263,F5263,清洗节气门+燃油滤芯更换,燃油滤芯,420,2025-05-17 16:56
M5264,F5264,维修空调压缩机,压缩机电磁阀,580,2025-01-25 16:28
M5265,F5265,更换催化转化器,原厂催化转化器,2800,2024-10-09 17:08
M5266,F5266,更换涡轮增压器电磁阀,涡轮电磁阀,850,2025-03-06 09:00
M5267,F5267,更换刹车压力传感器,刹车压力传感器,480,2025-09-19 17:15
M5268,F5268,更换安全带传感器,主驾驶安全带传感器,320,2024-01-10 12:31
M5269,F5269,更换机油压力传感器,机油压力传感器,450,2025-02-26 17:16
M5270,F5270,维修ABS控制模块,ABS控制模块维修包,1200,2024-08-01 16:40
M5271,F5271,更换凸轮轴位置传感器,凸轮轴位置传感器,520,2024-11-08 17:00
M5272,F5272,维修安全气囊控制模块,安全气囊控制模块编程,800,2024-01-29 17:48
M5273,F5273,更换节气门位置传感器,节气门位置传感器,480,2025-06-03 12:22
M5274,F5274,更换左前轮速传感器,左前轮速传感器,280,2024-09-09 12:11
M5275,F5275,检查燃油蒸发系统管路,燃油蒸发管密封垫,350,2025-12-22 12:26
M5276,F5276,更换右前安全气囊传感器,右前安全气囊传感器,650,2025-10-26 16:03
M5277,F5277,升级ECM控制模块程序,ECM程序升级包,980,2025-07-19 14:43
M5278,F5278,更换右后轮速传感器,右后轮速传感器,270,2024-01-03 14:58
M5279,F5279,更换驾驶员侧安全气囊模块,驾驶员侧安全气囊模块,1500,2024-10-14 16:43
M5280,F5280,更换进气温度传感器,进气温度传感器,380,2025-02-15 15:13
M5281,F5281,更换火花塞+缸线检查,铱金火花塞(4支),380,2025-03-24 10:00
M5282,F5282,更换轮速传感器,右前轮速传感器,260,2024-06-28 11:04
M5283,F5283,清洗节气门+燃油滤芯更换,燃油滤芯,420,2025-10-07 17:49
M5284,F5284,维修空调压缩机,压缩机电磁阀,580,2024-02-09 14:42
M5285,F5285,更换催化转化器,原厂催化转化器,2800,2025-08-10 15:20
M5286,F5286,更换涡轮增压器电磁阀,涡轮电磁阀,850,2025-07-17 15:54
M5287,F5287,更换刹车压力传感器,刹车压力传感器,480,2025-05-22 17:17
M5288,F5288,更换安全带传感器,主驾驶安全带传感器,320,2024-04-22 19:28
M5289,F5289,更换机油压力传感器,机油压力传感器,450,2025-11-21 18:02
M5290,F5290,维修ABS控制模块,ABS控制模块维修包,1200,2024-09-01 14:26
M5291,F5291,更换凸轮轴位置传感器,凸轮轴位置传感器,520,2024-04-12 18:17
M5292,F5292,维修安全气囊控制模块,安全气囊控制模块编程,800,2024-11-05 16:45
M5293,F5293,更换节气门位置传感器,节气门位置传感器,480,2024-07-12 18:30
M5294,F5294,更换左前轮速传感器,左前轮速传感器,280,2025-10-18 18:56
M5295,F5295,检查燃油蒸发系统管路,燃油蒸发管密封垫,350,2025-08-25 10:28
M5296,F5296,更换右前安全气囊传感器,右前安全气囊传感器,650,2025-06-12 18:38
M5297,F5297,升级ECM控制模块程序,ECM程序升级包,980,2024-11-09 14:16
M5298,F5298,更换右后轮速传感器,右后轮速传感器,270,2025-02-16 15:31
M5299,F5299,更换驾驶员侧安全气囊模块,驾驶员侧安全气囊模块,1500,2025-06-03 16:21
M5300,F5300,更换进气温度传感器,进气温度传感器,380,2024-06-28 10:46
M5301,F5301,更换火花塞+缸线检查,铱金火花塞(4支),380,2024-05-07 13:41
M5302,F5302,更换轮速传感器,右前轮速传感器,260,2024-02-03 12:21
M5303,F5303,清洗节气门+燃油滤芯更换,燃油滤芯,420,2024-05-12 16:26
M5304,F5304,维修空调压缩机,压缩机电磁阀,580,2025-05-22 16:15
M5305,F5305,更换催化转化器,原厂催化转化器,2800,2024-07-14 18:29
M5306,F5306,更换涡轮增压器电磁阀,涡轮电磁阀,850,2024-05-13 18:31
M5307,F5307,更换刹车压力传感器,刹车压力传感器,480,2025-07-13 13:49
M5308,F5308,更换安全带传感器,主驾驶安全带传感器,320,2025-02-05 17:05
M5309,F5309,更换机油压力传感器,机油压力传感器,450,2024-07-26 14:50
M5310,F5310,维修ABS控制模块,ABS控制模块维修包,1200,2025-05-23 16:09
M5311,F5311,更换凸轮轴位置传感器,凸轮轴位置传感器,520,2024-09-28 18:48
M5312,F5312,维修安全气囊控制模块,安全气囊控制模块编程,800,2024-04-28 12:44
M5313,F5313,更换节气门位置传感器,节气门位置传感器,480,2024-01-21 12:35
M5314,F5314,更换左前轮速传感器,左前轮速传感器,280,2025-11-23 10:50
M5315,F5315,检查燃油蒸发系统管路,燃油蒸发管密封垫,350,2024-02-24 12:35
M5316,F5316,更换右前安全气囊传感器,右前安全气囊传感器,650,2025-12-28 10:07
M5317,F5317,升级ECM控制模块程序,ECM程序升级包,980,2024-08-07 11:30
M5318,F5318,更换右后轮速传感器,右后轮速传感器,270,2025-09-30 11:14
M5319,F5319,更换驾驶员侧安全气囊模块,驾驶员侧安全气囊模块,1500,2024-07-25 15:08
M5320,F5320,更换进气温度传感器,进气温度传感器,380,2024-01-07 10:16
M5321,F5321,更换火花塞+缸线检查,铱金火花塞(4支),380,2024-10-21 11:04
M5322,F5322,更换轮速传感器,右前轮速传感器,260,2024-04-15 10:19
M5323,F5323,清洗节气门+燃油滤芯更换,燃油滤芯,420,2024-12-08 09:18
M5324,F5324,维修空调压缩机,压缩机电磁阀,580,2025-03-05 14:27
M5325,F5325,更换催化转化器,原厂催化转化器,2800,2025-08-24 15:28
M5326,F5326,更换涡轮增压器电磁阀,涡轮电磁阀,850,2025-06-25 19:05
M5327,F5327,更换刹车压力传感器,刹车压力传感器,480,2025-03-25 15:47
M5328,F5328,更换安全带传感器,主驾驶安全带传感器,320,2025-01-13 17:57
M5329,F5329,更换机油压力传感器,机油压力传感器,450,2024-01-15 13:07
M5330,F5330,维修ABS控制模块,ABS控制模块维修包,1200,2025-09-09 15:50
M5331,F5331,更换凸轮轴位置传感器,凸轮轴位置传感器,520,2025-12-20 13:05
M5332,F5332,维修安全气囊控制模块,安全气囊控制模块编程,800,2025-10-04 19:39
M5333,F5333,更换节气门位置传感器,节气门位置传感器,480,2024-12-06 15:50
M5334,F5334,更换左前轮速传感器,左前轮速传感器,280,2025-12-03 14:10
M5335,F5335,检查燃油蒸发系统管路,燃油蒸发管密封垫,350,2025-07-16 18:08
M5336,F5336,更换右前安全气囊传感器,右前安全气囊传感器,650,2025-06-06 18:18
M5337,F5337,升级ECM控制模块程序,ECM程序升级包,980,2025-02-02 13:01
M5338,F5338,更换右后轮速传感器,右后轮速传感器,270,2025-04-05 17:38
M5339,F5339,更换驾驶员侧安全气囊模块,驾驶员侧安全气囊模块,1500,2024-09-23 12:29
M5340,F5340,更换进气温度传感器,进气温度传感器,380,2025-02-12 19:49
M5341,F5341,更换火花塞+缸线检查,铱金火花塞(4支),380,2024-09-22 14:46
M5342,F5342,更换轮速传感器,右前轮速传感器,260,2025-09-03 12:43
M5343,F5343,清洗节气门+燃油滤芯更换,燃油滤芯,420,2025-01-08 19:28
M5344,F5344,维修空调压缩机,压缩机电磁阀,580,2025-02-11 13:21
M5345,F5345,更换催化转化器,原厂催化转化器,2800,2024-04-25 12:10
M5346,F5346,更换涡轮增压器电磁阀,涡轮电磁阀,850,2025-06-29 11:00
M5347,F5347,更换刹车压力传感器,刹车压力传感器,480,2024-11-13 17:51
M5348,F5348,更换安全带传感器,主驾驶安全带传感器,320,2025-04-01 19:08
M5349,F5349,更换机油压力传感器,机油压力传感器,450,2025-09-02 13:06
M5350,F5350,维修ABS控制模块,ABS控制模块维修包,1200,2025-04-23 17:49
M5351,F5351,更换凸轮轴位置传感器,凸轮轴位置传感器,520,2025-09-14 14:54
M5352,F5352,维修安全气囊控制模块,安全气囊控制模块编程,800,2024-12-12 17:56
M5353,F5353,更换节气门位置传感器,节气门位置传感器,480,2025-05-28 09:49
M5354,F5354,更换左前轮速传感器,左前轮速传感器,280,2024-09-12 13:51
M5355,F5355,检查燃油蒸发系统管路,燃油蒸发管密封垫,350,2024-05-01 10:43
M5356,F5356,更换右前安全气囊传感器,右前安全气囊传感器,650,2024-09-10 11:02
M5357,F5357,升级ECM控制模块程序,ECM程序升级包,980,2025-05-26 18:20
M5358,F5358,更换右后轮速传感器,右后轮速传感器,270,2025-09-02 16:23
M5359,F5359,更换驾驶员侧安全气囊模块,驾驶员侧安全气囊模块,1500,2025-10-13 14:30
M5360,F5360,更换进气温度传感器,进气温度传感器,380,2024-05-25 15:06
M5361,F5361,更换火花塞+缸线检查,铱金火花塞(4支),380,2024-05-04 15:55
M5362,F5362,更换轮速传感器,右前轮速传感器,260,2025-08-07 09:58
M5363,F5363,清洗节气门+燃油滤芯更换,燃油滤芯,420,2025-07-15 13:22
M5364,F5364,维修空调压缩机,压缩机电磁阀,580,2025-01-03 13:40
M5365,F5365,更换催化转化器,原厂催化转化器,2800,2025-10-11 17:01
M5366,F5366,更换涡轮增压器电磁阀,涡轮电磁阀,850,2024-02-05 11:16
M5367,F5367,更换刹车压力传感器,刹车压力传感器,480,2024-01-10 16:21
M5368,F5368,更换安全带传感器,主驾驶安全带传感器,320,2024-08-27 18:52
M5369,F5369,更换机油压力传感器,机油压力传感器,450,2025-05-29 16:49
M5370,F5370,维修ABS控制模块,ABS控制模块维修包,1200,2025-01-07 13:52
M5371,F5371,更换凸轮轴位置传感器,凸轮轴位置传感器,520,2025-11-10 13:50
M5372,F5372,维修安全气囊控制模块,安全气囊控制模块编程,800,2025-03-26 16:19
M5373,F5373,更换节气门位置传感器,节气门位置传感器,480,2025-06-20 10:10
M5374,F5374,更换左前轮速传感器,左前轮速传感器,280,2025-01-09 16:13
M5375,F5375,检查燃油蒸发系统管路,燃油蒸发管密封垫,350,2025-05-07 19:25
M5376,F5376,更换右前安全气囊传感器,右前安全气囊传感器,650,2025-01-26 13:36
M5377,F5377,升级ECM控制模块程序,ECM程序升级包,980,2024-06-20 11:14
M5378,F5378,更换右后轮速传感器,右后轮速传感器,270,2024-10-18 14:25
M5379,F5379,更换驾驶员侧安全气囊模块,驾驶员侧安全气囊模块,1500,2025-02-26 12:13
M5380,F5380,更换进气温度传感器,进气温度传感器,380,2025-01-21 18:13
M5381,F5381,更换火花塞+缸线检查,铱金火花塞(4支),380,2024-05-16 15:56
M5382,F5382,更换轮速传感器,右前轮速传感器,260,2024-11-11 12:52
M5383,F5383,清洗节气门+燃油滤芯更换,燃油滤芯,420,2025-03-06 10:27
M5384,F5384,维修空调压缩机,压缩机电磁阀,580,2024-11-01 16:20
M5385,F5385,更换催化转化器,原厂催化转化器,2800,2025-03-19 13:58
M5386,F5386,更换涡轮增压器电磁阀,涡轮电磁阀,850,2025-06-01 13:44
M5387,F5387,更换刹车压力传感器,刹车压力传感器,480,2025-12-21 16:35
M5388,F5388,更换安全带传感器,主驾驶安全带传感器,320,2024-10-26 10:40
M5389,F5389,更换机油压力传感器,机油压力传感器,450,2024-06-04 10:06
M5390,F5390,维修ABS控制模块,ABS控制模块维修包,1200,2024-06-03 13:33
M5391,F5391,更换凸轮轴位置传感器,凸轮轴位置传感器,520,2025-01-18 13:54
M5392,F5392,维修安全气囊控制模块,安全气囊控制模块编程,800,2024-03-28 17:10
M5393,F5393,更换节气门位置传感器,节气门位置传感器,480,2024-10-31 18:04
M5394,F5394,更换左前轮速传感器,左前轮速传感器,280,2024-01-12 15:40
M5395,F5395,检查燃油蒸发系统管路,燃油蒸发管密封垫,350,2024-02-06 10:50
M5396,F5396,更换右前安全气囊传感器,右前安全气囊传感器,650,2024-02-27 16:48
M5397,F5397,升级ECM控制模块程序,ECM程序升级包,980,2025-11-14 17:46
M5398,F5398,更换右后轮速传感器,右后轮速传感器,270,2024-01-25 18:16
M5399,F5399,更换驾驶员侧安全气囊模块,驾驶员侧安全气囊模块,1500,2025-06-19 13:18
M5400,F5400,更换进气温度传感器,进气温度传感器,380,2025-05-15 12:11
M5401,F5401,更换火花塞+缸线检查,铱金火花塞(4支),380,2024-01-12 15:50
M5402,F5402,更换轮速传感器,右前轮速传感器,260,2024-05-18 17:37
M5403,F5403,清洗节气门+燃油滤芯更换,燃油滤芯,420,2024-05-07 15:17
M5404,F5404,维修空调压缩机,压缩机电磁阀,580,2025-07-06 14:17
M5405,F5405,更换催化转化器,原厂催化转化器,2800,2024-02-28 10:55
M5406,F5406,更换涡轮增压器电磁阀,涡轮电磁阀,850,2025-02-06 11:50
M5407,F5407,更换刹车压力传感器,刹车压力传感器,480,2025-12-28 13:24
M5408,F5408,更换安全带传感器,主驾驶安全带传感器,320,2025-07-21 18:52
M5409,F5409,更换机油压力传感器,机油压力传感器,450,2025-10-07 15:50
M5410,F5410,维修ABS控制模块,ABS控制模块维修包,1200,2025-12-19 18:03
M5411,F5411,更换凸轮轴位置传感器,凸轮轴位置传感器,520,2025-04-01 13:30
M5412,F5412,维修安全气囊控制模块,安全气囊控制模块编程,800,2025-05-08 14:17
M5413,F5413,更换节气门位置传感器,节气门位置传感器,480,2024-11-09 19:46
M5414,F5414,更换左前轮速传感器,左前轮速传感器,280,2024-10-05 17:57
M5415,F5415,检查燃油蒸发系统管路,燃油蒸发管密封垫,350,2025-08-07 15:36
M5416,F5416,更换右前安全气囊传感器,右前安全气囊传感器,650,2025-12-22 10:35
M5417,F5417,升级ECM控制模块程序,ECM程序升级包,980,2024-12-22 13:24
M5418,F5418,更换右后轮速传感器,右后轮速传感器,270,2024-08-21 11:35
M5419,F5419,更换驾驶员侧安全气囊模块,驾驶员侧安全气囊模块,1500,2025-03-26 16:22
M5420,F5420,更换进气温度传感器,进气温度传感器,380,2025-10-06 17:56
M5421,F5421,更换火花塞+缸线检查,铱金火花塞(4支),380,2024-03-06 16:15
M5422,F5422,更换轮速传感器,右前轮速传感器,260,2024-02-09 13:21
M5423,F5423,清洗节气门+燃油滤芯更换,燃油滤芯,420,2024-05-03 10:26
M5424,F5424,维修空调压缩机,压缩机电磁阀,580,2025-09-26 11:20
M5425,F5425,更换催化转化器,原厂催化转化器,2800,2024-10-18 12:41
M5426,F5426,更换涡轮增压器电磁阀,涡轮电磁阀,850,2024-04-19 15:44
M5427,F5427,更换刹车压力传感器,刹车压力传感器,480,2025-07-02 18:43
M5428,F5428,更换安全带传感器,主驾驶安全带传感器,320,2025-10-26 15:33
M5429,F5429,更换机油压力传感器,机油压力传感器,450,2025-09-15 17:04
M5430,F5430,维修ABS控制模块,ABS控制模块维修包,1200,2024-03-29 14:56
M5431,F5431,更换凸轮轴位置传感器,凸轮轴位置传感器,520,2025-08-11 18:11
M5432,F5432,维修安全气囊控制模块,安全气囊控制模块编程,800,2024-04-04 19:33
M5433,F5433,更换节气门位置传感器,节气门位置传感器,480,2025-06-09 12:28
M5434,F5434,更换左前轮速传感器,左前轮速传感器,280,2025-02-20 14:40
M5435,F5435,检查燃油蒸发系统管路,燃油蒸发管密封垫,350,2025-05-17 14:13
M5436,F5436,更换右前安全气囊传感器,右前安全气囊传感器,650,2025-01-01 15:08
M5437,F5437,升级ECM控制模块程序,ECM程序升级包,980,2025-06-25 14:33
M5438,F5438,更换右后轮速传感器,右后轮速传感器,270,2024-09-10 10:10
M5439,F5439,更换驾驶员侧安全气囊模块,驾驶员侧安全气囊模块,1500,2024-01-07 14:36
M5440,F5440,更换进气温度传感器,进气温度传感器,380,2025-01-09 12:12
M5441,F5441,更换火花塞+缸线检查,铱金火花塞(4支),380,2024-01-24 09:23
M5442,F5442,更换轮速传感器,右前轮速传感器,260,2024-02-20 12:55
M5443,F5443,清洗节气门+燃油滤芯更换,燃油滤芯,420,2025-04-23 18:41
M5444,F5444,维修空调压缩机,压缩机电磁阀,580,2025-09-23 17:31
M5445,F5445,更换催化转化器,原厂催化转化器,2800,2025-02-05 17:06
M5446,F5446,更换涡轮增压器电磁阀,涡轮电磁阀,850,2025-12-10 15:35
M5447,F5447,更换刹车压力传感器,刹车压力传感器,480,2025-05-06 18:14
M5448,F5448,更换安全带传感器,主驾驶安全带传感器,320,2025-05-12 13:04
M5449,F5449,更换机油压力传感器,机油压力传感器,450,2024-07-02 12:08
M5450,F5450,维修ABS控制模块,ABS控制模块维修包,1200,2025-07-06 19:31
M5451,F5451,更换凸轮轴位置传感器,凸轮轴位置传感器,520,2024-04-06 17:16
M5452,F5452,维修安全气囊控制模块,安全气囊控制模块编程,800,2025-01-23 14:17
M5453,F5453,更换节气门位置传感器,节气门位置传感器,480,2025-11-19 16:35
M5454,F5454,更换左前轮速传感器,左前轮速传感器,280,2025-06-09 10:32
M5455,F5455,检查燃油蒸发系统管路,燃油蒸发管密封垫,350,2024-10-22 16:09
M5456,F5456,更换右前安全气囊传感器,右前安全气囊传感器,650,2025-07-24 10:33
M5457,F5457,升级ECM控制模块程序,ECM程序升级包,980,2024-04-16 15:57
M5458,F5458,更换右后轮速传感器,右后轮速传感器,270,2025-12-17 16:34
M5459,F5459,更换驾驶员侧安全气囊模块,驾驶员侧安全气囊模块,1500,2025-08-16 12:08
M5460,F5460,更换进气温度传感器,进气温度传感器,380,2025-07-14 14:52
M5461,F5461,更换火花塞+缸线检查,铱金火花塞(4支),380,2024-06-16 19:39
M5462,F5462,更换轮速传感器,右前轮速传感器,260,2025-04-20 11:42
M5463,F5463,清洗节气门+燃油滤芯更换,燃油滤芯,420,2024-05-18 12:36
M5464,F5464,维修空调压缩机,压缩机电磁阀,580,2025-10-09 15:02
M5465,F5465,更换催化转化器,原厂催化转化器,2800,2024-03-04 17:27
M5466,F5466,更换涡轮增压器电磁阀,涡轮电磁阀,850,2025-06-15 17:31
M5467,F5467,更换刹车压力传感器,刹车压力传感器,480,2025-06-09 12:57
M5468,F5468,更换安全带传感器,主驾驶安全带传感器,320,2024-06-04 12:56
M5469,F5469,更换机油压力传感器,机油压力传感器,450,2025-04-29 15:23
M5470,F5470,维修ABS控制模块,ABS控制模块维修包,1200,2024-12-10 16:59
M5471,F5471,更换凸轮轴位置传感器,凸轮轴位置传感器,520,2025-07-29 19:36
M5472,F5472,维修安全气囊控制模块,安全气囊控制模块编程,800,2025-07-05 13:55
M5473,F5473,更换节气门位置传感器,节气门位置传感器,480,2025-07-08 15:43
M5474,F5474,更换左前轮速传感器,左前轮速传感器,280,2024-04-30 18:05
M5475,F5475,检查燃油蒸发系统管路,燃油蒸发管密封垫,350,2024-10-06 10:52
M5476,F5476,更换右前安全气囊传感器,右前安全气囊传感器,650,2025-06-09 18:28
M5477,F5477,升级ECM控制模块程序,ECM程序升级包,980,2024-03-21 11:34
M5478,F5478,更换右后轮速传感器,右后轮速传感器,270,2024-03-04 13:17
M5479,F5479,更换驾驶员侧安全气囊模块,驾驶员侧安全气囊模块,1500,2025-09-18 15:06
M5480,F5480,更换进气温度传感器,进气温度传感器,380,2024-03-13 19:10
M5481,F5481,更换火花塞+缸线检查,铱金火花塞(4支),380,2024-01-09 14:58
M5482,F5482,更换轮速传感器,右前轮速传感器,260,2024-11-15 11:37
M5483,F5483,清洗节气门+燃油滤芯更换,燃油滤芯,420,2025-09-18 13:15
M5484,F5484,维修空调压缩机,压缩机电磁阀,580,2025-12-17 11:11
M5485,F5485,更换催化转化器,原厂催化转化器,2800,2025-02-04 13:31
M5486,F5486,更换涡轮增压器电磁阀,涡轮电磁阀,850,2025-12-12 16:15
M5487,F5487,更换刹车压力传感器,刹车压力传感器,480,2024-01-19 12:04
M5488,F5488,更换安全带传感器,主驾驶安全带传感器,320,2024-12-01 19:33
M5489,F5489,更换机油压力传感器,机油压力传感器,450,2025-12-25 10:10
M5490,F5490,维修ABS控制模块,ABS控制模块维修包,1200,2024-04-11 13:23
M5491,F5491,更换凸轮轴位置传感器,凸轮轴位置传感器,520,2024-04-28 10:14
M5492,F5492,维修安全气囊控制模块,安全气囊控制模块编程,800,2024-11-25 16:13
M5493,F5493,更换节气门位置传感器,节气门位置传感器,480,2025-12-02 10:19
M5494,F5494,更换左前轮速传感器,左前轮速传感器,280,2025-04-07 09:55
M5495,F5495,检查燃油蒸发系统管路,燃油蒸发管密封垫,350,2025-01-08 09:57
M5496,F5496,更换右前安全气囊传感器,右前安全气囊传感器,650,2025-04-01 18:18
M5497,F5497,升级ECM控制模块程序,ECM程序升级包,980,2024-04-25 14:19
M5498,F5498,更换右后轮速传感器,右后轮速传感器,270,2025-03-16 14:35
M5499,F5499,更换驾驶员侧安全气囊模块,驾驶员侧安全气囊模块,1500,2025-09-11 14:30
M5500,F5500,更换进气温度传感器,进气温度传感器,380,2025-06-18 13:54
M5501,F5501,更换火花塞+缸线检查,铱金火花塞(4支),380,2025-12-23 19:12
M5502,F5502,更换轮速传感器,右前轮速传感器,260,2024-07-03 16:10
M5503,F5503,清洗节气门+燃油滤芯更换,燃油滤芯,420,2025-03-13 18:12
M5504,F5504,维修空调压缩机,压缩机电磁阀,580,2024-10-22 11:42
M5505,F5505,更换催化转化器,原厂催化转化器,2800,2024-08-24 17:31
M5506,F5506,更换涡轮增压器电磁阀,涡轮电磁阀,850,2025-09-28 10:40
M5507,F5507,更换刹车压力传感器,刹车压力传感器,480,2024-09-03 18:25
M5508,F5508,更换安全带传感器,主驾驶安全带传感器,320,2025-11-14 18:18
M5509,F5509,更换机油压力传感器,机油压力传感器,450,2024-06-13 17:51
M5510,F5510,维修ABS控制模块,ABS控制模块维修包,1200,2025-04-20 10:19
M5511,F5511,更换凸轮轴位置传感器,凸轮轴位置传感器,520,2024-07-27 18:32
M5512,F5512,维修安全气囊控制模块,安全气囊控制模块编程,800,2024-08-20 19:56
M5513,F5513,更换节气门位置传感器,节气门位置传感器,480,2024-04-28 14:18
M5514,F5514,更换左前轮速传感器,左前轮速传感器,280,2024-01-05 10:44
M5515,F5515,检查燃油蒸发系统管路,燃油蒸发管密封垫,350,2025-02-23 09:17
M5516,F5516,更换右前安全气囊传感器,右前安全气囊传感器,650,2025-02-11 14:03
M5517,F5517,升级ECM控制模块程序,ECM程序升级包,980,2024-11-06 17:10
M5518,F5518,更换右后轮速传感器,右后轮速传感器,270,2024-06-18 11:45
M5519,F5519,更换驾驶员侧安全气囊模块,驾驶员侧安全气囊模块,1500,2025-01-14 14:53
M5520,F5520,更换进气温度传感器,进气温度传感器,380,2024-10-09 10:45
M5521,F5521,更换火花塞+缸线检查,铱金火花塞(4支),380,2025-12-03 15:37
M5522,F5522,更换轮速传感器,右前轮速传感器,260,2025-11-18 18:54
M5523,F5523,清洗节气门+燃油滤芯更换,燃油滤芯,420,2025-05-01 13:48
M5524,F5524,维修空调压缩机,压缩机电磁阀,580,2024-08-21 17:16
M5525,F5525,更换催化转化器,原厂催化转化器,2800,2024-09-29 17:56
M5526,F5526,更换涡轮增压器电磁阀,涡轮电磁阀,850,2024-08-08 13:34
M5527,F5527,更换刹车压力传感器,刹车压力传感器,480,2025-01-26 13:22
M5528,F5528,更换安全带传感器,主驾驶安全带传感器,320,2024-09-11 09:09
M5529,F5529,更换机油压力传感器,机油压力传感器,450,2024-07-30 13:54
M5530,F5530,维修ABS控制模块,ABS控制模块维修包,1200,2025-02-11 16:16
M5531,F5531,更换凸轮轴位置传感器,凸轮轴位置传感器,520,2025-03-04 10:49
M5532,F5532,维修安全气囊控制模块,安全气囊控制模块编程,800,2024-07-06 09:30
M5533,F5533,更换节气门位置传感器,节气门位置传感器,480,2025-07-19 17:44
M5534,F5534,更换左前轮速传感器,左前轮速传感器,280,2024-01-31 09:41
M5535,F5535,检查燃油蒸发系统管路,燃油蒸发管密封垫,350,2024-07-09 17:28
M5536,F5536,更换右前安全气囊传感器,右前安全气囊传感器,650,2025-04-14 11:01
M5537,F5537,升级ECM控制模块程序,ECM程序升级包,980,2024-01-18 16:37
M5538,F5538,更换右后轮速传感器,右后轮速传感器,270,2024-07-11 14:10
M5539,F5539,更换驾驶员侧安全气囊模块,驾驶员侧安全气囊模块,1500,2025-05-14 11:02
M5540,F5540,更换进气温度传感器,进气温度传感器,380,2025-01-09 12:39
M5541,F5541,更换火花塞+缸线检查,铱金火花塞(4支),380,2024-03-27 19:32
M5542,F5542,更换轮速传感器,右前轮速传感器,260,2025-03-13 13:24
M5543,F5543,清洗节气门+燃油滤芯更换,燃油滤芯,420,2025-05-02 14:21
M5544,F5544,维修空调压缩机,压缩机电磁阀,580,2025-05-03 15:04
M5545,F5545,更换催化转化器,原厂催化转化器,2800,2025-03-15 15:09
M5546,F5546,更换涡轮增压器电磁阀,涡轮电磁阀,850,2025-03-18 10:45
M5547,F5547,更换刹车压力传感器,刹车压力传感器,480,2024-08-30 18:21
M5548,F5548,更换安全带传感器,主驾驶安全带传感器,320,2025-11-02 17:18
M5549,F5549,更换机油压力传感器,机油压力传感器,450,2025-01-15 18:22
M5550,F5550,维修ABS控制模块,ABS控制模块维修包,1200,2024-08-23 11:48
M5551,F5551,更换凸轮轴位置传感器,凸轮轴位置传感器,520,2024-04-22 13:59
M5552,F5552,维修安全气囊控制模块,安全气囊控制模块编程,800,2024-12-09 15:13
M5553,F5553,更换节气门位置传感器,节气门位置传感器,480,2024-12-12 12:19
M5554,F5554,更换左前轮速传感器,左前轮速传感器,280,2025-01-09 15:00
M5555,F5555,检查燃油蒸发系统管路,燃油蒸发管密封垫,350,2025-07-03 18:43
M5556,F5556,更换右前安全气囊传感器,右前安全气囊传感器,650,2024-02-05 11:38
M5557,F5557,升级ECM控制模块程序,ECM程序升级包,980,2025-03-22 13:58
M5558,F5558,更换右后轮速传感器,右后轮速传感器,270,2025-11-28 13:35
M5559,F5559,更换驾驶员侧安全气囊模块,驾驶员侧安全气囊模块,1500,2024-04-25 10:13
M5560,F5560,更换进气温度传感器,进气温度传感器,380,2025-11-08 10:14
M5561,F5561,更换火花塞+缸线检查,铱金火花塞(4支),380,2025-09-05 18:36
M5562,F5562,更换轮速传感器,右前轮速传感器,260,2025-08-29 09:23
M5563,F5563,清洗节气门+燃油滤芯更换,燃油滤芯,420,2025-07-01 09:31
M5564,F5564,维修空调压缩机,压缩机电磁阀,580,2025-03-28 11:14
M5565,F5565,更换催化转化器,原厂催化转化器,2800,2025-06-04 14:23
M5566,F5566,更换涡轮增压器电磁阀,涡轮电磁阀,850,2024-03-05 11:11
M5567,F5567,更换刹车压力传感器,刹车压力传感器,480,2024-08-12 18:58
M5568,F5568,更换安全带传感器,主驾驶安全带传感器,320,2025-01-15 14:22
M5569,F5569,更换机油压力传感器,机油压力传感器,450,2024-07-17 17:31
M5570,F5570,维修ABS控制模块,ABS控制模块维修包,1200,2024-11-21 19:47
M5571,F5571,更换凸轮轴位置传感器,凸轮轴位置传感器,520,2024-02-11 17:20
M5572,F5572,维修安全气囊控制模块,安全气囊控制模块编程,800,2024-01-26 16:06
M5573,F5573,更换节气门位置传感器,节气门位置传感器,480,2024-05-15 18:16
M5574,F5574,更换左前轮速传感器,左前轮速传感器,280,2024-09-17 15:47
M5575,F5575,检查燃油蒸发系统管路,燃油蒸发管密封垫,350,2025-06-18 11:18
M5576,F5576,更换右前安全气囊传感器,右前安全气囊传感器,650,2025-12-04 17:22
M5577,F5577,升级ECM控制模块程序,ECM程序升级包,980,2025-10-22 17:07
M5578,F5578,更换右后轮速传感器,右后轮速传感器,270,2024-12-12 15:03
M5579,F5579,更换驾驶员侧安全气囊模块,驾驶员侧安全气囊模块,1500,2024-04-22 18:04
M5580,F5580,更换进气温度传感器,进气温度传感器,380,2025-02-20 09:16
M5581,F5581,更换火花塞+缸线检查,铱金火花塞(4支),380,2024-06-07 14:08
M5582,F5582,更换轮速传感器,右前轮速传感器,260,2024-02-12 18:27
M5583,F5583,清洗节气门+燃油滤芯更换,燃油滤芯,420,2024-03-11 13:15
M5584,F5584,维修空调压缩机,压缩机电磁阀,580,2024-04-20 10:29
M5585,F5585,更换催化转化器,原厂催化转化器,2800,2024-11-28 13:34
M5586,F5586,更换涡轮增压器电磁阀,涡轮电磁阀,850,2024-05-26 18:55
M5587,F5587,更换刹车压力传感器,刹车压力传感器,480,2024-06-08 15:32
M5588,F5588,更换安全带传感器,主驾驶安全带传感器,320,2025-09-24 18:12
M5589,F5589,更换机油压力传感器,机油压力传感器,450,2024-08-21 19:53
M5590,F5590,维修ABS控制模块,ABS控制模块维修包,1200,2024-04-14 17:20
M5591,F5591,更换凸轮轴位置传感器,凸轮轴位置传感器,520,2024-11-18 17:01
M5592,F5592,维修安全气囊控制模块,安全气囊控制模块编程,800,2024-01-28 13:13
M5593,F5593,更换节气门位置传感器,节气门位置传感器,480,2025-12-06 11:07
M5594,F5594,更换左前轮速传感器,左前轮速传感器,280,2025-07-16 17:19
M5595,F5595,检查燃油蒸发系统管路,燃油蒸发管密封垫,350,2024-06-02 16:37
M5596,F5596,更换右前安全气囊传感器,右前安全气囊传感器,650,2024-08-19 11:52
M5597,F5597,升级ECM控制模块程序,ECM程序升级包,980,2024-02-10 12:28
M5598,F5598,更换右后轮速传感器,右后轮速传感器,270,2024-03-21 17:20
M5599,F5599,更换驾驶员侧安全气囊模块,驾驶员侧安全气囊模块,1500,2024-05-18 10:52
M5600,F5600,更换进气温度传感器,进气温度传感器,380,2024-10-22 17:46
M5601,F5601,更换火花塞+缸线检查,铱金火花塞(4支),380,2025-05-01 10:07
M5602,F5602,更换轮速传感器,右前轮速传感器,260,2025-10-11 13:32
M5603,F5603,清洗节气门+燃油滤芯更换,燃油滤芯,420,2024-07-18 14:31
M5604,F5604,维修空调压缩机,压缩机电磁阀,580,2024-11-07 13:38
M5605,F5605,更换催化转化器,原厂催化转化器,2800,2024-09-07 13:25
M5606,F5606,更换涡轮增压器电磁阀,涡轮电磁阀,850,2024-02-07 10:26
M5607,F5607,更换刹车压力传感器,刹车压力传感器,480,2024-04-17 09:48
M5608,F5608,更换安全带传感器,主驾驶安全带传感器,320,2024-05-26 11:25
M5609,F5609,更换机油压力传感器,机油压力传感器,450,2025-10-30 09:47
M5610,F5610,维修ABS控制模块,ABS控制模块维修包,1200,2025-08-26 13:15
M5611,F5611,更换凸轮轴位置传感器,凸轮轴位置传感器,520,2024-12-28 09:11
M5612,F5612,维修安全气囊控制模块,安全气囊控制模块编程,800,2025-02-23 12:32
M5613,F5613,更换节气门位置传感器,节气门位置传感器,480,2025-01-16 13:02
M5614,F5614,更换左前轮速传感器,左前轮速传感器,280,2025-03-25 12:22
M5615,F5615,检查燃油蒸发系统管路,燃油蒸发管密封垫,350,2025-06-11 14:54
M5616,F5616,更换右前安全气囊传感器,右前安全气囊传感器,650,2024-11-20 15:51
M5617,F5617,升级ECM控制模块程序,ECM程序升级包,980,2025-12-06 17:02
M5618,F5618,更换右后轮速传感器,右后轮速传感器,270,2025-08-08 10:34
M5619,F5619,更换驾驶员侧安全气囊模块,驾驶员侧安全气囊模块,1500,2025-09-20 11:08
M5620,F5620,更换进气温度传感器,进气温度传感器,380,2024-04-05 19:28
M5621,F5621,更换火花塞+缸线检查,铱金火花塞(4支),380,2024-08-01 10:15
M5622,F5622,更换轮速传感器,右前轮速传感器,260,2025-04-29 14:04
M5623,F5623,清洗节气门+燃油滤芯更换,燃油滤芯,420,2024-04-04 14:28
M5624,F5624,维修空调压缩机,压缩机电磁阀,580,2025-05-02 19:51
M5625,F5625,更换催化转化器,原厂催化转化器,2800,2025-01-03 18:11
M5626,F5626,更换涡轮增压器电磁阀,涡轮电磁阀,850,2024-01-01 17:28
M5627,F5627,更换刹车压力传感器,刹车压力传感器,480,2024-07-02 16:37
M5628,F5628,更换安全带传感器,主驾驶安全带传感器,320,2024-02-03 14:34
M5629,F5629,更换机油压力传感器,机油压力传感器,450,2025-07-07 11:07
M5630,F5630,维修ABS控制模块,ABS控制模块维修包,1200,2024-08-29 11:04
M5631,F5631,更换凸轮轴位置传感器,凸轮轴位置传感器,520,2024-01-03 14:55
M5632,F5632,维修安全气囊控制模块,安全气囊控制模块编程,800,2024-09-01 17:52
M5633,F5633,更换节气门位置传感器,节气门位置传感器,480,2024-09-16 14:35
M5634,F5634,更换左前轮速传感器,左前轮速传感器,280,2024-09-23 12:57
M5635,F5635,检查燃油蒸发系统管路,燃油蒸发管密封垫,350,2024-06-12 18:54
M5636,F5636,更换右前安全气囊传感器,右前安全气囊传感器,650,2025-01-03 17:37
M5637,F5637,升级ECM控制模块程序,ECM程序升级包,980,2024-01-28 12:06
M5638,F5638,更换右后轮速传感器,右后轮速传感器,270,2024-03-29 12:33
M5639,F5639,更换驾驶员侧安全气囊模块,驾驶员侧安全气囊模块,1500,2025-09-12 15:50
M5640,F5640,更换进气温度传感器,进气温度传感器,380,2024-05-06 10:25
M5641,F5641,更换火花塞+缸线检查,铱金火花塞(4支),380,2025-03-17 09:14
M5642,F5642,更换轮速传感器,右前轮速传感器,260,2025-08-29 16:27
M5643,F5643,清洗节气门+燃油滤芯更换,燃油滤芯,420,2024-04-19 09:08
M5644,F5644,维修空调压缩机,压缩机电磁阀,580,2025-01-06 15:55
M5645,F5645,更换催化转化器,原厂催化转化器,2800,2025-04-05 13:26
M5646,F5646,更换涡轮增压器电磁阀,涡轮电磁阀,850,2024-10-28 13:59
M5647,F5647,更换刹车压力传感器,刹车压力传感器,480,2024-10-10 16:34
M5648,F5648,更换安全带传感器,主驾驶安全带传感器,320,2025-06-16 18:11
M5649,F5649,更换机油压力传感器,机油压力传感器,450,2025-08-27 17:16
M5650,F5650,维修ABS控制模块,ABS控制模块维修包,1200,2025-10-28 15:05
M5651,F5651,更换凸轮轴位置传感器,凸轮轴位置传感器,520,2024-07-06 19:08
M5652,F5652,维修安全气囊控制模块,安全气囊控制模块编程,800,2025-10-28 11:46
M5653,F5653,更换节气门位置传感器,节气门位置传感器,480,2025-02-22 18:34
M5654,F5654,更换左前轮速传感器,左前轮速传感器,280,2024-05-01 16:40
M5655,F5655,检查燃油蒸发系统管路,燃油蒸发管密封垫,350,2024-08-23 15:53
M5656,F5656,更换右前安全气囊传感器,右前安全气囊传感器,650,2024-12-01 14:56
M5657,F5657,升级ECM控制模块程序,ECM程序升级包,980,2024-10-13 16:27
M5658,F5658,更换右后轮速传感器,右后轮速传感器,270,2024-10-22 12:36
M5659,F5659,更换驾驶员侧安全气囊模块,驾驶员侧安全气囊模块,1500,2025-02-01 13:26
M5660,F5660,更换进气温度传感器,进气温度传感器,380,2025-10-19 10:05
M5661,F5661,更换火花塞+缸线检查,铱金火花塞(4支),380,2024-10-14 15:50
M5662,F5662,更换轮速传感器,右前轮速传感器,260,2024-10-07 10:47
M5663,F5663,清洗节气门+燃油滤芯更换,燃油滤芯,420,2024-08-31 15:45
M5664,F5664,维修空调压缩机,压缩机电磁阀,580,2024-07-09 11:54
M5665,F5665,更换催化转化器,原厂催化转化器,2800,2024-09-12 11:42
M5666,F5666,更换涡轮增压器电磁阀,涡轮电磁阀,850,2025-11-07 15:09
M5667,F5667,更换刹车压力传感器,刹车压力传感器,480,2024-09-23 10:26
M5668,F5668,更换安全带传感器,主驾驶安全带传感器,320,2024-01-20 11:56
M5669,F5669,更换机油压力传感器,机油压力传感器,450,2025-08-04 17:32
M5670,F5670,维修ABS控制模块,ABS控制模块维修包,1200,2024-09-21 09:19
M5671,F5671,更换凸轮轴位置传感器,凸轮轴位置传感器,520,2024-07-19 11:02
M5672,F5672,维修安全气囊控制模块,安全气囊控制模块编程,800,2024-04-27 17:25
M5673,F5673,更换节气门位置传感器,节气门位置传感器,480,2025-10-02 09:35
M5674,F5674,更换左前轮速传感器,左前轮速传感器,280,2024-06-04 15:23
M5675,F5675,检查燃油蒸发系统管路,燃油蒸发管密封垫,350,2025-10-26 10:22
M5676,F5676,更换右前安全气囊传感器,右前安全气囊传感器,650,2025-06-15 12:23
M5677,F5677,升级ECM控制模块程序,ECM程序升级包,980,2025-06-23 16:35
M5678,F5678,更换右后轮速传感器,右后轮速传感器,270,2024-10-16 14:00
M5679,F5679,更换驾驶员侧安全气囊模块,驾驶员侧安全气囊模块,1500,2024-12-07 19:19
M5680,F5680,更换进气温度传感器,进气温度传感器,380,2024-08-27 11:56
M5681,F5681,更换火花塞+缸线检查,铱金火花塞(4支),380,2025-11-15 16:24
M5682,F5682,更换轮速传感器,右前轮速传感器,260,2024-09-23 14:21
M5683,F5683,清洗节气门+燃油滤芯更换,燃油滤芯,420,2024-07-24 18:27
M5684,F5684,维修空调压缩机,压缩机电磁阀,580,2024-01-16 13:15
M5685,F5685,更换催化转化器,原厂催化转化器,2800,2025-04-10 15:34
M5686,F5686,更换涡轮增压器电磁阀,涡轮电磁阀,850,2024-09-21 11:23
M5687,F5687,更换刹车压力传感器,刹车压力传感器,480,2024-09-23 13:56
M5688,F5688,更换安全带传感器,主驾驶安全带传感器,320,2025-01-08 14:50
M5689,F5689,更换机油压力传感器,机油压力传感器,450,2025-04-25 10:12
M5690,F5690,维修ABS控制模块,ABS控制模块维修包,1200,2024-05-07 15:02
M5691,F5691,更换凸轮轴位置传感器,凸轮轴位置传感器,520,2024-10-30 13:50
M5692,F5692,维修安全气囊控制模块,安全气囊控制模块编程,800,2025-07-27 10:49
M5693,F5693,更换节气门位置传感器,节气门位置传感器,480,2024-10-12 13:23
M5694,F5694,更换左前轮速传感器,左前轮速传感器,280,2025-02-25 10:17
M5695,F5695,检查燃油蒸发系统管路,燃油蒸发管密封垫,350,2025-07-23 16:07
M5696,F5696,更换右前安全气囊传感器,右前安全气囊传感器,650,2025-04-04 13:52
M5697,F5697,升级ECM控制模块程序,ECM程序升级包,980,2024-03-24 12:07
M5698,F5698,更换右后轮速传感器,右后轮速传感器,270,2025-04-12 11:31
M5699,F5699,更换驾驶员侧安全气囊模块,驾驶员侧安全气囊模块,1500,2025-05-13 16:35
M5700,F5700,更换进气温度传感器,进气温度传感器,380,2025-01-16 13:51
M5701,F5701,更换火花塞+缸线检查,铱金火花塞(4支),380,2025-04-29 09:50
M5702,F5702,更换轮速传感器,右前轮速传感器,260,2025-06-14 10:47
M5703,F5703,清洗节气门+燃油滤芯更换,燃油滤芯,420,2025-05-27 17:00
M5704,F5704,维修空调压缩机,压缩机电磁阀,580,2025-01-05 10:03
M5705,F5705,更换催化转化器,原厂催化转化器,2800,2025-07-13 17:01
M5706,F5706,更换涡轮增压器电磁阀,涡轮电磁阀,850,2025-11-27 19:06
M5707,F5707,更换刹车压力传感器,刹车压力传感器,480,2025-10-04 12:49
M5708,F5708,更换安全带传感器,主驾驶安全带传感器,320,2025-11-12 12:45
M5709,F5709,更换机油压力传感器,机油压力传感器,450,2025-03-15 11:52
M5710,F5710,维修ABS控制模块,ABS控制模块维修包,1200,2025-12-05 12:45
M5711,F5711,更换凸轮轴位置传感器,凸轮轴位置传感器,520,2025-02-19 18:09
M5712,F5712,维修安全气囊控制模块,安全气囊控制模块编程,800,2024-07-31 09:28
M5713,F5713,更换节气门位置传感器,节气门位置传感器,480,2024-05-27 13:15
M5714,F5714,更换左前轮速传感器,左前轮速传感器,280,2025-06-02 18:21
M5715,F5715,检查燃油蒸发系统管路,燃油蒸发管密封垫,350,2025-01-13 17:29
M5716,F5716,更换右前安全气囊传感器,右前安全气囊传感器,650,2025-05-11 12:59
M5717,F5717,升级ECM控制模块程序,ECM程序升级包,980,2025-11-28 14:45
M5718,F5718,更换右后轮速传感器,右后轮速传感器,270,2025-11-19 15:12
M5719,F5719,更换驾驶员侧安全气囊模块,驾驶员侧安全气囊模块,1500,2025-05-31 12:36
M5720,F5720,更换进气温度传感器,进气温度传感器,380,2025-12-19 13:01
M5721,F5721,更换火花塞+缸线检查,铱金火花塞(4支),380,2024-02-26 11:30
M5722,F5722,更换轮速传感器,右前轮速传感器,260,2024-08-09 12:16
M5723,F5723,清洗节气门+燃油滤芯更换,燃油滤芯,420,2025-02-02 10:20
M5724,F5724,维修空调压缩机,压缩机电磁阀,580,2024-06-11 12:54
M5725,F5725,更换催化转化器,原厂催化转化器,2800,2024-01-02 13:04
M5726,F5726,更换涡轮增压器电磁阀,涡轮电磁阀,850,2025-06-02 11:45
M5727,F5727,更换刹车压力传感器,刹车压力传感器,480,2025-02-25 16:33
M5728,F5728,更换安全带传感器,主驾驶安全带传感器,320,2025-10-05 16:57
M5729,F5729,更换机油压力传感器,机油压力传感器,450,2025-08-12 15:42
M5730,F5730,维修ABS控制模块,ABS控制模块维修包,1200,2025-07-30 09:03
M5731,F5731,更换凸轮轴位置传感器,凸轮轴位置传感器,520,2025-08-05 17:55
M5732,F5732,维修安全气囊控制模块,安全气囊控制模块编程,800,2024-01-23 17:56
M5733,F5733,更换节气门位置传感器,节气门位置传感器,480,2025-12-14 15:01
M5734,F5734,更换左前轮速传感器,左前轮速传感器,280,2025-12-07 13:59
M5735,F5735,检查燃油蒸发系统管路,燃油蒸发管密封垫,350,2025-04-14 17:33
M5736,F5736,更换右前安全气囊传感器,右前安全气囊传感器,650,2024-05-01 16:52
M5737,F5737,升级ECM控制模块程序,ECM程序升级包,980,2024-10-18 09:44
M5738,F5738,更换右后轮速传感器,右后轮速传感器,270,2024-06-21 18:36
M5739,F5739,更换驾驶员侧安全气囊模块,驾驶员侧安全气囊模块,1500,2025-09-02 09:07
M5740,F5740,更换进气温度传感器,进气温度传感器,380,2024-09-10 18:20
M5741,F5741,更换火花塞+缸线检查,铱金火花塞(4支),380,2024-11-01 12:54
M5742,F5742,更换轮速传感器,右前轮速传感器,260,2024-01-07 16:28
M5743,F5743,清洗节气门+燃油滤芯更换,燃油滤芯,420,2024-01-20 13:21
M5744,F5744,维修空调压缩机,压缩机电磁阀,580,2025-08-14 14:16
M5745,F5745,更换催化转化器,原厂催化转化器,2800,2025-08-13 15:06
M5746,F5746,更换涡轮增压器电磁阀,涡轮电磁阀,850,2024-07-12 10:27
M5747,F5747,更换刹车压力传感器,刹车压力传感器,480,2025-06-14 15:40
M5748,F5748,更换安全带传感器,主驾驶安全带传感器,320,2024-04-23 13:37
M5749,F5749,更换机油压力传感器,机油压力传感器,450,2024-06-29 09:58
M5750,F5750,维修ABS控制模块,ABS控制模块维修包,1200,2025-10-01 18:10
M5751,F5751,更换凸轮轴位置传感器,凸轮轴位置传感器,520,2025-12-30 09:34
M5752,F5752,维修安全气囊控制模块,安全气囊控制模块编程,800,2025-08-09 19:27
M5753,F5753,更换节气门位置传感器,节气门位置传感器,480,2025-12-10 17:42
M5754,F5754,更换左前轮速传感器,左前轮速传感器,280,2025-02-11 16:33
M5755,F5755,检查燃油蒸发系统管路,燃油蒸发管密封垫,350,2024-05-17 11:19
M5756,F5756,更换右前安全气囊传感器,右前安全气囊传感器,650,2024-06-27 14:10
M5757,F5757,升级ECM控制模块程序,ECM程序升级包,980,2025-06-15 10:03
M5758,F5758,更换右后轮速传感器,右后轮速传感器,270,2024-12-11 16:16
M5759,F5759,更换驾驶员侧安全气囊模块,驾驶员侧安全气囊模块,1500,2024-07-21 15:21
M5760,F5760,更换进气温度传感器,进气温度传感器,380,2025-09-17 14:07
M5761,F5761,更换火花塞+缸线检查,铱金火花塞(4支),380,2025-12-21 10:04
M5762,F5762,更换轮速传感器,右前轮速传感器,260,2025-04-01 16:18
M5763,F5763,清洗节气门+燃油滤芯更换,燃油滤芯,420,2025-06-01 16:09
M5764,F5764,维修空调压缩机,压缩机电磁阀,580,2025-05-05 16:42
M5765,F5765,更换催化转化器,原厂催化转化器,2800,2024-01-20 10:18
M5766,F5766,更换涡轮增压器电磁阀,涡轮电磁阀,850,2025-07-03 11:29
M5767,F5767,更换刹车压力传感器,刹车压力传感器,480,2025-12-08 16:02
M5768,F5768,更换安全带传感器,主驾驶安全带传感器,320,2025-10-14 16:07
M5769,F5769,更换机油压力传感器,机油压力传感器,450,2024-06-26 09:13
M5770,F5770,维修ABS控制模块,ABS控制模块维修包,1200,2024-02-16 11:53
M5771,F5771,更换凸轮轴位置传感器,凸轮轴位置传感器,520,2024-06-07 10:54
M5772,F5772,维修安全气囊控制模块,安全气囊控制模块编程,800,2025-09-10 11:21
M5773,F5773,更换节气门位置传感器,节气门位置传感器,480,2024-08-11 10:11
M5774,F5774,更换左前轮速传感器,左前轮速传感器,280,2025-08-11 15:37
M5775,F5775,检查燃油蒸发系统管路,燃油蒸发管密封垫,350,2024-04-24 12:44
M5776,F5776,更换右前安全气囊传感器,右前安全气囊传感器,650,2024-03-31 18:18
M5777,F5777,升级ECM控制模块程序,ECM程序升级包,980,2024-04-03 14:18
M5778,F5778,更换右后轮速传感器,右后轮速传感器,270,2024-06-14 18:28
M5779,F5779,更换驾驶员侧安全气囊模块,驾驶员侧安全气囊模块,1500,2024-10-05 15:19
M5780,F5780,更换进气温度传感器,进气温度传感器,380,2024-03-26 13:15
M5781,F5781,更换火花塞+缸线检查,铱金火花塞(4支),380,2024-11-26 16:42
M5782,F5782,更换轮速传感器,右前轮速传感器,260,2025-06-21 10:10
M5783,F5783,清洗节气门+燃油滤芯更换,燃油滤芯,420,2025-05-27 19:23
M5784,F5784,维修空调压缩机,压缩机电磁阀,580,2024-10-01 18:22
M5785,F5785,更换催化转化器,原厂催化转化器,2800,2024-06-21 16:14
M5786,F5786,更换涡轮增压器电磁阀,涡轮电磁阀,850,2025-04-26 10:24
M5787,F5787,更换刹车压力传感器,刹车压力传感器,480,2025-10-27 12:27
M5788,F5788,更换安全带传感器,主驾驶安全带传感器,320,2025-10-13 10:07
M5789,F5789,更换机油压力传感器,机油压力传感器,450,2024-04-12 09:46
M5790,F5790,维修ABS控制模块,ABS控制模块维修包,1200,2025-10-07 17:28
M5791,F5791,更换凸轮轴位置传感器,凸轮轴位置传感器,520,2024-11-18 12:00
M5792,F5792,维修安全气囊控制模块,安全气囊控制模块编程,800,2024-07-03 11:04
M5793,F5793,更换节气门位置传感器,节气门位置传感器,480,2025-08-12 11:18
M5794,F5794,更换左前轮速传感器,左前轮速传感器,280,2024-03-01 15:45
M5795,F5795,检查燃油蒸发系统管路,燃油蒸发管密封垫,350,2024-09-24 09:42
M5796,F5796,更换右前安全气囊传感器,右前安全气囊传感器,650,2024-04-15 09:05
M5797,F5797,升级ECM控制模块程序,ECM程序升级包,980,2024-11-25 09:43
M5798,F5798,更换右后轮速传感器,右后轮速传感器,270,2024-03-10 16:21
M5799,F5799,更换驾驶员侧安全气囊模块,驾驶员侧安全气囊模块,1500,2025-04-10 10:26
M5800,F5800,更换进气温度传感器,进气温度传感器,380,2024-10-01 16:29
M5801,F5801,更换火花塞+缸线检查,铱金火花塞(4支),380,2024-12-29 15:45
M5802,F5802,更换轮速传感器,右前轮速传感器,260,2024-12-22 14:24
M5803,F5803,清洗节气门+燃油滤芯更换,燃油滤芯,420,2024-07-28 12:46
M5804,F5804,维修空调压缩机,压缩机电磁阀,580,2024-01-24 11:26
M5805,F5805,更换催化转化器,原厂催化转化器,2800,2024-04-04 10:10
M5806,F5806,更换涡轮增压器电磁阀,涡轮电磁阀,850,2025-08-11 15:24
M5807,F5807,更换刹车压力传感器,刹车压力传感器,480,2025-02-03 11:41
M5808,F5808,更换安全带传感器,主驾驶安全带传感器,320,2024-09-01 11:38
M5809,F5809,更换机油压力传感器,机油压力传感器,450,2024-04-11 13:05
M5810,F5810,维修ABS控制模块,ABS控制模块维修包,1200,2024-12-15 11:18
M5811,F5811,更换凸轮轴位置传感器,凸轮轴位置传感器,520,2025-08-06 11:10
M5812,F5812,维修安全气囊控制模块,安全气囊控制模块编程,800,2024-03-17 09:36
M5813,F5813,更换节气门位置传感器,节气门位置传感器,480,2024-12-04 11:11
M5814,F5814,更换左前轮速传感器,左前轮速传感器,280,2024-04-18 11:19
M5815,F5815,检查燃油蒸发系统管路,燃油蒸发管密封垫,350,2024-04-08 17:17
M5816,F5816,更换右前安全气囊传感器,右前安全气囊传感器,650,2024-12-04 17:31
M5817,F5817,升级ECM控制模块程序,ECM程序升级包,980,2024-05-15 10:29
M5818,F5818,更换右后轮速传感器,右后轮速传感器,270,2024-11-10 16:31
M5819,F5819,更换驾驶员侧安全气囊模块,驾驶员侧安全气囊模块,1500,2025-05-17 14:34
M5820,F5820,更换进气温度传感器,进气温度传感器,380,2024-11-03 16:08
M5821,F5821,更换火花塞+缸线检查,铱金火花塞(4支),380,2024-09-06 10:06
M5822,F5822,更换轮速传感器,右前轮速传感器,260,2025-10-17 13:25
M5823,F5823,清洗节气门+燃油滤芯更换,燃油滤芯,420,2024-11-12 15:29
M5824,F5824,维修空调压缩机,压缩机电磁阀,580,2025-07-07 17:01
M5825,F5825,更换催化转化器,原厂催化转化器,2800,2024-10-05 10:32
M5826,F5826,更换涡轮增压器电磁阀,涡轮电磁阀,850,2024-09-26 17:14
M5827,F5827,更换刹车压力传感器,刹车压力传感器,480,2025-07-26 09:00
M5828,F5828,更换安全带传感器,主驾驶安全带传感器,320,2025-03-09 17:18
M5829,F5829,更换机油压力传感器,机油压力传感器,450,2025-07-20 10:29
M5830,F5830,维修ABS控制模块,ABS控制模块维修包,1200,2025-01-24 10:38
M5831,F5831,更换凸轮轴位置传感器,凸轮轴位置传感器,520,2024-01-07 16:13
M5832,F5832,维修安全气囊控制模块,安全气囊控制模块编程,800,2025-07-06 11:09
M5833,F5833,更换节气门位置传感器,节气门位置传感器,480,2024-08-06 11:11
M5834,F5834,更换左前轮速传感器,左前轮速传感器,280,2025-08-12 15:46
M5835,F5835,检查燃油蒸发系统管路,燃油蒸发管密封垫,350,2024-09-22 13:10
M5836,F5836,更换右前安全气囊传感器,右前安全气囊传感器,650,2024-11-06 19:47
M5837,F5837,升级ECM控制模块程序,ECM程序升级包,980,2025-03-29 11:17
M5838,F5838,更换右后轮速传感器,右后轮速传感器,270,2025-07-01 19:13
M5839,F5839,更换驾驶员侧安全气囊模块,驾驶员侧安全气囊模块,1500,2024-10-14 13:06
M5840,F5840,更换进气温度传感器,进气温度传感器,380,2024-02-12 10:00
M5841,F5841,更换火花塞+缸线检查,铱金火花塞(4支),380,2024-09-10 14:20
M5842,F5842,更换轮速传感器,右前轮速传感器,260,2025-07-05 14:40
M5843,F5843,清洗节气门+燃油滤芯更换,燃油滤芯,420,2025-01-24 16:55
M5844,F5844,维修空调压缩机,压缩机电磁阀,580,2024-02-19 17:02
M5845,F5845,更换催化转化器,原厂催化转化器,2800,2025-12-05 13:40
M5846,F5846,更换涡轮增压器电磁阀,涡轮电磁阀,850,2024-10-13 13:17
M5847,F5847,更换刹车压力传感器,刹车压力传感器,480,2024-09-18 18:37
M5848,F5848,更换安全带传感器,主驾驶安全带传感器,320,2025-08-02 13:16
M5849,F5849,更换机油压力传感器,机油压力传感器,450,2024-03-05 17:12
M5850,F5850,维修ABS控制模块,ABS控制模块维修包,1200,2025-12-16 10:12
M5851,F5851,更换凸轮轴位置传感器,凸轮轴位置传感器,520,2024-01-01 12:16
M5852,F5852,维修安全气囊控制模块,安全气囊控制模块编程,800,2024-04-02 16:13
M5853,F5853,更换节气门位置传感器,节气门位置传感器,480,2025-03-30 17:31
M5854,F5854,更换左前轮速传感器,左前轮速传感器,280,2025-03-30 10:44
M5855,F5855,检查燃油蒸发系统管路,燃油蒸发管密封垫,350,2025-09-17 12:15
M5856,F5856,更换右前安全气囊传感器,右前安全气囊传感器,650,2024-02-26 10:36
M5857,F5857,升级ECM控制模块程序,ECM程序升级包,980,2025-09-11 19:18
M5858,F5858,更换右后轮速传感器,右后轮速传感器,270,2025-02-26 09:54
M5859,F5859,更换驾驶员侧安全气囊模块,驾驶员侧安全气囊模块,1500,2024-12-14 09:22
M5860,F5860,更换进气温度传感器,进气温度传感器,380,2025-07-07 12:17
M5861,F5861,更换火花塞+缸线检查,铱金火花塞(4支),380,2025-08-01 11:21
M5862,F5862,更换轮速传感器,右前轮速传感器,260,2024-11-08 18:28
M5863,F5863,清洗节气门+燃油滤芯更换,燃油滤芯,420,2024-10-28 11:16
M5864,F5864,维修空调压缩机,压缩机电磁阀,580,2024-02-05 10:16
M5865,F5865,更换催化转化器,原厂催化转化器,2800,2024-07-06 15:24
M5866,F5866,更换涡轮增压器电磁阀,涡轮电磁阀,850,2024-11-18 16:53
M5867,F5867,更换刹车压力传感器,刹车压力传感器,480,2024-06-19 10:11
M5868,F5868,更换安全带传感器,主驾驶安全带传感器,320,2024-11-09 13:47
M5869,F5869,更换机油压力传感器,机油压力传感器,450,2025-07-25 16:04
M5870,F5870,维修ABS控制模块,ABS控制模块维修包,1200,2024-08-11 10:39
M5871,F5871,更换凸轮轴位置传感器,凸轮轴位置传感器,520,2024-08-12 14:11
M5872,F5872,维修安全气囊控制模块,安全气囊控制模块编程,800,2025-04-13 19:10
M5873,F5873,更换节气门位置传感器,节气门位置传感器,480,2024-07-11 10:10
M5874,F5874,更换左前轮速传感器,左前轮速传感器,280,2025-04-28 09:37
M5875,F5875,检查燃油蒸发系统管路,燃油蒸发管密封垫,350,2024-07-22 14:56
M5876,F5876,更换右前安全气囊传感器,右前安全气囊传感器,650,2024-10-30 13:28
M5877,F5877,升级ECM控制模块程序,ECM程序升级包,980,2024-05-20 16:17
M5878,F5878,更换右后轮速传感器,右后轮速传感器,270,2025-01-14 14:31
M5879,F5879,更换驾驶员侧安全气囊模块,驾驶员侧安全气囊模块,1500,2025-04-09 17:56
M5880,F5880,更换进气温度传感器,进气温度传感器,380,2024-05-30 19:18
M5881,F5881,更换火花塞+缸线检查,铱金火花塞(4支),380,2024-09-21 12:26
M5882,F5882,更换轮速传感器,右前轮速传感器,260,2024-12-22 11:19
M5883,F5883,清洗节气门+燃油滤芯更换,燃油滤芯,420,2025-09-01 14:42
M5884,F5884,维修空调压缩机,压缩机电磁阀,580,2024-07-25 11:18
M5885,F5885,更换催化转化器,原厂催化转化器,2800,2025-05-15 14:55
M5886,F5886,更换涡轮增压器电磁阀,涡轮电磁阀,850,2024-01-06 11:12
M5887,F5887,更换刹车压力传感器,刹车压力传感器,480,2025-08-01 15:43
M5888,F5888,更换安全带传感器,主驾驶安全带传感器,320,2024-11-28 17:43
M5889,F5889,更换机油压力传感器,机油压力传感器,450,2024-02-17 19:56
M5890,F5890,维修ABS控制模块,ABS控制模块维修包,1200,2025-01-18 14:25
M5891,F5891,更换凸轮轴位置传感器,凸轮轴位置传感器,520,2025-11-23 12:57
M5892,F5892,维修安全气囊控制模块,安全气囊控制模块编程,800,2025-07-24 14:11
M5893,F5893,更换节气门位置传感器,节气门位置传感器,480,2025-01-23 10:27
M5894,F5894,更换左前轮速传感器,左前轮速传感器,280,2025-12-16 11:40
M5895,F5895,检查燃油蒸发系统管路,燃油蒸发管密封垫,350,2024-06-19 11:46
M5896,F5896,更换右前安全气囊传感器,右前安全气囊传感器,650,2025-06-23 14:41
M5897,F5897,升级ECM控制模块程序,ECM程序升级包,980,2025-11-14 17:31
M5898,F5898,更换右后轮速传感器,右后轮速传感器,270,2025-10-31 14:41
M5899,F5899,更换驾驶员侧安全气囊模块,驾驶员侧安全气囊模块,1500,2024-01-28 17:13
M5900,F5900,更换进气温度传感器,进气温度传感器,380,2024-10-23 12:33
M5901,F5901,更换火花塞+缸线检查,铱金火花塞(4支),380,2024-01-27 10:30
M5902,F5902,更换轮速传感器,右前轮速传感器,260,2025-08-19 13:53
M5903,F5903,清洗节气门+燃油滤芯更换,燃油滤芯,420,2024-04-07 16:35
M5904,F5904,维修空调压缩机,压缩机电磁阀,580,2024-06-01 10:15
M5905,F5905,更换催化转化器,原厂催化转化器,2800,2025-07-22 16:43
M5906,F5906,更换涡轮增压器电磁阀,涡轮电磁阀,850,2024-06-18 18:10
M5907,F5907,更换刹车压力传感器,刹车压力传感器,480,2025-12-05 16:35
M5908,F5908,更换安全带传感器,主驾驶安全带传感器,320,2024-04-02 16:48
M5909,F5909,更换机油压力传感器,机油压力传感器,450,2025-08-04 14:09
M5910,F5910,维修ABS控制模块,ABS控制模块维修包,1200,2025-08-06 16:39
M5911,F5911,更换凸轮轴位置传感器,凸轮轴位置传感器,520,2025-05-17 18:59
M5912,F5912,维修安全气囊控制模块,安全气囊控制模块编程,800,2025-01-12 11:05
M5913,F5913,更换节气门位置传感器,节气门位置传感器,480,2024-12-11 18:25
M5914,F5914,更换左前轮速传感器,左前轮速传感器,280,2024-04-03 16:35
M5915,F5915,检查燃油蒸发系统管路,燃油蒸发管密封垫,350,2025-08-20 11:43
M5916,F5916,更换右前安全气囊传感器,右前安全气囊传感器,650,2024-05-19 17:29
M5917,F5917,升级ECM控制模块程序,ECM程序升级包,980,2024-05-17 19:49
M5918,F5918,更换右后轮速传感器,右后轮速传感器,270,2025-05-25 12:55
M5919,F5919,更换驾驶员侧安全气囊模块,驾驶员侧安全气囊模块,1500,2025-07-22 13:16
M5920,F5920,更换进气温度传感器,进气温度传感器,380,2024-05-24 17:06
M5921,F5921,更换火花塞+缸线检查,铱金火花塞(4支),380,2024-02-12 16:55
M5922,F5922,更换轮速传感器,右前轮速传感器,260,2024-07-15 16:13
M5923,F5923,清洗节气门+燃油滤芯更换,燃油滤芯,420,2025-11-17 14:44
M5924,F5924,维修空调压缩机,压缩机电磁阀,580,2024-01-04 11:26
M5925,F5925,更换催化转化器,原厂催化转化器,2800,2025-03-29 17:24
M5926,F5926,更换涡轮增压器电磁阀,涡轮电磁阀,850,2024-04-04 12:07
M5927,F5927,更换刹车压力传感器,刹车压力传感器,480,2025-06-25 18:53
M5928,F5928,更换安全带传感器,主驾驶安全带传感器,320,2025-12-20 15:40
M5929,F5929,更换机油压力传感器,机油压力传感器,450,2025-09-24 17:47
M5930,F5930,维修ABS控制模块,ABS控制模块维修包,1200,2024-03-17 16:39
M5931,F5931,更换凸轮轴位置传感器,凸轮轴位置传感器,520,2025-05-27 10:50
M5932,F5932,维修安全气囊控制模块,安全气囊控制模块编程,800,2025-06-19 09:36
M5933,F5933,更换节气门位置传感器,节气门位置传感器,480,2025-03-28 15:38
M5934,F5934,更换左前轮速传感器,左前轮速传感器,280,2025-06-04 11:11
M5935,F5935,检查燃油蒸发系统管路,燃油蒸发管密封垫,350,2024-06-03 15:12
M5936,F5936,更换右前安全气囊传感器,右前安全气囊传感器,650,2025-07-08 10:38
M5937,F5937,升级ECM控制模块程序,ECM程序升级包,980,2025-08-01 12:59
M5938,F5938,更换右后轮速传感器,右后轮速传感器,270,2024-11-05 14:33
M5939,F5939,更换驾驶员侧安全气囊模块,驾驶员侧安全气囊模块,1500,2024-04-17 12:49
M5940,F5940,更换进气温度传感器,进气温度传感器,380,2024-10-07 09:21
M5941,F5941,更换火花塞+缸线检查,铱金火花塞(4支),380,2024-10-11 11:18
M5942,F5942,更换轮速传感器,右前轮速传感器,260,2025-06-13 13:20
M5943,F5943,清洗节气门+燃油滤芯更换,燃油滤芯,420,2024-01-06 18:03
M5944,F5944,维修空调压缩机,压缩机电磁阀,580,2025-07-13 11:02
M5945,F5945,更换催化转化器,原厂催化转化器,2800,2025-05-21 12:38
M5946,F5946,更换涡轮增压器电磁阀,涡轮电磁阀,850,2024-03-24 11:19
M5947,F5947,更换刹车压力传感器,刹车压力传感器,480,2025-01-27 12:49
M5948,F5948,更换安全带传感器,主驾驶安全带传感器,320,2024-03-16 15:15
M5949,F5949,更换机油压力传感器,机油压力传感器,450,2024-03-13 13:21
M5950,F5950,维修ABS控制模块,ABS控制模块维修包,1200,2024-11-11 12:05
M5951,F5951,更换凸轮轴位置传感器,凸轮轴位置传感器,520,2025-08-24 15:36
M5952,F5952,维修安全气囊控制模块,安全气囊控制模块编程,800,2025-07-31 14:27
M5953,F5953,更换节气门位置传感器,节气门位置传感器,480,2025-01-14 14:53
M5954,F5954,更换左前轮速传感器,左前轮速传感器,280,2024-06-12 11:04
M5955,F5955,检查燃油蒸发系统管路,燃油蒸发管密封垫,350,2024-01-09 17:03
M5956,F5956,更换右前安全气囊传感器,右前安全气囊传感器,650,2024-08-09 16:24
M5957,F5957,升级ECM控制模块程序,ECM程序升级包,980,2025-03-12 16:35
M5958,F5958,更换右后轮速传感器,右后轮速传感器,270,2024-10-28 12:45
M5959,F5959,更换驾驶员侧安全气囊模块,驾驶员侧安全气囊模块,1500,2024-11-29 13:49
M5960,F5960,更换进气温度传感器,进气温度传感器,380,2024-12-16 09:55
M5961,F5961,更换火花塞+缸线检查,铱金火花塞(4支),380,2025-07-21 09:36
M5962,F5962,更换轮速传感器,右前轮速传感器,260,2024-05-02 17:25
M5963,F5963,清洗节气门+燃油滤芯更换,燃油滤芯,420,2025-04-03 16:43
M5964,F5964,维修空调压缩机,压缩机电磁阀,580,2025-03-28 11:11
M5965,F5965,更换催化转化器,原厂催化转化器,2800,2025-09-10 14:46
M5966,F5966,更换涡轮增压器电磁阀,涡轮电磁阀,850,2025-04-09 14:35
M5967,F5967,更换刹车压力传感器,刹车压力传感器,480,2025-02-07 10:34
M5968,F5968,更换安全带传感器,主驾驶安全带传感器,320,2025-10-16 13:29
M5969,F5969,更换机油压力传感器,机油压力传感器,450,2025-04-12 13:56
M5970,F5970,维修ABS控制模块,ABS控制模块维修包,1200,2025-08-17 10:30
M5971,F5971,更换凸轮轴位置传感器,凸轮轴位置传感器,520,2025-12-29 18:45
M5972,F5972,维修安全气囊控制模块,安全气囊控制模块编程,800,2025-08-28 11:31
M5973,F5973,更换节气门位置传感器,节气门位置传感器,480,2024-07-30 11:57
M5974,F5974,更换左前轮速传感器,左前轮速传感器,280,2025-10-01 14:58
M5975,F5975,检查燃油蒸发系统管路,燃油蒸发管密封垫,350,2024-04-28 14:10
M5976,F5976,更换右前安全气囊传感器,右前安全气囊传感器,650,2025-05-04 17:21
M5977,F5977,升级ECM控制模块程序,ECM程序升级包,980,2024-08-09 13:54
M5978,F5978,更换右后轮速传感器,右后轮速传感器,270,2025-08-22 15:10
M5979,F5979,更换驾驶员侧安全气囊模块,驾驶员侧安全气囊模块,1500,2025-07-04 11:02
M5980,F5980,更换进气温度传感器,进气温度传感器,380,2024-09-11 18:31
M5981,F5981,更换火花塞+缸线检查,铱金火花塞(4支),380,2024-01-21 17:31
M5982,F5982,更换轮速传感器,右前轮速传感器,260,2024-09-29 15:30
M5983,F5983,清洗节气门+燃油滤芯更换,燃油滤芯,420,2025-08-02 16:48
M5984,F5984,维修空调压缩机,压缩机电磁阀,580,2025-08-17 14:05
M5985,F5985,更换催化转化器,原厂催化转化器,2800,2025-02-07 19:32
M5986,F5986,更换涡轮增压器电磁阀,涡轮电磁阀,850,2024-11-10 11:50
M5987,F5987,更换刹车压力传感器,刹车压力传感器,480,2025-06-26 09:38
M5988,F5988,更换安全带传感器,主驾驶安全带传感器,320,2025-10-02 12:26
M5989,F5989,更换机油压力传感器,机油压力传感器,450,2024-08-15 09:43
M5990,F5990,维修ABS控制模块,ABS控制模块维修包,1200,2025-01-15 14:19
M5991,F5991,更换凸轮轴位置传感器,凸轮轴位置传感器,520,2025-12-20 17:11
M5992,F5992,维修安全气囊控制模块,安全气囊控制模块编程,800,2024-07-18 15:18
M5993,F5993,更换节气门位置传感器,节气门位置传感器,480,2024-12-02 16:41
M5994,F5994,更换左前轮速传感器,左前轮速传感器,280,2025-06-26 12:29
M5995,F5995,检查燃油蒸发系统管路,燃油蒸发管密封垫,350,2025-12-05 19:10
M5996,F5996,更换右前安全气囊传感器,右前安全气囊传感器,650,2025-02-18 19:41
M5997,F5997,升级ECM控制模块程序,ECM程序升级包,980,2025-11-16 19:31
M5998,F5998,更换右后轮速传感器,右后轮速传感器,270,2024-07-05 10:18
M5999,F5999,更换驾驶员侧安全气囊模块,驾驶员侧安全气囊模块,1500,2025-06-13 17:40
M6000,F6000,更换进气温度传感器,进气温度传感器,380,2025-04-07 18:03
M6001,F6001,更换火花塞+缸线检查,铱金火花塞(4支),380,2025-06-09 18:11
M6002,F6002,更换轮速传感器,右前轮速传感器,260,2024-07-16 17:05
M6003,F6003,清洗节气门+燃油滤芯更换,燃油滤芯,420,2025-08-01 13:54
M6004,F6004,维修空调压缩机,压缩机电磁阀,580,2024-10-03 17:39
M6005,F6005,更换催化转化器,原厂催化转化器,2800,2025-08-07 14:38
M6006,F6006,更换涡轮增压器电磁阀,涡轮电磁阀,850,2025-10-29 18:42
M6007,F6007,更换刹车压力传感器,刹车压力传感器,480,2024-10-09 19:14
M6008,F6008,更换安全带传感器,主驾驶安全带传感器,320,2025-01-07 16:03
M6009,F6009,更换机油压力传感器,机油压力传感器,450,2025-07-25 11:08
M6010,F6010,维修ABS控制模块,ABS控制模块维修包,1200,2024-11-09 11:13
M6011,F6011,更换凸轮轴位置传感器,凸轮轴位置传感器,520,2024-03-23 16:56
M6012,F6012,维修安全气囊控制模块,安全气囊控制模块编程,800,2025-02-11 11:10
M6013,F6013,更换节气门位置传感器,节气门位置传感器,480,2025-01-21 12:04
M6014,F6014,更换左前轮速传感器,左前轮速传感器,280,2025-02-20 18:17
M6015,F6015,检查燃油蒸发系统管路,燃油蒸发管密封垫,350,2024-06-08 19:49
M6016,F6016,更换右前安全气囊传感器,右前安全气囊传感器,650,2024-11-26 13:51
M6017,F6017,升级ECM控制模块程序,ECM程序升级包,980,2024-04-16 11:06
M6018,F6018,更换右后轮速传感器,右后轮速传感器,270,2024-04-06 12:02
M6019,F6019,更换驾驶员侧安全气囊模块,驾驶员侧安全气囊模块,1500,2025-08-14 12:22
M6020,F6020,更换进气温度传感器,进气温度传感器,380,2025-07-21 17:18
M6021,F6021,更换火花塞+缸线检查,铱金火花塞(4支),380,2025-07-08 10:41
M6022,F6022,更换轮速传感器,右前轮速传感器,260,2024-10-26 11:03
M6023,F6023,清洗节气门+燃油滤芯更换,燃油滤芯,420,2025-02-26 12:47
M6024,F6024,维修空调压缩机,压缩机电磁阀,580,2025-02-08 16:17
M6025,F6025,更换催化转化器,原厂催化转化器,2800,2025-01-08 12:01
M6026,F6026,更换涡轮增压器电磁阀,涡轮电磁阀,850,2024-10-13 14:36
M6027,F6027,更换刹车压力传感器,刹车压力传感器,480,2025-04-01 17:28
M6028,F6028,更换安全带传感器,主驾驶安全带传感器,320,2025-10-31 14:25
M6029,F6029,更换机油压力传感器,机油压力传感器,450,2025-02-06 14:34
M6030,F6030,维修ABS控制模块,ABS控制模块维修包,1200,2024-07-07 14:33
M6031,F6031,更换凸轮轴位置传感器,凸轮轴位置传感器,520,2024-08-24 12:41
M6032,F6032,维修安全气囊控制模块,安全气囊控制模块编程,800,2024-05-19 17:48
M6033,F6033,更换节气门位置传感器,节气门位置传感器,480,2025-07-16 13:34
M6034,F6034,更换左前轮速传感器,左前轮速传感器,280,2025-03-14 17:50
M6035,F6035,检查燃油蒸发系统管路,燃油蒸发管密封垫,350,2025-01-16 19:28
M6036,F6036,更换右前安全气囊传感器,右前安全气囊传感器,650,2024-05-11 10:42
M6037,F6037,升级ECM控制模块程序,ECM程序升级包,980,2024-06-13 18:36
M6038,F6038,更换右后轮速传感器,右后轮速传感器,270,2025-10-04 15:14
M6039,F6039,更换驾驶员侧安全气囊模块,驾驶员侧安全气囊模块,1500,2025-09-22 14:17
M6040,F6040,更换进气温度传感器,进气温度传感器,380,2024-07-02 09:55
M6041,F6041,更换火花塞+缸线检查,铱金火花塞(4支),380,2025-11-30 19:55
M6042,F6042,更换轮速传感器,右前轮速传感器,260,2024-03-06 18:51
M6043,F6043,清洗节气门+燃油滤芯更换,燃油滤芯,420,2025-12-21 18:15
M6044,F6044,维修空调压缩机,压缩机电磁阀,580,2025-01-25 12:32
M6045,F6045,更换催化转化器,原厂催化转化器,2800,2025-10-06 18:11
M6046,F6046,更换涡轮增压器电磁阀,涡轮电磁阀,850,2024-10-08 12:50
M6047,F6047,更换刹车压力传感器,刹车压力传感器,480,2025-09-05 11:53
M6048,F6048,更换安全带传感器,主驾驶安全带传感器,320,2024-03-04 14:40
M6049,F6049,更换机油压力传感器,机油压力传感器,450,2024-12-04 14:22
M6050,F6050,维修ABS控制模块,ABS控制模块维修包,1200,2024-04-26 10:23
M6051,F6051,更换凸轮轴位置传感器,凸轮轴位置传感器,520,2025-05-09 15:13
M6052,F6052,维修安全气囊控制模块,安全气囊控制模块编程,800,2025-11-15 14:33
M6053,F6053,更换节气门位置传感器,节气门位置传感器,480,2025-07-06 13:27
M6054,F6054,更换左前轮速传感器,左前轮速传感器,280,2024-11-05 10:49
M6055,F6055,检查燃油蒸发系统管路,燃油蒸发管密封垫,350,2024-05-14 19:36
M6056,F6056,更换右前安全气囊传感器,右前安全气囊传感器,650,2024-07-12 12:57
M6057,F6057,升级ECM控制模块程序,ECM程序升级包,980,2025-08-15 12:21
M6058,F6058,更换右后轮速传感器,右后轮速传感器,270,2025-07-01 13:29
M6059,F6059,更换驾驶员侧安全气囊模块,驾驶员侧安全气囊模块,1500,2024-10-18 19:17
M6060,F6060,更换进气温度传感器,进气温度传感器,380,2024-06-23 18:10
M6061,F6061,更换火花塞+缸线检查,铱金火花塞(4支),380,2025-10-23 18:40
M6062,F6062,更换轮速传感器,右前轮速传感器,260,2025-11-23 10:12
M6063,F6063,清洗节气门+燃油滤芯更换,燃油滤芯,420,2024-05-12 13:18
M6064,F6064,维修空调压缩机,压缩机电磁阀,580,2024-08-31 12:07
M6065,F6065,更换催化转化器,原厂催化转化器,2800,2025-04-02 18:55
M6066,F6066,更换涡轮增压器电磁阀,涡轮电磁阀,850,2024-04-11 15:21
M6067,F6067,更换刹车压力传感器,刹车压力传感器,480,2024-02-27 14:02
M6068,F6068,更换安全带传感器,主驾驶安全带传感器,320,2024-09-02 17:14
M6069,F6069,更换机油压力传感器,机油压力传感器,450,2024-11-25 19:32
M6070,F6070,维修ABS控制模块,ABS控制模块维修包,1200,2025-06-19 16:14
M6071,F6071,更换凸轮轴位置传感器,凸轮轴位置传感器,520,2025-06-03 13:09
M6072,F6072,维修安全气囊控制模块,安全气囊控制模块编程,800,2024-02-22 10:17
M6073,F6073,更换节气门位置传感器,节气门位置传感器,480,2024-11-12 14:58
M6074,F6074,更换左前轮速传感器,左前轮速传感器,280,2024-04-23 12:39
M6075,F6075,检查燃油蒸发系统管路,燃油蒸发管密封垫,350,2024-06-03 17:50
M6076,F6076,更换右前安全气囊传感器,右前安全气囊传感器,650,2024-09-12 16:55
M6077,F6077,升级ECM控制模块程序,ECM程序升级包,980,2025-11-04 16:46
M6078,F6078,更换右后轮速传感器,右后轮速传感器,270,2025-05-02 11:46
M6079,F6079,更换驾驶员侧安全气囊模块,驾驶员侧安全气囊模块,1500,2025-04-14 15:17
M6080,F6080,更换进气温度传感器,进气温度传感器,380,2025-12-04 12:47
M6081,F6081,更换火花塞+缸线检查,铱金火花塞(4支),380,2025-03-18 10:11
M6082,F6082,更换轮速传感器,右前轮速传感器,260,2025-12-10 13:01
M6083,F6083,清洗节气门+燃油滤芯更换,燃油滤芯,420,2025-07-09 11:49
M6084,F6084,维修空调压缩机,压缩机电磁阀,580,2025-12-26 15:53
M6085,F6085,更换催化转化器,原厂催化转化器,2800,2025-04-25 10:55
M6086,F6086,更换涡轮增压器电磁阀,涡轮电磁阀,850,2025-08-17 15:10
M6087,F6087,更换刹车压力传感器,刹车压力传感器,480,2024-12-14 11:47
M6088,F6088,更换安全带传感器,主驾驶安全带传感器,320,2024-09-01 14:16
M6089,F6089,更换机油压力传感器,机油压力传感器,450,2025-11-07 19:11
M6090,F6090,维修ABS控制模块,ABS控制模块维修包,1200,2025-12-10 12:36
M6091,F6091,更换凸轮轴位置传感器,凸轮轴位置传感器,520,2025-01-12 09:00
M6092,F6092,维修安全气囊控制模块,安全气囊控制模块编程,800,2024-06-02 12:50
M6093,F6093,更换节气门位置传感器,节气门位置传感器,480,2024-11-11 18:26
M6094,F6094,更换左前轮速传感器,左前轮速传感器,280,2025-07-01 18:07
M6095,F6095,检查燃油蒸发系统管路,燃油蒸发管密封垫,350,2024-03-14 17:14
M6096,F6096,更换右前安全气囊传感器,右前安全气囊传感器,650,2025-10-18 11:27
M6097,F6097,升级ECM控制模块程序,ECM程序升级包,980,2025-01-05 15:24
M6098,F6098,更换右后轮速传感器,右后轮速传感器,270,2024-07-07 13:44
M6099,F6099,更换驾驶员侧安全气囊模块,驾驶员侧安全气囊模块,1500,2025-10-21 17:15
M6100,F6100,更换进气温度传感器,进气温度传感器,380,2024-03-31 12:56
M6101,F6101,更换火花塞+缸线检查,铱金火花塞(4支),380,2024-07-27 18:23
M6102,F6102,更换轮速传感器,右前轮速传感器,260,2024-01-15 16:14
M6103,F6103,清洗节气门+燃油滤芯更换,燃油滤芯,420,2024-10-05 13:03
M6104,F6104,维修空调压缩机,压缩机电磁阀,580,2025-02-22 13:35
M6105,F6105,更换催化转化器,原厂催化转化器,2800,2025-06-15 12:58
M6106,F6106,更换涡轮增压器电磁阀,涡轮电磁阀,850,2024-02-05 12:07
M6107,F6107,更换刹车压力传感器,刹车压力传感器,480,2024-09-08 16:39
M6108,F6108,更换安全带传感器,主驾驶安全带传感器,320,2024-12-10 19:55
M6109,F6109,更换机油压力传感器,机油压力传感器,450,2025-04-13 12:03
M6110,F6110,维修ABS控制模块,ABS控制模块维修包,1200,2025-11-05 15:28
M6111,F6111,更换凸轮轴位置传感器,凸轮轴位置传感器,520,2025-04-16 13:25
M6112,F6112,维修安全气囊控制模块,安全气囊控制模块编程,800,2024-08-12 11:20
M6113,F6113,更换节气门位置传感器,节气门位置传感器,480,2025-08-16 12:16
M6114,F6114,更换左前轮速传感器,左前轮速传感器,280,2024-08-26 10:46
M6115,F6115,检查燃油蒸发系统管路,燃油蒸发管密封垫,350,2024-01-02 14:25
M6116,F6116,更换右前安全气囊传感器,右前安全气囊传感器,650,2025-02-22 11:45
M6117,F6117,升级ECM控制模块程序,ECM程序升级包,980,2024-07-25 10:52
M6118,F6118,更换右后轮速传感器,右后轮速传感器,270,2024-09-28 13:22
M6119,F6119,更换驾驶员侧安全气囊模块,驾驶员侧安全气囊模块,1500,2024-12-28 14:25
M6120,F6120,更换进气温度传感器,进气温度传感器,380,2025-07-09 16:20
M6121,F6121,更换火花塞+缸线检查,铱金火花塞(4支),380,2024-08-24 12:56
M6122,F6122,更换轮速传感器,右前轮速传感器,260,2025-06-04 15:20
M6123,F6123,清洗节气门+燃油滤芯更换,燃油滤芯,420,2025-03-23 18:56
M6124,F6124,维修空调压缩机,压缩机电磁阀,580,2024-07-10 11:11
M6125,F6125,更换催化转化器,原厂催化转化器,2800,2024-09-11 12:23
M6126,F6126,更换涡轮增压器电磁阀,涡轮电磁阀,850,2024-01-31 17:34
M6127,F6127,更换刹车压力传感器,刹车压力传感器,480,2024-08-31 09:38
M6128,F6128,更换安全带传感器,主驾驶安全带传感器,320,2024-05-13 19:47
M6129,F6129,更换机油压力传感器,机油压力传感器,450,2024-12-03 18:20
M6130,F6130,维修ABS控制模块,ABS控制模块维修包,1200,2024-05-05 13:14
M6131,F6131,更换凸轮轴位置传感器,凸轮轴位置传感器,520,2025-03-06 17:15
M6132,F6132,维修安全气囊控制模块,安全气囊控制模块编程,800,2025-04-21 13:18
M6133,F6133,更换节气门位置传感器,节气门位置传感器,480,2024-01-10 10:18
M6134,F6134,更换左前轮速传感器,左前轮速传感器,280,2024-02-02 11:33
M6135,F6135,检查燃油蒸发系统管路,燃油蒸发管密封垫,350,2024-08-26 15:21
M6136,F6136,更换右前安全气囊传感器,右前安全气囊传感器,650,2024-01-18 15:53
M6137,F6137,升级ECM控制模块程序,ECM程序升级包,980,2025-07-09 13:29
M6138,F6138,更换右后轮速传感器,右后轮速传感器,270,2024-09-02 12:14
M6139,F6139,更换驾驶员侧安全气囊模块,驾驶员侧安全气囊模块,1500,2025-12-19 15:24
M6140,F6140,更换进气温度传感器,进气温度传感器,380,2024-06-09 16:32
M6141,F6141,更换火花塞+缸线检查,铱金火花塞(4支),380,2025-12-16 17:04
M6142,F6142,更换轮速传感器,右前轮速传感器,260,2024-07-22 12:50
M6143,F6143,清洗节气门+燃油滤芯更换,燃油滤芯,420,2024-10-02 14:00
M6144,F6144,维修空调压缩机,压缩机电磁阀,580,2025-10-21 18:57
M6145,F6145,更换催化转化器,原厂催化转化器,2800,2025-12-20 15:32
M6146,F6146,更换涡轮增压器电磁阀,涡轮电磁阀,850,2025-05-28 18:42
M6147,F6147,更换刹车压力传感器,刹车压力传感器,480,2025-01-27 13:24
M6148,F6148,更换安全带传感器,主驾驶安全带传感器,320,2025-04-07 10:00
M6149,F6149,更换机油压力传感器,机油压力传感器,450,2024-08-31 10:24
M6150,F6150,维修ABS控制模块,ABS控制模块维修包,1200,2024-09-23 14:09
M6151,F6151,更换凸轮轴位置传感器,凸轮轴位置传感器,520,2025-11-28 14:36
M6152,F6152,维修安全气囊控制模块,安全气囊控制模块编程,800,2025-10-31 09:19
M6153,F6153,更换节气门位置传感器,节气门位置传感器,480,2024-12-06 16:25
M6154,F6154,更换左前轮速传感器,左前轮速传感器,280,2024-02-09 17:03
M6155,F6155,检查燃油蒸发系统管路,燃油蒸发管密封垫,350,2025-01-04 15:00
M6156,F6156,更换右前安全气囊传感器,右前安全气囊传感器,650,2025-12-06 16:43
M6157,F6157,升级ECM控制模块程序,ECM程序升级包,980,2025-08-08 14:13
M6158,F6158,更换右后轮速传感器,右后轮速传感器,270,2025-10-11 10:32
M6159,F6159,更换驾驶员侧安全气囊模块,驾驶员侧安全气囊模块,1500,2025-04-25 13:59
M6160,F6160,更换进气温度传感器,进气温度传感器,380,2024-06-27 10:05
M6161,F6161,更换火花塞+缸线检查,铱金火花塞(4支),380,2024-11-09 15:25
M6162,F6162,更换轮速传感器,右前轮速传感器,260,2024-12-04 10:34
M6163,F6163,清洗节气门+燃油滤芯更换,燃油滤芯,420,2024-11-12 15:24
M6164,F6164,维修空调压缩机,压缩机电磁阀,580,2025-04-22 10:39
M6165,F6165,更换催化转化器,原厂催化转化器,2800,2024-01-12 18:59
M6166,F6166,更换涡轮增压器电磁阀,涡轮电磁阀,850,2025-06-24 15:04
M6167,F6167,更换刹车压力传感器,刹车压力传感器,480,2024-12-29 11:41
M6168,F6168,更换安全带传感器,主驾驶安全带传感器,320,2025-11-15 16:15
M6169,F6169,更换机油压力传感器,机油压力传感器,450,2025-08-09 16:52
M6170,F6170,维修ABS控制模块,ABS控制模块维修包,1200,2025-07-30 10:57
M6171,F6171,更换凸轮轴位置传感器,凸轮轴位置传感器,520,2024-10-11 12:11
M6172,F6172,维修安全气囊控制模块,安全气囊控制模块编程,800,2025-12-17 15:59
M6173,F6173,更换节气门位置传感器,节气门位置传感器,480,2024-06-06 13:07
M6174,F6174,更换左前轮速传感器,左前轮速传感器,280,2024-05-21 16:48
M6175,F6175,检查燃油蒸发系统管路,燃油蒸发管密封垫,350,2024-05-28 13:11
M6176,F6176,更换右前安全气囊传感器,右前安全气囊传感器,650,2024-09-05 14:28
M6177,F6177,升级ECM控制模块程序,ECM程序升级包,980,2024-04-20 19:43
M6178,F6178,更换右后轮速传感器,右后轮速传感器,270,2024-02-13 12:59
M6179,F6179,更换驾驶员侧安全气囊模块,驾驶员侧安全气囊模块,1500,2025-03-24 15:03
M6180,F6180,更换进气温度传感器,进气温度传感器,380,2024-03-12 13:37
M6181,F6181,更换火花塞+缸线检查,铱金火花塞(4支),380,2024-07-05 12:06
M6182,F6182,更换轮速传感器,右前轮速传感器,260,2025-07-22 12:24
M6183,F6183,清洗节气门+燃油滤芯更换,燃油滤芯,420,2025-03-07 15:22
M6184,F6184,维修空调压缩机,压缩机电磁阀,580,2024-10-19 13:07
M6185,F6185,更换催化转化器,原厂催化转化器,2800,2025-11-17 16:03
M6186,F6186,更换涡轮增压器电磁阀,涡轮电磁阀,850,2024-03-16 15:52
M6187,F6187,更换刹车压力传感器,刹车压力传感器,480,2025-08-29 09:35
M6188,F6188,更换安全带传感器,主驾驶安全带传感器,320,2024-08-04 12:04
M6189,F6189,更换机油压力传感器,机油压力传感器,450,2024-08-11 18:08
M6190,F6190,维修ABS控制模块,ABS控制模块维修包,1200,2024-10-29 18:24
M6191,F6191,更换凸轮轴位置传感器,凸轮轴位置传感器,520,2024-12-22 17:01
M6192,F6192,维修安全气囊控制模块,安全气囊控制模块编程,800,2025-12-13 18:58
M6193,F6193,更换节气门位置传感器,节气门位置传感器,480,2025-02-21 17:02
M6194,F6194,更换左前轮速传感器,左前轮速传感器,280,2025-05-12 17:42
M6195,F6195,检查燃油蒸发系统管路,燃油蒸发管密封垫,350,2025-10-07 18:36
M6196,F6196,更换右前安全气囊传感器,右前安全气囊传感器,650,2024-01-31 18:11
M6197,F6197,升级ECM控制模块程序,ECM程序升级包,980,2024-09-07 09:26
M6198,F6198,更换右后轮速传感器,右后轮速传感器,270,2025-03-18 17:10
M6199,F6199,更换驾驶员侧安全气囊模块,驾驶员侧安全气囊模块,1500,2024-09-17 15:52
M6200,F6200,更换进气温度传感器,进气温度传感器,380,2025-03-04 16:08
M6201,F6201,更换火花塞+缸线检查,铱金火花塞(4支),380,2025-07-03 14:38
M6202,F6202,更换轮速传感器,右前轮速传感器,260,2025-06-04 12:59
M6203,F6203,清洗节气门+燃油滤芯更换,燃油滤芯,420,2024-02-22 13:10
M6204,F6204,维修空调压缩机,压缩机电磁阀,580,2025-04-02 13:10
M6205,F6205,更换催化转化器,原厂催化转化器,2800,2024-10-31 17:24
M6206,F6206,更换涡轮增压器电磁阀,涡轮电磁阀,850,2024-02-06 18:36
M6207,F6207,更换刹车压力传感器,刹车压力传感器,480,2024-12-28 13:17
M6208,F6208,更换安全带传感器,主驾驶安全带传感器,320,2024-06-11 13:41
M6209,F6209,更换机油压力传感器,机油压力传感器,450,2024-03-28 11:18
M6210,F6210,维修ABS控制模块,ABS控制模块维修包,1200,2024-06-25 10:21
M6211,F6211,更换凸轮轴位置传感器,凸轮轴位置传感器,520,2024-12-16 09:17
M6212,F6212,维修安全气囊控制模块,安全气囊控制模块编程,800,2025-09-22 17:18
M6213,F6213,更换节气门位置传感器,节气门位置传感器,480,2025-12-13 17:45
M6214,F6214,更换左前轮速传感器,左前轮速传感器,280,2024-08-31 17:24
M6215,F6215,检查燃油蒸发系统管路,燃油蒸发管密封垫,350,2025-07-20 09:26
M6216,F6216,更换右前安全气囊传感器,右前安全气囊传感器,650,2025-08-04 19:41
M6217,F6217,升级ECM控制模块程序,ECM程序升级包,980,2025-05-09 18:47
M6218,F6218,更换右后轮速传感器,右后轮速传感器,270,2025-10-31 14:17
M6219,F6219,更换驾驶员侧安全气囊模块,驾驶员侧安全气囊模块,1500,2025-08-04 10:07
M6220,F6220,更换进气温度传感器,进气温度传感器,380,2025-03-26 19:42
M6221,F6221,更换火花塞+缸线检查,铱金火花塞(4支),380,2025-03-11 19:40
M6222,F6222,更换轮速传感器,右前轮速传感器,260,2024-11-22 10:18
M6223,F6223,清洗节气门+燃油滤芯更换,燃油滤芯,420,2024-09-12 11:07
M6224,F6224,维修空调压缩机,压缩机电磁阀,580,2025-11-30 10:18
M6225,F6225,更换催化转化器,原厂催化转化器,2800,2025-09-06 13:58
M6226,F6226,更换涡轮增压器电磁阀,涡轮电磁阀,850,2025-01-11 17:11
M6227,F6227,更换刹车压力传感器,刹车压力传感器,480,2024-12-30 16:30
M6228,F6228,更换安全带传感器,主驾驶安全带传感器,320,2024-11-08 11:54
M6229,F6229,更换机油压力传感器,机油压力传感器,450,2024-08-20 14:57
M6230,F6230,维修ABS控制模块,ABS控制模块维修包,1200,2024-01-16 17:30
M6231,F6231,更换凸轮轴位置传感器,凸轮轴位置传感器,520,2025-05-08 10:42
M6232,F6232,维修安全气囊控制模块,安全气囊控制模块编程,800,2025-01-02 10:00
M6233,F6233,更换节气门位置传感器,节气门位置传感器,480,2024-06-12 12:38
M6234,F6234,更换左前轮速传感器,左前轮速传感器,280,2025-02-08 12:59
M6235,F6235,检查燃油蒸发系统管路,燃油蒸发管密封垫,350,2024-07-16 12:59
M6236,F6236,更换右前安全气囊传感器,右前安全气囊传感器,650,2024-02-13 14:12
M6237,F6237,升级ECM控制模块程序,ECM程序升级包,980,2025-09-28 14:35
M6238,F6238,更换右后轮速传感器,右后轮速传感器,270,2024-10-08 10:18
M6239,F6239,更换驾驶员侧安全气囊模块,驾驶员侧安全气囊模块,1500,2025-08-12 18:31
M6240,F6240,更换进气温度传感器,进气温度传感器,380,2025-09-07 19:52
M6241,F6241,更换火花塞+缸线检查,铱金火花塞(4支),380,2025-07-27 18:31
M6242,F6242,更换轮速传感器,右前轮速传感器,260,2024-02-18 19:01
M6243,F6243,清洗节气门+燃油滤芯更换,燃油滤芯,420,2025-09-19 11:28
M6244,F6244,维修空调压缩机,压缩机电磁阀,580,2024-12-19 10:07
M6245,F6245,更换催化转化器,原厂催化转化器,2800,2024-03-25 18:20
M6246,F6246,更换涡轮增压器电磁阀,涡轮电磁阀,850,2024-06-10 18:56
M6247,F6247,更换刹车压力传感器,刹车压力传感器,480,2025-05-09 14:27
M6248,F6248,更换安全带传感器,主驾驶安全带传感器,320,2025-07-14 18:59
M6249,F6249,更换机油压力传感器,机油压力传感器,450,2025-08-04 12:01
M6250,F6250,维修ABS控制模块,ABS控制模块维修包,1200,2025-06-14 18:48
M6251,F6251,更换凸轮轴位置传感器,凸轮轴位置传感器,520,2024-10-18 09:03
M6252,F6252,维修安全气囊控制模块,安全气囊控制模块编程,800,2024-01-18 15:50
M6253,F6253,更换节气门位置传感器,节气门位置传感器,480,2024-09-21 18:13
M6254,F6254,更换左前轮速传感器,左前轮速传感器,280,2025-05-29 18:18
M6255,F6255,检查燃油蒸发系统管路,燃油蒸发管密封垫,350,2024-12-13 17:58
M6256,F6256,更换右前安全气囊传感器,右前安全气囊传感器,650,2024-09-09 13:47
M6257,F6257,升级ECM控制模块程序,ECM程序升级包,980,2024-10-20 14:50
M6258,F6258,更换右后轮速传感器,右后轮速传感器,270,2024-02-28 09:42
M6259,F6259,更换驾驶员侧安全气囊模块,驾驶员侧安全气囊模块,1500,2024-10-16 13:21
M6260,F6260,更换进气温度传感器,进气温度传感器,380,2025-07-14 15:18
M6261,F6261,更换火花塞+缸线检查,铱金火花塞(4支),380,2025-10-01 12:05
M6262,F6262,更换轮速传感器,右前轮速传感器,260,2024-07-12 10:39
M6263,F6263,清洗节气门+燃油滤芯更换,燃油滤芯,420,2024-12-24 18:42
M6264,F6264,维修空调压缩机,压缩机电磁阀,580,2025-04-02 15:12
M6265,F6265,更换催化转化器,原厂催化转化器,2800,2024-08-05 14:41
M6266,F6266,更换涡轮增压器电磁阀,涡轮电磁阀,850,2025-09-11 19:04
M6267,F6267,更换刹车压力传感器,刹车压力传感器,480,2025-06-20 12:32
M6268,F6268,更换安全带传感器,主驾驶安全带传感器,320,2025-12-30 10:09
M6269,F6269,更换机油压力传感器,机油压力传感器,450,2024-05-07 18:58
M6270,F6270,维修ABS控制模块,ABS控制模块维修包,1200,2024-02-26 14:27
M6271,F6271,更换凸轮轴位置传感器,凸轮轴位置传感器,520,2024-01-11 10:30
M6272,F6272,维修安全气囊控制模块,安全气囊控制模块编程,800,2025-05-14 15:02
M6273,F6273,更换节气门位置传感器,节气门位置传感器,480,2024-03-29 16:52
M6274,F6274,更换左前轮速传感器,左前轮速传感器,280,2024-06-28 15:17
M6275,F6275,检查燃油蒸发系统管路,燃油蒸发管密封垫,350,2025-11-14 14:51
M6276,F6276,更换右前安全气囊传感器,右前安全气囊传感器,650,2024-04-05 13:57
M6277,F6277,升级ECM控制模块程序,ECM程序升级包,980,2024-11-07 13:00
M6278,F6278,更换右后轮速传感器,右后轮速传感器,270,2025-08-06 17:47
M6279,F6279,更换驾驶员侧安全气囊模块,驾驶员侧安全气囊模块,1500,2025-10-19 12:33
M6280,F6280,更换进气温度传感器,进气温度传感器,380,2024-01-25 17:32
M6281,F6281,更换火花塞+缸线检查,铱金火花塞(4支),380,2025-03-13 13:21
M6282,F6282,更换轮速传感器,右前轮速传感器,260,2024-06-24 10:56
M6283,F6283,清洗节气门+燃油滤芯更换,燃油滤芯,420,2025-09-02 17:53
M6284,F6284,维修空调压缩机,压缩机电磁阀,580,2024-03-18 16:36
M6285,F6285,更换催化转化器,原厂催化转化器,2800,2025-11-25 16:38
M6286,F6286,更换涡轮增压器电磁阀,涡轮电磁阀,850,2025-11-15 10:27
M6287,F6287,更换刹车压力传感器,刹车压力传感器,480,2024-11-12 14:11
M6288,F6288,更换安全带传感器,主驾驶安全带传感器,320,2025-10-05 15:45
M6289,F6289,更换机油压力传感器,机油压力传感器,450,2025-02-13 11:19
M6290,F6290,维修ABS控制模块,ABS控制模块维修包,1200,2024-06-06 16:18
M6291,F6291,更换凸轮轴位置传感器,凸轮轴位置传感器,520,2025-11-10 13:02
M6292,F6292,维修安全气囊控制模块,安全气囊控制模块编程,800,2024-12-30 13:40
M6293,F6293,更换节气门位置传感器,节气门位置传感器,480,2024-09-18 16:46
M6294,F6294,更换左前轮速传感器,左前轮速传感器,280,2024-11-03 15:34
M6295,F6295,检查燃油蒸发系统管路,燃油蒸发管密封垫,350,2024-11-06 12:05
M6296,F6296,更换右前安全气囊传感器,右前安全气囊传感器,650,2024-07-09 11:39
M6297,F6297,升级ECM控制模块程序,ECM程序升级包,980,2024-08-31 16:04
M6298,F6298,更换右后轮速传感器,右后轮速传感器,270,2024-02-02 18:49
M6299,F6299,更换驾驶员侧安全气囊模块,驾驶员侧安全气囊模块,1500,2024-06-15 09:24
M6300,F6300,更换进气温度传感器,进气温度传感器,380,2025-03-07 15:16
M6301,F6301,更换火花塞+缸线检查,铱金火花塞(4支),380,2025-09-14 18:03
M6302,F6302,更换轮速传感器,右前轮速传感器,260,2024-08-08 14:43
M6303,F6303,清洗节气门+燃油滤芯更换,燃油滤芯,420,2024-08-19 15:36
M6304,F6304,维修空调压缩机,压缩机电磁阀,580,2025-12-22 12:24
M6305,F6305,更换催化转化器,原厂催化转化器,2800,2025-05-05 10:31
M6306,F6306,更换涡轮增压器电磁阀,涡轮电磁阀,850,2025-07-04 09:22
M6307,F6307,更换刹车压力传感器,刹车压力传感器,480,2024-09-28 10:51
M6308,F6308,更换安全带传感器,主驾驶安全带传感器,320,2024-10-13 19:30
M6309,F6309,更换机油压力传感器,机油压力传感器,450,2025-09-02 11:47
M6310,F6310,维修ABS控制模块,ABS控制模块维修包,1200,2024-12-14 16:14
M6311,F6311,更换凸轮轴位置传感器,凸轮轴位置传感器,520,2025-11-19 14:15
M6312,F6312,维修安全气囊控制模块,安全气囊控制模块编程,800,2024-10-15 11:07
M6313,F6313,更换节气门位置传感器,节气门位置传感器,480,2024-04-21 09:36
M6314,F6314,更换左前轮速传感器,左前轮速传感器,280,2025-09-15 16:36
M6315,F6315,检查燃油蒸发系统管路,燃油蒸发管密封垫,350,2024-01-22 12:47
M6316,F6316,更换右前安全气囊传感器,右前安全气囊传感器,650,2025-05-05 11:53
M6317,F6317,升级ECM控制模块程序,ECM程序升级包,980,2025-08-31 16:16
M6318,F6318,更换右后轮速传感器,右后轮速传感器,270,2025-05-09 11:40
M6319,F6319,更换驾驶员侧安全气囊模块,驾驶员侧安全气囊模块,1500,2024-09-20 14:05
M6320,F6320,更换进气温度传感器,进气温度传感器,380,2024-11-28 12:03
M6321,F6321,更换火花塞+缸线检查,铱金火花塞(4支),380,2025-05-17 09:33
M6322,F6322,更换轮速传感器,右前轮速传感器,260,2024-12-17 10:41
M6323,F6323,清洗节气门+燃油滤芯更换,燃油滤芯,420,2024-01-24 13:23
M6324,F6324,维修空调压缩机,压缩机电磁阀,580,2025-11-17 12:02
M6325,F6325,更换催化转化器,原厂催化转化器,2800,2024-07-03 10:52
M6326,F6326,更换涡轮增压器电磁阀,涡轮电磁阀,850,2025-02-14 18:28
M6327,F6327,更换刹车压力传感器,刹车压力传感器,480,2024-05-01 14:46
M6328,F6328,更换安全带传感器,主驾驶安全带传感器,320,2024-09-10 13:23
M6329,F6329,更换机油压力传感器,机油压力传感器,450,2025-04-08 09:18
M6330,F6330,维修ABS控制模块,ABS控制模块维修包,1200,2025-12-08 10:36
M6331,F6331,更换凸轮轴位置传感器,凸轮轴位置传感器,520,2025-11-02 13:30
M6332,F6332,维修安全气囊控制模块,安全气囊控制模块编程,800,2025-11-06 16:43
M6333,F6333,更换节气门位置传感器,节气门位置传感器,480,2024-10-02 16:35
M6334,F6334,更换左前轮速传感器,左前轮速传感器,280,2024-03-29 14:47
M6335,F6335,检查燃油蒸发系统管路,燃油蒸发管密封垫,350,2025-10-17 18:29
M6336,F6336,更换右前安全气囊传感器,右前安全气囊传感器,650,2024-09-03 19:52
M6337,F6337,升级ECM控制模块程序,ECM程序升级包,980,2025-11-17 11:30
M6338,F6338,更换右后轮速传感器,右后轮速传感器,270,2024-01-31 10:17
M6339,F6339,更换驾驶员侧安全气囊模块,驾驶员侧安全气囊模块,1500,2025-10-27 16:42
M6340,F6340,更换进气温度传感器,进气温度传感器,380,2025-11-24 16:33
M6341,F6341,更换火花塞+缸线检查,铱金火花塞(4支),380,2024-09-26 16:14
M6342,F6342,更换轮速传感器,右前轮速传感器,260,2024-03-15 11:18
M6343,F6343,清洗节气门+燃油滤芯更换,燃油滤芯,420,2025-10-01 15:24
M6344,F6344,维修空调压缩机,压缩机电磁阀,580,2024-11-20 13:47
M6345,F6345,更换催化转化器,原厂催化转化器,2800,2024-03-17 15:41
M6346,F6346,更换涡轮增压器电磁阀,涡轮电磁阀,850,2025-10-13 15:24
M6347,F6347,更换刹车压力传感器,刹车压力传感器,480,2025-02-14 14:13
M6348,F6348,更换安全带传感器,主驾驶安全带传感器,320,2024-11-15 12:28
M6349,F6349,更换机油压力传感器,机油压力传感器,450,2024-08-31 14:44
M6350,F6350,维修ABS控制模块,ABS控制模块维修包,1200,2024-08-12 11:49
M6351,F6351,更换凸轮轴位置传感器,凸轮轴位置传感器,520,2024-07-16 11:44
M6352,F6352,维修安全气囊控制模块,安全气囊控制模块编程,800,2025-05-06 17:56
M6353,F6353,更换节气门位置传感器,节气门位置传感器,480,2024-11-09 16:22
M6354,F6354,更换左前轮速传感器,左前轮速传感器,280,2025-06-22 17:30
M6355,F6355,检查燃油蒸发系统管路,燃油蒸发管密封垫,350,2024-10-28 14:05
M6356,F6356,更换右前安全气囊传感器,右前安全气囊传感器,650,2024-02-09 11:54
M6357,F6357,升级ECM控制模块程序,ECM程序升级包,980,2025-01-03 13:59
M6358,F6358,更换右后轮速传感器,右后轮速传感器,270,2025-04-10 12:18
M6359,F6359,更换驾驶员侧安全气囊模块,驾驶员侧安全气囊模块,1500,2025-04-14 16:23
M6360,F6360,更换进气温度传感器,进气温度传感器,380,2025-07-06 09:54
M6361,F6361,更换火花塞+缸线检查,铱金火花塞(4支),380,2024-01-16 15:22
M6362,F6362,更换轮速传感器,右前轮速传感器,260,2024-04-04 14:45
M6363,F6363,清洗节气门+燃油滤芯更换,燃油滤芯,420,2024-02-12 16:15
M6364,F6364,维修空调压缩机,压缩机电磁阀,580,2025-04-04 18:51
M6365,F6365,更换催化转化器,原厂催化转化器,2800,2024-06-24 15:51
M6366,F6366,更换涡轮增压器电磁阀,涡轮电磁阀,850,2024-12-25 14:32
M6367,F6367,更换刹车压力传感器,刹车压力传感器,480,2024-07-08 14:22
M6368,F6368,更换安全带传感器,主驾驶安全带传感器,320,2025-03-08 14:58
M6369,F6369,更换机油压力传感器,机油压力传感器,450,2025-12-07 14:16
M6370,F6370,维修ABS控制模块,ABS控制模块维修包,1200,2025-04-21 13:17
M6371,F6371,更换凸轮轴位置传感器,凸轮轴位置传感器,520,2025-12-17 11:00
M6372,F6372,维修安全气囊控制模块,安全气囊控制模块编程,800,2025-03-10 15:57
M6373,F6373,更换节气门位置传感器,节气门位置传感器,480,2025-02-10 13:20
M6374,F6374,更换左前轮速传感器,左前轮速传感器,280,2024-06-03 10:00
M6375,F6375,检查燃油蒸发系统管路,燃油蒸发管密封垫,350,2024-06-02 14:42
M6376,F6376,更换右前安全气囊传感器,右前安全气囊传感器,650,2025-06-26 16:01
M6377,F6377,升级ECM控制模块程序,ECM程序升级包,980,2025-07-31 10:31
M6378,F6378,更换右后轮速传感器,右后轮速传感器,270,2024-02-14 19:45
M6379,F6379,更换驾驶员侧安全气囊模块,驾驶员侧安全气囊模块,1500,2025-07-25 10:56
M6380,F6380,更换进气温度传感器,进气温度传感器,380,2024-03-30 14:29
M6381,F6381,更换火花塞+缸线检查,铱金火花塞(4支),380,2025-03-30 11:31
M6382,F6382,更换轮速传感器,右前轮速传感器,260,2025-06-17 19:06
M6383,F6383,清洗节气门+燃油滤芯更换,燃油滤芯,420,2024-10-21 11:42
M6384,F6384,维修空调压缩机,压缩机电磁阀,580,2025-09-18 10:23
M6385,F6385,更换催化转化器,原厂催化转化器,2800,2025-04-10 12:06
M6386,F6386,更换涡轮增压器电磁阀,涡轮电磁阀,850,2025-01-15 18:31
M6387,F6387,更换刹车压力传感器,刹车压力传感器,480,2024-10-04 19:40
M6388,F6388,更换安全带传感器,主驾驶安全带传感器,320,2025-01-31 17:00
M6389,F6389,更换机油压力传感器,机油压力传感器,450,2024-05-24 18:27
M6390,F6390,维修ABS控制模块,ABS控制模块维修包,1200,2025-05-31 17:58
M6391,F6391,更换凸轮轴位置传感器,凸轮轴位置传感器,520,2024-03-31 12:42
M6392,F6392,维修安全气囊控制模块,安全气囊控制模块编程,800,2025-07-16 14:51
M6393,F6393,更换节气门位置传感器,节气门位置传感器,480,2024-02-09 19:05
M6394,F6394,更换左前轮速传感器,左前轮速传感器,280,2024-04-05 11:18
M6395,F6395,检查燃油蒸发系统管路,燃油蒸发管密封垫,350,2025-05-20 13:11
M6396,F6396,更换右前安全气囊传感器,右前安全气囊传感器,650,2024-07-05 16:16
M6397,F6397,升级ECM控制模块程序,ECM程序升级包,980,2025-12-28 10:20
M6398,F6398,更换右后轮速传感器,右后轮速传感器,270,2025-08-18 18:55
M6399,F6399,更换驾驶员侧安全气囊模块,驾驶员侧安全气囊模块,1500,2024-01-14 14:18
M6400,F6400,更换进气温度传感器,进气温度传感器,380,2025-10-27 16:38
M6401,F6401,更换火花塞+缸线检查,铱金火花塞(4支),380,2024-11-30 19:40
M6402,F6402,更换轮速传感器,右前轮速传感器,260,2025-09-09 13:43
M6403,F6403,清洗节气门+燃油滤芯更换,燃油滤芯,420,2024-12-11 13:53
M6404,F6404,维修空调压缩机,压缩机电磁阀,580,2025-01-18 11:31
M6405,F6405,更换催化转化器,原厂催化转化器,2800,2025-07-28 11:57
M6406,F6406,更换涡轮增压器电磁阀,涡轮电磁阀,850,2025-12-29 10:12
M6407,F6407,更换刹车压力传感器,刹车压力传感器,480,2025-01-02 13:28
M6408,F6408,更换安全带传感器,主驾驶安全带传感器,320,2025-03-24 13:33
M6409,F6409,更换机油压力传感器,机油压力传感器,450,2024-03-08 11:16
M6410,F6410,维修ABS控制模块,ABS控制模块维修包,1200,2025-06-13 17:31
M6411,F6411,更换凸轮轴位置传感器,凸轮轴位置传感器,520,2025-12-13 10:49
M6412,F6412,维修安全气囊控制模块,安全气囊控制模块编程,800,2025-10-31 18:25
M6413,F6413,更换节气门位置传感器,节气门位置传感器,480,2024-05-29 11:45
M6414,F6414,更换左前轮速传感器,左前轮速传感器,280,2024-05-15 13:56
M6415,F6415,检查燃油蒸发系统管路,燃油蒸发管密封垫,350,2025-10-16 10:22
M6416,F6416,更换右前安全气囊传感器,右前安全气囊传感器,650,2025-11-22 17:38
M6417,F6417,升级ECM控制模块程序,ECM程序升级包,980,2024-08-21 13:53
M6418,F6418,更换右后轮速传感器,右后轮速传感器,270,2025-08-10 09:18
M6419,F6419,更换驾驶员侧安全气囊模块,驾驶员侧安全气囊模块,1500,2024-08-03 12:02
M6420,F6420,更换进气温度传感器,进气温度传感器,380,2024-05-14 10:35
M6421,F6421,更换火花塞+缸线检查,铱金火花塞(4支),380,2025-10-12 12:53
M6422,F6422,更换轮速传感器,右前轮速传感器,260,2025-01-10 18:25
M6423,F6423,清洗节气门+燃油滤芯更换,燃油滤芯,420,2025-08-05 13:45
M6424,F6424,维修空调压缩机,压缩机电磁阀,580,2024-03-03 17:35
M6425,F6425,更换催化转化器,原厂催化转化器,2800,2024-07-09 15:12
M6426,F6426,更换涡轮增压器电磁阀,涡轮电磁阀,850,2025-10-30 11:29
M6427,F6427,更换刹车压力传感器,刹车压力传感器,480,2024-03-25 15:14
M6428,F6428,更换安全带传感器,主驾驶安全带传感器,320,2025-10-24 18:15
M6429,F6429,更换机油压力传感器,机油压力传感器,450,2025-04-15 14:38
M6430,F6430,维修ABS控制模块,ABS控制模块维修包,1200,2024-03-23 11:44
M6431,F6431,更换凸轮轴位置传感器,凸轮轴位置传感器,520,2024-09-30 15:01
M6432,F6432,维修安全气囊控制模块,安全气囊控制模块编程,800,2024-07-11 13:49
M6433,F6433,更换节气门位置传感器,节气门位置传感器,480,2024-10-20 15:13
M6434,F6434,更换左前轮速传感器,左前轮速传感器,280,2025-06-07 09:09
M6435,F6435,检查燃油蒸发系统管路,燃油蒸发管密封垫,350,2024-12-25 09:06
M6436,F6436,更换右前安全气囊传感器,右前安全气囊传感器,650,2024-09-26 17:27
M6437,F6437,升级ECM控制模块程序,ECM程序升级包,980,2025-04-26 10:12
M6438,F6438,更换右后轮速传感器,右后轮速传感器,270,2025-08-23 10:17
M6439,F6439,更换驾驶员侧安全气囊模块,驾驶员侧安全气囊模块,1500,2025-07-21 13:41
M6440,F6440,更换进气温度传感器,进气温度传感器,380,2024-01-18 12:25
M6441,F6441,更换火花塞+缸线检查,铱金火花塞(4支),380,2025-02-23 18:00
M6442,F6442,更换轮速传感器,右前轮速传感器,260,2025-05-21 12:32
M6443,F6443,清洗节气门+燃油滤芯更换,燃油滤芯,420,2025-07-23 11:21
M6444,F6444,维修空调压缩机,压缩机电磁阀,580,2024-10-30 12:11
M6445,F6445,更换催化转化器,原厂催化转化器,2800,2025-04-28 16:06
M6446,F6446,更换涡轮增压器电磁阀,涡轮电磁阀,850,2024-02-12 13:11
M6447,F6447,更换刹车压力传感器,刹车压力传感器,480,2025-11-05 10:55
M6448,F6448,更换安全带传感器,主驾驶安全带传感器,320,2024-02-02 18:42
M6449,F6449,更换机油压力传感器,机油压力传感器,450,2024-03-23 10:31
M6450,F6450,维修ABS控制模块,ABS控制模块维修包,1200,2025-11-02 16:55
M6451,F6451,更换凸轮轴位置传感器,凸轮轴位置传感器,520,2024-04-11 14:29
M6452,F6452,维修安全气囊控制模块,安全气囊控制模块编程,800,2024-04-14 13:09
M6453,F6453,更换节气门位置传感器,节气门位置传感器,480,2025-04-16 18:10
M6454,F6454,更换左前轮速传感器,左前轮速传感器,280,2025-02-28 11:43
M6455,F6455,检查燃油蒸发系统管路,燃油蒸发管密封垫,350,2025-01-11 11:49
M6456,F6456,更换右前安全气囊传感器,右前安全气囊传感器,650,2024-06-15 19:02
M6457,F6457,升级ECM控制模块程序,ECM程序升级包,980,2024-06-07 18:33
M6458,F6458,更换右后轮速传感器,右后轮速传感器,270,2025-03-01 17:02
M6459,F6459,更换驾驶员侧安全气囊模块,驾驶员侧安全气囊模块,1500,2025-09-01 11:01
M6460,F6460,更换进气温度传感器,进气温度传感器,380,2024-06-30 18:27
M6461,F6461,更换火花塞+缸线检查,铱金火花塞(4支),380,2024-01-12 16:15
M6462,F6462,更换轮速传感器,右前轮速传感器,260,2025-07-23 10:20
M6463,F6463,清洗节气门+燃油滤芯更换,燃油滤芯,420,2025-08-22 12:01
M6464,F6464,维修空调压缩机,压缩机电磁阀,580,2025-06-12 13:48
M6465,F6465,更换催化转化器,原厂催化转化器,2800,2024-03-16 11:33
M6466,F6466,更换涡轮增压器电磁阀,涡轮电磁阀,850,2024-04-08 17:22
M6467,F6467,更换刹车压力传感器,刹车压力传感器,480,2025-03-08 11:22
M6468,F6468,更换安全带传感器,主驾驶安全带传感器,320,2025-06-23 15:24
M6469,F6469,更换机油压力传感器,机油压力传感器,450,2024-10-20 11:21
M6470,F6470,维修ABS控制模块,ABS控制模块维修包,1200,2025-04-06 19:00
M6471,F6471,更换凸轮轴位置传感器,凸轮轴位置传感器,520,2025-06-05 11:34
M6472,F6472,维修安全气囊控制模块,安全气囊控制模块编程,800,2024-06-12 11:58
M6473,F6473,更换节气门位置传感器,节气门位置传感器,480,2024-02-06 15:12
M6474,F6474,更换左前轮速传感器,左前轮速传感器,280,2024-10-18 19:34
M6475,F6475,检查燃油蒸发系统管路,燃油蒸发管密封垫,350,2025-04-15 14:18
M6476,F6476,更换右前安全气囊传感器,右前安全气囊传感器,650,2025-02-19 11:59
M6477,F6477,升级ECM控制模块程序,ECM程序升级包,980,2025-12-27 19:14
M6478,F6478,更换右后轮速传感器,右后轮速传感器,270,2024-01-04 18:42
M6479,F6479,更换驾驶员侧安全气囊模块,驾驶员侧安全气囊模块,1500,2024-06-15 17:13
M6480,F6480,更换进气温度传感器,进气温度传感器,380,2025-07-30 11:51
M6481,F6481,更换火花塞+缸线检查,铱金火花塞(4支),380,2025-11-14 13:48
M6482,F6482,更换轮速传感器,右前轮速传感器,260,2024-10-05 18:37
M6483,F6483,清洗节气门+燃油滤芯更换,燃油滤芯,420,2024-07-19 17:11
M6484,F6484,维修空调压缩机,压缩机电磁阀,580,2024-07-12 11:38
M6485,F6485,更换催化转化器,原厂催化转化器,2800,2025-02-25 18:25
M6486,F6486,更换涡轮增压器电磁阀,涡轮电磁阀,850,2025-10-09 18:05
M6487,F6487,更换刹车压力传感器,刹车压力传感器,480,2024-09-15 16:10
M6488,F6488,更换安全带传感器,主驾驶安全带传感器,320,2025-09-14 16:11
M6489,F6489,更换机油压力传感器,机油压力传感器,450,2025-03-28 15:46
M6490,F6490,维修ABS控制模块,ABS控制模块维修包,1200,2025-08-17 16:46
M6491,F6491,更换凸轮轴位置传感器,凸轮轴位置传感器,520,2025-07-12 13:18
M6492,F6492,维修安全气囊控制模块,安全气囊控制模块编程,800,2025-11-24 19:54
M6493,F6493,更换节气门位置传感器,节气门位置传感器,480,2025-11-29 13:44
M6494,F6494,更换左前轮速传感器,左前轮速传感器,280,2024-06-06 16:24
M6495,F6495,检查燃油蒸发系统管路,燃油蒸发管密封垫,350,2024-07-17 10:14
M6496,F6496,更换右前安全气囊传感器,右前安全气囊传感器,650,2025-02-25 16:19
M6497,F6497,升级ECM控制模块程序,ECM程序升级包,980,2024-06-23 19:24
M6498,F6498,更换右后轮速传感器,右后轮速传感器,270,2024-09-22 15:23
M6499,F6499,更换驾驶员侧安全气囊模块,驾驶员侧安全气囊模块,1500,2025-11-17 10:26
M6500,F6500,更换进气温度传感器,进气温度传感器,380,2025-06-15 17:30
M6501,F6501,更换火花塞+缸线检查,铱金火花塞(4支),380,2025-04-25 14:24
M6502,F6502,更换轮速传感器,右前轮速传感器,260,2024-02-28 12:35
M6503,F6503,清洗节气门+燃油滤芯更换,燃油滤芯,420,2025-02-09 13:09
M6504,F6504,维修空调压缩机,压缩机电磁阀,580,2024-09-24 19:58
M6505,F6505,更换催化转化器,原厂催化转化器,2800,2024-08-16 10:58
M6506,F6506,更换涡轮增压器电磁阀,涡轮电磁阀,850,2024-01-14 14:58
M6507,F6507,更换刹车压力传感器,刹车压力传感器,480,2024-03-15 14:34
M6508,F6508,更换安全带传感器,主驾驶安全带传感器,320,2025-11-03 16:50
M6509,F6509,更换机油压力传感器,机油压力传感器,450,2025-03-21 12:24
M6510,F6510,维修ABS控制模块,ABS控制模块维修包,1200,2024-07-24 11:58
M6511,F6511,更换凸轮轴位置传感器,凸轮轴位置传感器,520,2024-11-08 14:54
M6512,F6512,维修安全气囊控制模块,安全气囊控制模块编程,800,2025-08-19 13:43
M6513,F6513,更换节气门位置传感器,节气门位置传感器,480,2024-10-17 15:54
M6514,F6514,更换左前轮速传感器,左前轮速传感器,280,2024-12-19 11:18
M6515,F6515,检查燃油蒸发系统管路,燃油蒸发管密封垫,350,2025-08-09 10:37
M6516,F6516,更换右前安全气囊传感器,右前安全气囊传感器,650,2025-02-16 18:00
M6517,F6517,升级ECM控制模块程序,ECM程序升级包,980,2025-09-05 19:55
M6518,F6518,更换右后轮速传感器,右后轮速传感器,270,2025-09-23 11:13
M6519,F6519,更换驾驶员侧安全气囊模块,驾驶员侧安全气囊模块,1500,2024-03-17 15:14
M6520,F6520,更换进气温度传感器,进气温度传感器,380,2024-08-04 11:50
M6521,F6521,更换火花塞+缸线检查,铱金火花塞(4支),380,2025-07-12 11:28
M6522,F6522,更换轮速传感器,右前轮速传感器,260,2024-01-02 14:24
M6523,F6523,清洗节气门+燃油滤芯更换,燃油滤芯,420,2025-08-28 11:29
M6524,F6524,维修空调压缩机,压缩机电磁阀,580,2024-03-16 12:09
M6525,F6525,更换催化转化器,原厂催化转化器,2800,2025-03-07 13:53
M6526,F6526,更换涡轮增压器电磁阀,涡轮电磁阀,850,2024-11-05 10:04
M6527,F6527,更换刹车压力传感器,刹车压力传感器,480,2025-02-24 10:49
M6528,F6528,更换安全带传感器,主驾驶安全带传感器,320,2024-07-16 10:05
M6529,F6529,更换机油压力传感器,机油压力传感器,450,2025-06-04 14:47
M6530,F6530,维修ABS控制模块,ABS控制模块维修包,1200,2024-10-19 11:02
M6531,F6531,更换凸轮轴位置传感器,凸轮轴位置传感器,520,2024-02-06 17:03
M6532,F6532,维修安全气囊控制模块,安全气囊控制模块编程,800,2025-11-09 11:17
M6533,F6533,更换节气门位置传感器,节气门位置传感器,480,2024-11-27 14:09
M6534,F6534,更换左前轮速传感器,左前轮速传感器,280,2024-03-10 18:10
M6535,F6535,检查燃油蒸发系统管路,燃油蒸发管密封垫,350,2024-01-27 17:03
M6536,F6536,更换右前安全气囊传感器,右前安全气囊传感器,650,2024-05-24 09:52
M6537,F6537,升级ECM控制模块程序,ECM程序升级包,980,2025-01-21 09:46
M6538,F6538,更换右后轮速传感器,右后轮速传感器,270,2024-09-09 19:17
M6539,F6539,更换驾驶员侧安全气囊模块,驾驶员侧安全气囊模块,1500,2024-11-04 13:58
M6540,F6540,更换进气温度传感器,进气温度传感器,380,2025-03-20 13:32
M6541,F6541,更换火花塞+缸线检查,铱金火花塞(4支),380,2024-08-19 18:26
M6542,F6542,更换轮速传感器,右前轮速传感器,260,2024-04-27 13:57
M6543,F6543,清洗节气门+燃油滤芯更换,燃油滤芯,420,2024-04-27 09:29
M6544,F6544,维修空调压缩机,压缩机电磁阀,580,2025-04-08 11:21
M6545,F6545,更换催化转化器,原厂催化转化器,2800,2025-01-13 11:43
M6546,F6546,更换涡轮增压器电磁阀,涡轮电磁阀,850,2024-03-31 18:30
M6547,F6547,更换刹车压力传感器,刹车压力传感器,480,2025-02-11 10:05
M6548,F6548,更换安全带传感器,主驾驶安全带传感器,320,2024-06-08 09:35
M6549,F6549,更换机油压力传感器,机油压力传感器,450,2024-11-04 10:22
M6550,F6550,维修ABS控制模块,ABS控制模块维修包,1200,2024-03-01 13:33
M6551,F6551,更换凸轮轴位置传感器,凸轮轴位置传感器,520,2024-02-28 09:22
M6552,F6552,维修安全气囊控制模块,安全气囊控制模块编程,800,2024-03-18 19:51
M6553,F6553,更换节气门位置传感器,节气门位置传感器,480,2024-11-21 15:15
M6554,F6554,更换左前轮速传感器,左前轮速传感器,280,2024-07-22 15:39
M6555,F6555,检查燃油蒸发系统管路,燃油蒸发管密封垫,350,2024-03-02 11:00
M6556,F6556,更换右前安全气囊传感器,右前安全气囊传感器,650,2024-12-07 10:29
M6557,F6557,升级ECM控制模块程序,ECM程序升级包,980,2024-08-10 13:04
M6558,F6558,更换右后轮速传感器,右后轮速传感器,270,2024-03-19 16:20
M6559,F6559,更换驾驶员侧安全气囊模块,驾驶员侧安全气囊模块,1500,2024-05-16 15:47
M6560,F6560,更换进气温度传感器,进气温度传感器,380,2025-10-18 12:23
M6561,F6561,更换火花塞+缸线检查,铱金火花塞(4支),380,2024-05-18 14:14
M6562,F6562,更换轮速传感器,右前轮速传感器,260,2025-03-05 13:19
M6563,F6563,清洗节气门+燃油滤芯更换,燃油滤芯,420,2024-04-27 18:19
M6564,F6564,维修空调压缩机,压缩机电磁阀,580,2025-04-26 18:37
M6565,F6565,更换催化转化器,原厂催化转化器,2800,2025-02-21 13:15
M6566,F6566,更换涡轮增压器电磁阀,涡轮电磁阀,850,2024-05-19 17:43
M6567,F6567,更换刹车压力传感器,刹车压力传感器,480,2024-07-16 16:36
M6568,F6568,更换安全带传感器,主驾驶安全带传感器,320,2025-11-26 15:50
M6569,F6569,更换机油压力传感器,机油压力传感器,450,2025-05-30 10:52
M6570,F6570,维修ABS控制模块,ABS控制模块维修包,1200,2024-06-06 10:54
M6571,F6571,更换凸轮轴位置传感器,凸轮轴位置传感器,520,2025-09-21 18:29
M6572,F6572,维修安全气囊控制模块,安全气囊控制模块编程,800,2024-07-31 09:12
M6573,F6573,更换节气门位置传感器,节气门位置传感器,480,2025-03-16 10:19
M6574,F6574,更换左前轮速传感器,左前轮速传感器,280,2024-02-29 10:09
M6575,F6575,检查燃油蒸发系统管路,燃油蒸发管密封垫,350,2025-02-11 13:13
M6576,F6576,更换右前安全气囊传感器,右前安全气囊传感器,650,2024-08-07 14:00
M6577,F6577,升级ECM控制模块程序,ECM程序升级包,980,2025-01-29 13:11
M6578,F6578,更换右后轮速传感器,右后轮速传感器,270,2025-01-01 09:00
M6579,F6579,更换驾驶员侧安全气囊模块,驾驶员侧安全气囊模块,1500,2024-12-27 11:48
M6580,F6580,更换进气温度传感器,进气温度传感器,380,2024-02-10 14:42
M6581,F6581,更换火花塞+缸线检查,铱金火花塞(4支),380,2025-01-04 17:53
M6582,F6582,更换轮速传感器,右前轮速传感器,260,2025-02-18 16:59
M6583,F6583,清洗节气门+燃油滤芯更换,燃油滤芯,420,2025-05-10 15:00
M6584,F6584,维修空调压缩机,压缩机电磁阀,580,2025-09-05 10:53
M6585,F6585,更换催化转化器,原厂催化转化器,2800,2024-11-24 14:05
M6586,F6586,更换涡轮增压器电磁阀,涡轮电磁阀,850,2024-07-01 17:19
M6587,F6587,更换刹车压力传感器,刹车压力传感器,480,2024-11-13 15:44
M6588,F6588,更换安全带传感器,主驾驶安全带传感器,320,2024-10-21 15:22
M6589,F6589,更换机油压力传感器,机油压力传感器,450,2025-10-28 11:22
M6590,F6590,维修ABS控制模块,ABS控制模块维修包,1200,2025-09-07 16:26
M6591,F6591,更换凸轮轴位置传感器,凸轮轴位置传感器,520,2024-11-23 13:04
M6592,F6592,维修安全气囊控制模块,安全气囊控制模块编程,800,2025-04-26 16:35
M6593,F6593,更换节气门位置传感器,节气门位置传感器,480,2025-08-26 09:39
M6594,F6594,更换左前轮速传感器,左前轮速传感器,280,2025-02-11 13:35
M6595,F6595,检查燃油蒸发系统管路,燃油蒸发管密封垫,350,2024-12-28 16:49
M6596,F6596,更换右前安全气囊传感器,右前安全气囊传感器,650,2024-10-13 13:53
M6597,F6597,升级ECM控制模块程序,ECM程序升级包,980,2025-12-19 10:52
M6598,F6598,更换右后轮速传感器,右后轮速传感器,270,2024-12-20 18:14
M6599,F6599,更换驾驶员侧安全气囊模块,驾驶员侧安全气囊模块,1500,2025-05-18 10:41
M6600,F6600,更换进气温度传感器,进气温度传感器,380,2025-12-26 12:35
M6601,F6601,更换火花塞+缸线检查,铱金火花塞(4支),380,2024-01-08 11:26
M6602,F6602,更换轮速传感器,右前轮速传感器,260,2024-10-15 09:34
M6603,F6603,清洗节气门+燃油滤芯更换,燃油滤芯,420,2024-02-25 18:09
M6604,F6604,维修空调压缩机,压缩机电磁阀,580,2025-04-27 16:41
M6605,F6605,更换催化转化器,原厂催化转化器,2800,2025-12-11 09:45
M6606,F6606,更换涡轮增压器电磁阀,涡轮电磁阀,850,2025-07-07 16:31
M6607,F6607,更换刹车压力传感器,刹车压力传感器,480,2024-11-30 10:10
M6608,F6608,更换安全带传感器,主驾驶安全带传感器,320,2025-06-22 13:17
M6609,F6609,更换机油压力传感器,机油压力传感器,450,2025-02-15 10:34
M6610,F6610,维修ABS控制模块,ABS控制模块维修包,1200,2025-04-24 17:42
M6611,F6611,更换凸轮轴位置传感器,凸轮轴位置传感器,520,2025-03-03 18:15
M6612,F6612,维修安全气囊控制模块,安全气囊控制模块编程,800,2024-08-24 15:09
M6613,F6613,更换节气门位置传感器,节气门位置传感器,480,2025-03-10 16:43
M6614,F6614,更换左前轮速传感器,左前轮速传感器,280,2025-03-27 16:39
M6615,F6615,检查燃油蒸发系统管路,燃油蒸发管密封垫,350,2025-09-03 16:43
M6616,F6616,更换右前安全气囊传感器,右前安全气囊传感器,650,2024-08-10 18:36
M6617,F6617,升级ECM控制模块程序,ECM程序升级包,980,2024-02-03 17:58
M6618,F6618,更换右后轮速传感器,右后轮速传感器,270,2024-07-15 12:10
M6619,F6619,更换驾驶员侧安全气囊模块,驾驶员侧安全气囊模块,1500,2024-05-08 11:21
M6620,F6620,更换进气温度传感器,进气温度传感器,380,2025-06-23 18:16
M6621,F6621,更换火花塞+缸线检查,铱金火花塞(4支),380,2025-12-25 11:00
M6622,F6622,更换轮速传感器,右前轮速传感器,260,2025-12-12 11:58
M6623,F6623,清洗节气门+燃油滤芯更换,燃油滤芯,420,2025-12-23 10:43
M6624,F6624,维修空调压缩机,压缩机电磁阀,580,2024-04-07 12:32
M6625,F6625,更换催化转化器,原厂催化转化器,2800,2025-11-06 18:55
M6626,F6626,更换涡轮增压器电磁阀,涡轮电磁阀,850,2025-04-18 13:06
M6627,F6627,更换刹车压力传感器,刹车压力传感器,480,2024-02-14 17:34
M6628,F6628,更换安全带传感器,主驾驶安全带传感器,320,2025-05-08 13:26
M6629,F6629,更换机油压力传感器,机油压力传感器,450,2024-08-15 13:11
M6630,F6630,维修ABS控制模块,ABS控制模块维修包,1200,2024-08-19 18:12
M6631,F6631,更换凸轮轴位置传感器,凸轮轴位置传感器,520,2024-11-22 15:38
M6632,F6632,维修安全气囊控制模块,安全气囊控制模块编程,800,2025-05-19 15:53
M6633,F6633,更换节气门位置传感器,节气门位置传感器,480,2024-08-09 16:23
M6634,F6634,更换左前轮速传感器,左前轮速传感器,280,2025-01-07 17:17
M6635,F6635,检查燃油蒸发系统管路,燃油蒸发管密封垫,350,2025-07-31 13:15
M6636,F6636,更换右前安全气囊传感器,右前安全气囊传感器,650,2024-02-22 10:33
M6637,F6637,升级ECM控制模块程序,ECM程序升级包,980,2024-04-16 17:04
M6638,F6638,更换右后轮速传感器,右后轮速传感器,270,2025-04-06 12:57
M6639,F6639,更换驾驶员侧安全气囊模块,驾驶员侧安全气囊模块,1500,2024-01-07 14:30
M6640,F6640,更换进气温度传感器,进气温度传感器,380,2025-05-22 14:31
M6641,F6641,更换火花塞+缸线检查,铱金火花塞(4支),380,2024-01-20 10:25
M6642,F6642,更换轮速传感器,右前轮速传感器,260,2024-09-13 09:50
M6643,F6643,清洗节气门+燃油滤芯更换,燃油滤芯,420,2024-07-01 16:10
M6644,F6644,维修空调压缩机,压缩机电磁阀,580,2025-10-26 15:13
M6645,F6645,更换催化转化器,原厂催化转化器,2800,2024-06-11 19:45
M6646,F6646,更换涡轮增压器电磁阀,涡轮电磁阀,850,2025-09-03 12:36
M6647,F6647,更换刹车压力传感器,刹车压力传感器,480,2024-04-26 18:25
M6648,F6648,更换安全带传感器,主驾驶安全带传感器,320,2025-12-01 10:27
M6649,F6649,更换机油压力传感器,机油压力传感器,450,2025-07-25 19:59
M6650,F6650,维修ABS控制模块,ABS控制模块维修包,1200,2024-05-21 13:07
M6651,F6651,更换凸轮轴位置传感器,凸轮轴位置传感器,520,2025-03-03 17:36
M6652,F6652,维修安全气囊控制模块,安全气囊控制模块编程,800,2025-07-05 12:52
M6653,F6653,更换节气门位置传感器,节气门位置传感器,480,2024-07-11 10:31
M6654,F6654,更换左前轮速传感器,左前轮速传感器,280,2024-09-14 13:54
M6655,F6655,检查燃油蒸发系统管路,燃油蒸发管密封垫,350,2025-02-01 10:25
M6656,F6656,更换右前安全气囊传感器,右前安全气囊传感器,650,2025-11-27 18:36
M6657,F6657,升级ECM控制模块程序,ECM程序升级包,980,2025-08-23 13:48
M6658,F6658,更换右后轮速传感器,右后轮速传感器,270,2024-01-21 14:43
M6659,F6659,更换驾驶员侧安全气囊模块,驾驶员侧安全气囊模块,1500,2024-01-16 14:33
M6660,F6660,更换进气温度传感器,进气温度传感器,380,2024-08-22 16:06
M6661,F6661,更换火花塞+缸线检查,铱金火花塞(4支),380,2025-03-18 12:32
M6662,F6662,更换轮速传感器,右前轮速传感器,260,2025-07-04 13:09
M6663,F6663,清洗节气门+燃油滤芯更换,燃油滤芯,420,2025-11-24 12:37
M6664,F6664,维修空调压缩机,压缩机电磁阀,580,2024-07-23 18:43
M6665,F6665,更换催化转化器,原厂催化转化器,2800,2024-10-04 10:12
M6666,F6666,更换涡轮增压器电磁阀,涡轮电磁阀,850,2025-09-15 14:40
M6667,F6667,更换刹车压力传感器,刹车压力传感器,480,2024-06-20 13:23
M6668,F6668,更换安全带传感器,主驾驶安全带传感器,320,2025-06-01 14:19
M6669,F6669,更换机油压力传感器,机油压力传感器,450,2024-06-03 13:07
M6670,F6670,维修ABS控制模块,ABS控制模块维修包,1200,2025-05-23 16:50
M6671,F6671,更换凸轮轴位置传感器,凸轮轴位置传感器,520,2025-10-12 14:19
M6672,F6672,维修安全气囊控制模块,安全气囊控制模块编程,800,2024-09-26 17:13
M6673,F6673,更换节气门位置传感器,节气门位置传感器,480,2024-12-21 10:33
M6674,F6674,更换左前轮速传感器,左前轮速传感器,280,2024-04-02 13:27
M6675,F6675,检查燃油蒸发系统管路,燃油蒸发管密封垫,350,2024-07-30 14:34
M6676,F6676,更换右前安全气囊传感器,右前安全气囊传感器,650,2024-11-24 14:39
M6677,F6677,升级ECM控制模块程序,ECM程序升级包,980,2024-08-14 12:58
M6678,F6678,更换右后轮速传感器,右后轮速传感器,270,2025-09-18 16:25
M6679,F6679,更换驾驶员侧安全气囊模块,驾驶员侧安全气囊模块,1500,2024-01-22 10:49
M6680,F6680,更换进气温度传感器,进气温度传感器,380,2025-01-04 16:17
M6681,F6681,更换火花塞+缸线检查,铱金火花塞(4支),380,2025-05-14 14:19
M6682,F6682,更换轮速传感器,右前轮速传感器,260,2024-01-25 14:35
M6683,F6683,清洗节气门+燃油滤芯更换,燃油滤芯,420,2025-03-31 18:38
M6684,F6684,维修空调压缩机,压缩机电磁阀,580,2024-01-30 14:23
M6685,F6685,更换催化转化器,原厂催化转化器,2800,2025-12-03 11:05
M6686,F6686,更换涡轮增压器电磁阀,涡轮电磁阀,850,2024-12-27 13:56
M6687,F6687,更换刹车压力传感器,刹车压力传感器,480,2025-03-17 17:49
M6688,F6688,更换安全带传感器,主驾驶安全带传感器,320,2025-10-13 11:05
M6689,F6689,更换机油压力传感器,机油压力传感器,450,2024-07-29 11:16
M6690,F6690,维修ABS控制模块,ABS控制模块维修包,1200,2024-01-27 16:31
M6691,F6691,更换凸轮轴位置传感器,凸轮轴位置传感器,520,2025-07-25 18:50
M6692,F6692,维修安全气囊控制模块,安全气囊控制模块编程,800,2025-03-04 16:54
M6693,F6693,更换节气门位置传感器,节气门位置传感器,480,2024-04-20 18:46
M6694,F6694,更换左前轮速传感器,左前轮速传感器,280,2025-02-02 12:03
M6695,F6695,检查燃油蒸发系统管路,燃油蒸发管密封垫,350,2024-03-31 15:45
M6696,F6696,更换右前安全气囊传感器,右前安全气囊传感器,650,2024-10-14 10:53
M6697,F6697,升级ECM控制模块程序,ECM程序升级包,980,2024-06-26 11:19
M6698,F6698,更换右后轮速传感器,右后轮速传感器,270,2025-03-10 17:22
M6699,F6699,更换驾驶员侧安全气囊模块,驾驶员侧安全气囊模块,1500,2024-03-11 11:00
M6700,F6700,更换进气温度传感器,进气温度传感器,380,2024-01-05 11:59
M6701,F6701,更换火花塞+缸线检查,铱金火花塞(4支),380,2025-03-09 13:57
M6702,F6702,更换轮速传感器,右前轮速传感器,260,2024-02-17 10:17
M6703,F6703,清洗节气门+燃油滤芯更换,燃油滤芯,420,2024-11-27 18:54
M6704,F6704,维修空调压缩机,压缩机电磁阀,580,2024-11-29 13:39
M6705,F6705,更换催化转化器,原厂催化转化器,2800,2024-02-27 13:28
M6706,F6706,更换涡轮增压器电磁阀,涡轮电磁阀,850,2024-11-20 15:25
M6707,F6707,更换刹车压力传感器,刹车压力传感器,480,2024-04-15 10:16
M6708,F6708,更换安全带传感器,主驾驶安全带传感器,320,2025-03-27 19:01
M6709,F6709,更换机油压力传感器,机油压力传感器,450,2025-05-12 15:41
M6710,F6710,维修ABS控制模块,ABS控制模块维修包,1200,2025-12-16 11:25
M6711,F6711,更换凸轮轴位置传感器,凸轮轴位置传感器,520,2025-12-13 17:05
M6712,F6712,维修安全气囊控制模块,安全气囊控制模块编程,800,2024-04-01 14:29
M6713,F6713,更换节气门位置传感器,节气门位置传感器,480,2025-11-14 17:47
M6714,F6714,更换左前轮速传感器,左前轮速传感器,280,2025-10-17 15:24
M6715,F6715,检查燃油蒸发系统管路,燃油蒸发管密封垫,350,2024-08-06 09:11
M6716,F6716,更换右前安全气囊传感器,右前安全气囊传感器,650,2024-01-16 14:11
M6717,F6717,升级ECM控制模块程序,ECM程序升级包,980,2025-01-26 17:14
M6718,F6718,更换右后轮速传感器,右后轮速传感器,270,2025-06-12 12:56
M6719,F6719,更换驾驶员侧安全气囊模块,驾驶员侧安全气囊模块,1500,2024-06-10 19:09
M6720,F6720,更换进气温度传感器,进气温度传感器,380,2024-08-13 15:45
M6721,F6721,更换火花塞+缸线检查,铱金火花塞(4支),380,2024-10-14 18:14
M6722,F6722,更换轮速传感器,右前轮速传感器,260,2024-03-07 10:58
M6723,F6723,清洗节气门+燃油滤芯更换,燃油滤芯,420,2024-02-14 15:21
M6724,F6724,维修空调压缩机,压缩机电磁阀,580,2025-09-06 13:39
M6725,F6725,更换催化转化器,原厂催化转化器,2800,2024-02-12 18:39
M6726,F6726,更换涡轮增压器电磁阀,涡轮电磁阀,850,2025-05-15 18:50
M6727,F6727,更换刹车压力传感器,刹车压力传感器,480,2024-10-09 17:17
M6728,F6728,更换安全带传感器,主驾驶安全带传感器,320,2025-07-29 12:10
M6729,F6729,更换机油压力传感器,机油压力传感器,450,2024-09-26 16:08
M6730,F6730,维修ABS控制模块,ABS控制模块维修包,1200,2024-10-31 11:05
M6731,F6731,更换凸轮轴位置传感器,凸轮轴位置传感器,520,2024-03-14 10:33
M6732,F6732,维修安全气囊控制模块,安全气囊控制模块编程,800,2025-08-04 10:26
M6733,F6733,更换节气门位置传感器,节气门位置传感器,480,2025-10-04 12:32
M6734,F6734,更换左前轮速传感器,左前轮速传感器,280,2024-07-20 10:11
M6735,F6735,检查燃油蒸发系统管路,燃油蒸发管密封垫,350,2024-08-17 11:57
M6736,F6736,更换右前安全气囊传感器,右前安全气囊传感器,650,2024-03-14 14:09
M6737,F6737,升级ECM控制模块程序,ECM程序升级包,980,2025-12-18 16:30
M6738,F6738,更换右后轮速传感器,右后轮速传感器,270,2024-12-16 14:02
M6739,F6739,更换驾驶员侧安全气囊模块,驾驶员侧安全气囊模块,1500,2024-01-22 17:29
M6740,F6740,更换进气温度传感器,进气温度传感器,380,2024-01-02 11:54
M6741,F6741,更换火花塞+缸线检查,铱金火花塞(4支),380,2025-11-06 16:17
M6742,F6742,更换轮速传感器,右前轮速传感器,260,2025-08-28 13:12
M6743,F6743,清洗节气门+燃油滤芯更换,燃油滤芯,420,2025-03-19 18:23
M6744,F6744,维修空调压缩机,压缩机电磁阀,580,2024-05-05 14:17
M6745,F6745,更换催化转化器,原厂催化转化器,2800,2025-09-11 17:53
M6746,F6746,更换涡轮增压器电磁阀,涡轮电磁阀,850,2025-09-21 14:38
M6747,F6747,更换刹车压力传感器,刹车压力传感器,480,2024-04-18 13:46
M6748,F6748,更换安全带传感器,主驾驶安全带传感器,320,2025-09-16 10:36
M6749,F6749,更换机油压力传感器,机油压力传感器,450,2025-01-25 17:50
M6750,F6750,维修ABS控制模块,ABS控制模块维修包,1200,2025-03-10 14:45
M6751,F6751,更换凸轮轴位置传感器,凸轮轴位置传感器,520,2025-07-13 10:40
M6752,F6752,维修安全气囊控制模块,安全气囊控制模块编程,800,2024-07-08 09:47
M6753,F6753,更换节气门位置传感器,节气门位置传感器,480,2024-04-30 11:00
M6754,F6754,更换左前轮速传感器,左前轮速传感器,280,2024-05-05 10:56
M6755,F6755,检查燃油蒸发系统管路,燃油蒸发管密封垫,350,2025-05-07 16:49
M6756,F6756,更换右前安全气囊传感器,右前安全气囊传感器,650,2025-08-17 18:34
M6757,F6757,升级ECM控制模块程序,ECM程序升级包,980,2024-09-26 10:14
M6758,F6758,更换右后轮速传感器,右后轮速传感器,270,2025-03-27 18:42
M6759,F6759,更换驾驶员侧安全气囊模块,驾驶员侧安全气囊模块,1500,2024-11-04 18:59
M6760,F6760,更换进气温度传感器,进气温度传感器,380,2024-10-19 09:05
M6761,F6761,更换火花塞+缸线检查,铱金火花塞(4支),380,2025-03-20 15:44
M6762,F6762,更换轮速传感器,右前轮速传感器,260,2025-03-30 15:00
M6763,F6763,清洗节气门+燃油滤芯更换,燃油滤芯,420,2025-05-23 16:45
M6764,F6764,维修空调压缩机,压缩机电磁阀,580,2025-08-21 10:55
M6765,F6765,更换催化转化器,原厂催化转化器,2800,2025-08-27 12:47
M6766,F6766,更换涡轮增压器电磁阀,涡轮电磁阀,850,2024-06-04 13:11
M6767,F6767,更换刹车压力传感器,刹车压力传感器,480,2024-01-14 12:39
M6768,F6768,更换安全带传感器,主驾驶安全带传感器,320,2025-05-01 13:21
M6769,F6769,更换机油压力传感器,机油压力传感器,450,2025-01-23 13:28
M6770,F6770,维修ABS控制模块,ABS控制模块维修包,1200,2025-10-25 11:48
M6771,F6771,更换凸轮轴位置传感器,凸轮轴位置传感器,520,2024-12-06 15:20
M6772,F6772,维修安全气囊控制模块,安全气囊控制模块编程,800,2024-05-15 10:41
M6773,F6773,更换节气门位置传感器,节气门位置传感器,480,2025-10-26 19:16
M6774,F6774,更换左前轮速传感器,左前轮速传感器,280,2025-01-01 19:53
M6775,F6775,检查燃油蒸发系统管路,燃油蒸发管密封垫,350,2025-06-22 17:37
M6776,F6776,更换右前安全气囊传感器,右前安全气囊传感器,650,2025-04-30 13:08
M6777,F6777,升级ECM控制模块程序,ECM程序升级包,980,2025-10-13 15:12
M6778,F6778,更换右后轮速传感器,右后轮速传感器,270,2024-04-24 17:46
M6779,F6779,更换驾驶员侧安全气囊模块,驾驶员侧安全气囊模块,1500,2025-03-10 16:07
M6780,F6780,更换进气温度传感器,进气温度传感器,380,2024-02-08 11:33
M6781,F6781,更换火花塞+缸线检查,铱金火花塞(4支),380,2024-01-07 18:11
M6782,F6782,更换轮速传感器,右前轮速传感器,260,2025-04-12 14:45
M6783,F6783,清洗节气门+燃油滤芯更换,燃油滤芯,420,2025-06-14 12:40
M6784,F6784,维修空调压缩机,压缩机电磁阀,580,2025-09-07 12:55
M6785,F6785,更换催化转化器,原厂催化转化器,2800,2024-02-15 15:59
M6786,F6786,更换涡轮增压器电磁阀,涡轮电磁阀,850,2024-10-22 15:38
M6787,F6787,更换刹车压力传感器,刹车压力传感器,480,2025-01-28 13:12
M6788,F6788,更换安全带传感器,主驾驶安全带传感器,320,2024-11-22 17:57
M6789,F6789,更换机油压力传感器,机油压力传感器,450,2025-07-25 19:07
M6790,F6790,维修ABS控制模块,ABS控制模块维修包,1200,2024-02-07 09:25
M6791,F6791,更换凸轮轴位置传感器,凸轮轴位置传感器,520,2024-05-14 11:18
M6792,F6792,维修安全气囊控制模块,安全气囊控制模块编程,800,2025-03-30 17:54
M6793,F6793,更换节气门位置传感器,节气门位置传感器,480,2024-11-29 17:16
M6794,F6794,更换左前轮速传感器,左前轮速传感器,280,2025-06-24 11:34
M6795,F6795,检查燃油蒸发系统管路,燃油蒸发管密封垫,350,2024-06-07 10:17
M6796,F6796,更换右前安全气囊传感器,右前安全气囊传感器,650,2024-07-07 11:29
M6797,F6797,升级ECM控制模块程序,ECM程序升级包,980,2025-01-18 14:03
M6798,F6798,更换右后轮速传感器,右后轮速传感器,270,2024-07-03 14:59
M6799,F6799,更换驾驶员侧安全气囊模块,驾驶员侧安全气囊模块,1500,2025-12-07 16:30
M6800,F6800,更换进气温度传感器,进气温度传感器,380,2024-05-05 14:56
M6801,F6801,更换火花塞+缸线检查,铱金火花塞(4支),380,2025-08-05 13:20
M6802,F6802,更换轮速传感器,右前轮速传感器,260,2024-01-23 14:37
M6803,F6803,清洗节气门+燃油滤芯更换,燃油滤芯,420,2024-08-29 16:28
M6804,F6804,维修空调压缩机,压缩机电磁阀,580,2025-09-20 19:07
M6805,F6805,更换催化转化器,原厂催化转化器,2800,2024-08-08 16:16
M6806,F6806,更换涡轮增压器电磁阀,涡轮电磁阀,850,2024-08-07 10:37
M6807,F6807,更换刹车压力传感器,刹车压力传感器,480,2024-10-17 17:23
M6808,F6808,更换安全带传感器,主驾驶安全带传感器,320,2024-11-11 15:34
M6809,F6809,更换机油压力传感器,机油压力传感器,450,2024-05-05 16:44
M6810,F6810,维修ABS控制模块,ABS控制模块维修包,1200,2024-03-13 10:02
M6811,F6811,更换凸轮轴位置传感器,凸轮轴位置传感器,520,2024-11-28 12:29
M6812,F6812,维修安全气囊控制模块,安全气囊控制模块编程,800,2025-10-10 11:15
M6813,F6813,更换节气门位置传感器,节气门位置传感器,480,2025-09-30 12:40
M6814,F6814,更换左前轮速传感器,左前轮速传感器,280,2025-03-10 17:54
M6815,F6815,检查燃油蒸发系统管路,燃油蒸发管密封垫,350,2024-05-14 11:30
M6816,F6816,更换右前安全气囊传感器,右前安全气囊传感器,650,2024-04-26 15:55
M6817,F6817,升级ECM控制模块程序,ECM程序升级包,980,2024-04-13 09:10
M6818,F6818,更换右后轮速传感器,右后轮速传感器,270,2025-12-17 15:00
M6819,F6819,更换驾驶员侧安全气囊模块,驾驶员侧安全气囊模块,1500,2025-09-03 19:44
M6820,F6820,更换进气温度传感器,进气温度传感器,380,2024-11-13 14:23
M6821,F6821,更换火花塞+缸线检查,铱金火花塞(4支),380,2024-10-06 09:47
M6822,F6822,更换轮速传感器,右前轮速传感器,260,2025-07-05 16:15
M6823,F6823,清洗节气门+燃油滤芯更换,燃油滤芯,420,2024-02-24 13:01
M6824,F6824,维修空调压缩机,压缩机电磁阀,580,2024-10-14 13:24
M6825,F6825,更换催化转化器,原厂催化转化器,2800,2024-04-23 11:44
M6826,F6826,更换涡轮增压器电磁阀,涡轮电磁阀,850,2025-10-22 18:37
M6827,F6827,更换刹车压力传感器,刹车压力传感器,480,2025-07-18 19:11
M6828,F6828,更换安全带传感器,主驾驶安全带传感器,320,2024-10-10 14:09
M6829,F6829,更换机油压力传感器,机油压力传感器,450,2024-04-13 11:14
M6830,F6830,维修ABS控制模块,ABS控制模块维修包,1200,2025-02-17 15:15
M6831,F6831,更换凸轮轴位置传感器,凸轮轴位置传感器,520,2025-01-03 13:27
M6832,F6832,维修安全气囊控制模块,安全气囊控制模块编程,800,2025-05-21 14:06
M6833,F6833,更换节气门位置传感器,节气门位置传感器,480,2025-07-25 11:03
M6834,F6834,更换左前轮速传感器,左前轮速传感器,280,2025-10-10 13:36
M6835,F6835,检查燃油蒸发系统管路,燃油蒸发管密封垫,350,2024-11-23 16:39
M6836,F6836,更换右前安全气囊传感器,右前安全气囊传感器,650,2025-12-25 15:40
M6837,F6837,升级ECM控制模块程序,ECM程序升级包,980,2024-02-22 15:28
M6838,F6838,更换右后轮速传感器,右后轮速传感器,270,2024-01-08 14:50
M6839,F6839,更换驾驶员侧安全气囊模块,驾驶员侧安全气囊模块,1500,2024-12-03 14:06
M6840,F6840,更换进气温度传感器,进气温度传感器,380,2025-02-14 10:38
M6841,F6841,更换火花塞+缸线检查,铱金火花塞(4支),380,2025-03-01 14:06
M6842,F6842,更换轮速传感器,右前轮速传感器,260,2025-11-15 18:45
M6843,F6843,清洗节气门+燃油滤芯更换,燃油滤芯,420,2024-08-18 15:33
M6844,F6844,维修空调压缩机,压缩机电磁阀,580,2024-11-07 17:59
M6845,F6845,更换催化转化器,原厂催化转化器,2800,2025-05-10 10:25
M6846,F6846,更换涡轮增压器电磁阀,涡轮电磁阀,850,2025-02-10 15:39
M6847,F6847,更换刹车压力传感器,刹车压力传感器,480,2024-01-22 15:52
M6848,F6848,更换安全带传感器,主驾驶安全带传感器,320,2024-07-20 11:39
M6849,F6849,更换机油压力传感器,机油压力传感器,450,2024-02-21 10:29
M6850,F6850,维修ABS控制模块,ABS控制模块维修包,1200,2024-07-22 12:05
M6851,F6851,更换凸轮轴位置传感器,凸轮轴位置传感器,520,2025-04-07 11:18
M6852,F6852,维修安全气囊控制模块,安全气囊控制模块编程,800,2024-11-27 12:55
M6853,F6853,更换节气门位置传感器,节气门位置传感器,480,2024-04-17 12:59
M6854,F6854,更换左前轮速传感器,左前轮速传感器,280,2025-04-18 18:51
M6855,F6855,检查燃油蒸发系统管路,燃油蒸发管密封垫,350,2025-10-16 18:30
M6856,F6856,更换右前安全气囊传感器,右前安全气囊传感器,650,2024-07-12 15:04
M6857,F6857,升级ECM控制模块程序,ECM程序升级包,980,2024-08-08 12:39
M6858,F6858,更换右后轮速传感器,右后轮速传感器,270,2025-10-06 16:44
M6859,F6859,更换驾驶员侧安全气囊模块,驾驶员侧安全气囊模块,1500,2025-06-07 14:00
M6860,F6860,更换进气温度传感器,进气温度传感器,380,2025-08-15 09:06
M6861,F6861,更换火花塞+缸线检查,铱金火花塞(4支),380,2025-10-21 15:13
M6862,F6862,更换轮速传感器,右前轮速传感器,260,2024-11-22 11:35
M6863,F6863,清洗节气门+燃油滤芯更换,燃油滤芯,420,2024-09-01 19:45
M6864,F6864,维修空调压缩机,压缩机电磁阀,580,2025-04-15 12:38
M6865,F6865,更换催化转化器,原厂催化转化器,2800,2024-10-25 19:18
M6866,F6866,更换涡轮增压器电磁阀,涡轮电磁阀,850,2024-03-29 15:36
M6867,F6867,更换刹车压力传感器,刹车压力传感器,480,2025-11-28 10:07
M6868,F6868,更换安全带传感器,主驾驶安全带传感器,320,2025-02-17 13:14
M6869,F6869,更换机油压力传感器,机油压力传感器,450,2025-10-09 12:56
M6870,F6870,维修ABS控制模块,ABS控制模块维修包,1200,2025-11-01 17:37
M6871,F6871,更换凸轮轴位置传感器,凸轮轴位置传感器,520,2025-10-01 15:19
M6872,F6872,维修安全气囊控制模块,安全气囊控制模块编程,800,2024-10-02 12:19
M6873,F6873,更换节气门位置传感器,节气门位置传感器,480,2025-10-03 14:50
M6874,F6874,更换左前轮速传感器,左前轮速传感器,280,2025-01-20 15:54
M6875,F6875,检查燃油蒸发系统管路,燃油蒸发管密封垫,350,2024-02-09 18:17
M6876,F6876,更换右前安全气囊传感器,右前安全气囊传感器,650,2025-03-10 12:54
M6877,F6877,升级ECM控制模块程序,ECM程序升级包,980,2024-04-04 17:24
M6878,F6878,更换右后轮速传感器,右后轮速传感器,270,2025-01-19 11:55
M6879,F6879,更换驾驶员侧安全气囊模块,驾驶员侧安全气囊模块,1500,2024-11-24 13:57
M6880,F6880,更换进气温度传感器,进气温度传感器,380,2025-12-07 13:27
M6881,F6881,更换火花塞+缸线检查,铱金火花塞(4支),380,2025-12-26 11:31
M6882,F6882,更换轮速传感器,右前轮速传感器,260,2024-03-12 12:02
M6883,F6883,清洗节气门+燃油滤芯更换,燃油滤芯,420,2024-08-19 18:51
M6884,F6884,维修空调压缩机,压缩机电磁阀,580,2024-05-15 13:28
M6885,F6885,更换催化转化器,原厂催化转化器,2800,2024-12-13 15:35
M6886,F6886,更换涡轮增压器电磁阀,涡轮电磁阀,850,2025-06-10 11:24
M6887,F6887,更换刹车压力传感器,刹车压力传感器,480,2024-06-01 18:51
M6888,F6888,更换安全带传感器,主驾驶安全带传感器,320,2025-01-11 18:16
M6889,F6889,更换机油压力传感器,机油压力传感器,450,2025-09-06 11:34
M6890,F6890,维修ABS控制模块,ABS控制模块维修包,1200,2025-09-01 12:35
M6891,F6891,更换凸轮轴位置传感器,凸轮轴位置传感器,520,2024-02-09 18:22
M6892,F6892,维修安全气囊控制模块,安全气囊控制模块编程,800,2025-12-18 18:14
M6893,F6893,更换节气门位置传感器,节气门位置传感器,480,2024-09-02 14:57
M6894,F6894,更换左前轮速传感器,左前轮速传感器,280,2025-11-10 11:40
M6895,F6895,检查燃油蒸发系统管路,燃油蒸发管密封垫,350,2024-02-13 12:49
M6896,F6896,更换右前安全气囊传感器,右前安全气囊传感器,650,2024-03-02 16:48
M6897,F6897,升级ECM控制模块程序,ECM程序升级包,980,2025-03-25 14:49
M6898,F6898,更换右后轮速传感器,右后轮速传感器,270,2025-10-31 13:00
M6899,F6899,更换驾驶员侧安全气囊模块,驾驶员侧安全气囊模块,1500,2024-12-12 17:56
M6900,F6900,更换进气温度传感器,进气温度传感器,380,2025-02-09 13:58
M6901,F6901,更换火花塞+缸线检查,铱金火花塞(4支),380,2024-03-01 16:31
M6902,F6902,更换轮速传感器,右前轮速传感器,260,2024-10-02 10:47
M6903,F6903,清洗节气门+燃油滤芯更换,燃油滤芯,420,2024-08-20 16:54
M6904,F6904,维修空调压缩机,压缩机电磁阀,580,2025-04-02 14:56
M6905,F6905,更换催化转化器,原厂催化转化器,2800,2025-01-04 12:20
M6906,F6906,更换涡轮增压器电磁阀,涡轮电磁阀,850,2024-01-04 11:44
M6907,F6907,更换刹车压力传感器,刹车压力传感器,480,2024-05-26 11:10
M6908,F6908,更换安全带传感器,主驾驶安全带传感器,320,2024-03-14 17:39
M6909,F6909,更换机油压力传感器,机油压力传感器,450,2024-10-12 17:14
M6910,F6910,维修ABS控制模块,ABS控制模块维修包,1200,2024-03-18 13:41
M6911,F6911,更换凸轮轴位置传感器,凸轮轴位置传感器,520,2025-09-24 14:34
M6912,F6912,维修安全气囊控制模块,安全气囊控制模块编程,800,2025-12-17 11:31
M6913,F6913,更换节气门位置传感器,节气门位置传感器,480,2024-11-10 12:40
M6914,F6914,更换左前轮速传感器,左前轮速传感器,280,2025-03-23 09:52
M6915,F6915,检查燃油蒸发系统管路,燃油蒸发管密封垫,350,2025-07-17 12:09
M6916,F6916,更换右前安全气囊传感器,右前安全气囊传感器,650,2025-09-30 17:39
M6917,F6917,升级ECM控制模块程序,ECM程序升级包,980,2024-03-08 17:05
M6918,F6918,更换右后轮速传感器,右后轮速传感器,270,2025-05-12 14:24
M6919,F6919,更换驾驶员侧安全气囊模块,驾驶员侧安全气囊模块,1500,2024-07-05 17:46
M6920,F6920,更换进气温度传感器,进气温度传感器,380,2024-02-07 09:36
M6921,F6921,更换火花塞+缸线检查,铱金火花塞(4支),380,2024-06-26 12:47
M6922,F6922,更换轮速传感器,右前轮速传感器,260,2024-09-23 13:48
M6923,F6923,清洗节气门+燃油滤芯更换,燃油滤芯,420,2025-12-09 16:34
M6924,F6924,维修空调压缩机,压缩机电磁阀,580,2024-10-08 13:48
M6925,F6925,更换催化转化器,原厂催化转化器,2800,2025-11-28 12:14
M6926,F6926,更换涡轮增压器电磁阀,涡轮电磁阀,850,2024-12-23 16:18
M6927,F6927,更换刹车压力传感器,刹车压力传感器,480,2025-09-12 17:00
M6928,F6928,更换安全带传感器,主驾驶安全带传感器,320,2024-01-11 18:40
M6929,F6929,更换机油压力传感器,机油压力传感器,450,2025-10-07 16:20
M6930,F6930,维修ABS控制模块,ABS控制模块维修包,1200,2025-02-20 14:01
M6931,F6931,更换凸轮轴位置传感器,凸轮轴位置传感器,520,2024-04-18 12:10
M6932,F6932,维修安全气囊控制模块,安全气囊控制模块编程,800,2024-07-11 11:52
M6933,F6933,更换节气门位置传感器,节气门位置传感器,480,2025-05-24 13:14
M6934,F6934,更换左前轮速传感器,左前轮速传感器,280,2024-03-31 17:14
M6935,F6935,检查燃油蒸发系统管路,燃油蒸发管密封垫,350,2025-06-26 18:55
M6936,F6936,更换右前安全气囊传感器,右前安全气囊传感器,650,2024-08-11 14:25
M6937,F6937,升级ECM控制模块程序,ECM程序升级包,980,2025-10-21 12:24
M6938,F6938,更换右后轮速传感器,右后轮速传感器,270,2025-12-02 17:11
M6939,F6939,更换驾驶员侧安全气囊模块,驾驶员侧安全气囊模块,1500,2024-06-06 09:07
M6940,F6940,更换进气温度传感器,进气温度传感器,380,2025-04-10 12:25
M6941,F6941,更换火花塞+缸线检查,铱金火花塞(4支),380,2024-03-29 12:38
M6942,F6942,更换轮速传感器,右前轮速传感器,260,2024-02-09 19:36
M6943,F6943,清洗节气门+燃油滤芯更换,燃油滤芯,420,2025-08-25 19:34
M6944,F6944,维修空调压缩机,压缩机电磁阀,580,2025-02-27 15:18
M6945,F6945,更换催化转化器,原厂催化转化器,2800,2025-03-27 12:08
M6946,F6946,更换涡轮增压器电磁阀,涡轮电磁阀,850,2025-10-04 14:54
M6947,F6947,更换刹车压力传感器,刹车压力传感器,480,2024-11-18 16:52
M6948,F6948,更换安全带传感器,主驾驶安全带传感器,320,2024-05-02 15:20
M6949,F6949,更换机油压力传感器,机油压力传感器,450,2025-05-09 13:24
M6950,F6950,维修ABS控制模块,ABS控制模块维修包,1200,2024-12-08 11:29
M6951,F6951,更换凸轮轴位置传感器,凸轮轴位置传感器,520,2025-08-06 15:28
M6952,F6952,维修安全气囊控制模块,安全气囊控制模块编程,800,2025-05-12 12:46
M6953,F6953,更换节气门位置传感器,节气门位置传感器,480,2025-05-15 10:24
M6954,F6954,更换左前轮速传感器,左前轮速传感器,280,2025-09-02 10:32
M6955,F6955,检查燃油蒸发系统管路,燃油蒸发管密封垫,350,2024-07-15 13:14
M6956,F6956,更换右前安全气囊传感器,右前安全气囊传感器,650,2025-10-20 18:00
M6957,F6957,升级ECM控制模块程序,ECM程序升级包,980,2025-04-15 15:50
M6958,F6958,更换右后轮速传感器,右后轮速传感器,270,2024-12-28 11:35
M6959,F6959,更换驾驶员侧安全气囊模块,驾驶员侧安全气囊模块,1500,2025-10-09 11:28
M6960,F6960,更换进气温度传感器,进气温度传感器,380,2024-01-10 11:35
M6961,F6961,更换火花塞+缸线检查,铱金火花塞(4支),380,2024-09-23 14:25
M6962,F6962,更换轮速传感器,右前轮速传感器,260,2025-04-17 17:31
M6963,F6963,清洗节气门+燃油滤芯更换,燃油滤芯,420,2024-06-23 10:49
M6964,F6964,维修空调压缩机,压缩机电磁阀,580,2024-08-16 10:42
M6965,F6965,更换催化转化器,原厂催化转化器,2800,2024-04-01 18:57
M6966,F6966,更换涡轮增压器电磁阀,涡轮电磁阀,850,2025-06-25 18:28
M6967,F6967,更换刹车压力传感器,刹车压力传感器,480,2025-11-24 14:33
M6968,F6968,更换安全带传感器,主驾驶安全带传感器,320,2024-10-02 19:38
M6969,F6969,更换机油压力传感器,机油压力传感器,450,2025-02-09 10:37
M6970,F6970,维修ABS控制模块,ABS控制模块维修包,1200,2025-08-25 10:32
M6971,F6971,更换凸轮轴位置传感器,凸轮轴位置传感器,520,2024-08-04 11:45
M6972,F6972,维修安全气囊控制模块,安全气囊控制模块编程,800,2025-03-08 16:22
M6973,F6973,更换节气门位置传感器,节气门位置传感器,480,2025-10-08 14:13
M6974,F6974,更换左前轮速传感器,左前轮速传感器,280,2024-01-11 17:53
M6975,F6975,检查燃油蒸发系统管路,燃油蒸发管密封垫,350,2025-01-27 10:09
M6976,F6976,更换右前安全气囊传感器,右前安全气囊传感器,650,2025-12-07 15:13
M6977,F6977,升级ECM控制模块程序,ECM程序升级包,980,2024-10-11 15:11
M6978,F6978,更换右后轮速传感器,右后轮速传感器,270,2024-01-24 12:52
M6979,F6979,更换驾驶员侧安全气囊模块,驾驶员侧安全气囊模块,1500,2024-07-02 10:40
M6980,F6980,更换进气温度传感器,进气温度传感器,380,2025-06-22 11:19
M6981,F6981,更换火花塞+缸线检查,铱金火花塞(4支),380,2025-06-15 18:47
M6982,F6982,更换轮速传感器,右前轮速传感器,260,2025-06-02 15:11
M6983,F6983,清洗节气门+燃油滤芯更换,燃油滤芯,420,2024-07-09 12:06
M6984,F6984,维修空调压缩机,压缩机电磁阀,580,2024-02-02 18:38
M6985,F6985,更换催化转化器,原厂催化转化器,2800,2024-01-08 13:06
M6986,F6986,更换涡轮增压器电磁阀,涡轮电磁阀,850,2025-10-19 09:07
M6987,F6987,更换刹车压力传感器,刹车压力传感器,480,2024-10-19 19:52
M6988,F6988,更换安全带传感器,主驾驶安全带传感器,320,2025-06-14 18:38
M6989,F6989,更换机油压力传感器,机油压力传感器,450,2025-10-29 14:18
M6990,F6990,维修ABS控制模块,ABS控制模块维修包,1200,2025-08-10 18:04
M6991,F6991,更换凸轮轴位置传感器,凸轮轴位置传感器,520,2025-05-31 16:02
M6992,F6992,维修安全气囊控制模块,安全气囊控制模块编程,800,2024-10-05 13:28
M6993,F6993,更换节气门位置传感器,节气门位置传感器,480,2025-03-19 13:49
M6994,F6994,更换左前轮速传感器,左前轮速传感器,280,2024-08-07 17:37
M6995,F6995,检查燃油蒸发系统管路,燃油蒸发管密封垫,350,2024-11-29 14:16
M6996,F6996,更换右前安全气囊传感器,右前安全气囊传感器,650,2025-05-24 19:16
M6997,F6997,升级ECM控制模块程序,ECM程序升级包,980,2025-08-14 16:35
M6998,F6998,更换右后轮速传感器,右后轮速传感器,270,2024-04-15 17:20
M6999,F6999,更换驾驶员侧安全气囊模块,驾驶员侧安全气囊模块,1500,2024-10-10 12:59
M7000,F7000,更换进气温度传感器,进气温度传感器,380,2025-09-17 18:21
M7001,F7001,更换火花塞+缸线检查,铱金火花塞(4支),380,2025-04-10 18:42
M7002,F7002,更换轮速传感器,右前轮速传感器,260,2024-03-08 13:10
M7003,F7003,清洗节气门+燃油滤芯更换,燃油滤芯,420,2024-03-24 09:04
M7004,F7004,维修空调压缩机,压缩机电磁阀,580,2025-12-10 11:52
M7005,F7005,更换催化转化器,原厂催化转化器,2800,2024-03-31 09:40
M7006,F7006,更换涡轮增压器电磁阀,涡轮电磁阀,850,2025-03-08 12:24
M7007,F7007,更换刹车压力传感器,刹车压力传感器,480,2025-06-02 14:06
M7008,F7008,更换安全带传感器,主驾驶安全带传感器,320,2024-12-15 14:38
M7009,F7009,更换机油压力传感器,机油压力传感器,450,2025-01-25 13:51
M7010,F7010,维修ABS控制模块,ABS控制模块维修包,1200,2025-02-02 18:25
M7011,F7011,更换凸轮轴位置传感器,凸轮轴位置传感器,520,2025-05-19 18:53
M7012,F7012,维修安全气囊控制模块,安全气囊控制模块编程,800,2024-02-23 13:55
M7013,F7013,更换节气门位置传感器,节气门位置传感器,480,2024-01-17 16:59
M7014,F7014,更换左前轮速传感器,左前轮速传感器,280,2025-07-02 13:40
M7015,F7015,检查燃油蒸发系统管路,燃油蒸发管密封垫,350,2025-05-15 14:17
M7016,F7016,更换右前安全气囊传感器,右前安全气囊传感器,650,2025-11-06 14:07
M7017,F7017,升级ECM控制模块程序,ECM程序升级包,980,2025-08-14 18:24
M7018,F7018,更换右后轮速传感器,右后轮速传感器,270,2024-12-30 15:49
M7019,F7019,更换驾驶员侧安全气囊模块,驾驶员侧安全气囊模块,1500,2025-01-20 09:28
M7020,F7020,更换进气温度传感器,进气温度传感器,380,2025-01-14 11:44
M7021,F7021,更换火花塞+缸线检查,铱金火花塞(4支),380,2024-04-27 16:17
M7022,F7022,更换轮速传感器,右前轮速传感器,260,2024-07-24 11:09
M7023,F7023,清洗节气门+燃油滤芯更换,燃油滤芯,420,2025-06-04 12:29
M7024,F7024,维修空调压缩机,压缩机电磁阀,580,2025-11-27 09:14
M7025,F7025,更换催化转化器,原厂催化转化器,2800,2025-08-23 16:58
M7026,F7026,更换涡轮增压器电磁阀,涡轮电磁阀,850,2025-04-25 11:26
M7027,F7027,更换刹车压力传感器,刹车压力传感器,480,2025-11-03 13:53
M7028,F7028,更换安全带传感器,主驾驶安全带传感器,320,2025-11-09 14:07
M7029,F7029,更换机油压力传感器,机油压力传感器,450,2025-01-02 13:53
M7030,F7030,维修ABS控制模块,ABS控制模块维修包,1200,2024-06-19 12:48
M7031,F7031,更换凸轮轴位置传感器,凸轮轴位置传感器,520,2024-10-18 13:58
M7032,F7032,维修安全气囊控制模块,安全气囊控制模块编程,800,2025-06-29 18:18
M7033,F7033,更换节气门位置传感器,节气门位置传感器,480,2024-08-07 09:37
M7034,F7034,更换左前轮速传感器,左前轮速传感器,280,2025-06-28 15:54
M7035,F7035,检查燃油蒸发系统管路,燃油蒸发管密封垫,350,2025-09-20 15:10
M7036,F7036,更换右前安全气囊传感器,右前安全气囊传感器,650,2024-10-11 16:46
M7037,F7037,升级ECM控制模块程序,ECM程序升级包,980,2025-04-01 11:57
M7038,F7038,更换右后轮速传感器,右后轮速传感器,270,2024-06-22 10:27
M7039,F7039,更换驾驶员侧安全气囊模块,驾驶员侧安全气囊模块,1500,2025-11-18 15:48
M7040,F7040,更换进气温度传感器,进气温度传感器,380,2025-03-14 19:35
M7041,F7041,更换火花塞+缸线检查,铱金火花塞(4支),380,2025-03-08 14:48
M7042,F7042,更换轮速传感器,右前轮速传感器,260,2025-07-12 18:43
M7043,F7043,清洗节气门+燃油滤芯更换,燃油滤芯,420,2024-04-11 09:56
M7044,F7044,维修空调压缩机,压缩机电磁阀,580,2024-01-15 14:19
M7045,F7045,更换催化转化器,原厂催化转化器,2800,2025-03-03 10:37
M7046,F7046,更换涡轮增压器电磁阀,涡轮电磁阀,850,2025-02-23 10:28
M7047,F7047,更换刹车压力传感器,刹车压力传感器,480,2024-10-08 18:26
M7048,F7048,更换安全带传感器,主驾驶安全带传感器,320,2025-07-15 11:30
M7049,F7049,更换机油压力传感器,机油压力传感器,450,2025-04-02 13:02
M7050,F7050,维修ABS控制模块,ABS控制模块维修包,1200,2024-01-20 17:28
M7051,F7051,更换凸轮轴位置传感器,凸轮轴位置传感器,520,2024-08-04 15:32
M7052,F7052,维修安全气囊控制模块,安全气囊控制模块编程,800,2025-11-15 12:23
M7053,F7053,更换节气门位置传感器,节气门位置传感器,480,2025-07-17 10:33
M7054,F7054,更换左前轮速传感器,左前轮速传感器,280,2024-07-02 12:29
M7055,F7055,检查燃油蒸发系统管路,燃油蒸发管密封垫,350,2025-08-25 10:03
M7056,F7056,更换右前安全气囊传感器,右前安全气囊传感器,650,2025-01-24 16:01
M7057,F7057,升级ECM控制模块程序,ECM程序升级包,980,2025-11-19 13:19
M7058,F7058,更换右后轮速传感器,右后轮速传感器,270,2025-04-13 13:52
M7059,F7059,更换驾驶员侧安全气囊模块,驾驶员侧安全气囊模块,1500,2025-11-16 10:59
M7060,F7060,更换进气温度传感器,进气温度传感器,380,2024-10-28 13:27
M7061,F7061,更换火花塞+缸线检查,铱金火花塞(4支),380,2025-01-25 16:48
M7062,F7062,更换轮速传感器,右前轮速传感器,260,2024-02-05 18:48
M7063,F7063,清洗节气门+燃油滤芯更换,燃油滤芯,420,2025-11-27 13:32
M7064,F7064,维修空调压缩机,压缩机电磁阀,580,2024-04-11 14:31
M7065,F7065,更换催化转化器,原厂催化转化器,2800,2025-07-25 10:44
M7066,F7066,更换涡轮增压器电磁阀,涡轮电磁阀,850,2025-02-06 12:51
M7067,F7067,更换刹车压力传感器,刹车压力传感器,480,2024-06-11 17:47
M7068,F7068,更换安全带传感器,主驾驶安全带传感器,320,2025-08-27 14:23
M7069,F7069,更换机油压力传感器,机油压力传感器,450,2025-04-02 15:31
M7070,F7070,维修ABS控制模块,ABS控制模块维修包,1200,2025-09-03 17:31
M7071,F7071,更换凸轮轴位置传感器,凸轮轴位置传感器,520,2024-05-18 17:11
M7072,F7072,维修安全气囊控制模块,安全气囊控制模块编程,800,2024-11-10 15:49
M7073,F7073,更换节气门位置传感器,节气门位置传感器,480,2025-05-21 17:44
M7074,F7074,更换左前轮速传感器,左前轮速传感器,280,2025-06-07 09:27
M7075,F7075,检查燃油蒸发系统管路,燃油蒸发管密封垫,350,2024-12-13 18:06
M7076,F7076,更换右前安全气囊传感器,右前安全气囊传感器,650,2025-05-10 13:12
M7077,F7077,升级ECM控制模块程序,ECM程序升级包,980,2025-03-14 17:14
M7078,F7078,更换右后轮速传感器,右后轮速传感器,270,2024-07-29 13:29
M7079,F7079,更换驾驶员侧安全气囊模块,驾驶员侧安全气囊模块,1500,2025-03-13 11:37
M7080,F7080,更换进气温度传感器,进气温度传感器,380,2025-11-25 12:35
M7081,F7081,更换火花塞+缸线检查,铱金火花塞(4支),380,2024-06-09 15:06
M7082,F7082,更换轮速传感器,右前轮速传感器,260,2025-03-22 17:46
M7083,F7083,清洗节气门+燃油滤芯更换,燃油滤芯,420,2025-09-27 15:17
M7084,F7084,维修空调压缩机,压缩机电磁阀,580,2025-02-03 15:47
M7085,F7085,更换催化转化器,原厂催化转化器,2800,2024-06-03 17:09
M7086,F7086,更换涡轮增压器电磁阀,涡轮电磁阀,850,2024-09-07 11:49
M7087,F7087,更换刹车压力传感器,刹车压力传感器,480,2024-03-17 12:39
M7088,F7088,更换安全带传感器,主驾驶安全带传感器,320,2024-07-25 09:57
M7089,F7089,更换机油压力传感器,机油压力传感器,450,2025-07-11 13:10
M7090,F7090,维修ABS控制模块,ABS控制模块维修包,1200,2024-11-11 09:27
M7091,F7091,更换凸轮轴位置传感器,凸轮轴位置传感器,520,2025-06-09 15:49
M7092,F7092,维修安全气囊控制模块,安全气囊控制模块编程,800,2024-05-18 12:58
M7093,F7093,更换节气门位置传感器,节气门位置传感器,480,2024-02-24 15:32
M7094,F7094,更换左前轮速传感器,左前轮速传感器,280,2024-06-17 17:03
M7095,F7095,检查燃油蒸发系统管路,燃油蒸发管密封垫,350,2024-05-08 12:12
M7096,F7096,更换右前安全气囊传感器,右前安全气囊传感器,650,2024-07-22 15:00
M7097,F7097,升级ECM控制模块程序,ECM程序升级包,980,2024-05-27 14:34
M7098,F7098,更换右后轮速传感器,右后轮速传感器,270,2024-04-30 18:43
M7099,F7099,更换驾驶员侧安全气囊模块,驾驶员侧安全气囊模块,1500,2025-12-08 16:24
M7100,F7100,更换进气温度传感器,进气温度传感器,380,2024-02-26 18:27
M7101,F7101,更换火花塞+缸线检查,铱金火花塞(4支),380,2025-02-03 10:28
M7102,F7102,更换轮速传感器,右前轮速传感器,260,2025-02-04 18:23
M7103,F7103,清洗节气门+燃油滤芯更换,燃油滤芯,420,2025-07-27 11:09
M7104,F7104,维修空调压缩机,压缩机电磁阀,580,2024-10-21 18:30
M7105,F7105,更换催化转化器,原厂催化转化器,2800,2024-05-28 14:14
M7106,F7106,更换涡轮增压器电磁阀,涡轮电磁阀,850,2024-10-04 17:48
M7107,F7107,更换刹车压力传感器,刹车压力传感器,480,2025-06-27 16:50
M7108,F7108,更换安全带传感器,主驾驶安全带传感器,320,2024-12-19 09:43
M7109,F7109,更换机油压力传感器,机油压力传感器,450,2025-03-16 11:27
M7110,F7110,维修ABS控制模块,ABS控制模块维修包,1200,2024-03-06 15:10
M7111,F7111,更换凸轮轴位置传感器,凸轮轴位置传感器,520,2024-12-19 14:30
M7112,F7112,维修安全气囊控制模块,安全气囊控制模块编程,800,2025-11-11 12:23
M7113,F7113,更换节气门位置传感器,节气门位置传感器,480,2025-11-01 16:39
M7114,F7114,更换左前轮速传感器,左前轮速传感器,280,2024-01-04 14:04
M7115,F7115,检查燃油蒸发系统管路,燃油蒸发管密封垫,350,2024-09-26 14:46
M7116,F7116,更换右前安全气囊传感器,右前安全气囊传感器,650,2024-08-26 13:31
M7117,F7117,升级ECM控制模块程序,ECM程序升级包,980,2025-02-08 14:29
M7118,F7118,更换右后轮速传感器,右后轮速传感器,270,2025-09-10 11:31
M7119,F7119,更换驾驶员侧安全气囊模块,驾驶员侧安全气囊模块,1500,2024-04-20 15:46
M7120,F7120,更换进气温度传感器,进气温度传感器,380,2024-07-01 10:50
M7121,F7121,更换火花塞+缸线检查,铱金火花塞(4支),380,2024-12-02 15:51
M7122,F7122,更换轮速传感器,右前轮速传感器,260,2024-09-03 15:33
M7123,F7123,清洗节气门+燃油滤芯更换,燃油滤芯,420,2025-04-18 10:59
M7124,F7124,维修空调压缩机,压缩机电磁阀,580,2025-08-09 10:39
M7125,F7125,更换催化转化器,原厂催化转化器,2800,2025-08-07 10:57
M7126,F7126,更换涡轮增压器电磁阀,涡轮电磁阀,850,2025-06-11 11:22
M7127,F7127,更换刹车压力传感器,刹车压力传感器,480,2025-05-12 15:05
M7128,F7128,更换安全带传感器,主驾驶安全带传感器,320,2025-01-31 18:12
M7129,F7129,更换机油压力传感器,机油压力传感器,450,2024-09-28 13:38
M7130,F7130,维修ABS控制模块,ABS控制模块维修包,1200,2024-03-28 15:58
M7131,F7131,更换凸轮轴位置传感器,凸轮轴位置传感器,520,2025-07-13 11:22
M7132,F7132,维修安全气囊控制模块,安全气囊控制模块编程,800,2025-03-05 18:58
M7133,F7133,更换节气门位置传感器,节气门位置传感器,480,2024-11-08 19:40
M7134,F7134,更换左前轮速传感器,左前轮速传感器,280,2025-07-07 16:58
M7135,F7135,检查燃油蒸发系统管路,燃油蒸发管密封垫,350,2025-05-15 16:27
M7136,F7136,更换右前安全气囊传感器,右前安全气囊传感器,650,2025-01-01 16:25
M7137,F7137,升级ECM控制模块程序,ECM程序升级包,980,2024-02-07 15:36
M7138,F7138,更换右后轮速传感器,右后轮速传感器,270,2024-11-12 10:45
M7139,F7139,更换驾驶员侧安全气囊模块,驾驶员侧安全气囊模块,1500,2024-11-27 19:12
M7140,F7140,更换进气温度传感器,进气温度传感器,380,2024-03-01 09:30
M7141,F7141,更换火花塞+缸线检查,铱金火花塞(4支),380,2024-01-19 10:12
M7142,F7142,更换轮速传感器,右前轮速传感器,260,2024-12-26 10:51
M7143,F7143,清洗节气门+燃油滤芯更换,燃油滤芯,420,2024-07-30 13:06
M7144,F7144,维修空调压缩机,压缩机电磁阀,580,2024-03-04 10:26
M7145,F7145,更换催化转化器,原厂催化转化器,2800,2024-06-25 18:21
M7146,F7146,更换涡轮增压器电磁阀,涡轮电磁阀,850,2025-11-08 16:41
M7147,F7147,更换刹车压力传感器,刹车压力传感器,480,2024-11-23 13:23
M7148,F7148,更换安全带传感器,主驾驶安全带传感器,320,2024-08-06 15:14
M7149,F7149,更换机油压力传感器,机油压力传感器,450,2025-09-29 09:51
M7150,F7150,维修ABS控制模块,ABS控制模块维修包,1200,2024-08-16 13:37
M7151,F7151,更换凸轮轴位置传感器,凸轮轴位置传感器,520,2025-07-31 09:45
M7152,F7152,维修安全气囊控制模块,安全气囊控制模块编程,800,2024-06-26 17:27
M7153,F7153,更换节气门位置传感器,节气门位置传感器,480,2025-06-05 10:09
M7154,F7154,更换左前轮速传感器,左前轮速传感器,280,2025-07-01 15:18
M7155,F7155,检查燃油蒸发系统管路,燃油蒸发管密封垫,350,2024-05-06 12:12
M7156,F7156,更换右前安全气囊传感器,右前安全气囊传感器,650,2024-10-30 17:24
M7157,F7157,升级ECM控制模块程序,ECM程序升级包,980,2024-08-09 15:34
M7158,F7158,更换右后轮速传感器,右后轮速传感器,270,2025-12-02 18:30
M7159,F7159,更换驾驶员侧安全气囊模块,驾驶员侧安全气囊模块,1500,2025-01-26 11:23
M7160,F7160,更换进气温度传感器,进气温度传感器,380,2024-04-21 12:55
M7161,F7161,更换火花塞+缸线检查,铱金火花塞(4支),380,2024-04-19 16:58
M7162,F7162,更换轮速传感器,右前轮速传感器,260,2025-06-20 18:47
M7163,F7163,清洗节气门+燃油滤芯更换,燃油滤芯,420,2025-09-25 13:38
M7164,F7164,维修空调压缩机,压缩机电磁阀,580,2025-12-26 16:36
M7165,F7165,更换催化转化器,原厂催化转化器,2800,2025-04-13 17:22
M7166,F7166,更换涡轮增压器电磁阀,涡轮电磁阀,850,2025-04-09 10:04
M7167,F7167,更换刹车压力传感器,刹车压力传感器,480,2024-06-19 11:21
M7168,F7168,更换安全带传感器,主驾驶安全带传感器,320,2025-03-24 11:02
M7169,F7169,更换机油压力传感器,机油压力传感器,450,2025-07-25 15:17
M7170,F7170,维修ABS控制模块,ABS控制模块维修包,1200,2024-08-21 16:38
M7171,F7171,更换凸轮轴位置传感器,凸轮轴位置传感器,520,2025-04-29 13:37
M7172,F7172,维修安全气囊控制模块,安全气囊控制模块编程,800,2025-06-14 17:39
M7173,F7173,更换节气门位置传感器,节气门位置传感器,480,2024-01-01 09:03
M7174,F7174,更换左前轮速传感器,左前轮速传感器,280,2025-11-26 14:51
M7175,F7175,检查燃油蒸发系统管路,燃油蒸发管密封垫,350,2024-03-24 09:19
M7176,F7176,更换右前安全气囊传感器,右前安全气囊传感器,650,2025-11-04 18:38
M7177,F7177,升级ECM控制模块程序,ECM程序升级包,980,2025-12-06 14:25
M7178,F7178,更换右后轮速传感器,右后轮速传感器,270,2024-02-27 15:37
M7179,F7179,更换驾驶员侧安全气囊模块,驾驶员侧安全气囊模块,1500,2025-12-04 16:00
M7180,F7180,更换进气温度传感器,进气温度传感器,380,2025-06-30 14:06
M7181,F7181,更换火花塞+缸线检查,铱金火花塞(4支),380,2024-02-05 09:10
M7182,F7182,更换轮速传感器,右前轮速传感器,260,2024-08-29 15:47
M7183,F7183,清洗节气门+燃油滤芯更换,燃油滤芯,420,2024-11-18 13:07
M7184,F7184,维修空调压缩机,压缩机电磁阀,580,2024-01-25 14:12
M7185,F7185,更换催化转化器,原厂催化转化器,2800,2024-02-18 09:37
M7186,F7186,更换涡轮增压器电磁阀,涡轮电磁阀,850,2025-02-27 11:37
M7187,F7187,更换刹车压力传感器,刹车压力传感器,480,2025-01-27 15:38
M7188,F7188,更换安全带传感器,主驾驶安全带传感器,320,2024-09-09 17:25
M7189,F7189,更换机油压力传感器,机油压力传感器,450,2025-10-06 17:40
M7190,F7190,维修ABS控制模块,ABS控制模块维修包,1200,2024-02-15 13:15
M7191,F7191,更换凸轮轴位置传感器,凸轮轴位置传感器,520,2024-02-16 19:31
M7192,F7192,维修安全气囊控制模块,安全气囊控制模块编程,800,2025-06-15 15:30
M7193,F7193,更换节气门位置传感器,节气门位置传感器,480,2025-08-20 15:37
M7194,F7194,更换左前轮速传感器,左前轮速传感器,280,2024-07-23 14:00
M7195,F7195,检查燃油蒸发系统管路,燃油蒸发管密封垫,350,2025-01-26 18:21
M7196,F7196,更换右前安全气囊传感器,右前安全气囊传感器,650,2024-11-03 12:52
M7197,F7197,升级ECM控制模块程序,ECM程序升级包,980,2024-02-06 17:50
M7198,F7198,更换右后轮速传感器,右后轮速传感器,270,2024-12-28 09:37
M7199,F7199,更换驾驶员侧安全气囊模块,驾驶员侧安全气囊模块,1500,2024-11-15 16:15
M7200,F7200,更换进气温度传感器,进气温度传感器,380,2024-11-29 15:11
M7201,F7201,更换火花塞+缸线检查,铱金火花塞(4支),380,2025-04-04 11:48
M7202,F7202,更换轮速传感器,右前轮速传感器,260,2025-02-13 17:15
M7203,F7203,清洗节气门+燃油滤芯更换,燃油滤芯,420,2024-02-29 17:37
M7204,F7204,维修空调压缩机,压缩机电磁阀,580,2025-09-14 15:24
M7205,F7205,更换催化转化器,原厂催化转化器,2800,2025-03-01 14:10
M7206,F7206,更换涡轮增压器电磁阀,涡轮电磁阀,850,2024-06-22 17:24
M7207,F7207,更换刹车压力传感器,刹车压力传感器,480,2024-07-31 15:45
M7208,F7208,更换安全带传感器,主驾驶安全带传感器,320,2024-03-12 11:58
M7209,F7209,更换机油压力传感器,机油压力传感器,450,2024-11-11 16:23
M7210,F7210,维修ABS控制模块,ABS控制模块维修包,1200,2024-02-16 18:55
M7211,F7211,更换凸轮轴位置传感器,凸轮轴位置传感器,520,2025-12-10 10:30
M7212,F7212,维修安全气囊控制模块,安全气囊控制模块编程,800,2025-06-15 17:04
M7213,F7213,更换节气门位置传感器,节气门位置传感器,480,2025-10-11 17:28
M7214,F7214,更换左前轮速传感器,左前轮速传感器,280,2024-02-19 16:00
M7215,F7215,检查燃油蒸发系统管路,燃油蒸发管密封垫,350,2025-02-21 13:33
M7216,F7216,更换右前安全气囊传感器,右前安全气囊传感器,650,2024-06-06 15:16
M7217,F7217,升级ECM控制模块程序,ECM程序升级包,980,2024-10-17 17:56
M7218,F7218,更换右后轮速传感器,右后轮速传感器,270,2025-12-04 11:20
M7219,F7219,更换驾驶员侧安全气囊模块,驾驶员侧安全气囊模块,1500,2025-07-24 14:29
M7220,F7220,更换进气温度传感器,进气温度传感器,380,2024-11-24 12:27
M7221,F7221,更换火花塞+缸线检查,铱金火花塞(4支),380,2025-12-12 16:17
M7222,F7222,更换轮速传感器,右前轮速传感器,260,2025-03-13 15:24
M7223,F7223,清洗节气门+燃油滤芯更换,燃油滤芯,420,2024-02-01 18:35
M7224,F7224,维修空调压缩机,压缩机电磁阀,580,2024-09-13 15:52
M7225,F7225,更换催化转化器,原厂催化转化器,2800,2024-03-01 12:25
M7226,F7226,更换涡轮增压器电磁阀,涡轮电磁阀,850,2024-01-26 12:13
M7227,F7227,更换刹车压力传感器,刹车压力传感器,480,2025-03-13 15:11
M7228,F7228,更换安全带传感器,主驾驶安全带传感器,320,2024-10-25 09:41
M7229,F7229,更换机油压力传感器,机油压力传感器,450,2025-11-18 10:38
M7230,F7230,维修ABS控制模块,ABS控制模块维修包,1200,2024-04-13 16:28
M7231,F7231,更换凸轮轴位置传感器,凸轮轴位置传感器,520,2024-11-27 12:10
M7232,F7232,维修安全气囊控制模块,安全气囊控制模块编程,800,2024-03-18 15:17
M7233,F7233,更换节气门位置传感器,节气门位置传感器,480,2024-10-15 14:42
M7234,F7234,更换左前轮速传感器,左前轮速传感器,280,2025-12-24 17:06
M7235,F7235,检查燃油蒸发系统管路,燃油蒸发管密封垫,350,2025-06-18 12:14
M7236,F7236,更换右前安全气囊传感器,右前安全气囊传感器,650,2025-10-25 17:17
M7237,F7237,升级ECM控制模块程序,ECM程序升级包,980,2024-10-30 14:58
M7238,F7238,更换右后轮速传感器,右后轮速传感器,270,2025-11-13 15:40
M7239,F7239,更换驾驶员侧安全气囊模块,驾驶员侧安全气囊模块,1500,2025-06-22 11:35
M7240,F7240,更换进气温度传感器,进气温度传感器,380,2025-07-27 14:35
M7241,F7241,更换火花塞+缸线检查,铱金火花塞(4支),380,2025-11-13 17:14
M7242,F7242,更换轮速传感器,右前轮速传感器,260,2024-05-06 17:18
M7243,F7243,清洗节气门+燃油滤芯更换,燃油滤芯,420,2025-06-19 14:23
M7244,F7244,维修空调压缩机,压缩机电磁阀,580,2025-11-03 13:25
M7245,F7245,更换催化转化器,原厂催化转化器,2800,2024-04-05 13:43
M7246,F7246,更换涡轮增压器电磁阀,涡轮电磁阀,850,2025-04-30 15:29
M7247,F7247,更换刹车压力传感器,刹车压力传感器,480,2025-05-15 10:53
M7248,F7248,更换安全带传感器,主驾驶安全带传感器,320,2024-06-03 18:42
M7249,F7249,更换机油压力传感器,机油压力传感器,450,2025-04-15 12:48
M7250,F7250,维修ABS控制模块,ABS控制模块维修包,1200,2025-04-24 15:57
M7251,F7251,更换凸轮轴位置传感器,凸轮轴位置传感器,520,2025-09-10 11:42
M7252,F7252,维修安全气囊控制模块,安全气囊控制模块编程,800,2025-01-12 10:50
M7253,F7253,更换节气门位置传感器,节气门位置传感器,480,2025-05-02 17:17
M7254,F7254,更换左前轮速传感器,左前轮速传感器,280,2024-11-08 16:42
M7255,F7255,检查燃油蒸发系统管路,燃油蒸发管密封垫,350,2024-10-10 16:00
M7256,F7256,更换右前安全气囊传感器,右前安全气囊传感器,650,2025-06-01 18:52
M7257,F7257,升级ECM控制模块程序,ECM程序升级包,980,2025-10-12 17:09
M7258,F7258,更换右后轮速传感器,右后轮速传感器,270,2024-03-20 15:15
M7259,F7259,更换驾驶员侧安全气囊模块,驾驶员侧安全气囊模块,1500,2025-08-22 12:25
M7260,F7260,更换进气温度传感器,进气温度传感器,380,2024-05-24 18:26
M7261,F7261,更换火花塞+缸线检查,铱金火花塞(4支),380,2024-01-02 17:15
M7262,F7262,更换轮速传感器,右前轮速传感器,260,2025-03-21 14:12
M7263,F7263,清洗节气门+燃油滤芯更换,燃油滤芯,420,2025-03-16 11:38
M7264,F7264,维修空调压缩机,压缩机电磁阀,580,2025-02-01 11:39
M7265,F7265,更换催化转化器,原厂催化转化器,2800,2024-07-12 09:03
M7266,F7266,更换涡轮增压器电磁阀,涡轮电磁阀,850,2025-03-17 13:02
M7267,F7267,更换刹车压力传感器,刹车压力传感器,480,2025-04-16 10:38
M7268,F7268,更换安全带传感器,主驾驶安全带传感器,320,2024-08-02 09:07
M7269,F7269,更换机油压力传感器,机油压力传感器,450,2025-09-07 18:12
M7270,F7270,维修ABS控制模块,ABS控制模块维修包,1200,2025-04-08 18:19
M7271,F7271,更换凸轮轴位置传感器,凸轮轴位置传感器,520,2025-07-29 09:29
M7272,F7272,维修安全气囊控制模块,安全气囊控制模块编程,800,2024-01-05 09:09
M7273,F7273,更换节气门位置传感器,节气门位置传感器,480,2024-12-18 15:32
M7274,F7274,更换左前轮速传感器,左前轮速传感器,280,2024-04-17 16:45
M7275,F7275,检查燃油蒸发系统管路,燃油蒸发管密封垫,350,2024-02-15 16:41
M7276,F7276,更换右前安全气囊传感器,右前安全气囊传感器,650,2025-01-04 18:14
M7277,F7277,升级ECM控制模块程序,ECM程序升级包,980,2025-04-06 14:32
M7278,F7278,更换右后轮速传感器,右后轮速传感器,270,2024-11-20 18:58
M7279,F7279,更换驾驶员侧安全气囊模块,驾驶员侧安全气囊模块,1500,2024-03-01 16:14
M7280,F7280,更换进气温度传感器,进气温度传感器,380,2025-11-04 15:41
M7281,F7281,更换火花塞+缸线检查,铱金火花塞(4支),380,2025-02-15 13:45
M7282,F7282,更换轮速传感器,右前轮速传感器,260,2024-11-19 11:18
M7283,F7283,清洗节气门+燃油滤芯更换,燃油滤芯,420,2025-05-14 12:07
M7284,F7284,维修空调压缩机,压缩机电磁阀,580,2025-08-26 17:25
M7285,F7285,更换催化转化器,原厂催化转化器,2800,2025-01-20 14:27
M7286,F7286,更换涡轮增压器电磁阀,涡轮电磁阀,850,2024-11-28 19:44
M7287,F7287,更换刹车压力传感器,刹车压力传感器,480,2024-06-27 15:28
M7288,F7288,更换安全带传感器,主驾驶安全带传感器,320,2024-06-29 15:13
M7289,F7289,更换机油压力传感器,机油压力传感器,450,2024-04-29 12:03
M7290,F7290,维修ABS控制模块,ABS控制模块维修包,1200,2024-01-27 12:21
M7291,F7291,更换凸轮轴位置传感器,凸轮轴位置传感器,520,2024-04-10 09:38
M7292,F7292,维修安全气囊控制模块,安全气囊控制模块编程,800,2024-10-07 18:22
M7293,F7293,更换节气门位置传感器,节气门位置传感器,480,2025-10-11 13:58
M7294,F7294,更换左前轮速传感器,左前轮速传感器,280,2024-08-03 11:31
M7295,F7295,检查燃油蒸发系统管路,燃油蒸发管密封垫,350,2024-08-17 14:52
M7296,F7296,更换右前安全气囊传感器,右前安全气囊传感器,650,2024-06-01 10:49
M7297,F7297,升级ECM控制模块程序,ECM程序升级包,980,2024-12-29 14:56
M7298,F7298,更换右后轮速传感器,右后轮速传感器,270,2024-05-30 15:25
M7299,F7299,更换驾驶员侧安全气囊模块,驾驶员侧安全气囊模块,1500,2025-08-26 15:46
M7300,F7300,更换进气温度传感器,进气温度传感器,380,2025-08-04 17:27
M7301,F7301,更换火花塞+缸线检查,铱金火花塞(4支),380,2025-06-24 17:04
M7302,F7302,更换轮速传感器,右前轮速传感器,260,2025-02-11 18:15
M7303,F7303,清洗节气门+燃油滤芯更换,燃油滤芯,420,2025-02-13 10:12
M7304,F7304,维修空调压缩机,压缩机电磁阀,580,2024-05-29 15:06
M7305,F7305,更换催化转化器,原厂催化转化器,2800,2024-09-05 10:45
M7306,F7306,更换涡轮增压器电磁阀,涡轮电磁阀,850,2024-03-29 13:54
M7307,F7307,更换刹车压力传感器,刹车压力传感器,480,2024-08-03 17:04
M7308,F7308,更换安全带传感器,主驾驶安全带传感器,320,2024-06-23 09:30
M7309,F7309,更换机油压力传感器,机油压力传感器,450,2025-06-14 14:25
M7310,F7310,维修ABS控制模块,ABS控制模块维修包,1200,2024-05-15 13:58
M7311,F7311,更换凸轮轴位置传感器,凸轮轴位置传感器,520,2024-11-20 19:02
M7312,F7312,维修安全气囊控制模块,安全气囊控制模块编程,800,2025-12-07 13:46
M7313,F7313,更换节气门位置传感器,节气门位置传感器,480,2025-12-24 16:46
M7314,F7314,更换左前轮速传感器,左前轮速传感器,280,2025-08-21 17:46
M7315,F7315,检查燃油蒸发系统管路,燃油蒸发管密封垫,350,2025-10-26 14:29
M7316,F7316,更换右前安全气囊传感器,右前安全气囊传感器,650,2025-11-09 15:11
M7317,F7317,升级ECM控制模块程序,ECM程序升级包,980,2025-12-21 09:08
M7318,F7318,更换右后轮速传感器,右后轮速传感器,270,2024-06-27 11:39
M7319,F7319,更换驾驶员侧安全气囊模块,驾驶员侧安全气囊模块,1500,2024-06-21 13:55
M7320,F7320,更换进气温度传感器,进气温度传感器,380,2025-12-16 17:18
M7321,F7321,更换火花塞+缸线检查,铱金火花塞(4支),380,2024-02-13 12:05
M7322,F7322,更换轮速传感器,右前轮速传感器,260,2025-06-04 13:00
M7323,F7323,清洗节气门+燃油滤芯更换,燃油滤芯,420,2025-05-26 09:51
M7324,F7324,维修空调压缩机,压缩机电磁阀,580,2024-04-21 11:33
M7325,F7325,更换催化转化器,原厂催化转化器,2800,2024-01-31 17:04
M7326,F7326,更换涡轮增压器电磁阀,涡轮电磁阀,850,2025-03-23 17:05
M7327,F7327,更换刹车压力传感器,刹车压力传感器,480,2024-11-22 14:04
M7328,F7328,更换安全带传感器,主驾驶安全带传感器,320,2024-06-12 11:13
M7329,F7329,更换机油压力传感器,机油压力传感器,450,2025-06-17 17:19
M7330,F7330,维修ABS控制模块,ABS控制模块维修包,1200,2024-02-04 16:44
M7331,F7331,更换凸轮轴位置传感器,凸轮轴位置传感器,520,2025-03-19 13:22
M7332,F7332,维修安全气囊控制模块,安全气囊控制模块编程,800,2025-11-28 09:09
M7333,F7333,更换节气门位置传感器,节气门位置传感器,480,2024-08-09 16:58
M7334,F7334,更换左前轮速传感器,左前轮速传感器,280,2024-07-05 14:11
M7335,F7335,检查燃油蒸发系统管路,燃油蒸发管密封垫,350,2025-05-13 13:18
M7336,F7336,更换右前安全气囊传感器,右前安全气囊传感器,650,2025-10-10 09:19
M7337,F7337,升级ECM控制模块程序,ECM程序升级包,980,2025-05-26 09:05
M7338,F7338,更换右后轮速传感器,右后轮速传感器,270,2024-11-20 13:43
M7339,F7339,更换驾驶员侧安全气囊模块,驾驶员侧安全气囊模块,1500,2024-05-15 17:00
M7340,F7340,更换进气温度传感器,进气温度传感器,380,2025-05-11 16:07
M7341,F7341,更换火花塞+缸线检查,铱金火花塞(4支),380,2025-02-14 18:24
M7342,F7342,更换轮速传感器,右前轮速传感器,260,2024-04-04 17:09
M7343,F7343,清洗节气门+燃油滤芯更换,燃油滤芯,420,2025-06-08 09:09
M7344,F7344,维修空调压缩机,压缩机电磁阀,580,2025-11-26 18:56
M7345,F7345,更换催化转化器,原厂催化转化器,2800,2024-08-21 12:00
M7346,F7346,更换涡轮增压器电磁阀,涡轮电磁阀,850,2025-08-24 12:39
M7347,F7347,更换刹车压力传感器,刹车压力传感器,480,2025-11-28 10:25
M7348,F7348,更换安全带传感器,主驾驶安全带传感器,320,2025-08-04 14:42
M7349,F7349,更换机油压力传感器,机油压力传感器,450,2025-07-12 10:06
M7350,F7350,维修ABS控制模块,ABS控制模块维修包,1200,2025-01-08 13:58
M7351,F7351,更换凸轮轴位置传感器,凸轮轴位置传感器,520,2025-09-16 09:52
M7352,F7352,维修安全气囊控制模块,安全气囊控制模块编程,800,2024-08-28 17:00
M7353,F7353,更换节气门位置传感器,节气门位置传感器,480,2024-12-29 11:37
M7354,F7354,更换左前轮速传感器,左前轮速传感器,280,2025-05-24 14:22
M7355,F7355,检查燃油蒸发系统管路,燃油蒸发管密封垫,350,2025-06-27 11:03
M7356,F7356,更换右前安全气囊传感器,右前安全气囊传感器,650,2025-05-09 17:06
M7357,F7357,升级ECM控制模块程序,ECM程序升级包,980,2025-03-19 18:03
M7358,F7358,更换右后轮速传感器,右后轮速传感器,270,2025-01-25 18:27
M7359,F7359,更换驾驶员侧安全气囊模块,驾驶员侧安全气囊模块,1500,2025-01-19 18:14
M7360,F7360,更换进气温度传感器,进气温度传感器,380,2025-01-13 14:52
M7361,F7361,更换火花塞+缸线检查,铱金火花塞(4支),380,2024-01-28 16:06
M7362,F7362,更换轮速传感器,右前轮速传感器,260,2025-03-07 10:49
M7363,F7363,清洗节气门+燃油滤芯更换,燃油滤芯,420,2024-11-30 12:03
M7364,F7364,维修空调压缩机,压缩机电磁阀,580,2024-07-03 18:08
M7365,F7365,更换催化转化器,原厂催化转化器,2800,2025-01-18 10:08
M7366,F7366,更换涡轮增压器电磁阀,涡轮电磁阀,850,2024-05-08 16:05
M7367,F7367,更换刹车压力传感器,刹车压力传感器,480,2025-05-31 18:16
M7368,F7368,更换安全带传感器,主驾驶安全带传感器,320,2025-09-21 17:16
M7369,F7369,更换机油压力传感器,机油压力传感器,450,2024-11-19 13:46
M7370,F7370,维修ABS控制模块,ABS控制模块维修包,1200,2025-07-23 15:46
M7371,F7371,更换凸轮轴位置传感器,凸轮轴位置传感器,520,2024-06-09 10:46
M7372,F7372,维修安全气囊控制模块,安全气囊控制模块编程,800,2024-01-07 16:48
M7373,F7373,更换节气门位置传感器,节气门位置传感器,480,2024-05-07 15:45
M7374,F7374,更换左前轮速传感器,左前轮速传感器,280,2024-03-02 12:14
M7375,F7375,检查燃油蒸发系统管路,燃油蒸发管密封垫,350,2025-01-05 15:47
M7376,F7376,更换右前安全气囊传感器,右前安全气囊传感器,650,2024-07-10 14:08
M7377,F7377,升级ECM控制模块程序,ECM程序升级包,980,2025-07-07 09:16
M7378,F7378,更换右后轮速传感器,右后轮速传感器,270,2025-12-24 14:50
M7379,F7379,更换驾驶员侧安全气囊模块,驾驶员侧安全气囊模块,1500,2025-09-25 10:13
M7380,F7380,更换进气温度传感器,进气温度传感器,380,2024-02-24 12:45
M7381,F7381,更换火花塞+缸线检查,铱金火花塞(4支),380,2024-05-25 14:57
M7382,F7382,更换轮速传感器,右前轮速传感器,260,2025-12-25 15:59
M7383,F7383,清洗节气门+燃油滤芯更换,燃油滤芯,420,2024-10-21 13:59
M7384,F7384,维修空调压缩机,压缩机电磁阀,580,2024-01-27 19:52
M7385,F7385,更换催化转化器,原厂催化转化器,2800,2025-06-23 16:37
M7386,F7386,更换涡轮增压器电磁阀,涡轮电磁阀,850,2025-05-24 19:07
M7387,F7387,更换刹车压力传感器,刹车压力传感器,480,2024-05-31 11:22
M7388,F7388,更换安全带传感器,主驾驶安全带传感器,320,2024-01-17 14:31
M7389,F7389,更换机油压力传感器,机油压力传感器,450,2024-10-20 16:06
M7390,F7390,维修ABS控制模块,ABS控制模块维修包,1200,2024-12-19 18:56
M7391,F7391,更换凸轮轴位置传感器,凸轮轴位置传感器,520,2024-05-30 15:03
M7392,F7392,维修安全气囊控制模块,安全气囊控制模块编程,800,2024-03-23 09:49
M7393,F7393,更换节气门位置传感器,节气门位置传感器,480,2025-09-20 15:36
M7394,F7394,更换左前轮速传感器,左前轮速传感器,280,2025-06-10 13:25
M7395,F7395,检查燃油蒸发系统管路,燃油蒸发管密封垫,350,2025-06-05 09:56
M7396,F7396,更换右前安全气囊传感器,右前安全气囊传感器,650,2025-05-25 19:01
M7397,F7397,升级ECM控制模块程序,ECM程序升级包,980,2024-05-06 11:42
M7398,F7398,更换右后轮速传感器,右后轮速传感器,270,2024-12-24 19:38
M7399,F7399,更换驾驶员侧安全气囊模块,驾驶员侧安全气囊模块,1500,2025-06-20 18:01
M7400,F7400,更换进气温度传感器,进气温度传感器,380,2025-08-21 13:25
M7401,F7401,更换火花塞+缸线检查,铱金火花塞(4支),380,2024-10-31 13:03
M7402,F7402,更换轮速传感器,右前轮速传感器,260,2025-11-10 11:30
M7403,F7403,清洗节气门+燃油滤芯更换,燃油滤芯,420,2025-09-27 12:48
M7404,F7404,维修空调压缩机,压缩机电磁阀,580,2024-01-05 12:26
M7405,F7405,更换催化转化器,原厂催化转化器,2800,2025-01-04 13:14
M7406,F7406,更换涡轮增压器电磁阀,涡轮电磁阀,850,2025-08-27 17:34
M7407,F7407,更换刹车压力传感器,刹车压力传感器,480,2024-12-16 16:27
M7408,F7408,更换安全带传感器,主驾驶安全带传感器,320,2024-10-08 14:34
M7409,F7409,更换机油压力传感器,机油压力传感器,450,2025-01-12 16:42
M7410,F7410,维修ABS控制模块,ABS控制模块维修包,1200,2025-03-31 18:48
M7411,F7411,更换凸轮轴位置传感器,凸轮轴位置传感器,520,2024-04-03 15:53
M7412,F7412,维修安全气囊控制模块,安全气囊控制模块编程,800,2024-11-10 16:09
M7413,F7413,更换节气门位置传感器,节气门位置传感器,480,2024-06-27 09:33
M7414,F7414,更换左前轮速传感器,左前轮速传感器,280,2025-03-29 12:01
M7415,F7415,检查燃油蒸发系统管路,燃油蒸发管密封垫,350,2025-06-24 19:08
M7416,F7416,更换右前安全气囊传感器,右前安全气囊传感器,650,2024-08-04 09:31
M7417,F7417,升级ECM控制模块程序,ECM程序升级包,980,2024-07-29 16:50
M7418,F7418,更换右后轮速传感器,右后轮速传感器,270,2024-09-25 19:49
M7419,F7419,更换驾驶员侧安全气囊模块,驾驶员侧安全气囊模块,1500,2025-02-26 15:29
M7420,F7420,更换进气温度传感器,进气温度传感器,380,2024-01-30 13:05
M7421,F7421,更换火花塞+缸线检查,铱金火花塞(4支),380,2025-07-02 13:44
M7422,F7422,更换轮速传感器,右前轮速传感器,260,2025-12-10 13:40
M7423,F7423,清洗节气门+燃油滤芯更换,燃油滤芯,420,2024-09-01 10:29
M7424,F7424,维修空调压缩机,压缩机电磁阀,580,2024-01-07 14:45
M7425,F7425,更换催化转化器,原厂催化转化器,2800,2024-03-06 17:12
M7426,F7426,更换涡轮增压器电磁阀,涡轮电磁阀,850,2024-06-28 10:14
M7427,F7427,更换刹车压力传感器,刹车压力传感器,480,2025-04-24 15:50
M7428,F7428,更换安全带传感器,主驾驶安全带传感器,320,2025-11-14 09:55
M7429,F7429,更换机油压力传感器,机油压力传感器,450,2024-07-22 13:43
M7430,F7430,维修ABS控制模块,ABS控制模块维修包,1200,2025-12-19 19:38
M7431,F7431,更换凸轮轴位置传感器,凸轮轴位置传感器,520,2024-01-22 14:39
M7432,F7432,维修安全气囊控制模块,安全气囊控制模块编程,800,2024-01-25 17:05
M7433,F7433,更换节气门位置传感器,节气门位置传感器,480,2025-10-30 17:49
M7434,F7434,更换左前轮速传感器,左前轮速传感器,280,2024-08-03 16:06
M7435,F7435,检查燃油蒸发系统管路,燃油蒸发管密封垫,350,2025-02-09 15:01
M7436,F7436,更换右前安全气囊传感器,右前安全气囊传感器,650,2025-05-05 12:50
M7437,F7437,升级ECM控制模块程序,ECM程序升级包,980,2025-07-13 17:56
M7438,F7438,更换右后轮速传感器,右后轮速传感器,270,2024-04-17 14:46
M7439,F7439,更换驾驶员侧安全气囊模块,驾驶员侧安全气囊模块,1500,2024-12-19 10:58
M7440,F7440,更换进气温度传感器,进气温度传感器,380,2024-11-13 11:33
M7441,F7441,更换火花塞+缸线检查,铱金火花塞(4支),380,2025-12-28 16:17
M7442,F7442,更换轮速传感器,右前轮速传感器,260,2025-08-18 18:43
M7443,F7443,清洗节气门+燃油滤芯更换,燃油滤芯,420,2024-10-17 19:01
M7444,F7444,维修空调压缩机,压缩机电磁阀,580,2024-05-08 09:56
M7445,F7445,更换催化转化器,原厂催化转化器,2800,2024-10-23 12:43
M7446,F7446,更换涡轮增压器电磁阀,涡轮电磁阀,850,2025-11-10 16:14
M7447,F7447,更换刹车压力传感器,刹车压力传感器,480,2025-08-15 10:55
M7448,F7448,更换安全带传感器,主驾驶安全带传感器,320,2025-01-30 10:20
M7449,F7449,更换机油压力传感器,机油压力传感器,450,2024-07-26 13:12
M7450,F7450,维修ABS控制模块,ABS控制模块维修包,1200,2025-04-30 17:40
M7451,F7451,更换凸轮轴位置传感器,凸轮轴位置传感器,520,2024-04-16 14:29
M7452,F7452,维修安全气囊控制模块,安全气囊控制模块编程,800,2024-10-11 16:33
M7453,F7453,更换节气门位置传感器,节气门位置传感器,480,2024-01-29 10:38
M7454,F7454,更换左前轮速传感器,左前轮速传感器,280,2024-05-08 14:32
M7455,F7455,检查燃油蒸发系统管路,燃油蒸发管密封垫,350,2025-11-30 10:00
M7456,F7456,更换右前安全气囊传感器,右前安全气囊传感器,650,2024-09-22 19:08
M7457,F7457,升级ECM控制模块程序,ECM程序升级包,980,2024-06-05 18:24
M7458,F7458,更换右后轮速传感器,右后轮速传感器,270,2025-08-11 14:08
M7459,F7459,更换驾驶员侧安全气囊模块,驾驶员侧安全气囊模块,1500,2024-01-02 16:34
M7460,F7460,更换进气温度传感器,进气温度传感器,380,2025-11-12 09:06
M7461,F7461,更换火花塞+缸线检查,铱金火花塞(4支),380,2025-11-16 10:57
M7462,F7462,更换轮速传感器,右前轮速传感器,260,2024-10-16 18:03
M7463,F7463,清洗节气门+燃油滤芯更换,燃油滤芯,420,2025-06-27 09:40
M7464,F7464,维修空调压缩机,压缩机电磁阀,580,2024-08-20 18:27
M7465,F7465,更换催化转化器,原厂催化转化器,2800,2024-09-17 18:40
M7466,F7466,更换涡轮增压器电磁阀,涡轮电磁阀,850,2024-05-24 09:07
M7467,F7467,更换刹车压力传感器,刹车压力传感器,480,2025-05-07 17:08
M7468,F7468,更换安全带传感器,主驾驶安全带传感器,320,2025-07-06 10:58
M7469,F7469,更换机油压力传感器,机油压力传感器,450,2024-02-13 17:14
M7470,F7470,维修ABS控制模块,ABS控制模块维修包,1200,2024-12-09 15:18
M7471,F7471,更换凸轮轴位置传感器,凸轮轴位置传感器,520,2024-12-26 17:34
M7472,F7472,维修安全气囊控制模块,安全气囊控制模块编程,800,2024-03-27 17:01
M7473,F7473,更换节气门位置传感器,节气门位置传感器,480,2025-01-07 14:57
M7474,F7474,更换左前轮速传感器,左前轮速传感器,280,2024-02-21 16:43
M7475,F7475,检查燃油蒸发系统管路,燃油蒸发管密封垫,350,2024-03-30 15:12
M7476,F7476,更换右前安全气囊传感器,右前安全气囊传感器,650,2025-07-17 14:02
M7477,F7477,升级ECM控制模块程序,ECM程序升级包,980,2024-04-11 17:09
M7478,F7478,更换右后轮速传感器,右后轮速传感器,270,2024-01-13 09:11
M7479,F7479,更换驾驶员侧安全气囊模块,驾驶员侧安全气囊模块,1500,2024-07-09 10:34
M7480,F7480,更换进气温度传感器,进气温度传感器,380,2024-03-03 12:04
M7481,F7481,更换火花塞+缸线检查,铱金火花塞(4支),380,2024-06-28 10:10
M7482,F7482,更换轮速传感器,右前轮速传感器,260,2025-07-23 10:28
M7483,F7483,清洗节气门+燃油滤芯更换,燃油滤芯,420,2024-08-05 19:34
M7484,F7484,维修空调压缩机,压缩机电磁阀,580,2025-06-23 09:10
M7485,F7485,更换催化转化器,原厂催化转化器,2800,2024-11-25 15:05
M7486,F7486,更换涡轮增压器电磁阀,涡轮电磁阀,850,2025-05-30 10:53
M7487,F7487,更换刹车压力传感器,刹车压力传感器,480,2024-06-02 09:32
M7488,F7488,更换安全带传感器,主驾驶安全带传感器,320,2025-11-02 16:28
M7489,F7489,更换机油压力传感器,机油压力传感器,450,2024-06-23 18:41
M7490,F7490,维修ABS控制模块,ABS控制模块维修包,1200,2025-05-07 18:41
M7491,F7491,更换凸轮轴位置传感器,凸轮轴位置传感器,520,2024-10-21 11:32
M7492,F7492,维修安全气囊控制模块,安全气囊控制模块编程,800,2025-07-18 14:57
M7493,F7493,更换节气门位置传感器,节气门位置传感器,480,2024-12-24 16:45
M7494,F7494,更换左前轮速传感器,左前轮速传感器,280,2025-01-26 18:33
M7495,F7495,检查燃油蒸发系统管路,燃油蒸发管密封垫,350,2024-03-03 15:16
M7496,F7496,更换右前安全气囊传感器,右前安全气囊传感器,650,2025-03-18 15:07
M7497,F7497,升级ECM控制模块程序,ECM程序升级包,980,2024-12-29 11:30
M7498,F7498,更换右后轮速传感器,右后轮速传感器,270,2024-03-19 10:12
M7499,F7499,更换驾驶员侧安全气囊模块,驾驶员侧安全气囊模块,1500,2025-05-25 15:30
M7500,F7500,更换进气温度传感器,进气温度传感器,380,2025-08-01 15:46
M7501,F7501,更换火花塞+缸线检查,铱金火花塞(4支),380,2024-05-24 11:49
M7502,F7502,更换轮速传感器,右前轮速传感器,260,2025-06-05 12:41
M7503,F7503,清洗节气门+燃油滤芯更换,燃油滤芯,420,2025-07-06 17:42
M7504,F7504,维修空调压缩机,压缩机电磁阀,580,2025-08-01 17:09
M7505,F7505,更换催化转化器,原厂催化转化器,2800,2025-04-16 12:15
M7506,F7506,更换涡轮增压器电磁阀,涡轮电磁阀,850,2024-10-09 16:10
M7507,F7507,更换刹车压力传感器,刹车压力传感器,480,2025-05-18 11:01
M7508,F7508,更换安全带传感器,主驾驶安全带传感器,320,2025-02-03 13:33
M7509,F7509,更换机油压力传感器,机油压力传感器,450,2025-06-03 14:52
M7510,F7510,维修ABS控制模块,ABS控制模块维修包,1200,2025-01-05 11:17
M7511,F7511,更换凸轮轴位置传感器,凸轮轴位置传感器,520,2025-10-26 18:33
M7512,F7512,维修安全气囊控制模块,安全气囊控制模块编程,800,2025-12-16 17:02
M7513,F7513,更换节气门位置传感器,节气门位置传感器,480,2025-02-06 11:05
M7514,F7514,更换左前轮速传感器,左前轮速传感器,280,2025-04-14 10:29
M7515,F7515,检查燃油蒸发系统管路,燃油蒸发管密封垫,350,2025-11-23 12:57
M7516,F7516,更换右前安全气囊传感器,右前安全气囊传感器,650,2024-11-20 14:50
M7517,F7517,升级ECM控制模块程序,ECM程序升级包,980,2024-11-24 13:55
M7518,F7518,更换右后轮速传感器,右后轮速传感器,270,2024-12-25 14:28
M7519,F7519,更换驾驶员侧安全气囊模块,驾驶员侧安全气囊模块,1500,2025-11-30 12:52
M7520,F7520,更换进气温度传感器,进气温度传感器,380,2025-05-30 14:32
M7521,F7521,更换火花塞+缸线检查,铱金火花塞(4支),380,2025-03-31 11:50
M7522,F7522,更换轮速传感器,右前轮速传感器,260,2025-09-19 11:43
M7523,F7523,清洗节气门+燃油滤芯更换,燃油滤芯,420,2025-03-20 09:18
M7524,F7524,维修空调压缩机,压缩机电磁阀,580,2025-02-23 11:00
M7525,F7525,更换催化转化器,原厂催化转化器,2800,2025-02-14 18:43
M7526,F7526,更换涡轮增压器电磁阀,涡轮电磁阀,850,2025-07-08 09:15
M7527,F7527,更换刹车压力传感器,刹车压力传感器,480,2025-06-13 15:54
M7528,F7528,更换安全带传感器,主驾驶安全带传感器,320,2024-09-29 10:59
M7529,F7529,更换机油压力传感器,机油压力传感器,450,2025-05-26 11:55
M7530,F7530,维修ABS控制模块,ABS控制模块维修包,1200,2024-02-10 13:15
M7531,F7531,更换凸轮轴位置传感器,凸轮轴位置传感器,520,2024-02-24 12:25
M7532,F7532,维修安全气囊控制模块,安全气囊控制模块编程,800,2025-09-10 17:15
M7533,F7533,更换节气门位置传感器,节气门位置传感器,480,2025-09-30 15:55
M7534,F7534,更换左前轮速传感器,左前轮速传感器,280,2025-09-10 09:28
M7535,F7535,检查燃油蒸发系统管路,燃油蒸发管密封垫,350,2024-09-29 16:07
M7536,F7536,更换右前安全气囊传感器,右前安全气囊传感器,650,2024-10-11 10:27
M7537,F7537,升级ECM控制模块程序,ECM程序升级包,980,2024-05-28 17:54
M7538,F7538,更换右后轮速传感器,右后轮速传感器,270,2025-04-15 13:31
M7539,F7539,更换驾驶员侧安全气囊模块,驾驶员侧安全气囊模块,1500,2024-02-10 09:52
M7540,F7540,更换进气温度传感器,进气温度传感器,380,2024-10-30 11:38
M7541,F7541,更换火花塞+缸线检查,铱金火花塞(4支),380,2025-01-19 15:01
M7542,F7542,更换轮速传感器,右前轮速传感器,260,2025-02-03 10:32
M7543,F7543,清洗节气门+燃油滤芯更换,燃油滤芯,420,2025-08-01 18:08
M7544,F7544,维修空调压缩机,压缩机电磁阀,580,2024-01-12 10:02
M7545,F7545,更换催化转化器,原厂催化转化器,2800,2024-02-01 13:50
M7546,F7546,更换涡轮增压器电磁阀,涡轮电磁阀,850,2024-08-13 14:00
M7547,F7547,更换刹车压力传感器,刹车压力传感器,480,2024-11-15 09:09
M7548,F7548,更换安全带传感器,主驾驶安全带传感器,320,2024-03-12 19:17
M7549,F7549,更换机油压力传感器,机油压力传感器,450,2024-02-10 13:22
M7550,F7550,维修ABS控制模块,ABS控制模块维修包,1200,2024-02-02 18:53
M7551,F7551,更换凸轮轴位置传感器,凸轮轴位置传感器,520,2025-02-22 18:06
M7552,F7552,维修安全气囊控制模块,安全气囊控制模块编程,800,2024-12-22 13:46
M7553,F7553,更换节气门位置传感器,节气门位置传感器,480,2024-03-24 14:26
M7554,F7554,更换左前轮速传感器,左前轮速传感器,280,2025-01-09 18:08
M7555,F7555,检查燃油蒸发系统管路,燃油蒸发管密封垫,350,2024-05-28 15:07
M7556,F7556,更换右前安全气囊传感器,右前安全气囊传感器,650,2025-06-05 14:24
M7557,F7557,升级ECM控制模块程序,ECM程序升级包,980,2025-03-23 11:16
M7558,F7558,更换右后轮速传感器,右后轮速传感器,270,2024-04-01 18:33
M7559,F7559,更换驾驶员侧安全气囊模块,驾驶员侧安全气囊模块,1500,2025-12-08 18:13
M7560,F7560,更换进气温度传感器,进气温度传感器,380,2024-01-14 09:09
M7561,F7561,更换火花塞+缸线检查,铱金火花塞(4支),380,2025-07-06 11:00
M7562,F7562,更换轮速传感器,右前轮速传感器,260,2024-10-02 10:27
M7563,F7563,清洗节气门+燃油滤芯更换,燃油滤芯,420,2024-05-28 11:15
M7564,F7564,维修空调压缩机,压缩机电磁阀,580,2025-08-30 13:17
M7565,F7565,更换催化转化器,原厂催化转化器,2800,2025-06-26 10:55
M7566,F7566,更换涡轮增压器电磁阀,涡轮电磁阀,850,2025-03-04 13:06
M7567,F7567,更换刹车压力传感器,刹车压力传感器,480,2025-09-17 09:35
M7568,F7568,更换安全带传感器,主驾驶安全带传感器,320,2025-07-13 13:40
M7569,F7569,更换机油压力传感器,机油压力传感器,450,2025-10-06 14:49
M7570,F7570,维修ABS控制模块,ABS控制模块维修包,1200,2024-02-27 18:00
M7571,F7571,更换凸轮轴位置传感器,凸轮轴位置传感器,520,2025-09-21 09:30
M7572,F7572,维修安全气囊控制模块,安全气囊控制模块编程,800,2025-01-20 12:58
M7573,F7573,更换节气门位置传感器,节气门位置传感器,480,2025-08-05 13:19
M7574,F7574,更换左前轮速传感器,左前轮速传感器,280,2025-12-18 09:00
M7575,F7575,检查燃油蒸发系统管路,燃油蒸发管密封垫,350,2024-03-11 12:13
M7576,F7576,更换右前安全气囊传感器,右前安全气囊传感器,650,2024-03-08 10:01
M7577,F7577,升级ECM控制模块程序,ECM程序升级包,980,2024-10-09 10:29
M7578,F7578,更换右后轮速传感器,右后轮速传感器,270,2025-04-21 18:32
M7579,F7579,更换驾驶员侧安全气囊模块,驾驶员侧安全气囊模块,1500,2024-10-12 12:39
M7580,F7580,更换进气温度传感器,进气温度传感器,380,2024-05-25 10:40
M7581,F7581,更换火花塞+缸线检查,铱金火花塞(4支),380,2024-04-16 10:28
M7582,F7582,更换轮速传感器,右前轮速传感器,260,2024-01-18 12:26
M7583,F7583,清洗节气门+燃油滤芯更换,燃油滤芯,420,2024-01-21 12:00
M7584,F7584,维修空调压缩机,压缩机电磁阀,580,2024-01-05 15:42
M7585,F7585,更换催化转化器,原厂催化转化器,2800,2025-03-28 15:22
M7586,F7586,更换涡轮增压器电磁阀,涡轮电磁阀,850,2024-03-04 09:59
M7587,F7587,更换刹车压力传感器,刹车压力传感器,480,2025-05-30 15:22
M7588,F7588,更换安全带传感器,主驾驶安全带传感器,320,2024-12-04 14:50
M7589,F7589,更换机油压力传感器,机油压力传感器,450,2024-09-16 19:35
M7590,F7590,维修ABS控制模块,ABS控制模块维修包,1200,2025-01-22 13:44
M7591,F7591,更换凸轮轴位置传感器,凸轮轴位置传感器,520,2024-09-26 11:26
M7592,F7592,维修安全气囊控制模块,安全气囊控制模块编程,800,2025-07-06 16:49
M7593,F7593,更换节气门位置传感器,节气门位置传感器,480,2025-12-09 14:59
M7594,F7594,更换左前轮速传感器,左前轮速传感器,280,2025-03-16 17:26
M7595,F7595,检查燃油蒸发系统管路,燃油蒸发管密封垫,350,2024-05-29 18:15
M7596,F7596,更换右前安全气囊传感器,右前安全气囊传感器,650,2025-10-11 14:34
M7597,F7597,升级ECM控制模块程序,ECM程序升级包,980,2025-12-13 10:27
M7598,F7598,更换右后轮速传感器,右后轮速传感器,270,2024-06-09 14:53
M7599,F7599,更换驾驶员侧安全气囊模块,驾驶员侧安全气囊模块,1500,2024-12-18 10:01
M7600,F7600,更换进气温度传感器,进气温度传感器,380,2025-06-16 17:57
M7601,F7601,更换火花塞+缸线检查,铱金火花塞(4支),380,2024-10-08 16:49
M7602,F7602,更换轮速传感器,右前轮速传感器,260,2024-04-23 16:22
M7603,F7603,清洗节气门+燃油滤芯更换,燃油滤芯,420,2025-04-19 11:39
M7604,F7604,维修空调压缩机,压缩机电磁阀,580,2025-10-30 12:29
M7605,F7605,更换催化转化器,原厂催化转化器,2800,2024-03-12 13:19
M7606,F7606,更换涡轮增压器电磁阀,涡轮电磁阀,850,2025-08-09 14:05
M7607,F7607,更换刹车压力传感器,刹车压力传感器,480,2024-07-29 16:13
M7608,F7608,更换安全带传感器,主驾驶安全带传感器,320,2025-04-12 12:26
M7609,F7609,更换机油压力传感器,机油压力传感器,450,2024-06-29 10:09
M7610,F7610,维修ABS控制模块,ABS控制模块维修包,1200,2024-07-31 19:34
M7611,F7611,更换凸轮轴位置传感器,凸轮轴位置传感器,520,2025-06-21 16:03
M7612,F7612,维修安全气囊控制模块,安全气囊控制模块编程,800,2025-07-08 10:43
M7613,F7613,更换节气门位置传感器,节气门位置传感器,480,2025-05-30 16:25
M7614,F7614,更换左前轮速传感器,左前轮速传感器,280,2024-01-18 12:56
M7615,F7615,检查燃油蒸发系统管路,燃油蒸发管密封垫,350,2024-10-07 14:25
M7616,F7616,更换右前安全气囊传感器,右前安全气囊传感器,650,2025-07-14 18:54
M7617,F7617,升级ECM控制模块程序,ECM程序升级包,980,2024-06-22 11:21
M7618,F7618,更换右后轮速传感器,右后轮速传感器,270,2024-11-21 10:18
M7619,F7619,更换驾驶员侧安全气囊模块,驾驶员侧安全气囊模块,1500,2024-07-29 12:20
M7620,F7620,更换进气温度传感器,进气温度传感器,380,2024-12-08 15:16
M7621,F7621,更换火花塞+缸线检查,铱金火花塞(4支),380,2025-01-12 13:13
M7622,F7622,更换轮速传感器,右前轮速传感器,260,2025-05-08 11:12
M7623,F7623,清洗节气门+燃油滤芯更换,燃油滤芯,420,2024-12-14 11:33
M7624,F7624,维修空调压缩机,压缩机电磁阀,580,2024-11-08 12:13
M7625,F7625,更换催化转化器,原厂催化转化器,2800,2024-10-28 11:25
M7626,F7626,更换涡轮增压器电磁阀,涡轮电磁阀,850,2024-06-27 17:40
M7627,F7627,更换刹车压力传感器,刹车压力传感器,480,2025-05-24 09:48
M7628,F7628,更换安全带传感器,主驾驶安全带传感器,320,2025-02-02 16:34
M7629,F7629,更换机油压力传感器,机油压力传感器,450,2024-08-22 10:04
M7630,F7630,维修ABS控制模块,ABS控制模块维修包,1200,2025-10-20 12:46
M7631,F7631,更换凸轮轴位置传感器,凸轮轴位置传感器,520,2024-12-16 13:12
M7632,F7632,维修安全气囊控制模块,安全气囊控制模块编程,800,2024-02-01 12:56
M7633,F7633,更换节气门位置传感器,节气门位置传感器,480,2025-10-07 15:32
M7634,F7634,更换左前轮速传感器,左前轮速传感器,280,2025-02-18 15:21
M7635,F7635,检查燃油蒸发系统管路,燃油蒸发管密封垫,350,2025-02-21 10:24
M7636,F7636,更换右前安全气囊传感器,右前安全气囊传感器,650,2025-08-11 13:23
M7637,F7637,升级ECM控制模块程序,ECM程序升级包,980,2024-07-29 17:47
M7638,F7638,更换右后轮速传感器,右后轮速传感器,270,2025-02-10 17:21
M7639,F7639,更换驾驶员侧安全气囊模块,驾驶员侧安全气囊模块,1500,2024-09-03 15:12
M7640,F7640,更换进气温度传感器,进气温度传感器,380,2025-06-26 09:51
M7641,F7641,更换火花塞+缸线检查,铱金火花塞(4支),380,2025-06-01 09:39
M7642,F7642,更换轮速传感器,右前轮速传感器,260,2024-10-15 17:45
M7643,F7643,清洗节气门+燃油滤芯更换,燃油滤芯,420,2024-05-08 11:20
M7644,F7644,维修空调压缩机,压缩机电磁阀,580,2024-02-13 17:25
M7645,F7645,更换催化转化器,原厂催化转化器,2800,2025-10-29 19:42
M7646,F7646,更换涡轮增压器电磁阀,涡轮电磁阀,850,2025-03-18 12:01
M7647,F7647,更换刹车压力传感器,刹车压力传感器,480,2025-07-31 17:21
M7648,F7648,更换安全带传感器,主驾驶安全带传感器,320,2025-12-15 11:16
M7649,F7649,更换机油压力传感器,机油压力传感器,450,2024-02-25 18:11
M7650,F7650,维修ABS控制模块,ABS控制模块维修包,1200,2025-04-21 11:53
M7651,F7651,更换凸轮轴位置传感器,凸轮轴位置传感器,520,2024-03-17 14:58
M7652,F7652,维修安全气囊控制模块,安全气囊控制模块编程,800,2024-10-27 15:36
M7653,F7653,更换节气门位置传感器,节气门位置传感器,480,2025-11-23 11:00
M7654,F7654,更换左前轮速传感器,左前轮速传感器,280,2025-02-07 16:56
M7655,F7655,检查燃油蒸发系统管路,燃油蒸发管密封垫,350,2025-01-16 09:07
M7656,F7656,更换右前安全气囊传感器,右前安全气囊传感器,650,2025-04-24 13:23
M7657,F7657,升级ECM控制模块程序,ECM程序升级包,980,2025-10-23 15:11
M7658,F7658,更换右后轮速传感器,右后轮速传感器,270,2024-07-09 18:20
M7659,F7659,更换驾驶员侧安全气囊模块,驾驶员侧安全气囊模块,1500,2024-03-19 10:34
M7660,F7660,更换进气温度传感器,进气温度传感器,380,2025-02-07 14:42
M7661,F7661,更换火花塞+缸线检查,铱金火花塞(4支),380,2024-03-19 13:46
M7662,F7662,更换轮速传感器,右前轮速传感器,260,2025-01-27 18:15
M7663,F7663,清洗节气门+燃油滤芯更换,燃油滤芯,420,2025-01-11 11:14
M7664,F7664,维修空调压缩机,压缩机电磁阀,580,2024-08-15 11:49
M7665,F7665,更换催化转化器,原厂催化转化器,2800,2025-07-07 19:45
M7666,F7666,更换涡轮增压器电磁阀,涡轮电磁阀,850,2025-05-24 14:35
M7667,F7667,更换刹车压力传感器,刹车压力传感器,480,2024-03-20 10:03
M7668,F7668,更换安全带传感器,主驾驶安全带传感器,320,2025-11-09 19:46
M7669,F7669,更换机油压力传感器,机油压力传感器,450,2025-07-15 14:58
M7670,F7670,维修ABS控制模块,ABS控制模块维修包,1200,2025-08-28 17:54
M7671,F7671,更换凸轮轴位置传感器,凸轮轴位置传感器,520,2025-08-15 13:03
M7672,F7672,维修安全气囊控制模块,安全气囊控制模块编程,800,2024-09-15 15:37
M7673,F7673,更换节气门位置传感器,节气门位置传感器,480,2025-11-10 13:26
M7674,F7674,更换左前轮速传感器,左前轮速传感器,280,2024-02-07 12:57
M7675,F7675,检查燃油蒸发系统管路,燃油蒸发管密封垫,350,2024-01-03 10:26
M7676,F7676,更换右前安全气囊传感器,右前安全气囊传感器,650,2025-10-17 13:20
M7677,F7677,升级ECM控制模块程序,ECM程序升级包,980,2024-06-20 15:36
M7678,F7678,更换右后轮速传感器,右后轮速传感器,270,2025-05-05 12:19
M7679,F7679,更换驾驶员侧安全气囊模块,驾驶员侧安全气囊模块,1500,2024-11-09 10:36
M7680,F7680,更换进气温度传感器,进气温度传感器,380,2024-10-29 11:54
M7681,F7681,更换火花塞+缸线检查,铱金火花塞(4支),380,2024-09-03 14:26
M7682,F7682,更换轮速传感器,右前轮速传感器,260,2024-08-20 17:33
M7683,F7683,清洗节气门+燃油滤芯更换,燃油滤芯,420,2025-12-08 13:11
M7684,F7684,维修空调压缩机,压缩机电磁阀,580,2024-01-30 15:30
M7685,F7685,更换催化转化器,原厂催化转化器,2800,2025-02-16 13:41
M7686,F7686,更换涡轮增压器电磁阀,涡轮电磁阀,850,2024-06-05 17:35
M7687,F7687,更换刹车压力传感器,刹车压力传感器,480,2024-05-15 11:22
M7688,F7688,更换安全带传感器,主驾驶安全带传感器,320,2024-05-26 16:06
M7689,F7689,更换机油压力传感器,机油压力传感器,450,2025-12-13 12:06
M7690,F7690,维修ABS控制模块,ABS控制模块维修包,1200,2025-10-25 17:30
M7691,F7691,更换凸轮轴位置传感器,凸轮轴位置传感器,520,2024-10-18 12:58
M7692,F7692,维修安全气囊控制模块,安全气囊控制模块编程,800,2025-09-19 12:01
M7693,F7693,更换节气门位置传感器,节气门位置传感器,480,2024-01-30 19:08
M7694,F7694,更换左前轮速传感器,左前轮速传感器,280,2024-01-18 17:10
M7695,F7695,检查燃油蒸发系统管路,燃油蒸发管密封垫,350,2025-01-08 11:06
M7696,F7696,更换右前安全气囊传感器,右前安全气囊传感器,650,2025-07-25 13:45
M7697,F7697,升级ECM控制模块程序,ECM程序升级包,980,2024-03-27 11:54
M7698,F7698,更换右后轮速传感器,右后轮速传感器,270,2024-07-26 11:21
M7699,F7699,更换驾驶员侧安全气囊模块,驾驶员侧安全气囊模块,1500,2025-06-27 11:07
M7700,F7700,更换进气温度传感器,进气温度传感器,380,2024-05-12 10:33
M7701,F7701,更换火花塞+缸线检查,铱金火花塞(4支),380,2024-04-21 16:11
M7702,F7702,更换轮速传感器,右前轮速传感器,260,2025-05-09 19:26
M7703,F7703,清洗节气门+燃油滤芯更换,燃油滤芯,420,2024-06-23 13:00
M7704,F7704,维修空调压缩机,压缩机电磁阀,580,2024-03-10 12:49
M7705,F7705,更换催化转化器,原厂催化转化器,2800,2024-07-23 16:21
M7706,F7706,更换涡轮增压器电磁阀,涡轮电磁阀,850,2024-03-06 14:10
M7707,F7707,更换刹车压力传感器,刹车压力传感器,480,2024-03-27 18:12
M7708,F7708,更换安全带传感器,主驾驶安全带传感器,320,2024-07-26 10:10
M7709,F7709,更换机油压力传感器,机油压力传感器,450,2024-04-23 10:09
M7710,F7710,维修ABS控制模块,ABS控制模块维修包,1200,2025-03-05 16:26
M7711,F7711,更换凸轮轴位置传感器,凸轮轴位置传感器,520,2025-07-20 14:21
M7712,F7712,维修安全气囊控制模块,安全气囊控制模块编程,800,2024-02-01 15:21
M7713,F7713,更换节气门位置传感器,节气门位置传感器,480,2025-11-13 11:28
M7714,F7714,更换左前轮速传感器,左前轮速传感器,280,2024-07-01 09:38
M7715,F7715,检查燃油蒸发系统管路,燃油蒸发管密封垫,350,2024-08-03 12:55
M7716,F7716,更换右前安全气囊传感器,右前安全气囊传感器,650,2025-01-12 16:06
M7717,F7717,升级ECM控制模块程序,ECM程序升级包,980,2024-12-15 13:02
M7718,F7718,更换右后轮速传感器,右后轮速传感器,270,2024-11-22 12:58
M7719,F7719,更换驾驶员侧安全气囊模块,驾驶员侧安全气囊模块,1500,2024-07-18 15:41
M7720,F7720,更换进气温度传感器,进气温度传感器,380,2025-12-10 09:13
M7721,F7721,更换火花塞+缸线检查,铱金火花塞(4支),380,2024-08-20 12:44
M7722,F7722,更换轮速传感器,右前轮速传感器,260,2024-03-21 15:50
M7723,F7723,清洗节气门+燃油滤芯更换,燃油滤芯,420,2024-02-17 18:55
M7724,F7724,维修空调压缩机,压缩机电磁阀,580,2025-12-12 17:11
M7725,F7725,更换催化转化器,原厂催化转化器,2800,2025-12-25 17:35
M7726,F7726,更换涡轮增压器电磁阀,涡轮电磁阀,850,2024-09-01 16:24
M7727,F7727,更换刹车压力传感器,刹车压力传感器,480,2024-09-12 17:58
M7728,F7728,更换安全带传感器,主驾驶安全带传感器,320,2024-05-28 10:17
M7729,F7729,更换机油压力传感器,机油压力传感器,450,2024-03-16 18:31
M7730,F7730,维修ABS控制模块,ABS控制模块维修包,1200,2025-01-11 13:54
M7731,F7731,更换凸轮轴位置传感器,凸轮轴位置传感器,520,2024-07-15 19:06
M7732,F7732,维修安全气囊控制模块,安全气囊控制模块编程,800,2025-09-06 18:00
M7733,F7733,更换节气门位置传感器,节气门位置传感器,480,2025-01-31 14:11
M7734,F7734,更换左前轮速传感器,左前轮速传感器,280,2025-02-13 13:36
M7735,F7735,检查燃油蒸发系统管路,燃油蒸发管密封垫,350,2025-06-02 19:29
M7736,F7736,更换右前安全气囊传感器,右前安全气囊传感器,650,2025-02-05 16:16
M7737,F7737,升级ECM控制模块程序,ECM程序升级包,980,2025-10-11 16:39
M7738,F7738,更换右后轮速传感器,右后轮速传感器,270,2024-02-14 09:14
M7739,F7739,更换驾驶员侧安全气囊模块,驾驶员侧安全气囊模块,1500,2025-12-28 14:33
M7740,F7740,更换进气温度传感器,进气温度传感器,380,2025-09-15 16:00
M7741,F7741,更换火花塞+缸线检查,铱金火花塞(4支),380,2025-01-22 15:45
M7742,F7742,更换轮速传感器,右前轮速传感器,260,2025-06-09 10:48
M7743,F7743,清洗节气门+燃油滤芯更换,燃油滤芯,420,2024-08-25 18:10
M7744,F7744,维修空调压缩机,压缩机电磁阀,580,2024-03-08 12:56
M7745,F7745,更换催化转化器,原厂催化转化器,2800,2025-06-15 10:28
M7746,F7746,更换涡轮增压器电磁阀,涡轮电磁阀,850,2024-03-14 12:07
M7747,F7747,更换刹车压力传感器,刹车压力传感器,480,2024-06-01 11:36
M7748,F7748,更换安全带传感器,主驾驶安全带传感器,320,2025-04-16 18:55
M7749,F7749,更换机油压力传感器,机油压力传感器,450,2025-08-07 10:35
M7750,F7750,维修ABS控制模块,ABS控制模块维修包,1200,2024-04-18 12:15
M7751,F7751,更换凸轮轴位置传感器,凸轮轴位置传感器,520,2025-07-15 16:39
M7752,F7752,维修安全气囊控制模块,安全气囊控制模块编程,800,2025-02-04 13:16
M7753,F7753,更换节气门位置传感器,节气门位置传感器,480,2024-08-31 11:05
M7754,F7754,更换左前轮速传感器,左前轮速传感器,280,2024-10-01 16:12
M7755,F7755,检查燃油蒸发系统管路,燃油蒸发管密封垫,350,2024-08-21 19:16
M7756,F7756,更换右前安全气囊传感器,右前安全气囊传感器,650,2024-07-08 18:42
M7757,F7757,升级ECM控制模块程序,ECM程序升级包,980,2025-02-26 09:05
M7758,F7758,更换右后轮速传感器,右后轮速传感器,270,2025-06-18 13:38
M7759,F7759,更换驾驶员侧安全气囊模块,驾驶员侧安全气囊模块,1500,2025-07-22 10:08
M7760,F7760,更换进气温度传感器,进气温度传感器,380,2024-12-17 11:34
M7761,F7761,更换火花塞+缸线检查,铱金火花塞(4支),380,2025-03-02 13:38
M7762,F7762,更换轮速传感器,右前轮速传感器,260,2025-01-10 13:35
M7763,F7763,清洗节气门+燃油滤芯更换,燃油滤芯,420,2024-03-04 11:32
M7764,F7764,维修空调压缩机,压缩机电磁阀,580,2025-11-23 19:52
M7765,F7765,更换催化转化器,原厂催化转化器,2800,2024-02-17 16:00
M7766,F7766,更换涡轮增压器电磁阀,涡轮电磁阀,850,2024-04-06 14:45
M7767,F7767,更换刹车压力传感器,刹车压力传感器,480,2025-11-18 14:12
M7768,F7768,更换安全带传感器,主驾驶安全带传感器,320,2024-08-12 10:43
M7769,F7769,更换机油压力传感器,机油压力传感器,450,2025-04-25 16:58
M7770,F7770,维修ABS控制模块,ABS控制模块维修包,1200,2024-04-11 16:43
M7771,F7771,更换凸轮轴位置传感器,凸轮轴位置传感器,520,2024-05-30 18:09
M7772,F7772,维修安全气囊控制模块,安全气囊控制模块编程,800,2025-01-30 16:13
M7773,F7773,更换节气门位置传感器,节气门位置传感器,480,2025-05-11 10:50
M7774,F7774,更换左前轮速传感器,左前轮速传感器,280,2025-10-05 09:18
M7775,F7775,检查燃油蒸发系统管路,燃油蒸发管密封垫,350,2025-04-27 10:28
M7776,F7776,更换右前安全气囊传感器,右前安全气囊传感器,650,2025-11-30 16:43
M7777,F7777,升级ECM控制模块程序,ECM程序升级包,980,2025-08-18 14:42
M7778,F7778,更换右后轮速传感器,右后轮速传感器,270,2025-10-28 14:03
M7779,F7779,更换驾驶员侧安全气囊模块,驾驶员侧安全气囊模块,1500,2024-12-10 16:55
M7780,F7780,更换进气温度传感器,进气温度传感器,380,2024-07-01 14:01
M7781,F7781,更换火花塞+缸线检查,铱金火花塞(4支),380,2024-01-25 14:30
M7782,F7782,更换轮速传感器,右前轮速传感器,260,2025-03-10 17:25
M7783,F7783,清洗节气门+燃油滤芯更换,燃油滤芯,420,2024-05-22 12:29
M7784,F7784,维修空调压缩机,压缩机电磁阀,580,2025-03-21 19:00
M7785,F7785,更换催化转化器,原厂催化转化器,2800,2024-07-16 09:49
M7786,F7786,更换涡轮增压器电磁阀,涡轮电磁阀,850,2024-02-20 10:41
M7787,F7787,更换刹车压力传感器,刹车压力传感器,480,2024-07-27 14:17
M7788,F7788,更换安全带传感器,主驾驶安全带传感器,320,2025-07-05 10:20
M7789,F7789,更换机油压力传感器,机油压力传感器,450,2025-11-14 13:37
M7790,F7790,维修ABS控制模块,ABS控制模块维修包,1200,2024-02-25 17:52
M7791,F7791,更换凸轮轴位置传感器,凸轮轴位置传感器,520,2024-12-20 10:11
M7792,F7792,维修安全气囊控制模块,安全气囊控制模块编程,800,2025-07-05 14:11
M7793,F7793,更换节气门位置传感器,节气门位置传感器,480,2025-09-02 16:08
M7794,F7794,更换左前轮速传感器,左前轮速传感器,280,2024-02-22 11:25
M7795,F7795,检查燃油蒸发系统管路,燃油蒸发管密封垫,350,2024-10-30 12:20
M7796,F7796,更换右前安全气囊传感器,右前安全气囊传感器,650,2024-06-18 17:24
M7797,F7797,升级ECM控制模块程序,ECM程序升级包,980,2024-09-20 19:51
M7798,F7798,更换右后轮速传感器,右后轮速传感器,270,2024-04-21 16:30
M7799,F7799,更换驾驶员侧安全气囊模块,驾驶员侧安全气囊模块,1500,2025-02-03 13:39
M7800,F7800,更换进气温度传感器,进气温度传感器,380,2025-09-05 16:33
M7801,F7801,更换火花塞+缸线检查,铱金火花塞(4支),380,2024-10-16 18:30
M7802,F7802,更换轮速传感器,右前轮速传感器,260,2025-12-19 11:55
M7803,F7803,清洗节气门+燃油滤芯更换,燃油滤芯,420,2025-11-07 13:52
M7804,F7804,维修空调压缩机,压缩机电磁阀,580,2025-04-14 11:32
M7805,F7805,更换催化转化器,原厂催化转化器,2800,2025-04-13 10:23
M7806,F7806,更换涡轮增压器电磁阀,涡轮电磁阀,850,2024-08-18 11:00
M7807,F7807,更换刹车压力传感器,刹车压力传感器,480,2024-10-27 14:11
M7808,F7808,更换安全带传感器,主驾驶安全带传感器,320,2025-03-05 16:49
M7809,F7809,更换机油压力传感器,机油压力传感器,450,2024-05-05 09:39
M7810,F7810,维修ABS控制模块,ABS控制模块维修包,1200,2025-07-04 18:52
M7811,F7811,更换凸轮轴位置传感器,凸轮轴位置传感器,520,2025-06-02 16:52
M7812,F7812,维修安全气囊控制模块,安全气囊控制模块编程,800,2024-11-23 15:27
M7813,F7813,更换节气门位置传感器,节气门位置传感器,480,2025-01-20 19:41
M7814,F7814,更换左前轮速传感器,左前轮速传感器,280,2024-11-28 14:09
M7815,F7815,检查燃油蒸发系统管路,燃油蒸发管密封垫,350,2024-07-05 09:00
M7816,F7816,更换右前安全气囊传感器,右前安全气囊传感器,650,2024-10-30 15:12
M7817,F7817,升级ECM控制模块程序,ECM程序升级包,980,2025-02-11 15:57
M7818,F7818,更换右后轮速传感器,右后轮速传感器,270,2025-11-05 10:46
M7819,F7819,更换驾驶员侧安全气囊模块,驾驶员侧安全气囊模块,1500,2025-08-29 10:52
M7820,F7820,更换进气温度传感器,进气温度传感器,380,2025-01-13 14:04
M7821,F7821,更换火花塞+缸线检查,铱金火花塞(4支),380,2025-12-08 12:48
M7822,F7822,更换轮速传感器,右前轮速传感器,260,2025-11-03 09:08
M7823,F7823,清洗节气门+燃油滤芯更换,燃油滤芯,420,2024-03-23 11:19
M7824,F7824,维修空调压缩机,压缩机电磁阀,580,2024-12-16 16:27
M7825,F7825,更换催化转化器,原厂催化转化器,2800,2025-08-31 15:22
M7826,F7826,更换涡轮增压器电磁阀,涡轮电磁阀,850,2025-06-03 16:17
M7827,F7827,更换刹车压力传感器,刹车压力传感器,480,2024-07-27 11:33
M7828,F7828,更换安全带传感器,主驾驶安全带传感器,320,2024-07-19 15:58
M7829,F7829,更换机油压力传感器,机油压力传感器,450,2025-03-10 15:17
M7830,F7830,维修ABS控制模块,ABS控制模块维修包,1200,2025-03-08 15:54
M7831,F7831,更换凸轮轴位置传感器,凸轮轴位置传感器,520,2025-12-04 10:14
M7832,F7832,维修安全气囊控制模块,安全气囊控制模块编程,800,2025-11-25 11:03
M7833,F7833,更换节气门位置传感器,节气门位置传感器,480,2024-07-27 15:29
M7834,F7834,更换左前轮速传感器,左前轮速传感器,280,2025-08-30 12:42
M7835,F7835,检查燃油蒸发系统管路,燃油蒸发管密封垫,350,2025-05-02 14:06
M7836,F7836,更换右前安全气囊传感器,右前安全气囊传感器,650,2025-06-01 14:40
M7837,F7837,升级ECM控制模块程序,ECM程序升级包,980,2025-10-11 09:34
M7838,F7838,更换右后轮速传感器,右后轮速传感器,270,2025-11-27 09:58
M7839,F7839,更换驾驶员侧安全气囊模块,驾驶员侧安全气囊模块,1500,2024-11-25 17:31
M7840,F7840,更换进气温度传感器,进气温度传感器,380,2025-08-28 17:21
M7841,F7841,更换火花塞+缸线检查,铱金火花塞(4支),380,2024-01-29 13:40
M7842,F7842,更换轮速传感器,右前轮速传感器,260,2024-05-16 12:20
M7843,F7843,清洗节气门+燃油滤芯更换,燃油滤芯,420,2025-01-21 09:13
M7844,F7844,维修空调压缩机,压缩机电磁阀,580,2025-01-20 15:29
M7845,F7845,更换催化转化器,原厂催化转化器,2800,2024-03-11 18:31
M7846,F7846,更换涡轮增压器电磁阀,涡轮电磁阀,850,2024-07-28 15:04
M7847,F7847,更换刹车压力传感器,刹车压力传感器,480,2025-08-02 11:23
M7848,F7848,更换安全带传感器,主驾驶安全带传感器,320,2025-12-22 10:41
M7849,F7849,更换机油压力传感器,机油压力传感器,450,2025-05-21 10:36
M7850,F7850,维修ABS控制模块,ABS控制模块维修包,1200,2024-12-09 15:00
M7851,F7851,更换凸轮轴位置传感器,凸轮轴位置传感器,520,2025-10-14 19:05
M7852,F7852,维修安全气囊控制模块,安全气囊控制模块编程,800,2024-10-24 17:38
M7853,F7853,更换节气门位置传感器,节气门位置传感器,480,2024-12-26 19:49
M7854,F7854,更换左前轮速传感器,左前轮速传感器,280,2024-02-17 09:58
M7855,F7855,检查燃油蒸发系统管路,燃油蒸发管密封垫,350,2025-08-27 19:14
M7856,F7856,更换右前安全气囊传感器,右前安全气囊传感器,650,2024-05-16 13:50
M7857,F7857,升级ECM控制模块程序,ECM程序升级包,980,2024-11-11 10:36
M7858,F7858,更换右后轮速传感器,右后轮速传感器,270,2024-06-07 11:09
M7859,F7859,更换驾驶员侧安全气囊模块,驾驶员侧安全气囊模块,1500,2025-06-25 12:23
M7860,F7860,更换进气温度传感器,进气温度传感器,380,2024-09-17 16:09
M7861,F7861,更换火花塞+缸线检查,铱金火花塞(4支),380,2025-11-09 10:35
M7862,F7862,更换轮速传感器,右前轮速传感器,260,2024-05-05 09:32
M7863,F7863,清洗节气门+燃油滤芯更换,燃油滤芯,420,2025-01-01 11:37
M7864,F7864,维修空调压缩机,压缩机电磁阀,580,2025-11-23 16:44
M7865,F7865,更换催化转化器,原厂催化转化器,2800,2025-09-23 16:29
M7866,F7866,更换涡轮增压器电磁阀,涡轮电磁阀,850,2024-11-08 15:03
M7867,F7867,更换刹车压力传感器,刹车压力传感器,480,2024-06-28 17:50
M7868,F7868,更换安全带传感器,主驾驶安全带传感器,320,2024-10-29 13:35
M7869,F7869,更换机油压力传感器,机油压力传感器,450,2024-08-18 14:31
M7870,F7870,维修ABS控制模块,ABS控制模块维修包,1200,2024-05-13 14:24
M7871,F7871,更换凸轮轴位置传感器,凸轮轴位置传感器,520,2025-01-10 19:08
M7872,F7872,维修安全气囊控制模块,安全气囊控制模块编程,800,2024-08-25 11:45
M7873,F7873,更换节气门位置传感器,节气门位置传感器,480,2025-01-10 15:19
M7874,F7874,更换左前轮速传感器,左前轮速传感器,280,2024-12-08 15:19
M7875,F7875,检查燃油蒸发系统管路,燃油蒸发管密封垫,350,2025-01-05 10:01
M7876,F7876,更换右前安全气囊传感器,右前安全气囊传感器,650,2024-06-17 17:38
M7877,F7877,升级ECM控制模块程序,ECM程序升级包,980,2025-08-23 15:35
M7878,F7878,更换右后轮速传感器,右后轮速传感器,270,2024-05-05 11:17
M7879,F7879,更换驾驶员侧安全气囊模块,驾驶员侧安全气囊模块,1500,2025-03-04 14:24
M7880,F7880,更换进气温度传感器,进气温度传感器,380,2024-01-20 09:46
M7881,F7881,更换火花塞+缸线检查,铱金火花塞(4支),380,2025-12-09 17:17
M7882,F7882,更换轮速传感器,右前轮速传感器,260,2025-04-06 11:27
M7883,F7883,清洗节气门+燃油滤芯更换,燃油滤芯,420,2024-10-01 10:25
M7884,F7884,维修空调压缩机,压缩机电磁阀,580,2025-12-02 11:20
M7885,F7885,更换催化转化器,原厂催化转化器,2800,2024-03-01 13:30
M7886,F7886,更换涡轮增压器电磁阀,涡轮电磁阀,850,2024-09-21 19:00
M7887,F7887,更换刹车压力传感器,刹车压力传感器,480,2024-11-24 14:43
M7888,F7888,更换安全带传感器,主驾驶安全带传感器,320,2025-10-09 17:06
M7889,F7889,更换机油压力传感器,机油压力传感器,450,2025-06-30 16:49
M7890,F7890,维修ABS控制模块,ABS控制模块维修包,1200,2025-10-02 11:59
M7891,F7891,更换凸轮轴位置传感器,凸轮轴位置传感器,520,2025-06-17 13:17
M7892,F7892,维修安全气囊控制模块,安全气囊控制模块编程,800,2024-10-17 13:56
M7893,F7893,更换节气门位置传感器,节气门位置传感器,480,2024-08-06 13:13
M7894,F7894,更换左前轮速传感器,左前轮速传感器,280,2024-10-26 11:52
M7895,F7895,检查燃油蒸发系统管路,燃油蒸发管密封垫,350,2025-12-03 14:23
M7896,F7896,更换右前安全气囊传感器,右前安全气囊传感器,650,2024-07-25 19:44
M7897,F7897,升级ECM控制模块程序,ECM程序升级包,980,2025-10-02 12:22
M7898,F7898,更换右后轮速传感器,右后轮速传感器,270,2024-12-02 13:08
M7899,F7899,更换驾驶员侧安全气囊模块,驾驶员侧安全气囊模块,1500,2025-06-18 14:43
M7900,F7900,更换进气温度传感器,进气温度传感器,380,2025-09-02 19:16
M7901,F7901,更换火花塞+缸线检查,铱金火花塞(4支),380,2024-09-14 13:35
M7902,F7902,更换轮速传感器,右前轮速传感器,260,2025-10-10 11:40
M7903,F7903,清洗节气门+燃油滤芯更换,燃油滤芯,420,2024-07-28 15:19
M7904,F7904,维修空调压缩机,压缩机电磁阀,580,2025-04-25 19:21
M7905,F7905,更换催化转化器,原厂催化转化器,2800,2025-07-30 09:56
M7906,F7906,更换涡轮增压器电磁阀,涡轮电磁阀,850,2024-07-26 16:17
M7907,F7907,更换刹车压力传感器,刹车压力传感器,480,2025-01-28 10:32
M7908,F7908,更换安全带传感器,主驾驶安全带传感器,320,2025-07-13 12:08
M7909,F7909,更换机油压力传感器,机油压力传感器,450,2024-02-28 19:34
M7910,F7910,维修ABS控制模块,ABS控制模块维修包,1200,2025-03-19 15:56
M7911,F7911,更换凸轮轴位置传感器,凸轮轴位置传感器,520,2024-01-20 10:42
M7912,F7912,维修安全气囊控制模块,安全气囊控制模块编程,800,2025-07-14 19:33
M7913,F7913,更换节气门位置传感器,节气门位置传感器,480,2024-09-28 13:10
M7914,F7914,更换左前轮速传感器,左前轮速传感器,280,2024-12-19 16:17
M7915,F7915,检查燃油蒸发系统管路,燃油蒸发管密封垫,350,2024-01-12 16:55
M7916,F7916,更换右前安全气囊传感器,右前安全气囊传感器,650,2025-05-23 12:47
M7917,F7917,升级ECM控制模块程序,ECM程序升级包,980,2024-12-22 17:15
M7918,F7918,更换右后轮速传感器,右后轮速传感器,270,2025-03-04 16:38
M7919,F7919,更换驾驶员侧安全气囊模块,驾驶员侧安全气囊模块,1500,2024-02-19 16:43
M7920,F7920,更换进气温度传感器,进气温度传感器,380,2025-11-19 10:01
M7921,F7921,更换火花塞+缸线检查,铱金火花塞(4支),380,2025-06-12 13:57
M7922,F7922,更换轮速传感器,右前轮速传感器,260,2024-10-11 16:32
M7923,F7923,清洗节气门+燃油滤芯更换,燃油滤芯,420,2024-12-26 17:05
M7924,F7924,维修空调压缩机,压缩机电磁阀,580,2025-09-23 19:20
M7925,F7925,更换催化转化器,原厂催化转化器,2800,2025-06-11 14:46
M7926,F7926,更换涡轮增压器电磁阀,涡轮电磁阀,850,2024-05-27 14:10
M7927,F7927,更换刹车压力传感器,刹车压力传感器,480,2024-02-02 10:43
M7928,F7928,更换安全带传感器,主驾驶安全带传感器,320,2024-05-29 09:28
M7929,F7929,更换机油压力传感器,机油压力传感器,450,2024-06-15 17:30
M7930,F7930,维修ABS控制模块,ABS控制模块维修包,1200,2025-12-08 15:47
M7931,F7931,更换凸轮轴位置传感器,凸轮轴位置传感器,520,2024-07-01 17:28
M7932,F7932,维修安全气囊控制模块,安全气囊控制模块编程,800,2024-04-04 11:19
M7933,F7933,更换节气门位置传感器,节气门位置传感器,480,2024-05-09 15:25
M7934,F7934,更换左前轮速传感器,左前轮速传感器,280,2025-06-27 13:39
M7935,F7935,检查燃油蒸发系统管路,燃油蒸发管密封垫,350,2024-09-16 12:46
M7936,F7936,更换右前安全气囊传感器,右前安全气囊传感器,650,2024-11-04 14:02
M7937,F7937,升级ECM控制模块程序,ECM程序升级包,980,2025-02-20 14:37
M7938,F7938,更换右后轮速传感器,右后轮速传感器,270,2024-06-13 17:47
M7939,F7939,更换驾驶员侧安全气囊模块,驾驶员侧安全气囊模块,1500,2024-08-15 15:13
M7940,F7940,更换进气温度传感器,进气温度传感器,380,2024-11-15 12:23
M7941,F7941,更换火花塞+缸线检查,铱金火花塞(4支),380,2024-12-20 09:09
M7942,F7942,更换轮速传感器,右前轮速传感器,260,2025-02-28 15:31
M7943,F7943,清洗节气门+燃油滤芯更换,燃油滤芯,420,2025-02-08 10:15
M7944,F7944,维修空调压缩机,压缩机电磁阀,580,2025-07-08 09:14
M7945,F7945,更换催化转化器,原厂催化转化器,2800,2025-01-30 16:57
M7946,F7946,更换涡轮增压器电磁阀,涡轮电磁阀,850,2024-09-24 12:41
M7947,F7947,更换刹车压力传感器,刹车压力传感器,480,2024-08-22 17:57
M7948,F7948,更换安全带传感器,主驾驶安全带传感器,320,2025-04-18 15:45
M7949,F7949,更换机油压力传感器,机油压力传感器,450,2025-02-10 09:11
M7950,F7950,维修ABS控制模块,ABS控制模块维修包,1200,2024-07-28 13:07
M7951,F7951,更换凸轮轴位置传感器,凸轮轴位置传感器,520,2024-09-07 17:45
M7952,F7952,维修安全气囊控制模块,安全气囊控制模块编程,800,2024-09-29 16:48
M7953,F7953,更换节气门位置传感器,节气门位置传感器,480,2025-06-30 15:32
M7954,F7954,更换左前轮速传感器,左前轮速传感器,280,2024-07-28 11:12
M7955,F7955,检查燃油蒸发系统管路,燃油蒸发管密封垫,350,2024-07-22 11:35
M7956,F7956,更换右前安全气囊传感器,右前安全气囊传感器,650,2024-03-17 17:58
M7957,F7957,升级ECM控制模块程序,ECM程序升级包,980,2025-05-04 15:36
M7958,F7958,更换右后轮速传感器,右后轮速传感器,270,2024-11-01 17:10
M7959,F7959,更换驾驶员侧安全气囊模块,驾驶员侧安全气囊模块,1500,2025-10-14 09:16
M7960,F7960,更换进气温度传感器,进气温度传感器,380,2024-11-22 15:15
M7961,F7961,更换火花塞+缸线检查,铱金火花塞(4支),380,2025-08-11 15:23
M7962,F7962,更换轮速传感器,右前轮速传感器,260,2025-08-30 18:39
M7963,F7963,清洗节气门+燃油滤芯更换,燃油滤芯,420,2025-05-05 15:57
M7964,F7964,维修空调压缩机,压缩机电磁阀,580,2025-05-13 16:47
M7965,F7965,更换催化转化器,原厂催化转化器,2800,2024-02-06 15:04
M7966,F7966,更换涡轮增压器电磁阀,涡轮电磁阀,850,2025-10-24 18:17
M7967,F7967,更换刹车压力传感器,刹车压力传感器,480,2025-06-09 14:05
M7968,F7968,更换安全带传感器,主驾驶安全带传感器,320,2024-10-29 14:38
M7969,F7969,更换机油压力传感器,机油压力传感器,450,2025-10-12 14:33
M7970,F7970,维修ABS控制模块,ABS控制模块维修包,1200,2024-08-04 14:03
M7971,F7971,更换凸轮轴位置传感器,凸轮轴位置传感器,520,2024-12-09 19:00
M7972,F7972,维修安全气囊控制模块,安全气囊控制模块编程,800,2024-08-17 12:47
M7973,F7973,更换节气门位置传感器,节气门位置传感器,480,2024-12-23 19:34
M7974,F7974,更换左前轮速传感器,左前轮速传感器,280,2025-02-10 17:20
M7975,F7975,检查燃油蒸发系统管路,燃油蒸发管密封垫,350,2024-04-20 10:01
M7976,F7976,更换右前安全气囊传感器,右前安全气囊传感器,650,2025-04-06 15:25
M7977,F7977,升级ECM控制模块程序,ECM程序升级包,980,2025-06-30 17:38
M7978,F7978,更换右后轮速传感器,右后轮速传感器,270,2025-02-02 11:25
M7979,F7979,更换驾驶员侧安全气囊模块,驾驶员侧安全气囊模块,1500,2024-10-15 12:45
M7980,F7980,更换进气温度传感器,进气温度传感器,380,2024-12-02 10:24
M7981,F7981,更换火花塞+缸线检查,铱金火花塞(4支),380,2024-08-16 15:22
M7982,F7982,更换轮速传感器,右前轮速传感器,260,2025-08-28 14:34
M7983,F7983,清洗节气门+燃油滤芯更换,燃油滤芯,420,2024-05-19 09:11
M7984,F7984,维修空调压缩机,压缩机电磁阀,580,2025-04-22 15:31
M7985,F7985,更换催化转化器,原厂催化转化器,2800,2025-03-22 19:44
M7986,F7986,更换涡轮增压器电磁阀,涡轮电磁阀,850,2024-12-28 09:33
M7987,F7987,更换刹车压力传感器,刹车压力传感器,480,2024-11-08 18:41
M7988,F7988,更换安全带传感器,主驾驶安全带传感器,320,2024-09-27 14:45
M7989,F7989,更换机油压力传感器,机油压力传感器,450,2025-08-16 14:02
M7990,F7990,维修ABS控制模块,ABS控制模块维修包,1200,2024-05-31 16:41
M7991,F7991,更换凸轮轴位置传感器,凸轮轴位置传感器,520,2025-09-20 19:33
M7992,F7992,维修安全气囊控制模块,安全气囊控制模块编程,800,2025-01-01 11:42
M7993,F7993,更换节气门位置传感器,节气门位置传感器,480,2025-01-31 18:12
M7994,F7994,更换左前轮速传感器,左前轮速传感器,280,2025-02-03 16:56
M7995,F7995,检查燃油蒸发系统管路,燃油蒸发管密封垫,350,2025-09-27 12:13
M7996,F7996,更换右前安全气囊传感器,右前安全气囊传感器,650,2024-02-19 17:15
M7997,F7997,升级ECM控制模块程序,ECM程序升级包,980,2025-11-17 09:29
M7998,F7998,更换右后轮速传感器,右后轮速传感器,270,2024-06-29 14:30
M7999,F7999,更换驾驶员侧安全气囊模块,驾驶员侧安全气囊模块,1500,2024-03-02 15:45
M8000,F8000,更换进气温度传感器,进气温度传感器,380,2025-08-12 18:05
M8001,F8001,更换火花塞+缸线检查,铱金火花塞(4支),380,2025-10-19 16:03
M8002,F8002,更换轮速传感器,右前轮速传感器,260,2024-05-14 17:41
M8003,F8003,清洗节气门+燃油滤芯更换,燃油滤芯,420,2025-02-28 18:47
M8004,F8004,维修空调压缩机,压缩机电磁阀,580,2024-01-16 14:12
M8005,F8005,更换催化转化器,原厂催化转化器,2800,2025-11-06 09:33
M8006,F8006,更换涡轮增压器电磁阀,涡轮电磁阀,850,2025-11-17 14:26
M8007,F8007,更换刹车压力传感器,刹车压力传感器,480,2024-01-02 09:29
M8008,F8008,更换安全带传感器,主驾驶安全带传感器,320,2025-03-10 14:49
M8009,F8009,更换机油压力传感器,机油压力传感器,450,2024-09-12 10:29
M8010,F8010,维修ABS控制模块,ABS控制模块维修包,1200,2025-09-01 10:54
M8011,F8011,更换凸轮轴位置传感器,凸轮轴位置传感器,520,2025-06-13 17:29
M8012,F8012,维修安全气囊控制模块,安全气囊控制模块编程,800,2024-07-29 17:30
M8013,F8013,更换节气门位置传感器,节气门位置传感器,480,2024-04-20 13:21
M8014,F8014,更换左前轮速传感器,左前轮速传感器,280,2025-08-03 17:46
M8015,F8015,检查燃油蒸发系统管路,燃油蒸发管密封垫,350,2025-02-22 13:52
M8016,F8016,更换右前安全气囊传感器,右前安全气囊传感器,650,2024-06-08 12:26
M8017,F8017,升级ECM控制模块程序,ECM程序升级包,980,2025-10-09 16:45
M8018,F8018,更换右后轮速传感器,右后轮速传感器,270,2025-03-23 10:21
M8019,F8019,更换驾驶员侧安全气囊模块,驾驶员侧安全气囊模块,1500,2024-12-20 15:31
M8020,F8020,更换进气温度传感器,进气温度传感器,380,2025-11-20 14:00
M8021,F8021,更换火花塞+缸线检查,铱金火花塞(4支),380,2024-08-01 10:02
M8022,F8022,更换轮速传感器,右前轮速传感器,260,2025-12-27 18:36
M8023,F8023,清洗节气门+燃油滤芯更换,燃油滤芯,420,2024-06-27 18:53
M8024,F8024,维修空调压缩机,压缩机电磁阀,580,2024-09-13 18:06
M8025,F8025,更换催化转化器,原厂催化转化器,2800,2025-06-28 15:25
M8026,F8026,更换涡轮增压器电磁阀,涡轮电磁阀,850,2025-04-16 12:53
M8027,F8027,更换刹车压力传感器,刹车压力传感器,480,2025-12-16 18:53
M8028,F8028,更换安全带传感器,主驾驶安全带传感器,320,2024-06-27 11:32
M8029,F8029,更换机油压力传感器,机油压力传感器,450,2024-07-19 16:10
M8030,F8030,维修ABS控制模块,ABS控制模块维修包,1200,2025-11-07 15:20
M8031,F8031,更换凸轮轴位置传感器,凸轮轴位置传感器,520,2024-03-08 12:08
M8032,F8032,维修安全气囊控制模块,安全气囊控制模块编程,800,2025-05-01 10:59
M8033,F8033,更换节气门位置传感器,节气门位置传感器,480,2025-07-16 11:42
M8034,F8034,更换左前轮速传感器,左前轮速传感器,280,2024-04-14 13:00
M8035,F8035,检查燃油蒸发系统管路,燃油蒸发管密封垫,350,2024-06-11 10:40
M8036,F8036,更换右前安全气囊传感器,右前安全气囊传感器,650,2024-12-16 11:41
M8037,F8037,升级ECM控制模块程序,ECM程序升级包,980,2024-01-23 18:16
M8038,F8038,更换右后轮速传感器,右后轮速传感器,270,2024-01-30 19:57
M8039,F8039,更换驾驶员侧安全气囊模块,驾驶员侧安全气囊模块,1500,2024-11-10 19:24
M8040,F8040,更换进气温度传感器,进气温度传感器,380,2025-06-28 10:47
M8041,F8041,更换火花塞+缸线检查,铱金火花塞(4支),380,2025-09-06 16:07
M8042,F8042,更换轮速传感器,右前轮速传感器,260,2025-06-26 11:15
M8043,F8043,清洗节气门+燃油滤芯更换,燃油滤芯,420,2024-08-12 19:32
M8044,F8044,维修空调压缩机,压缩机电磁阀,580,2025-06-17 15:46
M8045,F8045,更换催化转化器,原厂催化转化器,2800,2024-10-06 12:25
M8046,F8046,更换涡轮增压器电磁阀,涡轮电磁阀,850,2024-08-06 19:43
M8047,F8047,更换刹车压力传感器,刹车压力传感器,480,2025-12-16 16:44
M8048,F8048,更换安全带传感器,主驾驶安全带传感器,320,2024-01-21 17:23
M8049,F8049,更换机油压力传感器,机油压力传感器,450,2025-08-23 09:44
M8050,F8050,维修ABS控制模块,ABS控制模块维修包,1200,2025-10-20 09:40
M8051,F8051,更换凸轮轴位置传感器,凸轮轴位置传感器,520,2024-01-15 10:30
M8052,F8052,维修安全气囊控制模块,安全气囊控制模块编程,800,2025-05-29 10:40
M8053,F8053,更换节气门位置传感器,节气门位置传感器,480,2024-11-13 17:30
M8054,F8054,更换左前轮速传感器,左前轮速传感器,280,2025-10-31 10:28
M8055,F8055,检查燃油蒸发系统管路,燃油蒸发管密封垫,350,2024-04-29 16:02
M8056,F8056,更换右前安全气囊传感器,右前安全气囊传感器,650,2024-04-09 15:56
M8057,F8057,升级ECM控制模块程序,ECM程序升级包,980,2024-12-07 17:59
M8058,F8058,更换右后轮速传感器,右后轮速传感器,270,2024-03-31 09:00
M8059,F8059,更换驾驶员侧安全气囊模块,驾驶员侧安全气囊模块,1500,2024-02-21 09:56
M8060,F8060,更换进气温度传感器,进气温度传感器,380,2024-04-04 16:45
M8061,F8061,更换火花塞+缸线检查,铱金火花塞(4支),380,2024-08-06 14:06
M8062,F8062,更换轮速传感器,右前轮速传感器,260,2024-08-13 12:36
M8063,F8063,清洗节气门+燃油滤芯更换,燃油滤芯,420,2024-10-22 17:07
M8064,F8064,维修空调压缩机,压缩机电磁阀,580,2024-07-10 16:36
M8065,F8065,更换催化转化器,原厂催化转化器,2800,2025-09-17 17:30
M8066,F8066,更换涡轮增压器电磁阀,涡轮电磁阀,850,2024-02-06 12:44
M8067,F8067,更换刹车压力传感器,刹车压力传感器,480,2025-09-07 13:25
M8068,F8068,更换安全带传感器,主驾驶安全带传感器,320,2025-04-28 17:41
M8069,F8069,更换机油压力传感器,机油压力传感器,450,2024-11-03 10:45
M8070,F8070,维修ABS控制模块,ABS控制模块维修包,1200,2025-07-11 12:59
M8071,F8071,更换凸轮轴位置传感器,凸轮轴位置传感器,520,2024-01-08 17:42
M8072,F8072,维修安全气囊控制模块,安全气囊控制模块编程,800,2024-08-19 13:52
M8073,F8073,更换节气门位置传感器,节气门位置传感器,480,2024-11-10 11:40
M8074,F8074,更换左前轮速传感器,左前轮速传感器,280,2024-03-26 17:23
M8075,F8075,检查燃油蒸发系统管路,燃油蒸发管密封垫,350,2025-09-03 14:23
M8076,F8076,更换右前安全气囊传感器,右前安全气囊传感器,650,2024-06-02 11:41
M8077,F8077,升级ECM控制模块程序,ECM程序升级包,980,2025-06-07 14:43
M8078,F8078,更换右后轮速传感器,右后轮速传感器,270,2024-10-26 10:36
M8079,F8079,更换驾驶员侧安全气囊模块,驾驶员侧安全气囊模块,1500,2025-04-30 19:01
M8080,F8080,更换进气温度传感器,进气温度传感器,380,2025-10-08 16:03
M8081,F8081,更换火花塞+缸线检查,铱金火花塞(4支),380,2024-07-11 18:56
M8082,F8082,更换轮速传感器,右前轮速传感器,260,2024-10-22 10:34
M8083,F8083,清洗节气门+燃油滤芯更换,燃油滤芯,420,2025-03-05 17:55
M8084,F8084,维修空调压缩机,压缩机电磁阀,580,2025-05-05 11:06
M8085,F8085,更换催化转化器,原厂催化转化器,2800,2024-12-07 17:39
M8086,F8086,更换涡轮增压器电磁阀,涡轮电磁阀,850,2024-01-09 13:22
M8087,F8087,更换刹车压力传感器,刹车压力传感器,480,2025-07-12 14:49
M8088,F8088,更换安全带传感器,主驾驶安全带传感器,320,2024-05-25 17:12
M8089,F8089,更换机油压力传感器,机油压力传感器,450,2024-08-02 10:04
M8090,F8090,维修ABS控制模块,ABS控制模块维修包,1200,2025-05-11 15:18
M8091,F8091,更换凸轮轴位置传感器,凸轮轴位置传感器,520,2025-05-16 11:48
M8092,F8092,维修安全气囊控制模块,安全气囊控制模块编程,800,2025-11-22 14:03
M8093,F8093,更换节气门位置传感器,节气门位置传感器,480,2024-05-27 15:33
M8094,F8094,更换左前轮速传感器,左前轮速传感器,280,2024-05-19 18:17
M8095,F8095,检查燃油蒸发系统管路,燃油蒸发管密封垫,350,2025-04-21 10:13
M8096,F8096,更换右前安全气囊传感器,右前安全气囊传感器,650,2024-01-03 14:12
M8097,F8097,升级ECM控制模块程序,ECM程序升级包,980,2025-01-28 09:21
M8098,F8098,更换右后轮速传感器,右后轮速传感器,270,2025-07-04 12:39
M8099,F8099,更换驾驶员侧安全气囊模块,驾驶员侧安全气囊模块,1500,2024-11-18 14:56
M8100,F8100,更换进气温度传感器,进气温度传感器,380,2025-02-21 15:38
M8101,F8101,更换火花塞+缸线检查,铱金火花塞(4支),380,2025-07-04 13:31
M8102,F8102,更换轮速传感器,右前轮速传感器,260,2025-04-01 19:00
M8103,F8103,清洗节气门+燃油滤芯更换,燃油滤芯,420,2025-07-01 10:40
M8104,F8104,维修空调压缩机,压缩机电磁阀,580,2025-04-18 18:14
M8105,F8105,更换催化转化器,原厂催化转化器,2800,2025-09-24 14:19
M8106,F8106,更换涡轮增压器电磁阀,涡轮电磁阀,850,2024-12-27 12:51
M8107,F8107,更换刹车压力传感器,刹车压力传感器,480,2025-11-20 14:22
M8108,F8108,更换安全带传感器,主驾驶安全带传感器,320,2024-02-17 15:56
M8109,F8109,更换机油压力传感器,机油压力传感器,450,2024-06-16 16:03
M8110,F8110,维修ABS控制模块,ABS控制模块维修包,1200,2025-06-11 11:05
M8111,F8111,更换凸轮轴位置传感器,凸轮轴位置传感器,520,2025-11-05 18:29
M8112,F8112,维修安全气囊控制模块,安全气囊控制模块编程,800,2024-06-29 19:42
M8113,F8113,更换节气门位置传感器,节气门位置传感器,480,2024-04-15 13:44
M8114,F8114,更换左前轮速传感器,左前轮速传感器,280,2025-07-02 18:32
M8115,F8115,检查燃油蒸发系统管路,燃油蒸发管密封垫,350,2024-04-28 13:13
M8116,F8116,更换右前安全气囊传感器,右前安全气囊传感器,650,2024-09-13 14:47
M8117,F8117,升级ECM控制模块程序,ECM程序升级包,980,2024-09-04 16:02
M8118,F8118,更换右后轮速传感器,右后轮速传感器,270,2024-09-27 17:25
M8119,F8119,更换驾驶员侧安全气囊模块,驾驶员侧安全气囊模块,1500,2024-12-07 13:01
M8120,F8120,更换进气温度传感器,进气温度传感器,380,2025-02-02 09:04
M8121,F8121,更换火花塞+缸线检查,铱金火花塞(4支),380,2025-06-29 14:53
M8122,F8122,更换轮速传感器,右前轮速传感器,260,2025-06-10 10:38
M8123,F8123,清洗节气门+燃油滤芯更换,燃油滤芯,420,2024-07-20 13:25
M8124,F8124,维修空调压缩机,压缩机电磁阀,580,2024-01-07 16:59
M8125,F8125,更换催化转化器,原厂催化转化器,2800,2024-05-03 13:44
M8126,F8126,更换涡轮增压器电磁阀,涡轮电磁阀,850,2025-03-10 12:12
M8127,F8127,更换刹车压力传感器,刹车压力传感器,480,2024-08-18 12:42
M8128,F8128,更换安全带传感器,主驾驶安全带传感器,320,2025-09-21 13:39
M8129,F8129,更换机油压力传感器,机油压力传感器,450,2025-12-10 15:59
M8130,F8130,维修ABS控制模块,ABS控制模块维修包,1200,2025-05-07 14:21
M8131,F8131,更换凸轮轴位置传感器,凸轮轴位置传感器,520,2024-04-26 15:46
M8132,F8132,维修安全气囊控制模块,安全气囊控制模块编程,800,2025-03-14 11:44
M8133,F8133,更换节气门位置传感器,节气门位置传感器,480,2024-06-24 19:07
M8134,F8134,更换左前轮速传感器,左前轮速传感器,280,2025-09-17 13:15
M8135,F8135,检查燃油蒸发系统管路,燃油蒸发管密封垫,350,2024-11-22 15:51
M8136,F8136,更换右前安全气囊传感器,右前安全气囊传感器,650,2024-11-20 15:50
M8137,F8137,升级ECM控制模块程序,ECM程序升级包,980,2024-09-07 16:34
M8138,F8138,更换右后轮速传感器,右后轮速传感器,270,2025-08-31 15:34
M8139,F8139,更换驾驶员侧安全气囊模块,驾驶员侧安全气囊模块,1500,2025-04-17 13:15
M8140,F8140,更换进气温度传感器,进气温度传感器,380,2024-08-24 15:37
M8141,F8141,更换火花塞+缸线检查,铱金火花塞(4支),380,2025-09-18 18:11
M8142,F8142,更换轮速传感器,右前轮速传感器,260,2025-03-25 19:20
M8143,F8143,清洗节气门+燃油滤芯更换,燃油滤芯,420,2025-06-24 18:42
M8144,F8144,维修空调压缩机,压缩机电磁阀,580,2024-12-05 16:20
M8145,F8145,更换催化转化器,原厂催化转化器,2800,2024-09-10 09:37
M8146,F8146,更换涡轮增压器电磁阀,涡轮电磁阀,850,2025-12-27 12:26
M8147,F8147,更换刹车压力传感器,刹车压力传感器,480,2024-11-25 17:59
M8148,F8148,更换安全带传感器,主驾驶安全带传感器,320,2024-01-02 09:50
M8149,F8149,更换机油压力传感器,机油压力传感器,450,2024-09-13 13:51
M8150,F8150,维修ABS控制模块,ABS控制模块维修包,1200,2024-01-05 11:17
M8151,F8151,更换凸轮轴位置传感器,凸轮轴位置传感器,520,2025-11-27 16:13
M8152,F8152,维修安全气囊控制模块,安全气囊控制模块编程,800,2025-07-28 19:32
M8153,F8153,更换节气门位置传感器,节气门位置传感器,480,2025-10-15 16:38
M8154,F8154,更换左前轮速传感器,左前轮速传感器,280,2024-07-01 17:48
M8155,F8155,检查燃油蒸发系统管路,燃油蒸发管密封垫,350,2025-03-08 15:51
M8156,F8156,更换右前安全气囊传感器,右前安全气囊传感器,650,2025-09-21 10:00
M8157,F8157,升级ECM控制模块程序,ECM程序升级包,980,2025-07-29 18:29
M8158,F8158,更换右后轮速传感器,右后轮速传感器,270,2024-08-02 17:15
M8159,F8159,更换驾驶员侧安全气囊模块,驾驶员侧安全气囊模块,1500,2025-03-18 17:10
M8160,F8160,更换进气温度传感器,进气温度传感器,380,2025-07-15 18:46
M8161,F8161,更换火花塞+缸线检查,铱金火花塞(4支),380,2025-06-29 09:27
M8162,F8162,更换轮速传感器,右前轮速传感器,260,2024-05-21 12:53
M8163,F8163,清洗节气门+燃油滤芯更换,燃油滤芯,420,2025-04-06 13:03
M8164,F8164,维修空调压缩机,压缩机电磁阀,580,2024-01-09 12:33
M8165,F8165,更换催化转化器,原厂催化转化器,2800,2025-03-16 17:26
M8166,F8166,更换涡轮增压器电磁阀,涡轮电磁阀,850,2025-06-21 11:48
M8167,F8167,更换刹车压力传感器,刹车压力传感器,480,2024-01-30 09:56
M8168,F8168,更换安全带传感器,主驾驶安全带传感器,320,2025-09-03 09:36
M8169,F8169,更换机油压力传感器,机油压力传感器,450,2024-01-05 15:05
M8170,F8170,维修ABS控制模块,ABS控制模块维修包,1200,2024-09-16 15:57
M8171,F8171,更换凸轮轴位置传感器,凸轮轴位置传感器,520,2025-05-09 15:46
M8172,F8172,维修安全气囊控制模块,安全气囊控制模块编程,800,2024-10-13 16:15
M8173,F8173,更换节气门位置传感器,节气门位置传感器,480,2025-09-20 13:03
M8174,F8174,更换左前轮速传感器,左前轮速传感器,280,2024-10-06 15:04
M8175,F8175,检查燃油蒸发系统管路,燃油蒸发管密封垫,350,2024-04-17 17:03
M8176,F8176,更换右前安全气囊传感器,右前安全气囊传感器,650,2024-09-21 19:16
M8177,F8177,升级ECM控制模块程序,ECM程序升级包,980,2025-10-08 14:52
M8178,F8178,更换右后轮速传感器,右后轮速传感器,270,2024-06-14 12:44
M8179,F8179,更换驾驶员侧安全气囊模块,驾驶员侧安全气囊模块,1500,2024-09-29 16:25
M8180,F8180,更换进气温度传感器,进气温度传感器,380,2025-11-08 14:31
M8181,F8181,更换火花塞+缸线检查,铱金火花塞(4支),380,2024-08-27 11:55
M8182,F8182,更换轮速传感器,右前轮速传感器,260,2024-01-08 16:58
M8183,F8183,清洗节气门+燃油滤芯更换,燃油滤芯,420,2024-10-09 09:49
M8184,F8184,维修空调压缩机,压缩机电磁阀,580,2025-12-22 16:36
M8185,F8185,更换催化转化器,原厂催化转化器,2800,2025-05-20 14:26
M8186,F8186,更换涡轮增压器电磁阀,涡轮电磁阀,850,2025-06-07 11:25
M8187,F8187,更换刹车压力传感器,刹车压力传感器,480,2024-09-09 18:11
M8188,F8188,更换安全带传感器,主驾驶安全带传感器,320,2025-04-29 17:06
M8189,F8189,更换机油压力传感器,机油压力传感器,450,2025-10-25 13:25
M8190,F8190,维修ABS控制模块,ABS控制模块维修包,1200,2024-10-14 11:23
M8191,F8191,更换凸轮轴位置传感器,凸轮轴位置传感器,520,2024-12-11 14:39
M8192,F8192,维修安全气囊控制模块,安全气囊控制模块编程,800,2024-12-30 09:20
M8193,F8193,更换节气门位置传感器,节气门位置传感器,480,2024-10-04 15:26
M8194,F8194,更换左前轮速传感器,左前轮速传感器,280,2025-07-24 17:49
M8195,F8195,检查燃油蒸发系统管路,燃油蒸发管密封垫,350,2024-07-05 16:46
M8196,F8196,更换右前安全气囊传感器,右前安全气囊传感器,650,2025-11-29 19:03
M8197,F8197,升级ECM控制模块程序,ECM程序升级包,980,2024-07-14 11:16
M8198,F8198,更换右后轮速传感器,右后轮速传感器,270,2025-03-15 16:57
M8199,F8199,更换驾驶员侧安全气囊模块,驾驶员侧安全气囊模块,1500,2024-02-15 12:15
M8200,F8200,更换进气温度传感器,进气温度传感器,380,2025-05-22 19:41
M8201,F8201,更换火花塞+缸线检查,铱金火花塞(4支),380,2024-06-18 15:05
M8202,F8202,更换轮速传感器,右前轮速传感器,260,2025-12-03 16:34
M8203,F8203,清洗节气门+燃油滤芯更换,燃油滤芯,420,2025-12-11 10:23
M8204,F8204,维修空调压缩机,压缩机电磁阀,580,2025-12-09 15:15
M8205,F8205,更换催化转化器,原厂催化转化器,2800,2024-08-18 13:05
M8206,F8206,更换涡轮增压器电磁阀,涡轮电磁阀,850,2024-06-17 11:09
M8207,F8207,更换刹车压力传感器,刹车压力传感器,480,2024-04-26 10:40
M8208,F8208,更换安全带传感器,主驾驶安全带传感器,320,2024-01-03 16:56
M8209,F8209,更换机油压力传感器,机油压力传感器,450,2024-11-05 10:55
M8210,F8210,维修ABS控制模块,ABS控制模块维修包,1200,2025-08-26 17:21
M8211,F8211,更换凸轮轴位置传感器,凸轮轴位置传感器,520,2024-04-23 10:48
M8212,F8212,维修安全气囊控制模块,安全气囊控制模块编程,800,2024-05-11 09:22
M8213,F8213,更换节气门位置传感器,节气门位置传感器,480,2024-06-25 10:58
M8214,F8214,更换左前轮速传感器,左前轮速传感器,280,2025-09-12 12:11
M8215,F8215,检查燃油蒸发系统管路,燃油蒸发管密封垫,350,2025-02-27 15:16
M8216,F8216,更换右前安全气囊传感器,右前安全气囊传感器,650,2025-07-26 09:57
M8217,F8217,升级ECM控制模块程序,ECM程序升级包,980,2024-10-18 16:46
M8218,F8218,更换右后轮速传感器,右后轮速传感器,270,2024-10-29 11:25
M8219,F8219,更换驾驶员侧安全气囊模块,驾驶员侧安全气囊模块,1500,2025-10-10 17:43
M8220,F8220,更换进气温度传感器,进气温度传感器,380,2024-09-04 17:27
M8221,F8221,更换火花塞+缸线检查,铱金火花塞(4支),380,2024-02-20 12:21
M8222,F8222,更换轮速传感器,右前轮速传感器,260,2025-03-04 10:28
M8223,F8223,清洗节气门+燃油滤芯更换,燃油滤芯,420,2025-12-20 13:21
M8224,F8224,维修空调压缩机,压缩机电磁阀,580,2025-02-22 16:33
M8225,F8225,更换催化转化器,原厂催化转化器,2800,2024-11-01 14:56
M8226,F8226,更换涡轮增压器电磁阀,涡轮电磁阀,850,2024-09-13 11:55
M8227,F8227,更换刹车压力传感器,刹车压力传感器,480,2025-10-13 17:25
M8228,F8228,更换安全带传感器,主驾驶安全带传感器,320,2024-12-01 17:14
M8229,F8229,更换机油压力传感器,机油压力传感器,450,2025-10-12 10:11
M8230,F8230,维修ABS控制模块,ABS控制模块维修包,1200,2024-09-07 19:46
M8231,F8231,更换凸轮轴位置传感器,凸轮轴位置传感器,520,2025-10-13 13:49
M8232,F8232,维修安全气囊控制模块,安全气囊控制模块编程,800,2025-11-21 09:04
M8233,F8233,更换节气门位置传感器,节气门位置传感器,480,2024-11-07 12:27
M8234,F8234,更换左前轮速传感器,左前轮速传感器,280,2024-01-14 10:27
M8235,F8235,检查燃油蒸发系统管路,燃油蒸发管密封垫,350,2024-06-17 14:39
M8236,F8236,更换右前安全气囊传感器,右前安全气囊传感器,650,2024-06-20 11:44
M8237,F8237,升级ECM控制模块程序,ECM程序升级包,980,2024-05-16 13:14
M8238,F8238,更换右后轮速传感器,右后轮速传感器,270,2024-08-15 13:04
M8239,F8239,更换驾驶员侧安全气囊模块,驾驶员侧安全气囊模块,1500,2024-02-04 14:51
M8240,F8240,更换进气温度传感器,进气温度传感器,380,2024-04-20 13:33
M8241,F8241,更换火花塞+缸线检查,铱金火花塞(4支),380,2025-12-29 11:10
M8242,F8242,更换轮速传感器,右前轮速传感器,260,2024-08-16 14:20
M8243,F8243,清洗节气门+燃油滤芯更换,燃油滤芯,420,2024-12-13 18:51
M8244,F8244,维修空调压缩机,压缩机电磁阀,580,2024-03-31 12:48
M8245,F8245,更换催化转化器,原厂催化转化器,2800,2024-03-02 17:35
M8246,F8246,更换涡轮增压器电磁阀,涡轮电磁阀,850,2025-10-26 17:20
M8247,F8247,更换刹车压力传感器,刹车压力传感器,480,2025-01-08 09:41
M8248,F8248,更换安全带传感器,主驾驶安全带传感器,320,2024-01-23 10:35
M8249,F8249,更换机油压力传感器,机油压力传感器,450,2025-08-04 11:17
M8250,F8250,维修ABS控制模块,ABS控制模块维修包,1200,2025-01-18 16:07
M8251,F8251,更换凸轮轴位置传感器,凸轮轴位置传感器,520,2025-12-23 15:41
M8252,F8252,维修安全气囊控制模块,安全气囊控制模块编程,800,2024-10-21 18:15
M8253,F8253,更换节气门位置传感器,节气门位置传感器,480,2025-03-06 14:12
M8254,F8254,更换左前轮速传感器,左前轮速传感器,280,2024-05-26 18:02
M8255,F8255,检查燃油蒸发系统管路,燃油蒸发管密封垫,350,2025-01-18 10:20
M8256,F8256,更换右前安全气囊传感器,右前安全气囊传感器,650,2024-10-03 17:42
M8257,F8257,升级ECM控制模块程序,ECM程序升级包,980,2024-08-30 13:43
M8258,F8258,更换右后轮速传感器,右后轮速传感器,270,2025-04-22 10:30
M8259,F8259,更换驾驶员侧安全气囊模块,驾驶员侧安全气囊模块,1500,2024-03-18 11:45
M8260,F8260,更换进气温度传感器,进气温度传感器,380,2024-01-06 17:11
M8261,F8261,更换火花塞+缸线检查,铱金火花塞(4支),380,2025-03-16 16:39
M8262,F8262,更换轮速传感器,右前轮速传感器,260,2024-03-08 15:59
M8263,F8263,清洗节气门+燃油滤芯更换,燃油滤芯,420,2024-04-16 12:19
M8264,F8264,维修空调压缩机,压缩机电磁阀,580,2024-04-22 14:42
M8265,F8265,更换催化转化器,原厂催化转化器,2800,2025-04-05 11:40
M8266,F8266,更换涡轮增压器电磁阀,涡轮电磁阀,850,2024-07-25 12:53
M8267,F8267,更换刹车压力传感器,刹车压力传感器,480,2024-10-13 13:47
M8268,F8268,更换安全带传感器,主驾驶安全带传感器,320,2025-10-24 17:27
M8269,F8269,更换机油压力传感器,机油压力传感器,450,2025-09-16 16:26
M8270,F8270,维修ABS控制模块,ABS控制模块维修包,1200,2024-04-06 14:28
M8271,F8271,更换凸轮轴位置传感器,凸轮轴位置传感器,520,2025-07-23 17:50
M8272,F8272,维修安全气囊控制模块,安全气囊控制模块编程,800,2024-06-22 18:03
M8273,F8273,更换节气门位置传感器,节气门位置传感器,480,2024-02-06 18:02
M8274,F8274,更换左前轮速传感器,左前轮速传感器,280,2025-03-30 17:17
M8275,F8275,检查燃油蒸发系统管路,燃油蒸发管密封垫,350,2024-06-07 14:45
M8276,F8276,更换右前安全气囊传感器,右前安全气囊传感器,650,2024-06-29 17:21
M8277,F8277,升级ECM控制模块程序,ECM程序升级包,980,2024-11-10 13:26
M8278,F8278,更换右后轮速传感器,右后轮速传感器,270,2024-06-11 16:20
M8279,F8279,更换驾驶员侧安全气囊模块,驾驶员侧安全气囊模块,1500,2024-01-29 13:21
M8280,F8280,更换进气温度传感器,进气温度传感器,380,2024-03-05 17:52
M8281,F8281,更换火花塞+缸线检查,铱金火花塞(4支),380,2024-11-17 11:56
M8282,F8282,更换轮速传感器,右前轮速传感器,260,2025-08-15 15:50
M8283,F8283,清洗节气门+燃油滤芯更换,燃油滤芯,420,2024-07-30 13:27
M8284,F8284,维修空调压缩机,压缩机电磁阀,580,2024-06-16 14:34
M8285,F8285,更换催化转化器,原厂催化转化器,2800,2025-01-11 18:21
M8286,F8286,更换涡轮增压器电磁阀,涡轮电磁阀,850,2024-09-13 11:19
M8287,F8287,更换刹车压力传感器,刹车压力传感器,480,2025-10-01 11:50
M8288,F8288,更换安全带传感器,主驾驶安全带传感器,320,2024-12-15 19:39
M8289,F8289,更换机油压力传感器,机油压力传感器,450,2025-06-01 16:31
M8290,F8290,维修ABS控制模块,ABS控制模块维修包,1200,2025-06-30 11:11
M8291,F8291,更换凸轮轴位置传感器,凸轮轴位置传感器,520,2025-06-12 13:47
M8292,F8292,维修安全气囊控制模块,安全气囊控制模块编程,800,2024-01-14 17:40
M8293,F8293,更换节气门位置传感器,节气门位置传感器,480,2024-09-04 13:24
M8294,F8294,更换左前轮速传感器,左前轮速传感器,280,2025-09-18 19:27
M8295,F8295,检查燃油蒸发系统管路,燃油蒸发管密封垫,350,2025-11-17 10:37
M8296,F8296,更换右前安全气囊传感器,右前安全气囊传感器,650,2025-07-24 18:05
M8297,F8297,升级ECM控制模块程序,ECM程序升级包,980,2024-08-22 18:27
M8298,F8298,更换右后轮速传感器,右后轮速传感器,270,2025-03-27 18:20
M8299,F8299,更换驾驶员侧安全气囊模块,驾驶员侧安全气囊模块,1500,2024-08-30 13:25
M8300,F8300,更换进气温度传感器,进气温度传感器,380,2025-02-10 11:05
M8301,F8301,更换火花塞+缸线检查,铱金火花塞(4支),380,2025-11-06 18:23
M8302,F8302,更换轮速传感器,右前轮速传感器,260,2025-02-05 11:37
M8303,F8303,清洗节气门+燃油滤芯更换,燃油滤芯,420,2024-03-11 17:45
M8304,F8304,维修空调压缩机,压缩机电磁阀,580,2024-08-21 15:55
M8305,F8305,更换催化转化器,原厂催化转化器,2800,2024-10-24 11:21
M8306,F8306,更换涡轮增压器电磁阀,涡轮电磁阀,850,2025-06-06 11:50
M8307,F8307,更换刹车压力传感器,刹车压力传感器,480,2024-07-22 10:46
M8308,F8308,更换安全带传感器,主驾驶安全带传感器,320,2024-12-27 19:31
M8309,F8309,更换机油压力传感器,机油压力传感器,450,2025-10-24 14:46
M8310,F8310,维修ABS控制模块,ABS控制模块维修包,1200,2025-01-24 13:59
M8311,F8311,更换凸轮轴位置传感器,凸轮轴位置传感器,520,2024-07-23 10:17
M8312,F8312,维修安全气囊控制模块,安全气囊控制模块编程,800,2024-08-18 15:23
M8313,F8313,更换节气门位置传感器,节气门位置传感器,480,2025-08-21 15:15
M8314,F8314,更换左前轮速传感器,左前轮速传感器,280,2025-09-10 12:08
M8315,F8315,检查燃油蒸发系统管路,燃油蒸发管密封垫,350,2025-10-15 16:32
M8316,F8316,更换右前安全气囊传感器,右前安全气囊传感器,650,2025-04-01 15:35
M8317,F8317,升级ECM控制模块程序,ECM程序升级包,980,2025-09-09 18:15
M8318,F8318,更换右后轮速传感器,右后轮速传感器,270,2025-06-09 11:19
M8319,F8319,更换驾驶员侧安全气囊模块,驾驶员侧安全气囊模块,1500,2025-05-08 15:48
M8320,F8320,更换进气温度传感器,进气温度传感器,380,2025-11-16 18:59
M8321,F8321,更换火花塞+缸线检查,铱金火花塞(4支),380,2025-08-30 15:36
M8322,F8322,更换轮速传感器,右前轮速传感器,260,2025-04-20 14:41
M8323,F8323,清洗节气门+燃油滤芯更换,燃油滤芯,420,2024-12-24 19:33
M8324,F8324,维修空调压缩机,压缩机电磁阀,580,2024-07-03 12:12
M8325,F8325,更换催化转化器,原厂催化转化器,2800,2024-01-16 12:19
M8326,F8326,更换涡轮增压器电磁阀,涡轮电磁阀,850,2025-08-29 14:26
M8327,F8327,更换刹车压力传感器,刹车压力传感器,480,2025-10-11 09:06
M8328,F8328,更换安全带传感器,主驾驶安全带传感器,320,2024-08-11 16:52
M8329,F8329,更换机油压力传感器,机油压力传感器,450,2024-11-15 13:40
M8330,F8330,维修ABS控制模块,ABS控制模块维修包,1200,2025-07-08 13:43
M8331,F8331,更换凸轮轴位置传感器,凸轮轴位置传感器,520,2025-01-30 16:29
M8332,F8332,维修安全气囊控制模块,安全气囊控制模块编程,800,2025-08-19 10:05
M8333,F8333,更换节气门位置传感器,节气门位置传感器,480,2024-07-08 17:15
M8334,F8334,更换左前轮速传感器,左前轮速传感器,280,2024-10-12 15:21
M8335,F8335,检查燃油蒸发系统管路,燃油蒸发管密封垫,350,2024-10-17 13:49
M8336,F8336,更换右前安全气囊传感器,右前安全气囊传感器,650,2024-08-04 17:45
M8337,F8337,升级ECM控制模块程序,ECM程序升级包,980,2025-09-22 17:19
M8338,F8338,更换右后轮速传感器,右后轮速传感器,270,2024-12-20 19:59
M8339,F8339,更换驾驶员侧安全气囊模块,驾驶员侧安全气囊模块,1500,2024-06-27 15:02
M8340,F8340,更换进气温度传感器,进气温度传感器,380,2025-04-18 14:49
M8341,F8341,更换火花塞+缸线检查,铱金火花塞(4支),380,2025-05-06 15:30
M8342,F8342,更换轮速传感器,右前轮速传感器,260,2025-01-06 10:11
M8343,F8343,清洗节气门+燃油滤芯更换,燃油滤芯,420,2025-09-29 10:31
M8344,F8344,维修空调压缩机,压缩机电磁阀,580,2025-06-11 18:52
M8345,F8345,更换催化转化器,原厂催化转化器,2800,2025-06-17 15:02
M8346,F8346,更换涡轮增压器电磁阀,涡轮电磁阀,850,2025-02-18 17:15
M8347,F8347,更换刹车压力传感器,刹车压力传感器,480,2024-01-06 10:07
M8348,F8348,更换安全带传感器,主驾驶安全带传感器,320,2025-09-11 16:00
M8349,F8349,更换机油压力传感器,机油压力传感器,450,2025-10-11 17:41
M8350,F8350,维修ABS控制模块,ABS控制模块维修包,1200,2024-04-28 10:39
M8351,F8351,更换凸轮轴位置传感器,凸轮轴位置传感器,520,2024-03-01 13:44
M8352,F8352,维修安全气囊控制模块,安全气囊控制模块编程,800,2025-09-04 18:55
M8353,F8353,更换节气门位置传感器,节气门位置传感器,480,2024-12-24 10:54
M8354,F8354,更换左前轮速传感器,左前轮速传感器,280,2025-06-29 17:07
M8355,F8355,检查燃油蒸发系统管路,燃油蒸发管密封垫,350,2024-07-02 11:01
M8356,F8356,更换右前安全气囊传感器,右前安全气囊传感器,650,2024-02-03 17:48
M8357,F8357,升级ECM控制模块程序,ECM程序升级包,980,2024-12-20 14:00
M8358,F8358,更换右后轮速传感器,右后轮速传感器,270,2025-08-23 18:48
M8359,F8359,更换驾驶员侧安全气囊模块,驾驶员侧安全气囊模块,1500,2024-08-21 18:46
M8360,F8360,更换进气温度传感器,进气温度传感器,380,2025-12-27 10:36
M8361,F8361,更换火花塞+缸线检查,铱金火花塞(4支),380,2024-09-25 12:38
M8362,F8362,更换轮速传感器,右前轮速传感器,260,2025-11-05 10:24
M8363,F8363,清洗节气门+燃油滤芯更换,燃油滤芯,420,2024-02-24 14:05
M8364,F8364,维修空调压缩机,压缩机电磁阀,580,2025-05-02 12:12
M8365,F8365,更换催化转化器,原厂催化转化器,2800,2024-12-30 11:34
M8366,F8366,更换涡轮增压器电磁阀,涡轮电磁阀,850,2024-01-26 15:14
M8367,F8367,更换刹车压力传感器,刹车压力传感器,480,2024-12-28 19:53
M8368,F8368,更换安全带传感器,主驾驶安全带传感器,320,2025-07-31 18:52
M8369,F8369,更换机油压力传感器,机油压力传感器,450,2024-09-26 10:34
M8370,F8370,维修ABS控制模块,ABS控制模块维修包,1200,2024-04-29 10:20
M8371,F8371,更换凸轮轴位置传感器,凸轮轴位置传感器,520,2024-05-02 12:32
M8372,F8372,维修安全气囊控制模块,安全气囊控制模块编程,800,2024-01-10 12:54
M8373,F8373,更换节气门位置传感器,节气门位置传感器,480,2025-01-02 19:16
M8374,F8374,更换左前轮速传感器,左前轮速传感器,280,2025-06-11 10:29
M8375,F8375,检查燃油蒸发系统管路,燃油蒸发管密封垫,350,2024-04-25 19:47
M8376,F8376,更换右前安全气囊传感器,右前安全气囊传感器,650,2025-05-23 15:26
M8377,F8377,升级ECM控制模块程序,ECM程序升级包,980,2024-10-11 15:34
M8378,F8378,更换右后轮速传感器,右后轮速传感器,270,2024-06-14 17:18
M8379,F8379,更换驾驶员侧安全气囊模块,驾驶员侧安全气囊模块,1500,2024-06-20 18:57
M8380,F8380,更换进气温度传感器,进气温度传感器,380,2024-02-13 16:33
M8381,F8381,更换火花塞+缸线检查,铱金火花塞(4支),380,2025-10-23 13:49
M8382,F8382,更换轮速传感器,右前轮速传感器,260,2025-02-03 16:29
M8383,F8383,清洗节气门+燃油滤芯更换,燃油滤芯,420,2024-02-09 16:11
M8384,F8384,维修空调压缩机,压缩机电磁阀,580,2024-01-02 11:04
M8385,F8385,更换催化转化器,原厂催化转化器,2800,2025-07-03 14:34
M8386,F8386,更换涡轮增压器电磁阀,涡轮电磁阀,850,2025-11-08 13:11
M8387,F8387,更换刹车压力传感器,刹车压力传感器,480,2024-03-18 15:14
M8388,F8388,更换安全带传感器,主驾驶安全带传感器,320,2025-09-25 13:09
M8389,F8389,更换机油压力传感器,机油压力传感器,450,2024-11-29 19:49
M8390,F8390,维修ABS控制模块,ABS控制模块维修包,1200,2024-02-19 15:52
M8391,F8391,更换凸轮轴位置传感器,凸轮轴位置传感器,520,2024-06-15 11:19
M8392,F8392,维修安全气囊控制模块,安全气囊控制模块编程,800,2024-09-18 11:20
M8393,F8393,更换节气门位置传感器,节气门位置传感器,480,2024-06-20 11:15
M8394,F8394,更换左前轮速传感器,左前轮速传感器,280,2025-07-09 17:40
M8395,F8395,检查燃油蒸发系统管路,燃油蒸发管密封垫,350,2024-06-06 18:52
M8396,F8396,更换右前安全气囊传感器,右前安全气囊传感器,650,2024-04-02 18:05
M8397,F8397,升级ECM控制模块程序,ECM程序升级包,980,2024-06-09 14:52
M8398,F8398,更换右后轮速传感器,右后轮速传感器,270,2024-01-18 13:27
M8399,F8399,更换驾驶员侧安全气囊模块,驾驶员侧安全气囊模块,1500,2025-03-11 13:43
M8400,F8400,更换进气温度传感器,进气温度传感器,380,2024-05-01 17:23
M8401,F8401,更换火花塞+缸线检查,铱金火花塞(4支),380,2025-06-15 09:30
M8402,F8402,更换轮速传感器,右前轮速传感器,260,2025-05-25 17:22
M8403,F8403,清洗节气门+燃油滤芯更换,燃油滤芯,420,2024-07-22 15:09
M8404,F8404,维修空调压缩机,压缩机电磁阀,580,2024-11-20 11:16
M8405,F8405,更换催化转化器,原厂催化转化器,2800,2024-03-14 19:02
M8406,F8406,更换涡轮增压器电磁阀,涡轮电磁阀,850,2025-12-24 18:50
M8407,F8407,更换刹车压力传感器,刹车压力传感器,480,2024-10-24 17:30
M8408,F8408,更换安全带传感器,主驾驶安全带传感器,320,2024-10-29 14:43
M8409,F8409,更换机油压力传感器,机油压力传感器,450,2025-04-04 14:53
M8410,F8410,维修ABS控制模块,ABS控制模块维修包,1200,2024-10-15 15:21
M8411,F8411,更换凸轮轴位置传感器,凸轮轴位置传感器,520,2024-02-20 10:19
M8412,F8412,维修安全气囊控制模块,安全气囊控制模块编程,800,2025-11-24 15:27
M8413,F8413,更换节气门位置传感器,节气门位置传感器,480,2025-03-06 18:47
M8414,F8414,更换左前轮速传感器,左前轮速传感器,280,2025-09-19 14:03
M8415,F8415,检查燃油蒸发系统管路,燃油蒸发管密封垫,350,2024-10-06 14:59
M8416,F8416,更换右前安全气囊传感器,右前安全气囊传感器,650,2024-07-12 10:54
M8417,F8417,升级ECM控制模块程序,ECM程序升级包,980,2024-09-07 16:09
M8418,F8418,更换右后轮速传感器,右后轮速传感器,270,2025-12-28 12:19
M8419,F8419,更换驾驶员侧安全气囊模块,驾驶员侧安全气囊模块,1500,2024-02-10 17:10
M8420,F8420,更换进气温度传感器,进气温度传感器,380,2025-09-23 10:02
M8421,F8421,更换火花塞+缸线检查,铱金火花塞(4支),380,2025-04-20 19:50
M8422,F8422,更换轮速传感器,右前轮速传感器,260,2024-04-22 11:10
M8423,F8423,清洗节气门+燃油滤芯更换,燃油滤芯,420,2025-04-21 15:57
M8424,F8424,维修空调压缩机,压缩机电磁阀,580,2025-02-24 18:17
M8425,F8425,更换催化转化器,原厂催化转化器,2800,2025-09-22 11:24
M8426,F8426,更换涡轮增压器电磁阀,涡轮电磁阀,850,2025-07-30 15:41
M8427,F8427,更换刹车压力传感器,刹车压力传感器,480,2024-12-23 11:42
M8428,F8428,更换安全带传感器,主驾驶安全带传感器,320,2024-06-10 09:34
M8429,F8429,更换机油压力传感器,机油压力传感器,450,2025-03-23 15:44
M8430,F8430,维修ABS控制模块,ABS控制模块维修包,1200,2025-05-20 11:37
M8431,F8431,更换凸轮轴位置传感器,凸轮轴位置传感器,520,2025-03-23 12:11
M8432,F8432,维修安全气囊控制模块,安全气囊控制模块编程,800,2024-03-22 15:29
M8433,F8433,更换节气门位置传感器,节气门位置传感器,480,2025-04-09 10:26
M8434,F8434,更换左前轮速传感器,左前轮速传感器,280,2025-10-25 14:02
M8435,F8435,检查燃油蒸发系统管路,燃油蒸发管密封垫,350,2024-02-24 10:35
M8436,F8436,更换右前安全气囊传感器,右前安全气囊传感器,650,2025-04-26 15:20
M8437,F8437,升级ECM控制模块程序,ECM程序升级包,980,2024-09-07 18:59
M8438,F8438,更换右后轮速传感器,右后轮速传感器,270,2025-07-12 18:40
M8439,F8439,更换驾驶员侧安全气囊模块,驾驶员侧安全气囊模块,1500,2024-01-15 14:44
M8440,F8440,更换进气温度传感器,进气温度传感器,380,2025-03-17 11:20
M8441,F8441,更换火花塞+缸线检查,铱金火花塞(4支),380,2024-03-14 14:14
M8442,F8442,更换轮速传感器,右前轮速传感器,260,2025-03-15 11:25
M8443,F8443,清洗节气门+燃油滤芯更换,燃油滤芯,420,2024-09-16 12:08
M8444,F8444,维修空调压缩机,压缩机电磁阀,580,2024-04-15 16:26
M8445,F8445,更换催化转化器,原厂催化转化器,2800,2024-07-08 10:48
M8446,F8446,更换涡轮增压器电磁阀,涡轮电磁阀,850,2024-04-20 15:17
M8447,F8447,更换刹车压力传感器,刹车压力传感器,480,2025-02-11 17:13
M8448,F8448,更换安全带传感器,主驾驶安全带传感器,320,2025-12-29 17:40
M8449,F8449,更换机油压力传感器,机油压力传感器,450,2024-09-24 17:57
M8450,F8450,维修ABS控制模块,ABS控制模块维修包,1200,2025-02-15 12:36
M8451,F8451,更换凸轮轴位置传感器,凸轮轴位置传感器,520,2024-02-17 16:03
M8452,F8452,维修安全气囊控制模块,安全气囊控制模块编程,800,2025-01-17 11:55
M8453,F8453,更换节气门位置传感器,节气门位置传感器,480,2024-08-24 10:47
M8454,F8454,更换左前轮速传感器,左前轮速传感器,280,2025-01-13 09:16
M8455,F8455,检查燃油蒸发系统管路,燃油蒸发管密封垫,350,2024-05-05 16:05
M8456,F8456,更换右前安全气囊传感器,右前安全气囊传感器,650,2025-03-13 14:00
M8457,F8457,升级ECM控制模块程序,ECM程序升级包,980,2024-10-07 18:11
M8458,F8458,更换右后轮速传感器,右后轮速传感器,270,2024-06-10 15:12
M8459,F8459,更换驾驶员侧安全气囊模块,驾驶员侧安全气囊模块,1500,2025-04-28 09:34
M8460,F8460,更换进气温度传感器,进气温度传感器,380,2024-09-17 09:00
M8461,F8461,更换火花塞+缸线检查,铱金火花塞(4支),380,2025-11-02 16:15
M8462,F8462,更换轮速传感器,右前轮速传感器,260,2025-04-10 14:42
M8463,F8463,清洗节气门+燃油滤芯更换,燃油滤芯,420,2024-04-10 11:53
M8464,F8464,维修空调压缩机,压缩机电磁阀,580,2025-10-07 17:53
M8465,F8465,更换催化转化器,原厂催化转化器,2800,2025-09-11 15:58
M8466,F8466,更换涡轮增压器电磁阀,涡轮电磁阀,850,2024-02-29 13:33
M8467,F8467,更换刹车压力传感器,刹车压力传感器,480,2025-05-19 15:27
M8468,F8468,更换安全带传感器,主驾驶安全带传感器,320,2024-01-30 18:08
M8469,F8469,更换机油压力传感器,机油压力传感器,450,2024-01-22 18:25
M8470,F8470,维修ABS控制模块,ABS控制模块维修包,1200,2025-10-29 10:46
M8471,F8471,更换凸轮轴位置传感器,凸轮轴位置传感器,520,2025-10-04 18:01
M8472,F8472,维修安全气囊控制模块,安全气囊控制模块编程,800,2024-06-15 11:25
M8473,F8473,更换节气门位置传感器,节气门位置传感器,480,2025-06-04 10:57
M8474,F8474,更换左前轮速传感器,左前轮速传感器,280,2024-12-26 09:31
M8475,F8475,检查燃油蒸发系统管路,燃油蒸发管密封垫,350,2024-04-22 17:02
M8476,F8476,更换右前安全气囊传感器,右前安全气囊传感器,650,2024-08-03 11:33
M8477,F8477,升级ECM控制模块程序,ECM程序升级包,980,2024-10-19 14:48
M8478,F8478,更换右后轮速传感器,右后轮速传感器,270,2024-01-07 10:54
M8479,F8479,更换驾驶员侧安全气囊模块,驾驶员侧安全气囊模块,1500,2025-10-06 16:16
M8480,F8480,更换进气温度传感器,进气温度传感器,380,2024-12-25 10:38
M8481,F8481,更换火花塞+缸线检查,铱金火花塞(4支),380,2024-12-08 11:12
M8482,F8482,更换轮速传感器,右前轮速传感器,260,2025-05-01 09:32
M8483,F8483,清洗节气门+燃油滤芯更换,燃油滤芯,420,2025-01-08 11:24
M8484,F8484,维修空调压缩机,压缩机电磁阀,580,2024-01-05 10:03
M8485,F8485,更换催化转化器,原厂催化转化器,2800,2024-06-23 12:00
M8486,F8486,更换涡轮增压器电磁阀,涡轮电磁阀,850,2024-05-15 17:24
M8487,F8487,更换刹车压力传感器,刹车压力传感器,480,2025-06-28 12:45
M8488,F8488,更换安全带传感器,主驾驶安全带传感器,320,2024-12-26 16:02
M8489,F8489,更换机油压力传感器,机油压力传感器,450,2025-01-29 15:51
M8490,F8490,维修ABS控制模块,ABS控制模块维修包,1200,2024-05-04 18:11
M8491,F8491,更换凸轮轴位置传感器,凸轮轴位置传感器,520,2024-11-10 12:14
M8492,F8492,维修安全气囊控制模块,安全气囊控制模块编程,800,2024-03-24 14:47
M8493,F8493,更换节气门位置传感器,节气门位置传感器,480,2025-10-08 11:34
M8494,F8494,更换左前轮速传感器,左前轮速传感器,280,2025-04-03 18:28
M8495,F8495,检查燃油蒸发系统管路,燃油蒸发管密封垫,350,2024-05-10 10:08
M8496,F8496,更换右前安全气囊传感器,右前安全气囊传感器,650,2025-11-13 15:10
M8497,F8497,升级ECM控制模块程序,ECM程序升级包,980,2024-08-02 14:13
M8498,F8498,更换右后轮速传感器,右后轮速传感器,270,2024-10-26 12:24
M8499,F8499,更换驾驶员侧安全气囊模块,驾驶员侧安全气囊模块,1500,2024-03-12 17:21
M8500,F8500,更换进气温度传感器,进气温度传感器,380,2025-06-20 18:47
M8501,F8501,更换火花塞+缸线检查,铱金火花塞(4支),380,2025-04-29 17:04
M8502,F8502,更换轮速传感器,右前轮速传感器,260,2024-06-05 15:21
M8503,F8503,清洗节气门+燃油滤芯更换,燃油滤芯,420,2024-11-06 10:13
M8504,F8504,维修空调压缩机,压缩机电磁阀,580,2025-04-08 14:40
M8505,F8505,更换催化转化器,原厂催化转化器,2800,2025-07-05 16:35
M8506,F8506,更换涡轮增压器电磁阀,涡轮电磁阀,850,2024-01-23 13:24
M8507,F8507,更换刹车压力传感器,刹车压力传感器,480,2024-09-20 12:15
M8508,F8508,更换安全带传感器,主驾驶安全带传感器,320,2025-08-02 09:04
M8509,F8509,更换机油压力传感器,机油压力传感器,450,2024-09-28 10:03
M8510,F8510,维修ABS控制模块,ABS控制模块维修包,1200,2025-07-08 11:46
M8511,F8511,更换凸轮轴位置传感器,凸轮轴位置传感器,520,2024-05-13 18:07
M8512,F8512,维修安全气囊控制模块,安全气囊控制模块编程,800,2024-05-25 19:50
M8513,F8513,更换节气门位置传感器,节气门位置传感器,480,2025-08-15 16:55
M8514,F8514,更换左前轮速传感器,左前轮速传感器,280,2024-10-28 17:02
M8515,F8515,检查燃油蒸发系统管路,燃油蒸发管密封垫,350,2025-01-23 09:26
M8516,F8516,更换右前安全气囊传感器,右前安全气囊传感器,650,2025-09-18 15:31
M8517,F8517,升级ECM控制模块程序,ECM程序升级包,980,2025-08-23 16:44
M8518,F8518,更换右后轮速传感器,右后轮速传感器,270,2025-01-20 16:34
M8519,F8519,更换驾驶员侧安全气囊模块,驾驶员侧安全气囊模块,1500,2024-02-19 13:28
M8520,F8520,更换进气温度传感器,进气温度传感器,380,2025-07-09 18:56
M8521,F8521,更换火花塞+缸线检查,铱金火花塞(4支),380,2025-03-14 16:09
M8522,F8522,更换轮速传感器,右前轮速传感器,260,2025-03-12 12:11
M8523,F8523,清洗节气门+燃油滤芯更换,燃油滤芯,420,2024-02-19 12:19
M8524,F8524,维修空调压缩机,压缩机电磁阀,580,2025-03-19 13:51
M8525,F8525,更换催化转化器,原厂催化转化器,2800,2024-05-10 14:02
M8526,F8526,更换涡轮增压器电磁阀,涡轮电磁阀,850,2024-09-01 11:34
M8527,F8527,更换刹车压力传感器,刹车压力传感器,480,2024-09-04 11:01
M8528,F8528,更换安全带传感器,主驾驶安全带传感器,320,2025-09-13 12:50
M8529,F8529,更换机油压力传感器,机油压力传感器,450,2024-06-24 15:37
M8530,F8530,维修ABS控制模块,ABS控制模块维修包,1200,2024-06-30 16:43
M8531,F8531,更换凸轮轴位置传感器,凸轮轴位置传感器,520,2024-01-30 10:40
M8532,F8532,维修安全气囊控制模块,安全气囊控制模块编程,800,2024-07-04 13:28
M8533,F8533,更换节气门位置传感器,节气门位置传感器,480,2024-08-26 15:06
M8534,F8534,更换左前轮速传感器,左前轮速传感器,280,2025-08-28 14:30
M8535,F8535,检查燃油蒸发系统管路,燃油蒸发管密封垫,350,2024-03-08 10:53
M8536,F8536,更换右前安全气囊传感器,右前安全气囊传感器,650,2025-03-31 17:12
M8537,F8537,升级ECM控制模块程序,ECM程序升级包,980,2024-05-23 17:44
M8538,F8538,更换右后轮速传感器,右后轮速传感器,270,2024-09-05 11:41
M8539,F8539,更换驾驶员侧安全气囊模块,驾驶员侧安全气囊模块,1500,2024-05-21 15:38
M8540,F8540,更换进气温度传感器,进气温度传感器,380,2024-12-27 15:55
M8541,F8541,更换火花塞+缸线检查,铱金火花塞(4支),380,2024-05-17 14:15
M8542,F8542,更换轮速传感器,右前轮速传感器,260,2024-10-09 17:57
M8543,F8543,清洗节气门+燃油滤芯更换,燃油滤芯,420,2024-06-15 10:20
M8544,F8544,维修空调压缩机,压缩机电磁阀,580,2025-03-26 16:32
M8545,F8545,更换催化转化器,原厂催化转化器,2800,2024-02-13 13:27
M8546,F8546,更换涡轮增压器电磁阀,涡轮电磁阀,850,2025-12-09 18:20
M8547,F8547,更换刹车压力传感器,刹车压力传感器,480,2025-07-31 15:03
M8548,F8548,更换安全带传感器,主驾驶安全带传感器,320,2025-11-12 13:51
M8549,F8549,更换机油压力传感器,机油压力传感器,450,2025-06-27 11:04
M8550,F8550,维修ABS控制模块,ABS控制模块维修包,1200,2024-10-21 11:43
M8551,F8551,更换凸轮轴位置传感器,凸轮轴位置传感器,520,2024-05-08 16:31
M8552,F8552,维修安全气囊控制模块,安全气囊控制模块编程,800,2024-05-10 09:44
M8553,F8553,更换节气门位置传感器,节气门位置传感器,480,2024-12-05 17:26
M8554,F8554,更换左前轮速传感器,左前轮速传感器,280,2025-03-06 14:56
M8555,F8555,检查燃油蒸发系统管路,燃油蒸发管密封垫,350,2024-12-25 15:44
M8556,F8556,更换右前安全气囊传感器,右前安全气囊传感器,650,2025-05-26 12:24
M8557,F8557,升级ECM控制模块程序,ECM程序升级包,980,2024-11-24 17:41
M8558,F8558,更换右后轮速传感器,右后轮速传感器,270,2024-06-03 18:31
M8559,F8559,更换驾驶员侧安全气囊模块,驾驶员侧安全气囊模块,1500,2025-11-07 11:09
M8560,F8560,更换进气温度传感器,进气温度传感器,380,2024-05-27 15:45
M8561,F8561,更换火花塞+缸线检查,铱金火花塞(4支),380,2025-12-03 16:04
M8562,F8562,更换轮速传感器,右前轮速传感器,260,2024-12-24 11:46
M8563,F8563,清洗节气门+燃油滤芯更换,燃油滤芯,420,2025-12-02 11:12
M8564,F8564,维修空调压缩机,压缩机电磁阀,580,2025-05-21 16:08
M8565,F8565,更换催化转化器,原厂催化转化器,2800,2024-05-14 19:30
M8566,F8566,更换涡轮增压器电磁阀,涡轮电磁阀,850,2025-07-12 12:35
M8567,F8567,更换刹车压力传感器,刹车压力传感器,480,2024-06-06 13:06
M8568,F8568,更换安全带传感器,主驾驶安全带传感器,320,2025-04-24 14:23
M8569,F8569,更换机油压力传感器,机油压力传感器,450,2024-04-02 17:22
M8570,F8570,维修ABS控制模块,ABS控制模块维修包,1200,2025-08-09 17:55
M8571,F8571,更换凸轮轴位置传感器,凸轮轴位置传感器,520,2025-01-16 13:56
M8572,F8572,维修安全气囊控制模块,安全气囊控制模块编程,800,2024-11-30 12:38
M8573,F8573,更换节气门位置传感器,节气门位置传感器,480,2024-11-11 14:31
M8574,F8574,更换左前轮速传感器,左前轮速传感器,280,2025-03-08 18:35
M8575,F8575,检查燃油蒸发系统管路,燃油蒸发管密封垫,350,2024-09-16 10:52
M8576,F8576,更换右前安全气囊传感器,右前安全气囊传感器,650,2025-09-22 14:05
M8577,F8577,升级ECM控制模块程序,ECM程序升级包,980,2024-09-03 14:11
M8578,F8578,更换右后轮速传感器,右后轮速传感器,270,2025-09-02 14:48
M8579,F8579,更换驾驶员侧安全气囊模块,驾驶员侧安全气囊模块,1500,2024-10-30 10:29
M8580,F8580,更换进气温度传感器,进气温度传感器,380,2025-05-27 13:57
M8581,F8581,更换火花塞+缸线检查,铱金火花塞(4支),380,2024-07-31 15:49
M8582,F8582,更换轮速传感器,右前轮速传感器,260,2024-07-16 11:55
M8583,F8583,清洗节气门+燃油滤芯更换,燃油滤芯,420,2024-05-31 18:57
M8584,F8584,维修空调压缩机,压缩机电磁阀,580,2025-10-03 12:30
M8585,F8585,更换催化转化器,原厂催化转化器,2800,2025-03-23 17:25
M8586,F8586,更换涡轮增压器电磁阀,涡轮电磁阀,850,2025-10-14 10:21
M8587,F8587,更换刹车压力传感器,刹车压力传感器,480,2025-04-01 14:31
M8588,F8588,更换安全带传感器,主驾驶安全带传感器,320,2024-11-07 18:07
M8589,F8589,更换机油压力传感器,机油压力传感器,450,2025-05-31 14:17
M8590,F8590,维修ABS控制模块,ABS控制模块维修包,1200,2025-02-13 12:44
M8591,F8591,更换凸轮轴位置传感器,凸轮轴位置传感器,520,2025-05-22 14:33
M8592,F8592,维修安全气囊控制模块,安全气囊控制模块编程,800,2025-12-18 11:39
M8593,F8593,更换节气门位置传感器,节气门位置传感器,480,2024-12-08 12:15
M8594,F8594,更换左前轮速传感器,左前轮速传感器,280,2024-10-31 17:36
M8595,F8595,检查燃油蒸发系统管路,燃油蒸发管密封垫,350,2025-04-01 18:32
M8596,F8596,更换右前安全气囊传感器,右前安全气囊传感器,650,2024-05-04 17:33
M8597,F8597,升级ECM控制模块程序,ECM程序升级包,980,2024-05-12 14:53
M8598,F8598,更换右后轮速传感器,右后轮速传感器,270,2024-04-02 18:39
M8599,F8599,更换驾驶员侧安全气囊模块,驾驶员侧安全气囊模块,1500,2024-12-12 19:26
M8600,F8600,更换进气温度传感器,进气温度传感器,380,2025-03-08 18:53
M8601,F8601,更换火花塞+缸线检查,铱金火花塞(4支),380,2025-11-01 12:55
M8602,F8602,更换轮速传感器,右前轮速传感器,260,2024-03-24 14:18
M8603,F8603,清洗节气门+燃油滤芯更换,燃油滤芯,420,2024-05-03 15:32
M8604,F8604,维修空调压缩机,压缩机电磁阀,580,2025-01-23 16:29
M8605,F8605,更换催化转化器,原厂催化转化器,2800,2025-08-30 10:13
M8606,F8606,更换涡轮增压器电磁阀,涡轮电磁阀,850,2025-05-17 11:39
M8607,F8607,更换刹车压力传感器,刹车压力传感器,480,2025-08-14 13:25
M8608,F8608,更换安全带传感器,主驾驶安全带传感器,320,2025-04-28 16:01
M8609,F8609,更换机油压力传感器,机油压力传感器,450,2025-10-24 12:16
M8610,F8610,维修ABS控制模块,ABS控制模块维修包,1200,2025-06-10 10:05
M8611,F8611,更换凸轮轴位置传感器,凸轮轴位置传感器,520,2025-10-18 17:42
M8612,F8612,维修安全气囊控制模块,安全气囊控制模块编程,800,2025-10-10 17:48
M8613,F8613,更换节气门位置传感器,节气门位置传感器,480,2024-02-28 10:34
M8614,F8614,更换左前轮速传感器,左前轮速传感器,280,2025-11-17 09:44
M8615,F8615,检查燃油蒸发系统管路,燃油蒸发管密封垫,350,2025-01-06 10:51
M8616,F8616,更换右前安全气囊传感器,右前安全气囊传感器,650,2024-11-03 19:42
M8617,F8617,升级ECM控制模块程序,ECM程序升级包,980,2025-09-25 13:13
M8618,F8618,更换右后轮速传感器,右后轮速传感器,270,2025-11-21 11:54
M8619,F8619,更换驾驶员侧安全气囊模块,驾驶员侧安全气囊模块,1500,2025-03-14 11:39
M8620,F8620,更换进气温度传感器,进气温度传感器,380,2025-01-25 14:51
M8621,F8621,更换火花塞+缸线检查,铱金火花塞(4支),380,2024-11-16 16:10
M8622,F8622,更换轮速传感器,右前轮速传感器,260,2024-10-02 09:13
M8623,F8623,清洗节气门+燃油滤芯更换,燃油滤芯,420,2025-03-23 12:26
M8624,F8624,维修空调压缩机,压缩机电磁阀,580,2024-05-30 14:59
M8625,F8625,更换催化转化器,原厂催化转化器,2800,2024-03-15 11:56
M8626,F8626,更换涡轮增压器电磁阀,涡轮电磁阀,850,2024-05-15 14:32
M8627,F8627,更换刹车压力传感器,刹车压力传感器,480,2025-05-20 12:35
M8628,F8628,更换安全带传感器,主驾驶安全带传感器,320,2025-10-12 10:15
M8629,F8629,更换机油压力传感器,机油压力传感器,450,2025-03-25 09:38
M8630,F8630,维修ABS控制模块,ABS控制模块维修包,1200,2024-06-01 12:52
M8631,F8631,更换凸轮轴位置传感器,凸轮轴位置传感器,520,2025-11-05 09:53
M8632,F8632,维修安全气囊控制模块,安全气囊控制模块编程,800,2025-04-06 19:35
M8633,F8633,更换节气门位置传感器,节气门位置传感器,480,2024-04-27 10:56
M8634,F8634,更换左前轮速传感器,左前轮速传感器,280,2025-12-22 18:05
M8635,F8635,检查燃油蒸发系统管路,燃油蒸发管密封垫,350,2024-10-12 14:56
M8636,F8636,更换右前安全气囊传感器,右前安全气囊传感器,650,2024-05-31 13:18
M8637,F8637,升级ECM控制模块程序,ECM程序升级包,980,2024-08-14 13:19
M8638,F8638,更换右后轮速传感器,右后轮速传感器,270,2024-12-09 12:48
M8639,F8639,更换驾驶员侧安全气囊模块,驾驶员侧安全气囊模块,1500,2024-05-10 16:42
M8640,F8640,更换进气温度传感器,进气温度传感器,380,2025-06-05 12:21
M8641,F8641,更换火花塞+缸线检查,铱金火花塞(4支),380,2025-08-13 16:31
M8642,F8642,更换轮速传感器,右前轮速传感器,260,2024-12-20 13:19
M8643,F8643,清洗节气门+燃油滤芯更换,燃油滤芯,420,2024-05-03 11:42
M8644,F8644,维修空调压缩机,压缩机电磁阀,580,2024-01-22 19:57
M8645,F8645,更换催化转化器,原厂催化转化器,2800,2025-07-06 11:17
M8646,F8646,更换涡轮增压器电磁阀,涡轮电磁阀,850,2025-02-19 15:17
M8647,F8647,更换刹车压力传感器,刹车压力传感器,480,2024-11-06 14:23
M8648,F8648,更换安全带传感器,主驾驶安全带传感器,320,2024-06-03 10:09
M8649,F8649,更换机油压力传感器,机油压力传感器,450,2024-09-13 19:49
M8650,F8650,维修ABS控制模块,ABS控制模块维修包,1200,2025-09-06 17:23
M8651,F8651,更换凸轮轴位置传感器,凸轮轴位置传感器,520,2024-07-14 11:59
M8652,F8652,维修安全气囊控制模块,安全气囊控制模块编程,800,2024-01-20 18:02
M8653,F8653,更换节气门位置传感器,节气门位置传感器,480,2025-05-03 12:51
M8654,F8654,更换左前轮速传感器,左前轮速传感器,280,2024-07-10 15:56
M8655,F8655,检查燃油蒸发系统管路,燃油蒸发管密封垫,350,2024-12-13 12:36
M8656,F8656,更换右前安全气囊传感器,右前安全气囊传感器,650,2024-12-26 10:01
M8657,F8657,升级ECM控制模块程序,ECM程序升级包,980,2025-12-09 19:45
M8658,F8658,更换右后轮速传感器,右后轮速传感器,270,2024-04-04 17:00
M8659,F8659,更换驾驶员侧安全气囊模块,驾驶员侧安全气囊模块,1500,2024-03-04 17:23
M8660,F8660,更换进气温度传感器,进气温度传感器,380,2025-03-02 14:16
M8661,F8661,更换火花塞+缸线检查,铱金火花塞(4支),380,2024-10-01 12:00
M8662,F8662,更换轮速传感器,右前轮速传感器,260,2024-10-19 17:34
M8663,F8663,清洗节气门+燃油滤芯更换,燃油滤芯,420,2024-05-20 11:16
M8664,F8664,维修空调压缩机,压缩机电磁阀,580,2024-06-02 18:37
M8665,F8665,更换催化转化器,原厂催化转化器,2800,2025-04-24 09:00
M8666,F8666,更换涡轮增压器电磁阀,涡轮电磁阀,850,2024-04-26 16:11
M8667,F8667,更换刹车压力传感器,刹车压力传感器,480,2025-10-28 17:31
M8668,F8668,更换安全带传感器,主驾驶安全带传感器,320,2025-09-11 13:48
M8669,F8669,更换机油压力传感器,机油压力传感器,450,2025-04-16 14:12
M8670,F8670,维修ABS控制模块,ABS控制模块维修包,1200,2024-05-08 15:38
M8671,F8671,更换凸轮轴位置传感器,凸轮轴位置传感器,520,2024-05-22 12:10
M8672,F8672,维修安全气囊控制模块,安全气囊控制模块编程,800,2025-09-17 13:29
M8673,F8673,更换节气门位置传感器,节气门位置传感器,480,2025-04-25 14:03
M8674,F8674,更换左前轮速传感器,左前轮速传感器,280,2024-03-17 14:32
M8675,F8675,检查燃油蒸发系统管路,燃油蒸发管密封垫,350,2024-01-04 14:48
M8676,F8676,更换右前安全气囊传感器,右前安全气囊传感器,650,2024-07-09 12:25
M8677,F8677,升级ECM控制模块程序,ECM程序升级包,980,2025-12-21 15:03
M8678,F8678,更换右后轮速传感器,右后轮速传感器,270,2024-08-28 15:19
M8679,F8679,更换驾驶员侧安全气囊模块,驾驶员侧安全气囊模块,1500,2025-12-27 15:34
M8680,F8680,更换进气温度传感器,进气温度传感器,380,2024-07-28 18:46
M8681,F8681,更换火花塞+缸线检查,铱金火花塞(4支),380,2025-05-02 15:00
M8682,F8682,更换轮速传感器,右前轮速传感器,260,2025-11-08 12:48
M8683,F8683,清洗节气门+燃油滤芯更换,燃油滤芯,420,2025-07-30 12:57
M8684,F8684,维修空调压缩机,压缩机电磁阀,580,2025-04-26 14:21
M8685,F8685,更换催化转化器,原厂催化转化器,2800,2025-02-05 13:49
M8686,F8686,更换涡轮增压器电磁阀,涡轮电磁阀,850,2024-09-10 10:20
M8687,F8687,更换刹车压力传感器,刹车压力传感器,480,2024-12-01 11:22
M8688,F8688,更换安全带传感器,主驾驶安全带传感器,320,2024-07-04 15:19
M8689,F8689,更换机油压力传感器,机油压力传感器,450,2024-05-04 11:14
M8690,F8690,维修ABS控制模块,ABS控制模块维修包,1200,2025-05-22 14:49
M8691,F8691,更换凸轮轴位置传感器,凸轮轴位置传感器,520,2024-09-03 17:34
M8692,F8692,维修安全气囊控制模块,安全气囊控制模块编程,800,2025-03-16 15:24
M8693,F8693,更换节气门位置传感器,节气门位置传感器,480,2024-02-16 09:07
M8694,F8694,更换左前轮速传感器,左前轮速传感器,280,2025-09-11 13:08
M8695,F8695,检查燃油蒸发系统管路,燃油蒸发管密封垫,350,2025-10-11 14:26
M8696,F8696,更换右前安全气囊传感器,右前安全气囊传感器,650,2025-01-05 15:12
M8697,F8697,升级ECM控制模块程序,ECM程序升级包,980,2025-04-04 09:15
M8698,F8698,更换右后轮速传感器,右后轮速传感器,270,2024-10-26 10:29
M8699,F8699,更换驾驶员侧安全气囊模块,驾驶员侧安全气囊模块,1500,2024-08-31 16:02
M8700,F8700,更换进气温度传感器,进气温度传感器,380,2025-11-03 15:06
M8701,F8701,更换火花塞+缸线检查,铱金火花塞(4支),380,2025-05-15 19:21
M8702,F8702,更换轮速传感器,右前轮速传感器,260,2024-01-01 16:35
M8703,F8703,清洗节气门+燃油滤芯更换,燃油滤芯,420,2025-04-07 12:14
M8704,F8704,维修空调压缩机,压缩机电磁阀,580,2025-03-01 11:00
M8705,F8705,更换催化转化器,原厂催化转化器,2800,2024-05-26 15:37
M8706,F8706,更换涡轮增压器电磁阀,涡轮电磁阀,850,2024-01-30 14:51
M8707,F8707,更换刹车压力传感器,刹车压力传感器,480,2024-09-26 16:05
M8708,F8708,更换安全带传感器,主驾驶安全带传感器,320,2024-01-19 18:51
M8709,F8709,更换机油压力传感器,机油压力传感器,450,2024-06-24 13:40
M8710,F8710,维修ABS控制模块,ABS控制模块维修包,1200,2024-11-06 12:20
M8711,F8711,更换凸轮轴位置传感器,凸轮轴位置传感器,520,2025-03-22 13:50
M8712,F8712,维修安全气囊控制模块,安全气囊控制模块编程,800,2025-10-06 15:19
M8713,F8713,更换节气门位置传感器,节气门位置传感器,480,2025-01-22 15:32
M8714,F8714,更换左前轮速传感器,左前轮速传感器,280,2024-06-28 15:14
M8715,F8715,检查燃油蒸发系统管路,燃油蒸发管密封垫,350,2025-06-09 13:14
M8716,F8716,更换右前安全气囊传感器,右前安全气囊传感器,650,2024-02-26 15:48
M8717,F8717,升级ECM控制模块程序,ECM程序升级包,980,2025-03-02 18:58
M8718,F8718,更换右后轮速传感器,右后轮速传感器,270,2024-11-20 11:30
M8719,F8719,更换驾驶员侧安全气囊模块,驾驶员侧安全气囊模块,1500,2024-07-08 17:40
M8720,F8720,更换进气温度传感器,进气温度传感器,380,2025-11-02 12:48
M8721,F8721,更换火花塞+缸线检查,铱金火花塞(4支),380,2025-02-23 12:37
M8722,F8722,更换轮速传感器,右前轮速传感器,260,2025-11-12 18:25
M8723,F8723,清洗节气门+燃油滤芯更换,燃油滤芯,420,2024-07-16 11:40
M8724,F8724,维修空调压缩机,压缩机电磁阀,580,2025-12-25 19:37
M8725,F8725,更换催化转化器,原厂催化转化器,2800,2024-10-27 09:35
M8726,F8726,更换涡轮增压器电磁阀,涡轮电磁阀,850,2024-09-30 11:24
M8727,F8727,更换刹车压力传感器,刹车压力传感器,480,2024-04-26 10:15
M8728,F8728,更换安全带传感器,主驾驶安全带传感器,320,2024-03-13 16:59
M8729,F8729,更换机油压力传感器,机油压力传感器,450,2024-08-18 17:59
M8730,F8730,维修ABS控制模块,ABS控制模块维修包,1200,2025-12-08 14:41
M8731,F8731,更换凸轮轴位置传感器,凸轮轴位置传感器,520,2025-04-21 16:18
M8732,F8732,维修安全气囊控制模块,安全气囊控制模块编程,800,2025-10-26 18:33
M8733,F8733,更换节气门位置传感器,节气门位置传感器,480,2024-07-29 12:43
M8734,F8734,更换左前轮速传感器,左前轮速传感器,280,2025-01-21 17:08
M8735,F8735,检查燃油蒸发系统管路,燃油蒸发管密封垫,350,2025-11-26 13:23
M8736,F8736,更换右前安全气囊传感器,右前安全气囊传感器,650,2024-12-17 16:19
M8737,F8737,升级ECM控制模块程序,ECM程序升级包,980,2024-05-16 11:49
M8738,F8738,更换右后轮速传感器,右后轮速传感器,270,2024-01-22 11:56
M8739,F8739,更换驾驶员侧安全气囊模块,驾驶员侧安全气囊模块,1500,2025-01-03 13:27
M8740,F8740,更换进气温度传感器,进气温度传感器,380,2025-11-24 13:05
M8741,F8741,更换火花塞+缸线检查,铱金火花塞(4支),380,2024-10-02 19:31
M8742,F8742,更换轮速传感器,右前轮速传感器,260,2025-04-06 09:08
M8743,F8743,清洗节气门+燃油滤芯更换,燃油滤芯,420,2024-03-31 12:14
M8744,F8744,维修空调压缩机,压缩机电磁阀,580,2024-03-20 14:44
M8745,F8745,更换催化转化器,原厂催化转化器,2800,2025-05-22 15:25
M8746,F8746,更换涡轮增压器电磁阀,涡轮电磁阀,850,2024-08-21 18:40
M8747,F8747,更换刹车压力传感器,刹车压力传感器,480,2025-06-07 13:26
M8748,F8748,更换安全带传感器,主驾驶安全带传感器,320,2025-08-29 15:28
M8749,F8749,更换机油压力传感器,机油压力传感器,450,2025-09-20 15:30
M8750,F8750,维修ABS控制模块,ABS控制模块维修包,1200,2025-09-01 16:45
M8751,F8751,更换凸轮轴位置传感器,凸轮轴位置传感器,520,2024-08-21 16:27
M8752,F8752,维修安全气囊控制模块,安全气囊控制模块编程,800,2024-01-22 15:52
M8753,F8753,更换节气门位置传感器,节气门位置传感器,480,2024-06-06 12:14
M8754,F8754,更换左前轮速传感器,左前轮速传感器,280,2025-01-21 14:45
M8755,F8755,检查燃油蒸发系统管路,燃油蒸发管密封垫,350,2024-01-15 11:18
M8756,F8756,更换右前安全气囊传感器,右前安全气囊传感器,650,2025-03-24 16:34
M8757,F8757,升级ECM控制模块程序,ECM程序升级包,980,2024-04-11 19:59
M8758,F8758,更换右后轮速传感器,右后轮速传感器,270,2025-07-26 15:45
M8759,F8759,更换驾驶员侧安全气囊模块,驾驶员侧安全气囊模块,1500,2025-04-09 15:08
M8760,F8760,更换进气温度传感器,进气温度传感器,380,2024-04-17 13:31
M8761,F8761,更换火花塞+缸线检查,铱金火花塞(4支),380,2024-09-21 15:22
M8762,F8762,更换轮速传感器,右前轮速传感器,260,2025-05-09 15:16
M8763,F8763,清洗节气门+燃油滤芯更换,燃油滤芯,420,2025-04-25 14:15
M8764,F8764,维修空调压缩机,压缩机电磁阀,580,2025-10-20 14:00
M8765,F8765,更换催化转化器,原厂催化转化器,2800,2025-02-24 10:50
M8766,F8766,更换涡轮增压器电磁阀,涡轮电磁阀,850,2025-10-10 11:03
M8767,F8767,更换刹车压力传感器,刹车压力传感器,480,2025-07-25 10:18
M8768,F8768,更换安全带传感器,主驾驶安全带传感器,320,2024-01-30 18:31
M8769,F8769,更换机油压力传感器,机油压力传感器,450,2025-02-07 17:28
M8770,F8770,维修ABS控制模块,ABS控制模块维修包,1200,2025-09-07 11:24
M8771,F8771,更换凸轮轴位置传感器,凸轮轴位置传感器,520,2024-12-07 11:49
M8772,F8772,维修安全气囊控制模块,安全气囊控制模块编程,800,2025-10-27 14:36
M8773,F8773,更换节气门位置传感器,节气门位置传感器,480,2024-06-01 12:55
M8774,F8774,更换左前轮速传感器,左前轮速传感器,280,2025-10-03 13:48
M8775,F8775,检查燃油蒸发系统管路,燃油蒸发管密封垫,350,2024-02-29 16:15
M8776,F8776,更换右前安全气囊传感器,右前安全气囊传感器,650,2024-11-26 09:52
M8777,F8777,升级ECM控制模块程序,ECM程序升级包,980,2025-08-14 12:21
M8778,F8778,更换右后轮速传感器,右后轮速传感器,270,2025-07-26 10:02
M8779,F8779,更换驾驶员侧安全气囊模块,驾驶员侧安全气囊模块,1500,2025-07-24 11:10
M8780,F8780,更换进气温度传感器,进气温度传感器,380,2025-08-11 12:08
M8781,F8781,更换火花塞+缸线检查,铱金火花塞(4支),380,2025-02-09 11:44
M8782,F8782,更换轮速传感器,右前轮速传感器,260,2025-07-12 13:18
M8783,F8783,清洗节气门+燃油滤芯更换,燃油滤芯,420,2025-08-23 11:28
M8784,F8784,维修空调压缩机,压缩机电磁阀,580,2025-05-14 11:26
M8785,F8785,更换催化转化器,原厂催化转化器,2800,2024-09-11 18:10
M8786,F8786,更换涡轮增压器电磁阀,涡轮电磁阀,850,2025-02-15 12:24
M8787,F8787,更换刹车压力传感器,刹车压力传感器,480,2025-12-11 18:47
M8788,F8788,更换安全带传感器,主驾驶安全带传感器,320,2024-04-11 11:43
M8789,F8789,更换机油压力传感器,机油压力传感器,450,2024-10-30 18:11
M8790,F8790,维修ABS控制模块,ABS控制模块维修包,1200,2024-11-06 17:23
M8791,F8791,更换凸轮轴位置传感器,凸轮轴位置传感器,520,2025-08-24 13:17
M8792,F8792,维修安全气囊控制模块,安全气囊控制模块编程,800,2025-08-16 11:34
M8793,F8793,更换节气门位置传感器,节气门位置传感器,480,2024-10-07 17:35
M8794,F8794,更换左前轮速传感器,左前轮速传感器,280,2025-01-31 14:05
M8795,F8795,检查燃油蒸发系统管路,燃油蒸发管密封垫,350,2025-05-17 18:40
M8796,F8796,更换右前安全气囊传感器,右前安全气囊传感器,650,2024-06-28 18:37
M8797,F8797,升级ECM控制模块程序,ECM程序升级包,980,2025-12-27 12:04
M8798,F8798,更换右后轮速传感器,右后轮速传感器,270,2024-05-19 18:22
M8799,F8799,更换驾驶员侧安全气囊模块,驾驶员侧安全气囊模块,1500,2025-04-03 11:42
M8800,F8800,更换进气温度传感器,进气温度传感器,380,2024-11-07 09:42
M8801,F8801,更换火花塞+缸线检查,铱金火花塞(4支),380,2025-06-26 12:34
M8802,F8802,更换轮速传感器,右前轮速传感器,260,2024-10-03 14:56
M8803,F8803,清洗节气门+燃油滤芯更换,燃油滤芯,420,2025-12-07 14:51
M8804,F8804,维修空调压缩机,压缩机电磁阀,580,2024-05-31 14:59
M8805,F8805,更换催化转化器,原厂催化转化器,2800,2025-09-07 17:34
M8806,F8806,更换涡轮增压器电磁阀,涡轮电磁阀,850,2024-12-23 10:47
M8807,F8807,更换刹车压力传感器,刹车压力传感器,480,2025-03-09 11:32
M8808,F8808,更换安全带传感器,主驾驶安全带传感器,320,2025-10-28 18:21
M8809,F8809,更换机油压力传感器,机油压力传感器,450,2025-11-06 10:47
M8810,F8810,维修ABS控制模块,ABS控制模块维修包,1200,2024-05-10 19:51
M8811,F8811,更换凸轮轴位置传感器,凸轮轴位置传感器,520,2024-07-02 10:46
M8812,F8812,维修安全气囊控制模块,安全气囊控制模块编程,800,2024-12-13 13:26
M8813,F8813,更换节气门位置传感器,节气门位置传感器,480,2025-06-23 18:04
M8814,F8814,更换左前轮速传感器,左前轮速传感器,280,2024-07-30 18:25
M8815,F8815,检查燃油蒸发系统管路,燃油蒸发管密封垫,350,2025-03-15 15:31
M8816,F8816,更换右前安全气囊传感器,右前安全气囊传感器,650,2025-02-11 12:17
M8817,F8817,升级ECM控制模块程序,ECM程序升级包,980,2025-06-03 19:18
M8818,F8818,更换右后轮速传感器,右后轮速传感器,270,2024-06-09 17:50
M8819,F8819,更换驾驶员侧安全气囊模块,驾驶员侧安全气囊模块,1500,2025-07-23 17:00
M8820,F8820,更换进气温度传感器,进气温度传感器,380,2025-06-28 14:38
M8821,F8821,更换火花塞+缸线检查,铱金火花塞(4支),380,2024-11-26 17:51
M8822,F8822,更换轮速传感器,右前轮速传感器,260,2025-12-14 14:37
M8823,F8823,清洗节气门+燃油滤芯更换,燃油滤芯,420,2024-10-23 10:09
M8824,F8824,维修空调压缩机,压缩机电磁阀,580,2025-12-19 09:56
M8825,F8825,更换催化转化器,原厂催化转化器,2800,2025-03-13 17:27
M8826,F8826,更换涡轮增压器电磁阀,涡轮电磁阀,850,2024-07-18 11:53
M8827,F8827,更换刹车压力传感器,刹车压力传感器,480,2025-11-28 13:59
M8828,F8828,更换安全带传感器,主驾驶安全带传感器,320,2024-02-11 18:30
M8829,F8829,更换机油压力传感器,机油压力传感器,450,2025-08-11 10:47
M8830,F8830,维修ABS控制模块,ABS控制模块维修包,1200,2024-08-22 14:21
M8831,F8831,更换凸轮轴位置传感器,凸轮轴位置传感器,520,2025-01-08 17:22
M8832,F8832,维修安全气囊控制模块,安全气囊控制模块编程,800,2025-06-01 14:18
M8833,F8833,更换节气门位置传感器,节气门位置传感器,480,2024-12-07 10:31
M8834,F8834,更换左前轮速传感器,左前轮速传感器,280,2024-11-09 10:33
M8835,F8835,检查燃油蒸发系统管路,燃油蒸发管密封垫,350,2024-03-20 18:14
M8836,F8836,更换右前安全气囊传感器,右前安全气囊传感器,650,2024-03-12 11:19
M8837,F8837,升级ECM控制模块程序,ECM程序升级包,980,2024-02-21 11:55
M8838,F8838,更换右后轮速传感器,右后轮速传感器,270,2025-08-09 15:58
M8839,F8839,更换驾驶员侧安全气囊模块,驾驶员侧安全气囊模块,1500,2025-03-08 18:58
M8840,F8840,更换进气温度传感器,进气温度传感器,380,2025-06-07 17:59
M8841,F8841,更换火花塞+缸线检查,铱金火花塞(4支),380,2025-01-14 18:49
M8842,F8842,更换轮速传感器,右前轮速传感器,260,2024-08-03 14:08
M8843,F8843,清洗节气门+燃油滤芯更换,燃油滤芯,420,2025-04-10 10:34
M8844,F8844,维修空调压缩机,压缩机电磁阀,580,2024-01-18 12:03
M8845,F8845,更换催化转化器,原厂催化转化器,2800,2025-09-29 14:34
M8846,F8846,更换涡轮增压器电磁阀,涡轮电磁阀,850,2025-03-24 14:45
M8847,F8847,更换刹车压力传感器,刹车压力传感器,480,2025-07-12 15:31
M8848,F8848,更换安全带传感器,主驾驶安全带传感器,320,2024-08-13 19:44
M8849,F8849,更换机油压力传感器,机油压力传感器,450,2024-11-11 13:42
M8850,F8850,维修ABS控制模块,ABS控制模块维修包,1200,2024-05-15 10:07
M8851,F8851,更换凸轮轴位置传感器,凸轮轴位置传感器,520,2024-04-03 16:32
M8852,F8852,维修安全气囊控制模块,安全气囊控制模块编程,800,2024-11-19 17:12
M8853,F8853,更换节气门位置传感器,节气门位置传感器,480,2024-12-15 13:52
M8854,F8854,更换左前轮速传感器,左前轮速传感器,280,2025-08-12 17:16
M8855,F8855,检查燃油蒸发系统管路,燃油蒸发管密封垫,350,2025-03-02 10:55
M8856,F8856,更换右前安全气囊传感器,右前安全气囊传感器,650,2024-10-17 11:17
M8857,F8857,升级ECM控制模块程序,ECM程序升级包,980,2024-09-02 13:08
M8858,F8858,更换右后轮速传感器,右后轮速传感器,270,2025-06-11 09:52
M8859,F8859,更换驾驶员侧安全气囊模块,驾驶员侧安全气囊模块,1500,2025-12-26 17:25
M8860,F8860,更换进气温度传感器,进气温度传感器,380,2024-02-18 16:46
M8861,F8861,更换火花塞+缸线检查,铱金火花塞(4支),380,2025-12-17 10:50
M8862,F8862,更换轮速传感器,右前轮速传感器,260,2024-01-02 10:26
M8863,F8863,清洗节气门+燃油滤芯更换,燃油滤芯,420,2024-09-12 19:20
M8864,F8864,维修空调压缩机,压缩机电磁阀,580,2024-02-28 18:14
M8865,F8865,更换催化转化器,原厂催化转化器,2800,2025-10-29 17:06
M8866,F8866,更换涡轮增压器电磁阀,涡轮电磁阀,850,2024-03-13 14:42
M8867,F8867,更换刹车压力传感器,刹车压力传感器,480,2025-03-07 19:41
M8868,F8868,更换安全带传感器,主驾驶安全带传感器,320,2025-06-19 14:54
M8869,F8869,更换机油压力传感器,机油压力传感器,450,2024-10-28 17:38
M8870,F8870,维修ABS控制模块,ABS控制模块维修包,1200,2024-08-22 17:17
M8871,F8871,更换凸轮轴位置传感器,凸轮轴位置传感器,520,2024-05-27 12:19
M8872,F8872,维修安全气囊控制模块,安全气囊控制模块编程,800,2025-03-08 17:29
M8873,F8873,更换节气门位置传感器,节气门位置传感器,480,2024-06-19 18:13
M8874,F8874,更换左前轮速传感器,左前轮速传感器,280,2025-10-26 13:20
M8875,F8875,检查燃油蒸发系统管路,燃油蒸发管密封垫,350,2024-07-20 15:36
M8876,F8876,更换右前安全气囊传感器,右前安全气囊传感器,650,2025-08-20 17:50
M8877,F8877,升级ECM控制模块程序,ECM程序升级包,980,2025-12-17 12:08
M8878,F8878,更换右后轮速传感器,右后轮速传感器,270,2025-08-17 15:19
M8879,F8879,更换驾驶员侧安全气囊模块,驾驶员侧安全气囊模块,1500,2025-04-10 14:27
M8880,F8880,更换进气温度传感器,进气温度传感器,380,2025-10-07 11:26
M8881,F8881,更换火花塞+缸线检查,铱金火花塞(4支),380,2024-05-08 17:56
M8882,F8882,更换轮速传感器,右前轮速传感器,260,2024-07-17 18:58
M8883,F8883,清洗节气门+燃油滤芯更换,燃油滤芯,420,2024-08-05 11:32
M8884,F8884,维修空调压缩机,压缩机电磁阀,580,2024-04-10 17:29
M8885,F8885,更换催化转化器,原厂催化转化器,2800,2025-03-03 13:41
M8886,F8886,更换涡轮增压器电磁阀,涡轮电磁阀,850,2024-10-03 18:07
M8887,F8887,更换刹车压力传感器,刹车压力传感器,480,2025-06-15 10:48
M8888,F8888,更换安全带传感器,主驾驶安全带传感器,320,2024-09-10 16:40
M8889,F8889,更换机油压力传感器,机油压力传感器,450,2025-08-04 18:06
M8890,F8890,维修ABS控制模块,ABS控制模块维修包,1200,2024-02-12 19:28
M8891,F8891,更换凸轮轴位置传感器,凸轮轴位置传感器,520,2024-08-19 09:09
M8892,F8892,维修安全气囊控制模块,安全气囊控制模块编程,800,2025-01-01 17:37
M8893,F8893,更换节气门位置传感器,节气门位置传感器,480,2025-10-22 13:35
M8894,F8894,更换左前轮速传感器,左前轮速传感器,280,2024-07-06 10:51
M8895,F8895,检查燃油蒸发系统管路,燃油蒸发管密封垫,350,2024-04-10 13:18
M8896,F8896,更换右前安全气囊传感器,右前安全气囊传感器,650,2024-11-25 09:00
M8897,F8897,升级ECM控制模块程序,ECM程序升级包,980,2024-10-14 13:07
M8898,F8898,更换右后轮速传感器,右后轮速传感器,270,2025-07-23 11:51
M8899,F8899,更换驾驶员侧安全气囊模块,驾驶员侧安全气囊模块,1500,2024-03-22 19:53
M8900,F8900,更换进气温度传感器,进气温度传感器,380,2025-09-13 17:38
M8901,F8901,更换火花塞+缸线检查,铱金火花塞(4支),380,2025-11-05 10:25
M8902,F8902,更换轮速传感器,右前轮速传感器,260,2025-04-09 15:41
M8903,F8903,清洗节气门+燃油滤芯更换,燃油滤芯,420,2024-11-14 09:53
M8904,F8904,维修空调压缩机,压缩机电磁阀,580,2025-07-14 12:05
M8905,F8905,更换催化转化器,原厂催化转化器,2800,2024-11-17 10:37
M8906,F8906,更换涡轮增压器电磁阀,涡轮电磁阀,850,2024-08-03 16:26
M8907,F8907,更换刹车压力传感器,刹车压力传感器,480,2024-01-17 17:37
M8908,F8908,更换安全带传感器,主驾驶安全带传感器,320,2024-11-21 10:23
M8909,F8909,更换机油压力传感器,机油压力传感器,450,2024-08-13 12:51
M8910,F8910,维修ABS控制模块,ABS控制模块维修包,1200,2025-03-04 12:31
M8911,F8911,更换凸轮轴位置传感器,凸轮轴位置传感器,520,2025-09-08 14:30
M8912,F8912,维修安全气囊控制模块,安全气囊控制模块编程,800,2024-10-30 13:01
M8913,F8913,更换节气门位置传感器,节气门位置传感器,480,2025-11-22 19:07
M8914,F8914,更换左前轮速传感器,左前轮速传感器,280,2025-06-06 18:17
M8915,F8915,检查燃油蒸发系统管路,燃油蒸发管密封垫,350,2024-03-02 18:58
M8916,F8916,更换右前安全气囊传感器,右前安全气囊传感器,650,2024-06-07 17:03
M8917,F8917,升级ECM控制模块程序,ECM程序升级包,980,2024-07-29 11:38
M8918,F8918,更换右后轮速传感器,右后轮速传感器,270,2025-08-10 14:08
M8919,F8919,更换驾驶员侧安全气囊模块,驾驶员侧安全气囊模块,1500,2024-11-15 18:04
M8920,F8920,更换进气温度传感器,进气温度传感器,380,2025-03-02 14:32
M8921,F8921,更换火花塞+缸线检查,铱金火花塞(4支),380,2025-03-10 11:59
M8922,F8922,更换轮速传感器,右前轮速传感器,260,2024-04-07 12:40
M8923,F8923,清洗节气门+燃油滤芯更换,燃油滤芯,420,2024-03-27 17:50
M8924,F8924,维修空调压缩机,压缩机电磁阀,580,2024-05-14 09:35
M8925,F8925,更换催化转化器,原厂催化转化器,2800,2024-10-26 12:12
M8926,F8926,更换涡轮增压器电磁阀,涡轮电磁阀,850,2024-12-12 14:57
M8927,F8927,更换刹车压力传感器,刹车压力传感器,480,2024-11-15 18:23
M8928,F8928,更换安全带传感器,主驾驶安全带传感器,320,2024-12-03 10:02
M8929,F8929,更换机油压力传感器,机油压力传感器,450,2024-05-22 11:06
M8930,F8930,维修ABS控制模块,ABS控制模块维修包,1200,2025-11-04 12:31
M8931,F8931,更换凸轮轴位置传感器,凸轮轴位置传感器,520,2025-01-02 18:10
M8932,F8932,维修安全气囊控制模块,安全气囊控制模块编程,800,2024-04-15 11:07
M8933,F8933,更换节气门位置传感器,节气门位置传感器,480,2024-10-11 16:16
M8934,F8934,更换左前轮速传感器,左前轮速传感器,280,2025-05-22 16:40
M8935,F8935,检查燃油蒸发系统管路,燃油蒸发管密封垫,350,2024-12-18 19:28
M8936,F8936,更换右前安全气囊传感器,右前安全气囊传感器,650,2025-05-22 11:46
M8937,F8937,升级ECM控制模块程序,ECM程序升级包,980,2024-11-18 16:30
M8938,F8938,更换右后轮速传感器,右后轮速传感器,270,2025-03-09 13:57
M8939,F8939,更换驾驶员侧安全气囊模块,驾驶员侧安全气囊模块,1500,2025-11-07 15:10
M8940,F8940,更换进气温度传感器,进气温度传感器,380,2025-05-20 09:29
M8941,F8941,更换火花塞+缸线检查,铱金火花塞(4支),380,2025-02-04 18:17
M8942,F8942,更换轮速传感器,右前轮速传感器,260,2025-11-04 19:09
M8943,F8943,清洗节气门+燃油滤芯更换,燃油滤芯,420,2024-07-22 14:23
M8944,F8944,维修空调压缩机,压缩机电磁阀,580,2025-01-30 17:52
M8945,F8945,更换催化转化器,原厂催化转化器,2800,2025-02-01 12:33
M8946,F8946,更换涡轮增压器电磁阀,涡轮电磁阀,850,2025-12-15 10:31
M8947,F8947,更换刹车压力传感器,刹车压力传感器,480,2024-02-26 09:17
M8948,F8948,更换安全带传感器,主驾驶安全带传感器,320,2024-09-21 15:33
M8949,F8949,更换机油压力传感器,机油压力传感器,450,2025-03-03 09:34
M8950,F8950,维修ABS控制模块,ABS控制模块维修包,1200,2024-08-25 16:55
M8951,F8951,更换凸轮轴位置传感器,凸轮轴位置传感器,520,2025-04-23 15:33
M8952,F8952,维修安全气囊控制模块,安全气囊控制模块编程,800,2025-11-10 12:29
M8953,F8953,更换节气门位置传感器,节气门位置传感器,480,2024-11-02 16:46
M8954,F8954,更换左前轮速传感器,左前轮速传感器,280,2024-05-02 18:47
M8955,F8955,检查燃油蒸发系统管路,燃油蒸发管密封垫,350,2024-09-14 09:53
M8956,F8956,更换右前安全气囊传感器,右前安全气囊传感器,650,2025-03-10 14:29
M8957,F8957,升级ECM控制模块程序,ECM程序升级包,980,2024-02-23 17:21
M8958,F8958,更换右后轮速传感器,右后轮速传感器,270,2025-11-12 16:14
M8959,F8959,更换驾驶员侧安全气囊模块,驾驶员侧安全气囊模块,1500,2025-06-28 12:30
M8960,F8960,更换进气温度传感器,进气温度传感器,380,2025-08-02 16:20
M8961,F8961,更换火花塞+缸线检查,铱金火花塞(4支),380,2024-11-02 14:28
M8962,F8962,更换轮速传感器,右前轮速传感器,260,2024-04-13 18:39
M8963,F8963,清洗节气门+燃油滤芯更换,燃油滤芯,420,2025-09-02 09:57
M8964,F8964,维修空调压缩机,压缩机电磁阀,580,2025-04-03 16:59
M8965,F8965,更换催化转化器,原厂催化转化器,2800,2025-06-23 11:13
M8966,F8966,更换涡轮增压器电磁阀,涡轮电磁阀,850,2024-07-07 13:33
M8967,F8967,更换刹车压力传感器,刹车压力传感器,480,2025-04-04 17:29
M8968,F8968,更换安全带传感器,主驾驶安全带传感器,320,2025-09-06 11:03
M8969,F8969,更换机油压力传感器,机油压力传感器,450,2024-12-11 10:37
M8970,F8970,维修ABS控制模块,ABS控制模块维修包,1200,2025-02-13 11:42
M8971,F8971,更换凸轮轴位置传感器,凸轮轴位置传感器,520,2025-03-21 12:17
M8972,F8972,维修安全气囊控制模块,安全气囊控制模块编程,800,2025-09-28 15:06
M8973,F8973,更换节气门位置传感器,节气门位置传感器,480,2025-01-22 13:35
M8974,F8974,更换左前轮速传感器,左前轮速传感器,280,2024-12-27 18:55
M8975,F8975,检查燃油蒸发系统管路,燃油蒸发管密封垫,350,2024-04-10 16:20
M8976,F8976,更换右前安全气囊传感器,右前安全气囊传感器,650,2024-05-30 15:50
M8977,F8977,升级ECM控制模块程序,ECM程序升级包,980,2025-02-03 11:25
M8978,F8978,更换右后轮速传感器,右后轮速传感器,270,2025-03-27 14:01
M8979,F8979,更换驾驶员侧安全气囊模块,驾驶员侧安全气囊模块,1500,2025-07-29 14:57
M8980,F8980,更换进气温度传感器,进气温度传感器,380,2025-12-30 14:14
M8981,F8981,更换火花塞+缸线检查,铱金火花塞(4支),380,2024-10-29 14:10
M8982,F8982,更换轮速传感器,右前轮速传感器,260,2025-12-21 17:59
M8983,F8983,清洗节气门+燃油滤芯更换,燃油滤芯,420,2024-08-01 15:00
M8984,F8984,维修空调压缩机,压缩机电磁阀,580,2025-04-10 13:54
M8985,F8985,更换催化转化器,原厂催化转化器,2800,2025-07-30 19:55
M8986,F8986,更换涡轮增压器电磁阀,涡轮电磁阀,850,2025-07-11 14:01
M8987,F8987,更换刹车压力传感器,刹车压力传感器,480,2025-08-30 10:32
M8988,F8988,更换安全带传感器,主驾驶安全带传感器,320,2024-08-22 15:07
M8989,F8989,更换机油压力传感器,机油压力传感器,450,2025-07-30 11:51
M8990,F8990,维修ABS控制模块,ABS控制模块维修包,1200,2025-02-06 15:40
M8991,F8991,更换凸轮轴位置传感器,凸轮轴位置传感器,520,2025-05-17 15:13
M8992,F8992,维修安全气囊控制模块,安全气囊控制模块编程,800,2025-10-13 12:39
M8993,F8993,更换节气门位置传感器,节气门位置传感器,480,2025-02-03 14:12
M8994,F8994,更换左前轮速传感器,左前轮速传感器,280,2024-08-04 16:09
M8995,F8995,检查燃油蒸发系统管路,燃油蒸发管密封垫,350,2025-03-15 12:03
M8996,F8996,更换右前安全气囊传感器,右前安全气囊传感器,650,2025-07-29 11:28
M8997,F8997,升级ECM控制模块程序,ECM程序升级包,980,2024-05-03 15:13
M8998,F8998,更换右后轮速传感器,右后轮速传感器,270,2024-02-29 09:39
M8999,F8999,更换驾驶员侧安全气囊模块,驾驶员侧安全气囊模块,1500,2024-11-12 10:55
M9000,F9000,更换进气温度传感器,进气温度传感器,380,2024-03-01 12:00
M9001,F9001,更换火花塞+缸线检查,铱金火花塞(4支),380,2025-10-07 10:38
M9002,F9002,更换轮速传感器,右前轮速传感器,260,2025-02-15 15:16
M9003,F9003,清洗节气门+燃油滤芯更换,燃油滤芯,420,2024-11-11 16:04
M9004,F9004,维修空调压缩机,压缩机电磁阀,580,2024-09-06 14:45
M9005,F9005,更换催化转化器,原厂催化转化器,2800,2024-06-03 16:29
M9006,F9006,更换涡轮增压器电磁阀,涡轮电磁阀,850,2025-09-09 14:37
M9007,F9007,更换刹车压力传感器,刹车压力传感器,480,2025-08-28 18:51
M9008,F9008,更换安全带传感器,主驾驶安全带传感器,320,2025-11-12 13:48
M9009,F9009,更换机油压力传感器,机油压力传感器,450,2025-01-04 15:47
M9010,F9010,维修ABS控制模块,ABS控制模块维修包,1200,2024-11-30 17:31
M9011,F9011,更换凸轮轴位置传感器,凸轮轴位置传感器,520,2024-05-23 18:48
M9012,F9012,维修安全气囊控制模块,安全气囊控制模块编程,800,2024-03-07 13:35
M9013,F9013,更换节气门位置传感器,节气门位置传感器,480,2024-01-27 16:55
M9014,F9014,更换左前轮速传感器,左前轮速传感器,280,2024-09-17 14:30
M9015,F9015,检查燃油蒸发系统管路,燃油蒸发管密封垫,350,2025-12-10 14:03
M9016,F9016,更换右前安全气囊传感器,右前安全气囊传感器,650,2024-07-03 18:42
M9017,F9017,升级ECM控制模块程序,ECM程序升级包,980,2025-05-24 10:11
M9018,F9018,更换右后轮速传感器,右后轮速传感器,270,2024-02-18 09:24
M9019,F9019,更换驾驶员侧安全气囊模块,驾驶员侧安全气囊模块,1500,2025-11-04 15:16
M9020,F9020,更换进气温度传感器,进气温度传感器,380,2025-06-18 16:54
M9021,F9021,更换火花塞+缸线检查,铱金火花塞(4支),380,2024-04-14 12:33
M9022,F9022,更换轮速传感器,右前轮速传感器,260,2025-01-08 17:17
M9023,F9023,清洗节气门+燃油滤芯更换,燃油滤芯,420,2024-06-23 16:50
M9024,F9024,维修空调压缩机,压缩机电磁阀,580,2024-08-08 11:20
M9025,F9025,更换催化转化器,原厂催化转化器,2800,2024-05-24 10:24
M9026,F9026,更换涡轮增压器电磁阀,涡轮电磁阀,850,2024-08-14 11:59
M9027,F9027,更换刹车压力传感器,刹车压力传感器,480,2024-10-28 10:55
M9028,F9028,更换安全带传感器,主驾驶安全带传感器,320,2025-02-23 11:30
M9029,F9029,更换机油压力传感器,机油压力传感器,450,2024-02-11 15:28
M9030,F9030,维修ABS控制模块,ABS控制模块维修包,1200,2024-06-04 17:53
M9031,F9031,更换凸轮轴位置传感器,凸轮轴位置传感器,520,2024-03-03 15:01
M9032,F9032,维修安全气囊控制模块,安全气囊控制模块编程,800,2024-09-03 10:09
M9033,F9033,更换节气门位置传感器,节气门位置传感器,480,2024-09-01 10:18
M9034,F9034,更换左前轮速传感器,左前轮速传感器,280,2025-08-23 16:11
M9035,F9035,检查燃油蒸发系统管路,燃油蒸发管密封垫,350,2025-12-24 16:43
M9036,F9036,更换右前安全气囊传感器,右前安全气囊传感器,650,2024-08-30 18:29
M9037,F9037,升级ECM控制模块程序,ECM程序升级包,980,2025-11-02 10:55
M9038,F9038,更换右后轮速传感器,右后轮速传感器,270,2024-01-25 10:39
M9039,F9039,更换驾驶员侧安全气囊模块,驾驶员侧安全气囊模块,1500,2024-08-06 12:48
M9040,F9040,更换进气温度传感器,进气温度传感器,380,2025-04-18 18:32
M9041,F9041,更换火花塞+缸线检查,铱金火花塞(4支),380,2024-03-18 09:39
M9042,F9042,更换轮速传感器,右前轮速传感器,260,2024-12-17 12:19
M9043,F9043,清洗节气门+燃油滤芯更换,燃油滤芯,420,2025-03-28 15:38
M9044,F9044,维修空调压缩机,压缩机电磁阀,580,2024-12-01 13:52
M9045,F9045,更换催化转化器,原厂催化转化器,2800,2025-04-11 10:30
M9046,F9046,更换涡轮增压器电磁阀,涡轮电磁阀,850,2024-04-08 18:28
M9047,F9047,更换刹车压力传感器,刹车压力传感器,480,2025-09-01 14:23
M9048,F9048,更换安全带传感器,主驾驶安全带传感器,320,2025-01-21 11:51
M9049,F9049,更换机油压力传感器,机油压力传感器,450,2025-01-31 17:30
M9050,F9050,维修ABS控制模块,ABS控制模块维修包,1200,2024-11-27 09:08
M9051,F9051,更换凸轮轴位置传感器,凸轮轴位置传感器,520,2025-10-05 16:12
M9052,F9052,维修安全气囊控制模块,安全气囊控制模块编程,800,2024-03-18 13:20
M9053,F9053,更换节气门位置传感器,节气门位置传感器,480,2024-09-01 19:54
M9054,F9054,更换左前轮速传感器,左前轮速传感器,280,2024-06-29 14:28
M9055,F9055,检查燃油蒸发系统管路,燃油蒸发管密封垫,350,2024-01-31 15:42
M9056,F9056,更换右前安全气囊传感器,右前安全气囊传感器,650,2024-05-09 14:40
M9057,F9057,升级ECM控制模块程序,ECM程序升级包,980,2025-01-19 12:01
M9058,F9058,更换右后轮速传感器,右后轮速传感器,270,2025-11-30 14:23
M9059,F9059,更换驾驶员侧安全气囊模块,驾驶员侧安全气囊模块,1500,2024-04-20 18:59
M9060,F9060,更换进气温度传感器,进气温度传感器,380,2025-05-26 15:45
M9061,F9061,更换火花塞+缸线检查,铱金火花塞(4支),380,2024-08-15 18:44
M9062,F9062,更换轮速传感器,右前轮速传感器,260,2024-05-10 15:51
M9063,F9063,清洗节气门+燃油滤芯更换,燃油滤芯,420,2024-12-31 14:26
M9064,F9064,维修空调压缩机,压缩机电磁阀,580,2025-11-26 15:10
M9065,F9065,更换催化转化器,原厂催化转化器,2800,2025-07-12 13:50
M9066,F9066,更换涡轮增压器电磁阀,涡轮电磁阀,850,2024-02-19 09:59
M9067,F9067,更换刹车压力传感器,刹车压力传感器,480,2025-03-28 16:15
M9068,F9068,更换安全带传感器,主驾驶安全带传感器,320,2024-05-25 12:05
M9069,F9069,更换机油压力传感器,机油压力传感器,450,2024-04-28 19:55
M9070,F9070,维修ABS控制模块,ABS控制模块维修包,1200,2025-02-13 15:51
M9071,F9071,更换凸轮轴位置传感器,凸轮轴位置传感器,520,2025-02-16 10:08
M9072,F9072,维修安全气囊控制模块,安全气囊控制模块编程,800,2024-02-24 13:19
M9073,F9073,更换节气门位置传感器,节气门位置传感器,480,2025-12-19 12:03
M9074,F9074,更换左前轮速传感器,左前轮速传感器,280,2024-01-10 11:24
M9075,F9075,检查燃油蒸发系统管路,燃油蒸发管密封垫,350,2024-02-19 14:30
M9076,F9076,更换右前安全气囊传感器,右前安全气囊传感器,650,2025-10-20 16:13
M9077,F9077,升级ECM控制模块程序,ECM程序升级包,980,2025-04-20 16:40
M9078,F9078,更换右后轮速传感器,右后轮速传感器,270,2025-08-05 18:17
M9079,F9079,更换驾驶员侧安全气囊模块,驾驶员侧安全气囊模块,1500,2025-10-28 13:17
M9080,F9080,更换进气温度传感器,进气温度传感器,380,2024-08-05 12:40
M9081,F9081,更换火花塞+缸线检查,铱金火花塞(4支),380,2024-03-27 09:08
M9082,F9082,更换轮速传感器,右前轮速传感器,260,2024-12-12 09:53
M9083,F9083,清洗节气门+燃油滤芯更换,燃油滤芯,420,2024-11-29 17:19
M9084,F9084,维修空调压缩机,压缩机电磁阀,580,2024-08-16 18:30
M9085,F9085,更换催化转化器,原厂催化转化器,2800,2024-06-05 15:05
M9086,F9086,更换涡轮增压器电磁阀,涡轮电磁阀,850,2025-03-19 14:39
M9087,F9087,更换刹车压力传感器,刹车压力传感器,480,2025-11-29 16:15
M9088,F9088,更换安全带传感器,主驾驶安全带传感器,320,2025-06-17 15:14
M9089,F9089,更换机油压力传感器,机油压力传感器,450,2025-05-11 10:57
M9090,F9090,维修ABS控制模块,ABS控制模块维修包,1200,2025-08-27 14:51
M9091,F9091,更换凸轮轴位置传感器,凸轮轴位置传感器,520,2024-07-29 16:11
M9092,F9092,维修安全气囊控制模块,安全气囊控制模块编程,800,2025-05-20 15:45
M9093,F9093,更换节气门位置传感器,节气门位置传感器,480,2024-10-01 15:52
M9094,F9094,更换左前轮速传感器,左前轮速传感器,280,2025-09-21 14:33
M9095,F9095,检查燃油蒸发系统管路,燃油蒸发管密封垫,350,2025-01-29 13:53
M9096,F9096,更换右前安全气囊传感器,右前安全气囊传感器,650,2025-08-23 12:25
M9097,F9097,升级ECM控制模块程序,ECM程序升级包,980,2024-10-11 12:04
M9098,F9098,更换右后轮速传感器,右后轮速传感器,270,2025-06-27 11:31
M9099,F9099,更换驾驶员侧安全气囊模块,驾驶员侧安全气囊模块,1500,2024-07-22 13:26
M9100,F9100,更换进气温度传感器,进气温度传感器,380,2024-05-11 17:50
M9101,F9101,更换火花塞+缸线检查,铱金火花塞(4支),380,2025-07-13 12:52
M9102,F9102,更换轮速传感器,右前轮速传感器,260,2025-10-03 17:31
M9103,F9103,清洗节气门+燃油滤芯更换,燃油滤芯,420,2025-12-29 14:57
M9104,F9104,维修空调压缩机,压缩机电磁阀,580,2025-09-29 17:01
M9105,F9105,更换催化转化器,原厂催化转化器,2800,2025-05-10 17:23
M9106,F9106,更换涡轮增压器电磁阀,涡轮电磁阀,850,2025-03-04 11:18
M9107,F9107,更换刹车压力传感器,刹车压力传感器,480,2024-01-23 16:47
M9108,F9108,更换安全带传感器,主驾驶安全带传感器,320,2024-09-20 14:12
M9109,F9109,更换机油压力传感器,机油压力传感器,450,2025-07-07 17:43
M9110,F9110,维修ABS控制模块,ABS控制模块维修包,1200,2025-05-22 16:45
M9111,F9111,更换凸轮轴位置传感器,凸轮轴位置传感器,520,2025-03-09 17:57
M9112,F9112,维修安全气囊控制模块,安全气囊控制模块编程,800,2024-08-22 10:07
M9113,F9113,更换节气门位置传感器,节气门位置传感器,480,2025-04-17 15:20
M9114,F9114,更换左前轮速传感器,左前轮速传感器,280,2024-07-07 15:31
M9115,F9115,检查燃油蒸发系统管路,燃油蒸发管密封垫,350,2024-04-26 19:50
M9116,F9116,更换右前安全气囊传感器,右前安全气囊传感器,650,2025-03-15 19:37
M9117,F9117,升级ECM控制模块程序,ECM程序升级包,980,2025-08-22 17:45
M9118,F9118,更换右后轮速传感器,右后轮速传感器,270,2024-08-21 12:48
M9119,F9119,更换驾驶员侧安全气囊模块,驾驶员侧安全气囊模块,1500,2024-11-04 11:54
M9120,F9120,更换进气温度传感器,进气温度传感器,380,2024-01-24 17:26
M9121,F9121,更换火花塞+缸线检查,铱金火花塞(4支),380,2024-10-26 10:04
M9122,F9122,更换轮速传感器,右前轮速传感器,260,2024-05-03 11:09
M9123,F9123,清洗节气门+燃油滤芯更换,燃油滤芯,420,2024-05-19 11:32
M9124,F9124,维修空调压缩机,压缩机电磁阀,580,2024-03-08 12:39
M9125,F9125,更换催化转化器,原厂催化转化器,2800,2024-12-29 16:59
M9126,F9126,更换涡轮增压器电磁阀,涡轮电磁阀,850,2025-04-03 10:47
M9127,F9127,更换刹车压力传感器,刹车压力传感器,480,2025-05-05 13:50
M9128,F9128,更换安全带传感器,主驾驶安全带传感器,320,2025-06-27 11:59
M9129,F9129,更换机油压力传感器,机油压力传感器,450,2025-03-09 17:06
M9130,F9130,维修ABS控制模块,ABS控制模块维修包,1200,2024-01-14 18:27
M9131,F9131,更换凸轮轴位置传感器,凸轮轴位置传感器,520,2025-04-10 11:55
M9132,F9132,维修安全气囊控制模块,安全气囊控制模块编程,800,2024-02-19 17:40
M9133,F9133,更换节气门位置传感器,节气门位置传感器,480,2024-11-29 12:11
M9134,F9134,更换左前轮速传感器,左前轮速传感器,280,2024-07-24 16:20
M9135,F9135,检查燃油蒸发系统管路,燃油蒸发管密封垫,350,2024-03-08 15:20
M9136,F9136,更换右前安全气囊传感器,右前安全气囊传感器,650,2025-08-13 14:19
M9137,F9137,升级ECM控制模块程序,ECM程序升级包,980,2025-06-18 14:46
M9138,F9138,更换右后轮速传感器,右后轮速传感器,270,2024-02-18 15:48
M9139,F9139,更换驾驶员侧安全气囊模块,驾驶员侧安全气囊模块,1500,2025-02-12 16:53
M9140,F9140,更换进气温度传感器,进气温度传感器,380,2024-01-23 13:09
M9141,F9141,更换火花塞+缸线检查,铱金火花塞(4支),380,2024-08-16 17:31
M9142,F9142,更换轮速传感器,右前轮速传感器,260,2025-02-08 09:48
M9143,F9143,清洗节气门+燃油滤芯更换,燃油滤芯,420,2024-02-24 12:32
M9144,F9144,维修空调压缩机,压缩机电磁阀,580,2025-09-01 17:57
M9145,F9145,更换催化转化器,原厂催化转化器,2800,2025-08-27 14:32
M9146,F9146,更换涡轮增压器电磁阀,涡轮电磁阀,850,2025-05-13 14:41
M9147,F9147,更换刹车压力传感器,刹车压力传感器,480,2025-02-18 16:20
M9148,F9148,更换安全带传感器,主驾驶安全带传感器,320,2024-08-25 16:49
M9149,F9149,更换机油压力传感器,机油压力传感器,450,2025-09-11 13:45
M9150,F9150,维修ABS控制模块,ABS控制模块维修包,1200,2025-11-07 16:54
M9151,F9151,更换凸轮轴位置传感器,凸轮轴位置传感器,520,2025-02-07 19:42
M9152,F9152,维修安全气囊控制模块,安全气囊控制模块编程,800,2025-05-28 11:10
M9153,F9153,更换节气门位置传感器,节气门位置传感器,480,2025-12-02 16:24
M9154,F9154,更换左前轮速传感器,左前轮速传感器,280,2024-10-20 16:46
M9155,F9155,检查燃油蒸发系统管路,燃油蒸发管密封垫,350,2025-05-23 11:52
M9156,F9156,更换右前安全气囊传感器,右前安全气囊传感器,650,2024-09-22 11:06
M9157,F9157,升级ECM控制模块程序,ECM程序升级包,980,2025-12-03 11:50
M9158,F9158,更换右后轮速传感器,右后轮速传感器,270,2025-03-10 18:35
M9159,F9159,更换驾驶员侧安全气囊模块,驾驶员侧安全气囊模块,1500,2024-12-22 12:11
M9160,F9160,更换进气温度传感器,进气温度传感器,380,2024-04-14 16:02
M9161,F9161,更换火花塞+缸线检查,铱金火花塞(4支),380,2025-11-10 18:23
M9162,F9162,更换轮速传感器,右前轮速传感器,260,2024-08-19 10:57
M9163,F9163,清洗节气门+燃油滤芯更换,燃油滤芯,420,2024-02-20 10:49
M9164,F9164,维修空调压缩机,压缩机电磁阀,580,2024-08-13 11:43
M9165,F9165,更换催化转化器,原厂催化转化器,2800,2025-05-27 13:32
M9166,F9166,更换涡轮增压器电磁阀,涡轮电磁阀,850,2024-08-08 10:23
M9167,F9167,更换刹车压力传感器,刹车压力传感器,480,2025-02-24 12:03
M9168,F9168,更换安全带传感器,主驾驶安全带传感器,320,2024-07-09 10:12
M9169,F9169,更换机油压力传感器,机油压力传感器,450,2025-10-25 10:03
M9170,F9170,维修ABS控制模块,ABS控制模块维修包,1200,2025-07-28 09:14
M9171,F9171,更换凸轮轴位置传感器,凸轮轴位置传感器,520,2025-06-03 09:22
M9172,F9172,维修安全气囊控制模块,安全气囊控制模块编程,800,2024-02-22 12:10
M9173,F9173,更换节气门位置传感器,节气门位置传感器,480,2025-01-13 11:49
M9174,F9174,更换左前轮速传感器,左前轮速传感器,280,2025-07-13 14:24
M9175,F9175,检查燃油蒸发系统管路,燃油蒸发管密封垫,350,2025-07-15 13:45
M9176,F9176,更换右前安全气囊传感器,右前安全气囊传感器,650,2024-12-14 15:36
M9177,F9177,升级ECM控制模块程序,ECM程序升级包,980,2024-08-04 15:26
M9178,F9178,更换右后轮速传感器,右后轮速传感器,270,2024-01-10 09:51
M9179,F9179,更换驾驶员侧安全气囊模块,驾驶员侧安全气囊模块,1500,2024-08-12 12:11
M9180,F9180,更换进气温度传感器,进气温度传感器,380,2024-05-21 17:00
M9181,F9181,更换火花塞+缸线检查,铱金火花塞(4支),380,2025-02-13 10:34
M9182,F9182,更换轮速传感器,右前轮速传感器,260,2025-04-08 14:33
M9183,F9183,清洗节气门+燃油滤芯更换,燃油滤芯,420,2024-08-09 17:55
M9184,F9184,维修空调压缩机,压缩机电磁阀,580,2024-03-21 11:11
M9185,F9185,更换催化转化器,原厂催化转化器,2800,2024-06-05 16:57
M9186,F9186,更换涡轮增压器电磁阀,涡轮电磁阀,850,2025-05-04 12:28
M9187,F9187,更换刹车压力传感器,刹车压力传感器,480,2025-10-11 11:34
M9188,F9188,更换安全带传感器,主驾驶安全带传感器,320,2025-10-05 16:33
M9189,F9189,更换机油压力传感器,机油压力传感器,450,2024-01-17 16:28
M9190,F9190,维修ABS控制模块,ABS控制模块维修包,1200,2024-10-09 17:56
M9191,F9191,更换凸轮轴位置传感器,凸轮轴位置传感器,520,2025-11-12 18:27
M9192,F9192,维修安全气囊控制模块,安全气囊控制模块编程,800,2025-08-28 18:12
M9193,F9193,更换节气门位置传感器,节气门位置传感器,480,2025-07-11 13:01
M9194,F9194,更换左前轮速传感器,左前轮速传感器,280,2024-10-13 11:24
M9195,F9195,检查燃油蒸发系统管路,燃油蒸发管密封垫,350,2024-07-16 14:48
M9196,F9196,更换右前安全气囊传感器,右前安全气囊传感器,650,2024-09-14 10:37
M9197,F9197,升级ECM控制模块程序,ECM程序升级包,980,2024-07-06 11:01
M9198,F9198,更换右后轮速传感器,右后轮速传感器,270,2025-08-28 15:52
M9199,F9199,更换驾驶员侧安全气囊模块,驾驶员侧安全气囊模块,1500,2024-07-25 14:11
M9200,F9200,更换进气温度传感器,进气温度传感器,380,2024-07-02 16:44
M9201,F9201,更换火花塞+缸线检查,铱金火花塞(4支),380,2024-05-03 19:07
M9202,F9202,更换轮速传感器,右前轮速传感器,260,2024-12-31 13:20
M9203,F9203,清洗节气门+燃油滤芯更换,燃油滤芯,420,2025-04-29 15:17
M9204,F9204,维修空调压缩机,压缩机电磁阀,580,2024-06-03 12:18
M9205,F9205,更换催化转化器,原厂催化转化器,2800,2025-07-13 17:27
M9206,F9206,更换涡轮增压器电磁阀,涡轮电磁阀,850,2024-10-30 12:35
M9207,F9207,更换刹车压力传感器,刹车压力传感器,480,2024-12-26 14:44
M9208,F9208,更换安全带传感器,主驾驶安全带传感器,320,2024-12-26 15:02
M9209,F9209,更换机油压力传感器,机油压力传感器,450,2024-10-12 19:42
M9210,F9210,维修ABS控制模块,ABS控制模块维修包,1200,2024-02-08 11:33
M9211,F9211,更换凸轮轴位置传感器,凸轮轴位置传感器,520,2024-08-10 17:00
M9212,F9212,维修安全气囊控制模块,安全气囊控制模块编程,800,2024-01-30 11:51
M9213,F9213,更换节气门位置传感器,节气门位置传感器,480,2024-08-08 17:11
M9214,F9214,更换左前轮速传感器,左前轮速传感器,280,2025-11-04 16:34
M9215,F9215,检查燃油蒸发系统管路,燃油蒸发管密封垫,350,2024-06-14 16:05
M9216,F9216,更换右前安全气囊传感器,右前安全气囊传感器,650,2024-02-29 14:05
M9217,F9217,升级ECM控制模块程序,ECM程序升级包,980,2024-11-03 14:33
M9218,F9218,更换右后轮速传感器,右后轮速传感器,270,2025-07-03 16:37
M9219,F9219,更换驾驶员侧安全气囊模块,驾驶员侧安全气囊模块,1500,2025-03-18 10:24
M9220,F9220,更换进气温度传感器,进气温度传感器,380,2025-11-29 09:40
M9221,F9221,更换火花塞+缸线检查,铱金火花塞(4支),380,2025-11-14 10:54
M9222,F9222,更换轮速传感器,右前轮速传感器,260,2024-01-06 13:16
M9223,F9223,清洗节气门+燃油滤芯更换,燃油滤芯,420,2024-08-15 12:41
M9224,F9224,维修空调压缩机,压缩机电磁阀,580,2024-05-23 14:41
M9225,F9225,更换催化转化器,原厂催化转化器,2800,2025-08-31 10:09
M9226,F9226,更换涡轮增压器电磁阀,涡轮电磁阀,850,2025-05-13 09:40
M9227,F9227,更换刹车压力传感器,刹车压力传感器,480,2024-05-04 15:32
M9228,F9228,更换安全带传感器,主驾驶安全带传感器,320,2025-03-06 09:12
M9229,F9229,更换机油压力传感器,机油压力传感器,450,2024-12-26 10:45
M9230,F9230,维修ABS控制模块,ABS控制模块维修包,1200,2024-09-07 10:04
M9231,F9231,更换凸轮轴位置传感器,凸轮轴位置传感器,520,2024-05-01 14:15
M9232,F9232,维修安全气囊控制模块,安全气囊控制模块编程,800,2025-12-04 10:01
M9233,F9233,更换节气门位置传感器,节气门位置传感器,480,2025-03-13 10:56
M9234,F9234,更换左前轮速传感器,左前轮速传感器,280,2025-12-30 11:58
M9235,F9235,检查燃油蒸发系统管路,燃油蒸发管密封垫,350,2024-10-29 18:28
M9236,F9236,更换右前安全气囊传感器,右前安全气囊传感器,650,2025-09-26 16:05
M9237,F9237,升级ECM控制模块程序,ECM程序升级包,980,2024-01-20 18:10
M9238,F9238,更换右后轮速传感器,右后轮速传感器,270,2025-10-29 13:07
M9239,F9239,更换驾驶员侧安全气囊模块,驾驶员侧安全气囊模块,1500,2024-01-15 11:47
M9240,F9240,更换进气温度传感器,进气温度传感器,380,2024-05-16 09:54
M9241,F9241,更换火花塞+缸线检查,铱金火花塞(4支),380,2024-08-27 11:20
M9242,F9242,更换轮速传感器,右前轮速传感器,260,2024-12-26 11:58
M9243,F9243,清洗节气门+燃油滤芯更换,燃油滤芯,420,2024-11-06 12:48
M9244,F9244,维修空调压缩机,压缩机电磁阀,580,2024-08-23 12:20
M9245,F9245,更换催化转化器,原厂催化转化器,2800,2024-03-18 14:58
M9246,F9246,更换涡轮增压器电磁阀,涡轮电磁阀,850,2024-08-07 12:17
M9247,F9247,更换刹车压力传感器,刹车压力传感器,480,2025-05-12 13:33
M9248,F9248,更换安全带传感器,主驾驶安全带传感器,320,2025-09-19 10:59
M9249,F9249,更换机油压力传感器,机油压力传感器,450,2024-11-23 18:28
M9250,F9250,维修ABS控制模块,ABS控制模块维修包,1200,2025-08-18 09:02
M9251,F9251,更换凸轮轴位置传感器,凸轮轴位置传感器,520,2024-09-24 09:54
M9252,F9252,维修安全气囊控制模块,安全气囊控制模块编程,800,2025-07-23 12:50
M9253,F9253,更换节气门位置传感器,节气门位置传感器,480,2025-10-17 18:05
M9254,F9254,更换左前轮速传感器,左前轮速传感器,280,2024-01-14 09:54
M9255,F9255,检查燃油蒸发系统管路,燃油蒸发管密封垫,350,2024-05-28 13:59
M9256,F9256,更换右前安全气囊传感器,右前安全气囊传感器,650,2024-02-09 17:09
M9257,F9257,升级ECM控制模块程序,ECM程序升级包,980,2024-09-23 15:06
M9258,F9258,更换右后轮速传感器,右后轮速传感器,270,2025-10-03 18:20
M9259,F9259,更换驾驶员侧安全气囊模块,驾驶员侧安全气囊模块,1500,2025-02-14 15:23
M9260,F9260,更换进气温度传感器,进气温度传感器,380,2024-11-09 13:59
M9261,F9261,更换火花塞+缸线检查,铱金火花塞(4支),380,2024-02-16 10:02
M9262,F9262,更换轮速传感器,右前轮速传感器,260,2025-01-30 18:40
M9263,F9263,清洗节气门+燃油滤芯更换,燃油滤芯,420,2025-10-30 13:42
M9264,F9264,维修空调压缩机,压缩机电磁阀,580,2024-05-21 14:37
M9265,F9265,更换催化转化器,原厂催化转化器,2800,2024-04-13 12:14
M9266,F9266,更换涡轮增压器电磁阀,涡轮电磁阀,850,2025-11-09 13:24
M9267,F9267,更换刹车压力传感器,刹车压力传感器,480,2025-05-10 09:57
M9268,F9268,更换安全带传感器,主驾驶安全带传感器,320,2024-07-10 13:46
M9269,F9269,更换机油压力传感器,机油压力传感器,450,2024-03-31 19:14
M9270,F9270,维修ABS控制模块,ABS控制模块维修包,1200,2025-08-03 18:09
M9271,F9271,更换凸轮轴位置传感器,凸轮轴位置传感器,520,2025-05-20 15:09
M9272,F9272,维修安全气囊控制模块,安全气囊控制模块编程,800,2025-09-15 10:31
M9273,F9273,更换节气门位置传感器,节气门位置传感器,480,2025-07-25 19:15
M9274,F9274,更换左前轮速传感器,左前轮速传感器,280,2025-01-02 19:48
M9275,F9275,检查燃油蒸发系统管路,燃油蒸发管密封垫,350,2024-12-04 15:01
M9276,F9276,更换右前安全气囊传感器,右前安全气囊传感器,650,2024-11-30 16:08
M9277,F9277,升级ECM控制模块程序,ECM程序升级包,980,2024-02-12 14:14
M9278,F9278,更换右后轮速传感器,右后轮速传感器,270,2024-08-05 11:47
M9279,F9279,更换驾驶员侧安全气囊模块,驾驶员侧安全气囊模块,1500,2025-11-22 14:59
M9280,F9280,更换进气温度传感器,进气温度传感器,380,2024-01-30 11:27
M9281,F9281,更换火花塞+缸线检查,铱金火花塞(4支),380,2024-10-16 11:13
M9282,F9282,更换轮速传感器,右前轮速传感器,260,2025-08-18 12:33
M9283,F9283,清洗节气门+燃油滤芯更换,燃油滤芯,420,2025-10-30 11:49
M9284,F9284,维修空调压缩机,压缩机电磁阀,580,2024-09-05 16:00
M9285,F9285,更换催化转化器,原厂催化转化器,2800,2025-10-20 18:28
M9286,F9286,更换涡轮增压器电磁阀,涡轮电磁阀,850,2025-07-30 16:31
M9287,F9287,更换刹车压力传感器,刹车压力传感器,480,2024-10-14 10:10
M9288,F9288,更换安全带传感器,主驾驶安全带传感器,320,2024-05-15 14:50
M9289,F9289,更换机油压力传感器,机油压力传感器,450,2024-02-06 15:28
M9290,F9290,维修ABS控制模块,ABS控制模块维修包,1200,2025-04-02 17:02
M9291,F9291,更换凸轮轴位置传感器,凸轮轴位置传感器,520,2025-01-30 15:59
M9292,F9292,维修安全气囊控制模块,安全气囊控制模块编程,800,2025-02-26 13:46
M9293,F9293,更换节气门位置传感器,节气门位置传感器,480,2025-03-01 10:30
M9294,F9294,更换左前轮速传感器,左前轮速传感器,280,2025-06-07 12:41
M9295,F9295,检查燃油蒸发系统管路,燃油蒸发管密封垫,350,2025-05-14 17:45
M9296,F9296,更换右前安全气囊传感器,右前安全气囊传感器,650,2024-11-20 18:59
M9297,F9297,升级ECM控制模块程序,ECM程序升级包,980,2025-01-16 14:23
M9298,F9298,更换右后轮速传感器,右后轮速传感器,270,2024-04-25 12:52
M9299,F9299,更换驾驶员侧安全气囊模块,驾驶员侧安全气囊模块,1500,2024-12-15 14:48
M9300,F9300,更换进气温度传感器,进气温度传感器,380,2025-12-06 18:32
M9301,F9301,更换火花塞+缸线检查,铱金火花塞(4支),380,2025-06-19 17:09
M9302,F9302,更换轮速传感器,右前轮速传感器,260,2025-10-14 09:25
M9303,F9303,清洗节气门+燃油滤芯更换,燃油滤芯,420,2024-09-29 15:22
M9304,F9304,维修空调压缩机,压缩机电磁阀,580,2024-11-07 12:48
M9305,F9305,更换催化转化器,原厂催化转化器,2800,2025-03-29 18:36
M9306,F9306,更换涡轮增压器电磁阀,涡轮电磁阀,850,2025-07-17 12:24
M9307,F9307,更换刹车压力传感器,刹车压力传感器,480,2024-01-08 11:44
M9308,F9308,更换安全带传感器,主驾驶安全带传感器,320,2024-12-03 17:12
M9309,F9309,更换机油压力传感器,机油压力传感器,450,2025-07-19 11:31
M9310,F9310,维修ABS控制模块,ABS控制模块维修包,1200,2024-11-19 14:36
M9311,F9311,更换凸轮轴位置传感器,凸轮轴位置传感器,520,2024-09-27 17:20
M9312,F9312,维修安全气囊控制模块,安全气囊控制模块编程,800,2025-07-22 11:20
M9313,F9313,更换节气门位置传感器,节气门位置传感器,480,2025-03-16 18:53
M9314,F9314,更换左前轮速传感器,左前轮速传感器,280,2025-04-16 10:58
M9315,F9315,检查燃油蒸发系统管路,燃油蒸发管密封垫,350,2024-03-10 18:24
M9316,F9316,更换右前安全气囊传感器,右前安全气囊传感器,650,2025-07-12 11:43
M9317,F9317,升级ECM控制模块程序,ECM程序升级包,980,2025-07-01 09:19
M9318,F9318,更换右后轮速传感器,右后轮速传感器,270,2024-10-23 09:52
M9319,F9319,更换驾驶员侧安全气囊模块,驾驶员侧安全气囊模块,1500,2025-04-23 16:25
M9320,F9320,更换进气温度传感器,进气温度传感器,380,2025-08-05 15:30
M9321,F9321,更换火花塞+缸线检查,铱金火花塞(4支),380,2024-10-21 13:03
M9322,F9322,更换轮速传感器,右前轮速传感器,260,2024-05-14 10:18
M9323,F9323,清洗节气门+燃油滤芯更换,燃油滤芯,420,2024-09-05 18:38
M9324,F9324,维修空调压缩机,压缩机电磁阀,580,2024-10-21 13:29
M9325,F9325,更换催化转化器,原厂催化转化器,2800,2025-10-07 14:49
M9326,F9326,更换涡轮增压器电磁阀,涡轮电磁阀,850,2025-03-04 11:40
M9327,F9327,更换刹车压力传感器,刹车压力传感器,480,2024-02-13 18:25
M9328,F9328,更换安全带传感器,主驾驶安全带传感器,320,2024-03-09 18:23
M9329,F9329,更换机油压力传感器,机油压力传感器,450,2025-06-06 10:26
M9330,F9330,维修ABS控制模块,ABS控制模块维修包,1200,2024-04-01 10:34
M9331,F9331,更换凸轮轴位置传感器,凸轮轴位置传感器,520,2025-02-01 12:29
M9332,F9332,维修安全气囊控制模块,安全气囊控制模块编程,800,2025-06-29 18:34
M9333,F9333,更换节气门位置传感器,节气门位置传感器,480,2024-05-04 15:46
M9334,F9334,更换左前轮速传感器,左前轮速传感器,280,2025-08-28 11:32
M9335,F9335,检查燃油蒸发系统管路,燃油蒸发管密封垫,350,2025-09-19 10:18
M9336,F9336,更换右前安全气囊传感器,右前安全气囊传感器,650,2024-06-18 12:14
M9337,F9337,升级ECM控制模块程序,ECM程序升级包,980,2025-03-20 17:00
M9338,F9338,更换右后轮速传感器,右后轮速传感器,270,2025-08-03 16:47
M9339,F9339,更换驾驶员侧安全气囊模块,驾驶员侧安全气囊模块,1500,2025-02-28 14:12
M9340,F9340,更换进气温度传感器,进气温度传感器,380,2024-05-20 11:51
M9341,F9341,更换火花塞+缸线检查,铱金火花塞(4支),380,2024-08-21 12:44
M9342,F9342,更换轮速传感器,右前轮速传感器,260,2024-07-06 18:40
M9343,F9343,清洗节气门+燃油滤芯更换,燃油滤芯,420,2024-04-08 13:48
M9344,F9344,维修空调压缩机,压缩机电磁阀,580,2024-09-26 16:45
M9345,F9345,更换催化转化器,原厂催化转化器,2800,2025-11-02 10:49
M9346,F9346,更换涡轮增压器电磁阀,涡轮电磁阀,850,2025-11-16 09:44
M9347,F9347,更换刹车压力传感器,刹车压力传感器,480,2025-06-02 11:05
M9348,F9348,更换安全带传感器,主驾驶安全带传感器,320,2025-07-21 19:55
M9349,F9349,更换机油压力传感器,机油压力传感器,450,2024-12-21 10:32
M9350,F9350,维修ABS控制模块,ABS控制模块维修包,1200,2025-03-07 14:40
M9351,F9351,更换凸轮轴位置传感器,凸轮轴位置传感器,520,2024-11-07 12:01
M9352,F9352,维修安全气囊控制模块,安全气囊控制模块编程,800,2024-02-05 15:24
M9353,F9353,更换节气门位置传感器,节气门位置传感器,480,2024-05-26 13:07
M9354,F9354,更换左前轮速传感器,左前轮速传感器,280,2024-07-13 19:51
M9355,F9355,检查燃油蒸发系统管路,燃油蒸发管密封垫,350,2025-08-12 18:10
M9356,F9356,更换右前安全气囊传感器,右前安全气囊传感器,650,2025-01-21 17:54
M9357,F9357,升级ECM控制模块程序,ECM程序升级包,980,2024-04-23 18:32
M9358,F9358,更换右后轮速传感器,右后轮速传感器,270,2024-01-18 17:46
M9359,F9359,更换驾驶员侧安全气囊模块,驾驶员侧安全气囊模块,1500,2025-12-02 10:06
M9360,F9360,更换进气温度传感器,进气温度传感器,380,2025-02-23 14:16
M9361,F9361,更换火花塞+缸线检查,铱金火花塞(4支),380,2025-10-04 12:50
M9362,F9362,更换轮速传感器,右前轮速传感器,260,2025-04-20 11:17
M9363,F9363,清洗节气门+燃油滤芯更换,燃油滤芯,420,2025-05-15 18:47
M9364,F9364,维修空调压缩机,压缩机电磁阀,580,2025-11-28 15:11
M9365,F9365,更换催化转化器,原厂催化转化器,2800,2024-03-14 18:25
M9366,F9366,更换涡轮增压器电磁阀,涡轮电磁阀,850,2024-10-21 14:48
M9367,F9367,更换刹车压力传感器,刹车压力传感器,480,2025-10-10 12:53
M9368,F9368,更换安全带传感器,主驾驶安全带传感器,320,2025-06-09 10:19
M9369,F9369,更换机油压力传感器,机油压力传感器,450,2024-05-06 11:15
M9370,F9370,维修ABS控制模块,ABS控制模块维修包,1200,2024-03-03 10:42
M9371,F9371,更换凸轮轴位置传感器,凸轮轴位置传感器,520,2025-05-25 17:21
M9372,F9372,维修安全气囊控制模块,安全气囊控制模块编程,800,2024-05-03 16:20
M9373,F9373,更换节气门位置传感器,节气门位置传感器,480,2024-07-26 16:39
M9374,F9374,更换左前轮速传感器,左前轮速传感器,280,2025-10-25 18:57
M9375,F9375,检查燃油蒸发系统管路,燃油蒸发管密封垫,350,2025-06-05 16:06
M9376,F9376,更换右前安全气囊传感器,右前安全气囊传感器,650,2024-08-23 17:27
M9377,F9377,升级ECM控制模块程序,ECM程序升级包,980,2024-05-13 15:30
M9378,F9378,更换右后轮速传感器,右后轮速传感器,270,2024-12-13 12:43
M9379,F9379,更换驾驶员侧安全气囊模块,驾驶员侧安全气囊模块,1500,2024-04-11 12:21
M9380,F9380,更换进气温度传感器,进气温度传感器,380,2024-06-24 12:28
M9381,F9381,更换火花塞+缸线检查,铱金火花塞(4支),380,2024-04-14 14:17
M9382,F9382,更换轮速传感器,右前轮速传感器,260,2024-05-02 09:41
M9383,F9383,清洗节气门+燃油滤芯更换,燃油滤芯,420,2025-01-24 11:47
M9384,F9384,维修空调压缩机,压缩机电磁阀,580,2025-05-09 15:31
M9385,F9385,更换催化转化器,原厂催化转化器,2800,2025-08-06 13:08
M9386,F9386,更换涡轮增压器电磁阀,涡轮电磁阀,850,2025-01-23 09:42
M9387,F9387,更换刹车压力传感器,刹车压力传感器,480,2024-10-24 18:45
M9388,F9388,更换安全带传感器,主驾驶安全带传感器,320,2025-01-09 12:22
M9389,F9389,更换机油压力传感器,机油压力传感器,450,2024-01-22 10:46
M9390,F9390,维修ABS控制模块,ABS控制模块维修包,1200,2025-06-21 16:36
M9391,F9391,更换凸轮轴位置传感器,凸轮轴位置传感器,520,2024-09-04 14:30
M9392,F9392,维修安全气囊控制模块,安全气囊控制模块编程,800,2025-12-13 11:04
M9393,F9393,更换节气门位置传感器,节气门位置传感器,480,2025-05-16 10:49
M9394,F9394,更换左前轮速传感器,左前轮速传感器,280,2025-10-23 10:31
M9395,F9395,检查燃油蒸发系统管路,燃油蒸发管密封垫,350,2024-11-25 16:19
M9396,F9396,更换右前安全气囊传感器,右前安全气囊传感器,650,2024-01-24 17:08
M9397,F9397,升级ECM控制模块程序,ECM程序升级包,980,2024-10-13 12:00
M9398,F9398,更换右后轮速传感器,右后轮速传感器,270,2024-12-28 14:19
M9399,F9399,更换驾驶员侧安全气囊模块,驾驶员侧安全气囊模块,1500,2025-05-30 11:22
M9400,F9400,更换进气温度传感器,进气温度传感器,380,2024-12-23 13:43
M9401,F9401,更换火花塞+缸线检查,铱金火花塞(4支),380,2025-10-09 16:34
M9402,F9402,更换轮速传感器,右前轮速传感器,260,2025-08-24 14:35
M9403,F9403,清洗节气门+燃油滤芯更换,燃油滤芯,420,2024-05-04 15:19
M9404,F9404,维修空调压缩机,压缩机电磁阀,580,2025-07-10 14:29
M9405,F9405,更换催化转化器,原厂催化转化器,2800,2025-05-21 12:43
M9406,F9406,更换涡轮增压器电磁阀,涡轮电磁阀,850,2024-10-24 11:11
M9407,F9407,更换刹车压力传感器,刹车压力传感器,480,2024-09-19 16:45
M9408,F9408,更换安全带传感器,主驾驶安全带传感器,320,2024-01-25 17:09
M9409,F9409,更换机油压力传感器,机油压力传感器,450,2024-02-17 16:18
M9410,F9410,维修ABS控制模块,ABS控制模块维修包,1200,2025-07-20 13:43
M9411,F9411,更换凸轮轴位置传感器,凸轮轴位置传感器,520,2025-09-11 14:38
M9412,F9412,维修安全气囊控制模块,安全气囊控制模块编程,800,2024-06-19 11:17
M9413,F9413,更换节气门位置传感器,节气门位置传感器,480,2024-11-25 14:21
M9414,F9414,更换左前轮速传感器,左前轮速传感器,280,2025-03-19 13:48
M9415,F9415,检查燃油蒸发系统管路,燃油蒸发管密封垫,350,2024-04-06 10:16
M9416,F9416,更换右前安全气囊传感器,右前安全气囊传感器,650,2025-09-28 14:26
M9417,F9417,升级ECM控制模块程序,ECM程序升级包,980,2025-05-31 16:31
M9418,F9418,更换右后轮速传感器,右后轮速传感器,270,2024-06-17 13:58
M9419,F9419,更换驾驶员侧安全气囊模块,驾驶员侧安全气囊模块,1500,2025-03-09 16:55
M9420,F9420,更换进气温度传感器,进气温度传感器,380,2025-05-12 13:45
M9421,F9421,更换火花塞+缸线检查,铱金火花塞(4支),380,2025-02-24 19:28
M9422,F9422,更换轮速传感器,右前轮速传感器,260,2025-06-13 16:11
M9423,F9423,清洗节气门+燃油滤芯更换,燃油滤芯,420,2025-05-09 10:08
M9424,F9424,维修空调压缩机,压缩机电磁阀,580,2025-10-16 12:49
M9425,F9425,更换催化转化器,原厂催化转化器,2800,2024-08-09 11:28
M9426,F9426,更换涡轮增压器电磁阀,涡轮电磁阀,850,2024-09-09 13:06
M9427,F9427,更换刹车压力传感器,刹车压力传感器,480,2024-12-06 10:42
M9428,F9428,更换安全带传感器,主驾驶安全带传感器,320,2025-05-25 18:35
M9429,F9429,更换机油压力传感器,机油压力传感器,450,2025-02-04 13:18
M9430,F9430,维修ABS控制模块,ABS控制模块维修包,1200,2025-03-16 17:32
M9431,F9431,更换凸轮轴位置传感器,凸轮轴位置传感器,520,2024-11-27 17:08
M9432,F9432,维修安全气囊控制模块,安全气囊控制模块编程,800,2025-02-24 16:20
M9433,F9433,更换节气门位置传感器,节气门位置传感器,480,2025-01-31 10:58
M9434,F9434,更换左前轮速传感器,左前轮速传感器,280,2025-02-16 17:24
M9435,F9435,检查燃油蒸发系统管路,燃油蒸发管密封垫,350,2024-06-03 12:40
M9436,F9436,更换右前安全气囊传感器,右前安全气囊传感器,650,2025-09-17 14:36
M9437,F9437,升级ECM控制模块程序,ECM程序升级包,980,2024-01-24 17:25
M9438,F9438,更换右后轮速传感器,右后轮速传感器,270,2025-08-31 11:19
M9439,F9439,更换驾驶员侧安全气囊模块,驾驶员侧安全气囊模块,1500,2024-01-27 16:58
M9440,F9440,更换进气温度传感器,进气温度传感器,380,2025-12-23 19:20
M9441,F9441,更换火花塞+缸线检查,铱金火花塞(4支),380,2024-04-14 11:20
M9442,F9442,更换轮速传感器,右前轮速传感器,260,2024-05-18 16:30
M9443,F9443,清洗节气门+燃油滤芯更换,燃油滤芯,420,2025-02-25 09:01
M9444,F9444,维修空调压缩机,压缩机电磁阀,580,2025-06-19 19:09
M9445,F9445,更换催化转化器,原厂催化转化器,2800,2024-01-06 13:00
M9446,F9446,更换涡轮增压器电磁阀,涡轮电磁阀,850,2024-12-03 14:49
M9447,F9447,更换刹车压力传感器,刹车压力传感器,480,2024-06-12 16:54
M9448,F9448,更换安全带传感器,主驾驶安全带传感器,320,2024-01-11 11:14
M9449,F9449,更换机油压力传感器,机油压力传感器,450,2025-05-16 13:42
M9450,F9450,维修ABS控制模块,ABS控制模块维修包,1200,2024-04-28 15:29
M9451,F9451,更换凸轮轴位置传感器,凸轮轴位置传感器,520,2025-11-29 13:19
M9452,F9452,维修安全气囊控制模块,安全气囊控制模块编程,800,2025-07-25 09:45
M9453,F9453,更换节气门位置传感器,节气门位置传感器,480,2024-01-10 15:30
M9454,F9454,更换左前轮速传感器,左前轮速传感器,280,2025-04-22 18:33
M9455,F9455,检查燃油蒸发系统管路,燃油蒸发管密封垫,350,2024-10-22 15:45
M9456,F9456,更换右前安全气囊传感器,右前安全气囊传感器,650,2025-03-27 12:37
M9457,F9457,升级ECM控制模块程序,ECM程序升级包,980,2024-12-28 19:34
M9458,F9458,更换右后轮速传感器,右后轮速传感器,270,2025-11-20 11:55
M9459,F9459,更换驾驶员侧安全气囊模块,驾驶员侧安全气囊模块,1500,2024-09-08 09:54
M9460,F9460,更换进气温度传感器,进气温度传感器,380,2025-01-18 14:07
M9461,F9461,更换火花塞+缸线检查,铱金火花塞(4支),380,2025-02-04 16:03
M9462,F9462,更换轮速传感器,右前轮速传感器,260,2024-05-12 14:42
M9463,F9463,清洗节气门+燃油滤芯更换,燃油滤芯,420,2025-03-12 17:09
M9464,F9464,维修空调压缩机,压缩机电磁阀,580,2024-07-11 13:35
M9465,F9465,更换催化转化器,原厂催化转化器,2800,2024-10-12 19:35
M9466,F9466,更换涡轮增压器电磁阀,涡轮电磁阀,850,2024-12-30 15:28
M9467,F9467,更换刹车压力传感器,刹车压力传感器,480,2025-10-13 18:57
M9468,F9468,更换安全带传感器,主驾驶安全带传感器,320,2024-10-13 13:03
M9469,F9469,更换机油压力传感器,机油压力传感器,450,2024-11-30 16:26
M9470,F9470,维修ABS控制模块,ABS控制模块维修包,1200,2024-03-28 12:52
M9471,F9471,更换凸轮轴位置传感器,凸轮轴位置传感器,520,2024-10-31 10:57
M9472,F9472,维修安全气囊控制模块,安全气囊控制模块编程,800,2025-08-17 15:42
M9473,F9473,更换节气门位置传感器,节气门位置传感器,480,2024-01-29 11:11
M9474,F9474,更换左前轮速传感器,左前轮速传感器,280,2025-08-07 12:59
M9475,F9475,检查燃油蒸发系统管路,燃油蒸发管密封垫,350,2025-02-01 12:53
M9476,F9476,更换右前安全气囊传感器,右前安全气囊传感器,650,2024-09-22 13:05
M9477,F9477,升级ECM控制模块程序,ECM程序升级包,980,2025-01-10 13:23
M9478,F9478,更换右后轮速传感器,右后轮速传感器,270,2025-03-20 11:11
M9479,F9479,更换驾驶员侧安全气囊模块,驾驶员侧安全气囊模块,1500,2024-06-29 18:31
M9480,F9480,更换进气温度传感器,进气温度传感器,380,2025-02-07 12:48
M9481,F9481,更换火花塞+缸线检查,铱金火花塞(4支),380,2025-11-15 17:47
M9482,F9482,更换轮速传感器,右前轮速传感器,260,2025-07-26 12:58
M9483,F9483,清洗节气门+燃油滤芯更换,燃油滤芯,420,2024-06-09 15:19
M9484,F9484,维修空调压缩机,压缩机电磁阀,580,2024-11-26 13:41
M9485,F9485,更换催化转化器,原厂催化转化器,2800,2024-09-11 10:57
M9486,F9486,更换涡轮增压器电磁阀,涡轮电磁阀,850,2025-10-04 11:55
M9487,F9487,更换刹车压力传感器,刹车压力传感器,480,2024-11-15 17:11
M9488,F9488,更换安全带传感器,主驾驶安全带传感器,320,2025-09-01 17:03
M9489,F9489,更换机油压力传感器,机油压力传感器,450,2024-04-20 14:13
M9490,F9490,维修ABS控制模块,ABS控制模块维修包,1200,2025-07-18 10:10
M9491,F9491,更换凸轮轴位置传感器,凸轮轴位置传感器,520,2024-07-20 15:35
M9492,F9492,维修安全气囊控制模块,安全气囊控制模块编程,800,2024-06-23 15:55
M9493,F9493,更换节气门位置传感器,节气门位置传感器,480,2024-10-17 10:29
M9494,F9494,更换左前轮速传感器,左前轮速传感器,280,2025-03-21 16:07
M9495,F9495,检查燃油蒸发系统管路,燃油蒸发管密封垫,350,2025-12-08 12:37
M9496,F9496,更换右前安全气囊传感器,右前安全气囊传感器,650,2024-05-22 19:57
M9497,F9497,升级ECM控制模块程序,ECM程序升级包,980,2024-12-24 12:35
M9498,F9498,更换右后轮速传感器,右后轮速传感器,270,2024-10-19 16:13
M9499,F9499,更换驾驶员侧安全气囊模块,驾驶员侧安全气囊模块,1500,2025-01-12 14:15
M9500,F9500,更换进气温度传感器,进气温度传感器,380,2024-07-15 16:06
M9501,F9501,更换火花塞+缸线检查,铱金火花塞(4支),380,2024-03-30 12:00
M9502,F9502,更换轮速传感器,右前轮速传感器,260,2024-01-02 10:06
M9503,F9503,清洗节气门+燃油滤芯更换,燃油滤芯,420,2025-01-30 16:30
M9504,F9504,维修空调压缩机,压缩机电磁阀,580,2025-02-04 13:19
M9505,F9505,更换催化转化器,原厂催化转化器,2800,2025-11-09 13:56
M9506,F9506,更换涡轮增压器电磁阀,涡轮电磁阀,850,2024-07-28 18:27
M9507,F9507,更换刹车压力传感器,刹车压力传感器,480,2024-11-30 09:27
M9508,F9508,更换安全带传感器,主驾驶安全带传感器,320,2024-10-22 10:26
M9509,F9509,更换机油压力传感器,机油压力传感器,450,2024-02-17 13:58
M9510,F9510,维修ABS控制模块,ABS控制模块维修包,1200,2025-12-02 17:48
M9511,F9511,更换凸轮轴位置传感器,凸轮轴位置传感器,520,2024-01-14 17:13
M9512,F9512,维修安全气囊控制模块,安全气囊控制模块编程,800,2025-06-07 11:27
M9513,F9513,更换节气门位置传感器,节气门位置传感器,480,2024-12-03 13:55
M9514,F9514,更换左前轮速传感器,左前轮速传感器,280,2024-11-08 12:32
M9515,F9515,检查燃油蒸发系统管路,燃油蒸发管密封垫,350,2024-02-04 10:07
M9516,F9516,更换右前安全气囊传感器,右前安全气囊传感器,650,2024-01-02 12:33
M9517,F9517,升级ECM控制模块程序,ECM程序升级包,980,2024-06-16 18:54
M9518,F9518,更换右后轮速传感器,右后轮速传感器,270,2025-03-03 11:14
M9519,F9519,更换驾驶员侧安全气囊模块,驾驶员侧安全气囊模块,1500,2025-12-09 14:26
M9520,F9520,更换进气温度传感器,进气温度传感器,380,2025-05-09 13:10
M9521,F9521,更换火花塞+缸线检查,铱金火花塞(4支),380,2024-11-14 11:27
M9522,F9522,更换轮速传感器,右前轮速传感器,260,2024-03-14 15:46
M9523,F9523,清洗节气门+燃油滤芯更换,燃油滤芯,420,2024-06-12 15:06
M9524,F9524,维修空调压缩机,压缩机电磁阀,580,2024-01-17 17:57
M9525,F9525,更换催化转化器,原厂催化转化器,2800,2024-10-31 18:32
M9526,F9526,更换涡轮增压器电磁阀,涡轮电磁阀,850,2025-08-26 13:47
M9527,F9527,更换刹车压力传感器,刹车压力传感器,480,2024-04-19 10:21
M9528,F9528,更换安全带传感器,主驾驶安全带传感器,320,2025-12-06 12:04
M9529,F9529,更换机油压力传感器,机油压力传感器,450,2024-09-10 16:02
M9530,F9530,维修ABS控制模块,ABS控制模块维修包,1200,2025-09-05 15:22
M9531,F9531,更换凸轮轴位置传感器,凸轮轴位置传感器,520,2025-12-15 11:54
M9532,F9532,维修安全气囊控制模块,安全气囊控制模块编程,800,2025-08-08 13:22
M9533,F9533,更换节气门位置传感器,节气门位置传感器,480,2025-01-27 09:05
M9534,F9534,更换左前轮速传感器,左前轮速传感器,280,2025-06-02 15:44
M9535,F9535,检查燃油蒸发系统管路,燃油蒸发管密封垫,350,2024-03-05 16:59
M9536,F9536,更换右前安全气囊传感器,右前安全气囊传感器,650,2025-02-14 18:09
M9537,F9537,升级ECM控制模块程序,ECM程序升级包,980,2025-11-23 10:33
M9538,F9538,更换右后轮速传感器,右后轮速传感器,270,2025-10-28 18:45
M9539,F9539,更换驾驶员侧安全气囊模块,驾驶员侧安全气囊模块,1500,2024-01-11 11:30
M9540,F9540,更换进气温度传感器,进气温度传感器,380,2025-09-10 10:05
M9541,F9541,更换火花塞+缸线检查,铱金火花塞(4支),380,2025-08-02 18:49
M9542,F9542,更换轮速传感器,右前轮速传感器,260,2024-09-10 11:19
M9543,F9543,清洗节气门+燃油滤芯更换,燃油滤芯,420,2025-01-19 15:32
M9544,F9544,维修空调压缩机,压缩机电磁阀,580,2024-12-08 16:14
M9545,F9545,更换催化转化器,原厂催化转化器,2800,2024-03-04 09:47
M9546,F9546,更换涡轮增压器电磁阀,涡轮电磁阀,850,2024-04-06 14:19
M9547,F9547,更换刹车压力传感器,刹车压力传感器,480,2024-01-18 11:55
M9548,F9548,更换安全带传感器,主驾驶安全带传感器,320,2025-01-10 10:57
M9549,F9549,更换机油压力传感器,机油压力传感器,450,2024-05-25 10:55
M9550,F9550,维修ABS控制模块,ABS控制模块维修包,1200,2024-04-12 12:01
M9551,F9551,更换凸轮轴位置传感器,凸轮轴位置传感器,520,2025-10-27 10:26
M9552,F9552,维修安全气囊控制模块,安全气囊控制模块编程,800,2024-08-14 15:04
M9553,F9553,更换节气门位置传感器,节气门位置传感器,480,2025-07-30 17:47
M9554,F9554,更换左前轮速传感器,左前轮速传感器,280,2024-08-28 11:38
M9555,F9555,检查燃油蒸发系统管路,燃油蒸发管密封垫,350,2024-04-14 12:45
M9556,F9556,更换右前安全气囊传感器,右前安全气囊传感器,650,2025-07-04 13:00
M9557,F9557,升级ECM控制模块程序,ECM程序升级包,980,2025-06-26 18:18
M9558,F9558,更换右后轮速传感器,右后轮速传感器,270,2025-12-05 14:26
M9559,F9559,更换驾驶员侧安全气囊模块,驾驶员侧安全气囊模块,1500,2025-03-27 11:58
M9560,F9560,更换进气温度传感器,进气温度传感器,380,2025-06-08 18:12
M9561,F9561,更换火花塞+缸线检查,铱金火花塞(4支),380,2024-09-29 12:22
M9562,F9562,更换轮速传感器,右前轮速传感器,260,2024-09-16 13:05
M9563,F9563,清洗节气门+燃油滤芯更换,燃油滤芯,420,2024-11-28 13:05
M9564,F9564,维修空调压缩机,压缩机电磁阀,580,2025-05-26 16:37
M9565,F9565,更换催化转化器,原厂催化转化器,2800,2025-07-06 16:09
M9566,F9566,更换涡轮增压器电磁阀,涡轮电磁阀,850,2024-05-08 10:30
M9567,F9567,更换刹车压力传感器,刹车压力传感器,480,2025-09-03 17:17
M9568,F9568,更换安全带传感器,主驾驶安全带传感器,320,2024-04-23 13:04
M9569,F9569,更换机油压力传感器,机油压力传感器,450,2025-04-06 14:36
M9570,F9570,维修ABS控制模块,ABS控制模块维修包,1200,2024-04-14 14:41
M9571,F9571,更换凸轮轴位置传感器,凸轮轴位置传感器,520,2025-05-24 18:09
M9572,F9572,维修安全气囊控制模块,安全气囊控制模块编程,800,2025-11-27 19:32
M9573,F9573,更换节气门位置传感器,节气门位置传感器,480,2024-09-05 17:46
M9574,F9574,更换左前轮速传感器,左前轮速传感器,280,2024-04-10 09:18
M9575,F9575,检查燃油蒸发系统管路,燃油蒸发管密封垫,350,2025-01-08 12:06
M9576,F9576,更换右前安全气囊传感器,右前安全气囊传感器,650,2024-01-28 12:48
M9577,F9577,升级ECM控制模块程序,ECM程序升级包,980,2024-01-30 14:48
M9578,F9578,更换右后轮速传感器,右后轮速传感器,270,2024-09-19 10:35
M9579,F9579,更换驾驶员侧安全气囊模块,驾驶员侧安全气囊模块,1500,2025-10-20 16:14
M9580,F9580,更换进气温度传感器,进气温度传感器,380,2024-07-09 14:31
M9581,F9581,更换火花塞+缸线检查,铱金火花塞(4支),380,2025-08-06 10:03
M9582,F9582,更换轮速传感器,右前轮速传感器,260,2025-11-28 11:02
M9583,F9583,清洗节气门+燃油滤芯更换,燃油滤芯,420,2025-05-23 16:17
M9584,F9584,维修空调压缩机,压缩机电磁阀,580,2024-12-14 11:46
M9585,F9585,更换催化转化器,原厂催化转化器,2800,2025-09-28 17:09
M9586,F9586,更换涡轮增压器电磁阀,涡轮电磁阀,850,2025-04-06 16:10
M9587,F9587,更换刹车压力传感器,刹车压力传感器,480,2024-09-30 13:14
M9588,F9588,更换安全带传感器,主驾驶安全带传感器,320,2024-10-06 13:42
M9589,F9589,更换机油压力传感器,机油压力传感器,450,2024-05-07 14:01
M9590,F9590,维修ABS控制模块,ABS控制模块维修包,1200,2025-12-10 16:39
M9591,F9591,更换凸轮轴位置传感器,凸轮轴位置传感器,520,2025-06-29 18:17
M9592,F9592,维修安全气囊控制模块,安全气囊控制模块编程,800,2025-04-02 18:27
M9593,F9593,更换节气门位置传感器,节气门位置传感器,480,2025-10-03 10:02
M9594,F9594,更换左前轮速传感器,左前轮速传感器,280,2024-04-02 18:38
M9595,F9595,检查燃油蒸发系统管路,燃油蒸发管密封垫,350,2024-11-09 16:24
M9596,F9596,更换右前安全气囊传感器,右前安全气囊传感器,650,2024-02-23 19:46
M9597,F9597,升级ECM控制模块程序,ECM程序升级包,980,2024-08-11 16:58
M9598,F9598,更换右后轮速传感器,右后轮速传感器,270,2025-04-15 19:57
M9599,F9599,更换驾驶员侧安全气囊模块,驾驶员侧安全气囊模块,1500,2025-12-07 12:17
M9600,F9600,更换进气温度传感器,进气温度传感器,380,2024-01-09 16:15
M9601,F9601,更换火花塞+缸线检查,铱金火花塞(4支),380,2024-09-23 16:57
M9602,F9602,更换轮速传感器,右前轮速传感器,260,2024-06-07 14:23
M9603,F9603,清洗节气门+燃油滤芯更换,燃油滤芯,420,2024-10-31 11:48
M9604,F9604,维修空调压缩机,压缩机电磁阀,580,2024-07-10 14:41
M9605,F9605,更换催化转化器,原厂催化转化器,2800,2025-04-12 17:06
M9606,F9606,更换涡轮增压器电磁阀,涡轮电磁阀,850,2025-02-20 09:15
M9607,F9607,更换刹车压力传感器,刹车压力传感器,480,2025-04-11 15:35
M9608,F9608,更换安全带传感器,主驾驶安全带传感器,320,2024-08-22 13:28
M9609,F9609,更换机油压力传感器,机油压力传感器,450,2025-09-07 15:54
M9610,F9610,维修ABS控制模块,ABS控制模块维修包,1200,2025-10-02 14:59
M9611,F9611,更换凸轮轴位置传感器,凸轮轴位置传感器,520,2024-06-15 10:40
M9612,F9612,维修安全气囊控制模块,安全气囊控制模块编程,800,2024-04-02 16:30
M9613,F9613,更换节气门位置传感器,节气门位置传感器,480,2025-11-04 17:21
M9614,F9614,更换左前轮速传感器,左前轮速传感器,280,2025-08-10 18:04
M9615,F9615,检查燃油蒸发系统管路,燃油蒸发管密封垫,350,2025-04-24 18:02
M9616,F9616,更换右前安全气囊传感器,右前安全气囊传感器,650,2024-12-30 12:54
M9617,F9617,升级ECM控制模块程序,ECM程序升级包,980,2025-09-24 16:21
M9618,F9618,更换右后轮速传感器,右后轮速传感器,270,2025-10-27 19:49
M9619,F9619,更换驾驶员侧安全气囊模块,驾驶员侧安全气囊模块,1500,2025-08-22 17:49
M9620,F9620,更换进气温度传感器,进气温度传感器,380,2024-06-07 15:04
M9621,F9621,更换火花塞+缸线检查,铱金火花塞(4支),380,2024-11-06 18:47
M9622,F9622,更换轮速传感器,右前轮速传感器,260,2024-11-18 10:47
M9623,F9623,清洗节气门+燃油滤芯更换,燃油滤芯,420,2024-10-09 10:18
M9624,F9624,维修空调压缩机,压缩机电磁阀,580,2024-02-23 19:49
M9625,F9625,更换催化转化器,原厂催化转化器,2800,2025-12-14 18:12
M9626,F9626,更换涡轮增压器电磁阀,涡轮电磁阀,850,2024-08-16 16:16
M9627,F9627,更换刹车压力传感器,刹车压力传感器,480,2025-05-08 19:09
M9628,F9628,更换安全带传感器,主驾驶安全带传感器,320,2024-06-07 11:51
M9629,F9629,更换机油压力传感器,机油压力传感器,450,2025-01-14 10:00
M9630,F9630,维修ABS控制模块,ABS控制模块维修包,1200,2025-08-14 12:19
M9631,F9631,更换凸轮轴位置传感器,凸轮轴位置传感器,520,2024-08-19 16:43
M9632,F9632,维修安全气囊控制模块,安全气囊控制模块编程,800,2025-05-02 15:06
M9633,F9633,更换节气门位置传感器,节气门位置传感器,480,2024-01-16 10:03
M9634,F9634,更换左前轮速传感器,左前轮速传感器,280,2024-11-29 10:15
M9635,F9635,检查燃油蒸发系统管路,燃油蒸发管密封垫,350,2025-11-01 11:18
M9636,F9636,更换右前安全气囊传感器,右前安全气囊传感器,650,2025-02-25 10:58
M9637,F9637,升级ECM控制模块程序,ECM程序升级包,980,2024-09-30 12:41
M9638,F9638,更换右后轮速传感器,右后轮速传感器,270,2024-09-13 10:25
M9639,F9639,更换驾驶员侧安全气囊模块,驾驶员侧安全气囊模块,1500,2025-06-17 18:19
M9640,F9640,更换进气温度传感器,进气温度传感器,380,2025-04-09 14:27
M9641,F9641,更换火花塞+缸线检查,铱金火花塞(4支),380,2024-08-21 17:38
M9642,F9642,更换轮速传感器,右前轮速传感器,260,2025-01-02 18:22
M9643,F9643,清洗节气门+燃油滤芯更换,燃油滤芯,420,2024-01-22 13:13
M9644,F9644,维修空调压缩机,压缩机电磁阀,580,2025-05-09 12:11
M9645,F9645,更换催化转化器,原厂催化转化器,2800,2024-09-22 14:53
M9646,F9646,更换涡轮增压器电磁阀,涡轮电磁阀,850,2025-07-04 11:22
M9647,F9647,更换刹车压力传感器,刹车压力传感器,480,2025-12-07 18:24
M9648,F9648,更换安全带传感器,主驾驶安全带传感器,320,2025-11-12 14:36
M9649,F9649,更换机油压力传感器,机油压力传感器,450,2025-06-08 17:54
M9650,F9650,维修ABS控制模块,ABS控制模块维修包,1200,2025-08-06 10:51
M9651,F9651,更换凸轮轴位置传感器,凸轮轴位置传感器,520,2025-06-30 13:20
M9652,F9652,维修安全气囊控制模块,安全气囊控制模块编程,800,2025-03-05 10:30
M9653,F9653,更换节气门位置传感器,节气门位置传感器,480,2024-12-28 18:43
M9654,F9654,更换左前轮速传感器,左前轮速传感器,280,2024-11-14 16:50
M9655,F9655,检查燃油蒸发系统管路,燃油蒸发管密封垫,350,2024-07-01 16:12
M9656,F9656,更换右前安全气囊传感器,右前安全气囊传感器,650,2025-02-14 15:20
M9657,F9657,升级ECM控制模块程序,ECM程序升级包,980,2024-08-12 16:20
M9658,F9658,更换右后轮速传感器,右后轮速传感器,270,2025-12-24 13:44
M9659,F9659,更换驾驶员侧安全气囊模块,驾驶员侧安全气囊模块,1500,2025-11-18 15:12
M9660,F9660,更换进气温度传感器,进气温度传感器,380,2025-08-27 15:03
M9661,F9661,更换火花塞+缸线检查,铱金火花塞(4支),380,2025-02-26 11:44
M9662,F9662,更换轮速传感器,右前轮速传感器,260,2025-11-09 14:07
M9663,F9663,清洗节气门+燃油滤芯更换,燃油滤芯,420,2024-06-16 18:51
M9664,F9664,维修空调压缩机,压缩机电磁阀,580,2024-05-11 17:12
M9665,F9665,更换催化转化器,原厂催化转化器,2800,2024-07-01 10:50
M9666,F9666,更换涡轮增压器电磁阀,涡轮电磁阀,850,2024-10-27 14:22
M9667,F9667,更换刹车压力传感器,刹车压力传感器,480,2024-08-19 12:36
M9668,F9668,更换安全带传感器,主驾驶安全带传感器,320,2025-11-22 15:54
M9669,F9669,更换机油压力传感器,机油压力传感器,450,2025-04-03 15:49
M9670,F9670,维修ABS控制模块,ABS控制模块维修包,1200,2024-09-22 18:24
M9671,F9671,更换凸轮轴位置传感器,凸轮轴位置传感器,520,2025-01-25 18:57
M9672,F9672,维修安全气囊控制模块,安全气囊控制模块编程,800,2025-06-27 15:40
M9673,F9673,更换节气门位置传感器,节气门位置传感器,480,2024-01-03 19:06
M9674,F9674,更换左前轮速传感器,左前轮速传感器,280,2025-07-08 16:54
M9675,F9675,检查燃油蒸发系统管路,燃油蒸发管密封垫,350,2025-09-06 10:44
M9676,F9676,更换右前安全气囊传感器,右前安全气囊传感器,650,2024-10-22 18:08
M9677,F9677,升级ECM控制模块程序,ECM程序升级包,980,2025-09-23 16:37
M9678,F9678,更换右后轮速传感器,右后轮速传感器,270,2025-07-09 16:15
M9679,F9679,更换驾驶员侧安全气囊模块,驾驶员侧安全气囊模块,1500,2024-03-04 14:51
M9680,F9680,更换进气温度传感器,进气温度传感器,380,2024-04-15 14:22
M9681,F9681,更换火花塞+缸线检查,铱金火花塞(4支),380,2024-07-18 15:06
M9682,F9682,更换轮速传感器,右前轮速传感器,260,2025-05-06 10:04
M9683,F9683,清洗节气门+燃油滤芯更换,燃油滤芯,420,2025-07-20 09:22
M9684,F9684,维修空调压缩机,压缩机电磁阀,580,2025-04-17 11:33
M9685,F9685,更换催化转化器,原厂催化转化器,2800,2025-03-17 13:59
M9686,F9686,更换涡轮增压器电磁阀,涡轮电磁阀,850,2025-01-20 14:23
M9687,F9687,更换刹车压力传感器,刹车压力传感器,480,2024-12-12 15:45
M9688,F9688,更换安全带传感器,主驾驶安全带传感器,320,2025-09-06 16:26
M9689,F9689,更换机油压力传感器,机油压力传感器,450,2024-10-21 10:46
M9690,F9690,维修ABS控制模块,ABS控制模块维修包,1200,2024-05-14 10:20
M9691,F9691,更换凸轮轴位置传感器,凸轮轴位置传感器,520,2025-04-29 15:04
M9692,F9692,维修安全气囊控制模块,安全气囊控制模块编程,800,2024-09-14 12:25
M9693,F9693,更换节气门位置传感器,节气门位置传感器,480,2025-08-12 17:10
M9694,F9694,更换左前轮速传感器,左前轮速传感器,280,2024-01-22 11:43
M9695,F9695,检查燃油蒸发系统管路,燃油蒸发管密封垫,350,2025-01-23 18:13
M9696,F9696,更换右前安全气囊传感器,右前安全气囊传感器,650,2024-03-19 12:20
M9697,F9697,升级ECM控制模块程序,ECM程序升级包,980,2024-11-21 13:09
M9698,F9698,更换右后轮速传感器,右后轮速传感器,270,2024-03-09 12:13
M9699,F9699,更换驾驶员侧安全气囊模块,驾驶员侧安全气囊模块,1500,2025-10-11 15:16
M9700,F9700,更换进气温度传感器,进气温度传感器,380,2025-07-02 14:25
M9701,F9701,更换火花塞+缸线检查,铱金火花塞(4支),380,2025-03-18 09:32
M9702,F9702,更换轮速传感器,右前轮速传感器,260,2024-03-16 12:54
M9703,F9703,清洗节气门+燃油滤芯更换,燃油滤芯,420,2024-04-24 15:24
M9704,F9704,维修空调压缩机,压缩机电磁阀,580,2025-07-18 13:09
M9705,F9705,更换催化转化器,原厂催化转化器,2800,2024-01-25 16:56
M9706,F9706,更换涡轮增压器电磁阀,涡轮电磁阀,850,2024-10-28 11:15
M9707,F9707,更换刹车压力传感器,刹车压力传感器,480,2025-08-27 12:41
M9708,F9708,更换安全带传感器,主驾驶安全带传感器,320,2025-04-28 13:45
M9709,F9709,更换机油压力传感器,机油压力传感器,450,2024-03-02 15:16
M9710,F9710,维修ABS控制模块,ABS控制模块维修包,1200,2025-09-12 16:46
M9711,F9711,更换凸轮轴位置传感器,凸轮轴位置传感器,520,2025-08-07 15:36
M9712,F9712,维修安全气囊控制模块,安全气囊控制模块编程,800,2024-10-02 19:24
M9713,F9713,更换节气门位置传感器,节气门位置传感器,480,2024-02-26 17:13
M9714,F9714,更换左前轮速传感器,左前轮速传感器,280,2024-06-09 14:57
M9715,F9715,检查燃油蒸发系统管路,燃油蒸发管密封垫,350,2025-11-14 09:21
M9716,F9716,更换右前安全气囊传感器,右前安全气囊传感器,650,2025-08-13 18:09
M9717,F9717,升级ECM控制模块程序,ECM程序升级包,980,2024-07-10 16:13
M9718,F9718,更换右后轮速传感器,右后轮速传感器,270,2025-01-27 11:42
M9719,F9719,更换驾驶员侧安全气囊模块,驾驶员侧安全气囊模块,1500,2024-06-09 17:46
M9720,F9720,更换进气温度传感器,进气温度传感器,380,2025-05-31 17:10
M9721,F9721,更换火花塞+缸线检查,铱金火花塞(4支),380,2025-08-28 18:51
M9722,F9722,更换轮速传感器,右前轮速传感器,260,2024-12-05 14:29
M9723,F9723,清洗节气门+燃油滤芯更换,燃油滤芯,420,2024-06-28 12:13
M9724,F9724,维修空调压缩机,压缩机电磁阀,580,2024-02-06 18:19
M9725,F9725,更换催化转化器,原厂催化转化器,2800,2025-12-30 18:15
M9726,F9726,更换涡轮增压器电磁阀,涡轮电磁阀,850,2025-11-15 13:05
M9727,F9727,更换刹车压力传感器,刹车压力传感器,480,2025-06-03 16:32
M9728,F9728,更换安全带传感器,主驾驶安全带传感器,320,2025-08-22 16:18
M9729,F9729,更换机油压力传感器,机油压力传感器,450,2024-12-12 14:49
M9730,F9730,维修ABS控制模块,ABS控制模块维修包,1200,2025-02-07 18:10
M9731,F9731,更换凸轮轴位置传感器,凸轮轴位置传感器,520,2025-07-23 15:16
M9732,F9732,维修安全气囊控制模块,安全气囊控制模块编程,800,2025-04-10 12:56
M9733,F9733,更换节气门位置传感器,节气门位置传感器,480,2025-02-20 16:04
M9734,F9734,更换左前轮速传感器,左前轮速传感器,280,2024-11-14 13:49
M9735,F9735,检查燃油蒸发系统管路,燃油蒸发管密封垫,350,2025-10-06 15:05
M9736,F9736,更换右前安全气囊传感器,右前安全气囊传感器,650,2024-07-03 18:53
M9737,F9737,升级ECM控制模块程序,ECM程序升级包,980,2024-08-22 11:24
M9738,F9738,更换右后轮速传感器,右后轮速传感器,270,2025-02-19 10:05
M9739,F9739,更换驾驶员侧安全气囊模块,驾驶员侧安全气囊模块,1500,2024-07-15 18:21
M9740,F9740,更换进气温度传感器,进气温度传感器,380,2024-06-05 12:06
M9741,F9741,更换火花塞+缸线检查,铱金火花塞(4支),380,2024-03-07 19:24
M9742,F9742,更换轮速传感器,右前轮速传感器,260,2024-03-18 16:15
M9743,F9743,清洗节气门+燃油滤芯更换,燃油滤芯,420,2025-09-18 13:45
M9744,F9744,维修空调压缩机,压缩机电磁阀,580,2024-09-09 17:22
M9745,F9745,更换催化转化器,原厂催化转化器,2800,2025-08-03 15:48
M9746,F9746,更换涡轮增压器电磁阀,涡轮电磁阀,850,2024-11-12 12:17
M9747,F9747,更换刹车压力传感器,刹车压力传感器,480,2025-03-02 10:36
M9748,F9748,更换安全带传感器,主驾驶安全带传感器,320,2025-01-28 09:04
M9749,F9749,更换机油压力传感器,机油压力传感器,450,2025-12-04 14:53
M9750,F9750,维修ABS控制模块,ABS控制模块维修包,1200,2025-08-14 18:03
M9751,F9751,更换凸轮轴位置传感器,凸轮轴位置传感器,520,2024-11-07 11:26
M9752,F9752,维修安全气囊控制模块,安全气囊控制模块编程,800,2025-10-22 09:39
M9753,F9753,更换节气门位置传感器,节气门位置传感器,480,2025-12-16 19:12
M9754,F9754,更换左前轮速传感器,左前轮速传感器,280,2024-04-26 10:54
M9755,F9755,检查燃油蒸发系统管路,燃油蒸发管密封垫,350,2024-03-14 12:25
M9756,F9756,更换右前安全气囊传感器,右前安全气囊传感器,650,2025-06-16 17:26
M9757,F9757,升级ECM控制模块程序,ECM程序升级包,980,2025-12-11 11:41
M9758,F9758,更换右后轮速传感器,右后轮速传感器,270,2025-05-16 15:20
M9759,F9759,更换驾驶员侧安全气囊模块,驾驶员侧安全气囊模块,1500,2024-09-23 12:46
M9760,F9760,更换进气温度传感器,进气温度传感器,380,2025-09-24 14:50
M9761,F9761,更换火花塞+缸线检查,铱金火花塞(4支),380,2024-09-05 13:03
M9762,F9762,更换轮速传感器,右前轮速传感器,260,2024-11-27 17:57
M9763,F9763,清洗节气门+燃油滤芯更换,燃油滤芯,420,2025-08-06 18:18
M9764,F9764,维修空调压缩机,压缩机电磁阀,580,2024-03-29 18:09
M9765,F9765,更换催化转化器,原厂催化转化器,2800,2024-02-29 16:40
M9766,F9766,更换涡轮增压器电磁阀,涡轮电磁阀,850,2025-02-09 13:58
M9767,F9767,更换刹车压力传感器,刹车压力传感器,480,2024-02-24 13:48
M9768,F9768,更换安全带传感器,主驾驶安全带传感器,320,2024-10-18 14:10
M9769,F9769,更换机油压力传感器,机油压力传感器,450,2024-12-17 15:41
M9770,F9770,维修ABS控制模块,ABS控制模块维修包,1200,2025-09-16 10:50
M9771,F9771,更换凸轮轴位置传感器,凸轮轴位置传感器,520,2025-08-25 11:53
M9772,F9772,维修安全气囊控制模块,安全气囊控制模块编程,800,2025-08-01 15:28
M9773,F9773,更换节气门位置传感器,节气门位置传感器,480,2024-05-26 11:13
M9774,F9774,更换左前轮速传感器,左前轮速传感器,280,2024-03-30 11:54
M9775,F9775,检查燃油蒸发系统管路,燃油蒸发管密封垫,350,2025-05-27 10:44
M9776,F9776,更换右前安全气囊传感器,右前安全气囊传感器,650,2025-01-13 11:01
M9777,F9777,升级ECM控制模块程序,ECM程序升级包,980,2024-08-27 16:53
M9778,F9778,更换右后轮速传感器,右后轮速传感器,270,2024-12-11 16:30
M9779,F9779,更换驾驶员侧安全气囊模块,驾驶员侧安全气囊模块,1500,2025-10-14 11:49
M9780,F9780,更换进气温度传感器,进气温度传感器,380,2025-06-13 16:50
M9781,F9781,更换火花塞+缸线检查,铱金火花塞(4支),380,2024-03-01 10:06
M9782,F9782,更换轮速传感器,右前轮速传感器,260,2025-03-08 10:38
M9783,F9783,清洗节气门+燃油滤芯更换,燃油滤芯,420,2025-06-29 14:58
M9784,F9784,维修空调压缩机,压缩机电磁阀,580,2025-03-23 11:53
M9785,F9785,更换催化转化器,原厂催化转化器,2800,2024-07-20 11:49
M9786,F9786,更换涡轮增压器电磁阀,涡轮电磁阀,850,2024-08-04 09:33
M9787,F9787,更换刹车压力传感器,刹车压力传感器,480,2024-06-12 18:25
M9788,F9788,更换安全带传感器,主驾驶安全带传感器,320,2024-09-09 18:00
M9789,F9789,更换机油压力传感器,机油压力传感器,450,2024-02-23 17:57
M9790,F9790,维修ABS控制模块,ABS控制模块维修包,1200,2024-06-10 19:13
M9791,F9791,更换凸轮轴位置传感器,凸轮轴位置传感器,520,2024-07-16 17:02
M9792,F9792,维修安全气囊控制模块,安全气囊控制模块编程,800,2024-04-26 17:22
M9793,F9793,更换节气门位置传感器,节气门位置传感器,480,2024-06-11 17:57
M9794,F9794,更换左前轮速传感器,左前轮速传感器,280,2024-10-29 13:37
M9795,F9795,检查燃油蒸发系统管路,燃油蒸发管密封垫,350,2025-08-01 17:07
M9796,F9796,更换右前安全气囊传感器,右前安全气囊传感器,650,2025-06-17 17:40
M9797,F9797,升级ECM控制模块程序,ECM程序升级包,980,2024-01-23 16:29
M9798,F9798,更换右后轮速传感器,右后轮速传感器,270,2025-06-04 15:14
M9799,F9799,更换驾驶员侧安全气囊模块,驾驶员侧安全气囊模块,1500,2025-02-10 17:12
M9800,F9800,更换进气温度传感器,进气温度传感器,380,2024-05-10 09:46
M9801,F9801,更换火花塞+缸线检查,铱金火花塞(4支),380,2025-05-29 16:20
M9802,F9802,更换轮速传感器,右前轮速传感器,260,2024-03-14 11:36
M9803,F9803,清洗节气门+燃油滤芯更换,燃油滤芯,420,2024-02-06 13:44
M9804,F9804,维修空调压缩机,压缩机电磁阀,580,2024-08-02 12:34
M9805,F9805,更换催化转化器,原厂催化转化器,2800,2024-06-07 09:44
M9806,F9806,更换涡轮增压器电磁阀,涡轮电磁阀,850,2025-01-13 10:31
M9807,F9807,更换刹车压力传感器,刹车压力传感器,480,2024-01-01 14:47
M9808,F9808,更换安全带传感器,主驾驶安全带传感器,320,2024-07-26 10:24
M9809,F9809,更换机油压力传感器,机油压力传感器,450,2025-08-31 16:00
M9810,F9810,维修ABS控制模块,ABS控制模块维修包,1200,2024-05-15 15:59
M9811,F9811,更换凸轮轴位置传感器,凸轮轴位置传感器,520,2024-11-16 17:18
M9812,F9812,维修安全气囊控制模块,安全气囊控制模块编程,800,2025-11-28 18:31
M9813,F9813,更换节气门位置传感器,节气门位置传感器,480,2024-01-05 11:05
M9814,F9814,更换左前轮速传感器,左前轮速传感器,280,2024-01-05 18:03
M9815,F9815,检查燃油蒸发系统管路,燃油蒸发管密封垫,350,2024-11-13 10:19
M9816,F9816,更换右前安全气囊传感器,右前安全气囊传感器,650,2025-12-30 18:03
M9817,F9817,升级ECM控制模块程序,ECM程序升级包,980,2024-02-22 18:50
M9818,F9818,更换右后轮速传感器,右后轮速传感器,270,2024-01-19 17:44
M9819,F9819,更换驾驶员侧安全气囊模块,驾驶员侧安全气囊模块,1500,2025-05-04 14:27
M9820,F9820,更换进气温度传感器,进气温度传感器,380,2024-04-26 09:08
M9821,F9821,更换火花塞+缸线检查,铱金火花塞(4支),380,2025-02-09 19:52
M9822,F9822,更换轮速传感器,右前轮速传感器,260,2025-02-01 16:53
M9823,F9823,清洗节气门+燃油滤芯更换,燃油滤芯,420,2025-08-12 14:20
M9824,F9824,维修空调压缩机,压缩机电磁阀,580,2024-09-08 16:25
M9825,F9825,更换催化转化器,原厂催化转化器,2800,2024-09-19 15:07
M9826,F9826,更换涡轮增压器电磁阀,涡轮电磁阀,850,2024-05-28 14:47
M9827,F9827,更换刹车压力传感器,刹车压力传感器,480,2024-11-16 17:00
M9828,F9828,更换安全带传感器,主驾驶安全带传感器,320,2024-01-07 11:45
M9829,F9829,更换机油压力传感器,机油压力传感器,450,2025-04-10 19:48
M9830,F9830,维修ABS控制模块,ABS控制模块维修包,1200,2024-12-22 11:32
M9831,F9831,更换凸轮轴位置传感器,凸轮轴位置传感器,520,2025-03-09 15:45
M9832,F9832,维修安全气囊控制模块,安全气囊控制模块编程,800,2024-03-09 14:19
M9833,F9833,更换节气门位置传感器,节气门位置传感器,480,2025-11-02 13:14
M9834,F9834,更换左前轮速传感器,左前轮速传感器,280,2025-02-18 10:05
M9835,F9835,检查燃油蒸发系统管路,燃油蒸发管密封垫,350,2024-07-01 12:00
M9836,F9836,更换右前安全气囊传感器,右前安全气囊传感器,650,2025-05-29 16:58
M9837,F9837,升级ECM控制模块程序,ECM程序升级包,980,2024-03-25 18:39
M9838,F9838,更换右后轮速传感器,右后轮速传感器,270,2025-01-22 10:23
M9839,F9839,更换驾驶员侧安全气囊模块,驾驶员侧安全气囊模块,1500,2025-12-04 17:18
M9840,F9840,更换进气温度传感器,进气温度传感器,380,2024-08-10 16:27
M9841,F9841,更换火花塞+缸线检查,铱金火花塞(4支),380,2024-06-26 16:41
M9842,F9842,更换轮速传感器,右前轮速传感器,260,2024-12-16 18:15
M9843,F9843,清洗节气门+燃油滤芯更换,燃油滤芯,420,2024-12-08 11:52
M9844,F9844,维修空调压缩机,压缩机电磁阀,580,2024-10-27 14:21
M9845,F9845,更换催化转化器,原厂催化转化器,2800,2024-06-14 11:07
M9846,F9846,更换涡轮增压器电磁阀,涡轮电磁阀,850,2025-08-15 09:16
M9847,F9847,更换刹车压力传感器,刹车压力传感器,480,2024-02-14 14:36
M9848,F9848,更换安全带传感器,主驾驶安全带传感器,320,2024-05-26 13:13
M9849,F9849,更换机油压力传感器,机油压力传感器,450,2025-12-10 15:01
M9850,F9850,维修ABS控制模块,ABS控制模块维修包,1200,2025-01-02 09:51
M9851,F9851,更换凸轮轴位置传感器,凸轮轴位置传感器,520,2024-11-09 17:51
M9852,F9852,维修安全气囊控制模块,安全气囊控制模块编程,800,2025-07-23 14:04
M9853,F9853,更换节气门位置传感器,节气门位置传感器,480,2024-10-04 13:37
M9854,F9854,更换左前轮速传感器,左前轮速传感器,280,2025-09-24 10:42
M9855,F9855,检查燃油蒸发系统管路,燃油蒸发管密封垫,350,2025-09-08 16:48
M9856,F9856,更换右前安全气囊传感器,右前安全气囊传感器,650,2025-08-31 12:33
M9857,F9857,升级ECM控制模块程序,ECM程序升级包,980,2025-04-23 18:12
M9858,F9858,更换右后轮速传感器,右后轮速传感器,270,2025-09-05 13:18
M9859,F9859,更换驾驶员侧安全气囊模块,驾驶员侧安全气囊模块,1500,2025-01-18 11:52
M9860,F9860,更换进气温度传感器,进气温度传感器,380,2025-09-24 12:07
M9861,F9861,更换火花塞+缸线检查,铱金火花塞(4支),380,2025-11-05 14:38
M9862,F9862,更换轮速传感器,右前轮速传感器,260,2024-08-29 17:48
M9863,F9863,清洗节气门+燃油滤芯更换,燃油滤芯,420,2024-11-14 19:23
M9864,F9864,维修空调压缩机,压缩机电磁阀,580,2025-07-06 16:14
M9865,F9865,更换催化转化器,原厂催化转化器,2800,2025-03-23 11:11
M9866,F9866,更换涡轮增压器电磁阀,涡轮电磁阀,850,2025-03-07 16:58
M9867,F9867,更换刹车压力传感器,刹车压力传感器,480,2024-11-11 16:21
M9868,F9868,更换安全带传感器,主驾驶安全带传感器,320,2025-09-29 11:06
M9869,F9869,更换机油压力传感器,机油压力传感器,450,2024-11-22 12:50
M9870,F9870,维修ABS控制模块,ABS控制模块维修包,1200,2024-08-08 19:27
M9871,F9871,更换凸轮轴位置传感器,凸轮轴位置传感器,520,2024-11-19 10:39
M9872,F9872,维修安全气囊控制模块,安全气囊控制模块编程,800,2025-10-28 13:51
M9873,F9873,更换节气门位置传感器,节气门位置传感器,480,2025-01-20 14:19
M9874,F9874,更换左前轮速传感器,左前轮速传感器,280,2025-07-18 14:34
M9875,F9875,检查燃油蒸发系统管路,燃油蒸发管密封垫,350,2024-06-12 13:12
M9876,F9876,更换右前安全气囊传感器,右前安全气囊传感器,650,2024-12-28 15:55
M9877,F9877,升级ECM控制模块程序,ECM程序升级包,980,2024-06-05 13:19
M9878,F9878,更换右后轮速传感器,右后轮速传感器,270,2025-02-26 09:05
M9879,F9879,更换驾驶员侧安全气囊模块,驾驶员侧安全气囊模块,1500,2025-08-27 15:26
M9880,F9880,更换进气温度传感器,进气温度传感器,380,2024-02-27 16:47
M9881,F9881,更换火花塞+缸线检查,铱金火花塞(4支),380,2024-05-22 09:18
M9882,F9882,更换轮速传感器,右前轮速传感器,260,2025-10-09 10:09
M9883,F9883,清洗节气门+燃油滤芯更换,燃油滤芯,420,2024-12-04 12:41
M9884,F9884,维修空调压缩机,压缩机电磁阀,580,2025-11-12 14:48
M9885,F9885,更换催化转化器,原厂催化转化器,2800,2025-02-28 10:33
M9886,F9886,更换涡轮增压器电磁阀,涡轮电磁阀,850,2024-03-05 19:56
M9887,F9887,更换刹车压力传感器,刹车压力传感器,480,2025-06-04 12:29
M9888,F9888,更换安全带传感器,主驾驶安全带传感器,320,2025-03-31 18:08
M9889,F9889,更换机油压力传感器,机油压力传感器,450,2024-10-29 16:41
M9890,F9890,维修ABS控制模块,ABS控制模块维修包,1200,2025-08-30 19:00
M9891,F9891,更换凸轮轴位置传感器,凸轮轴位置传感器,520,2024-06-21 12:40
M9892,F9892,维修安全气囊控制模块,安全气囊控制模块编程,800,2024-11-27 10:16
M9893,F9893,更换节气门位置传感器,节气门位置传感器,480,2024-01-29 12:25
M9894,F9894,更换左前轮速传感器,左前轮速传感器,280,2024-02-18 15:04
M9895,F9895,检查燃油蒸发系统管路,燃油蒸发管密封垫,350,2024-04-22 09:00
M9896,F9896,更换右前安全气囊传感器,右前安全气囊传感器,650,2025-02-11 13:37
M9897,F9897,升级ECM控制模块程序,ECM程序升级包,980,2024-10-08 10:56
M9898,F9898,更换右后轮速传感器,右后轮速传感器,270,2025-09-19 17:01
M9899,F9899,更换驾驶员侧安全气囊模块,驾驶员侧安全气囊模块,1500,2025-09-12 12:10
M9900,F9900,更换进气温度传感器,进气温度传感器,380,2025-07-19 10:24
M9901,F9901,更换火花塞+缸线检查,铱金火花塞(4支),380,2024-03-21 16:58
M9902,F9902,更换轮速传感器,右前轮速传感器,260,2025-06-17 14:49
M9903,F9903,清洗节气门+燃油滤芯更换,燃油滤芯,420,2025-05-12 13:17
M9904,F9904,维修空调压缩机,压缩机电磁阀,580,2024-11-01 11:57
M9905,F9905,更换催化转化器,原厂催化转化器,2800,2025-07-02 11:20
M9906,F9906,更换涡轮增压器电磁阀,涡轮电磁阀,850,2024-12-14 15:24
M9907,F9907,更换刹车压力传感器,刹车压力传感器,480,2025-01-18 14:11
M9908,F9908,更换安全带传感器,主驾驶安全带传感器,320,2024-12-15 13:49
M9909,F9909,更换机油压力传感器,机油压力传感器,450,2024-10-21 14:39
M9910,F9910,维修ABS控制模块,ABS控制模块维修包,1200,2024-01-17 14:58
M9911,F9911,更换凸轮轴位置传感器,凸轮轴位置传感器,520,2025-06-27 17:09
M9912,F9912,维修安全气囊控制模块,安全气囊控制模块编程,800,2024-07-18 09:59
M9913,F9913,更换节气门位置传感器,节气门位置传感器,480,2024-06-04 14:42
M9914,F9914,更换左前轮速传感器,左前轮速传感器,280,2025-05-08 11:27
M9915,F9915,检查燃油蒸发系统管路,燃油蒸发管密封垫,350,2024-07-16 19:24
M9916,F9916,更换右前安全气囊传感器,右前安全气囊传感器,650,2025-02-13 19:41
M9917,F9917,升级ECM控制模块程序,ECM程序升级包,980,2025-07-02 18:20
M9918,F9918,更换右后轮速传感器,右后轮速传感器,270,2025-07-26 18:00
M9919,F9919,更换驾驶员侧安全气囊模块,驾驶员侧安全气囊模块,1500,2024-09-26 12:50
M9920,F9920,更换进气温度传感器,进气温度传感器,380,2025-03-20 18:43
M9921,F9921,更换火花塞+缸线检查,铱金火花塞(4支),380,2024-03-26 11:20
M9922,F9922,更换轮速传感器,右前轮速传感器,260,2025-06-11 18:03
M9923,F9923,清洗节气门+燃油滤芯更换,燃油滤芯,420,2024-06-06 11:22
M9924,F9924,维修空调压缩机,压缩机电磁阀,580,2024-05-12 11:51
M9925,F9925,更换催化转化器,原厂催化转化器,2800,2024-10-25 18:20
M9926,F9926,更换涡轮增压器电磁阀,涡轮电磁阀,850,2024-01-26 17:47
M9927,F9927,更换刹车压力传感器,刹车压力传感器,480,2024-12-20 18:58
M9928,F9928,更换安全带传感器,主驾驶安全带传感器,320,2024-06-10 18:07
M9929,F9929,更换机油压力传感器,机油压力传感器,450,2025-12-04 14:22
M9930,F9930,维修ABS控制模块,ABS控制模块维修包,1200,2025-08-23 10:20
M9931,F9931,更换凸轮轴位置传感器,凸轮轴位置传感器,520,2025-04-20 16:31
M9932,F9932,维修安全气囊控制模块,安全气囊控制模块编程,800,2024-11-18 09:57
M9933,F9933,更换节气门位置传感器,节气门位置传感器,480,2024-03-21 10:46
M9934,F9934,更换左前轮速传感器,左前轮速传感器,280,2025-01-24 09:14
M9935,F9935,检查燃油蒸发系统管路,燃油蒸发管密封垫,350,2025-10-28 17:12
M9936,F9936,更换右前安全气囊传感器,右前安全气囊传感器,650,2025-12-13 13:45
M9937,F9937,升级ECM控制模块程序,ECM程序升级包,980,2024-10-12 10:52
M9938,F9938,更换右后轮速传感器,右后轮速传感器,270,2024-03-17 16:58
M9939,F9939,更换驾驶员侧安全气囊模块,驾驶员侧安全气囊模块,1500,2025-10-12 19:58
M9940,F9940,更换进气温度传感器,进气温度传感器,380,2025-08-21 17:25
M9941,F9941,更换火花塞+缸线检查,铱金火花塞(4支),380,2024-05-26 18:00
M9942,F9942,更换轮速传感器,右前轮速传感器,260,2025-10-10 15:19
M9943,F9943,清洗节气门+燃油滤芯更换,燃油滤芯,420,2024-05-16 14:08
M9944,F9944,维修空调压缩机,压缩机电磁阀,580,2024-05-28 10:13
M9945,F9945,更换催化转化器,原厂催化转化器,2800,2025-04-29 18:49
M9946,F9946,更换涡轮增压器电磁阀,涡轮电磁阀,850,2024-10-01 12:46
M9947,F9947,更换刹车压力传感器,刹车压力传感器,480,2024-12-04 16:42
M9948,F9948,更换安全带传感器,主驾驶安全带传感器,320,2025-01-15 16:39
M9949,F9949,更换机油压力传感器,机油压力传感器,450,2024-10-15 17:05
M9950,F9950,维修ABS控制模块,ABS控制模块维修包,1200,2024-12-17 14:34
M9951,F9951,更换凸轮轴位置传感器,凸轮轴位置传感器,520,2024-11-08 17:49
M9952,F9952,维修安全气囊控制模块,安全气囊控制模块编程,800,2024-04-16 19:55
M9953,F9953,更换节气门位置传感器,节气门位置传感器,480,2025-06-17 17:43
M9954,F9954,更换左前轮速传感器,左前轮速传感器,280,2025-10-29 12:52
M9955,F9955,检查燃油蒸发系统管路,燃油蒸发管密封垫,350,2025-05-30 18:12
M9956,F9956,更换右前安全气囊传感器,右前安全气囊传感器,650,2025-04-14 12:57
M9957,F9957,升级ECM控制模块程序,ECM程序升级包,980,2025-08-26 09:23
M9958,F9958,更换右后轮速传感器,右后轮速传感器,270,2024-12-11 13:01
M9959,F9959,更换驾驶员侧安全气囊模块,驾驶员侧安全气囊模块,1500,2024-02-16 12:29
M9960,F9960,更换进气温度传感器,进气温度传感器,380,2025-08-08 19:24
M9961,F9961,更换火花塞+缸线检查,铱金火花塞(4支),380,2025-02-16 17:21
M9962,F9962,更换轮速传感器,右前轮速传感器,260,2025-06-07 15:54
M9963,F9963,清洗节气门+燃油滤芯更换,燃油滤芯,420,2025-06-23 10:14
M9964,F9964,维修空调压缩机,压缩机电磁阀,580,2024-05-20 14:26
M9965,F9965,更换催化转化器,原厂催化转化器,2800,2024-09-01 14:29
M9966,F9966,更换涡轮增压器电磁阀,涡轮电磁阀,850,2024-08-27 10:11
M9967,F9967,更换刹车压力传感器,刹车压力传感器,480,2025-09-24 14:06
M9968,F9968,更换安全带传感器,主驾驶安全带传感器,320,2024-06-27 13:56
M9969,F9969,更换机油压力传感器,机油压力传感器,450,2024-09-25 09:50
M9970,F9970,维修ABS控制模块,ABS控制模块维修包,1200,2025-08-11 13:45
M9971,F9971,更换凸轮轴位置传感器,凸轮轴位置传感器,520,2025-10-21 13:03
M9972,F9972,维修安全气囊控制模块,安全气囊控制模块编程,800,2025-08-26 18:54
M9973,F9973,更换节气门位置传感器,节气门位置传感器,480,2024-10-08 13:41
M9974,F9974,更换左前轮速传感器,左前轮速传感器,280,2024-01-10 18:01
M9975,F9975,检查燃油蒸发系统管路,燃油蒸发管密封垫,350,2024-05-10 11:53
M9976,F9976,更换右前安全气囊传感器,右前安全气囊传感器,650,2024-03-19 13:30
M9977,F9977,升级ECM控制模块程序,ECM程序升级包,980,2024-08-09 12:24
M9978,F9978,更换右后轮速传感器,右后轮速传感器,270,2025-12-16 13:27
M9979,F9979,更换驾驶员侧安全气囊模块,驾驶员侧安全气囊模块,1500,2025-04-05 14:44
M9980,F9980,更换进气温度传感器,进气温度传感器,380,2025-06-10 12:35
M9981,F9981,更换火花塞+缸线检查,铱金火花塞(4支),380,2025-06-08 17:48
M9982,F9982,更换轮速传感器,右前轮速传感器,260,2024-05-10 17:25
M9983,F9983,清洗节气门+燃油滤芯更换,燃油滤芯,420,2024-08-02 17:15
M9984,F9984,维修空调压缩机,压缩机电磁阀,580,2024-01-10 16:51
M9985,F9985,更换催化转化器,原厂催化转化器,2800,2024-05-24 13:11
M9986,F9986,更换涡轮增压器电磁阀,涡轮电磁阀,850,2025-11-13 12:31
M9987,F9987,更换刹车压力传感器,刹车压力传感器,480,2025-06-21 16:14
M9988,F9988,更换安全带传感器,主驾驶安全带传感器,320,2024-06-03 12:15
M9989,F9989,更换机油压力传感器,机油压力传感器,450,2025-01-20 15:13
M9990,F9990,维修ABS控制模块,ABS控制模块维修包,1200,2024-11-16 13:22
M9991,F9991,更换凸轮轴位置传感器,凸轮轴位置传感器,520,2024-01-03 16:55
M9992,F9992,维修安全气囊控制模块,安全气囊控制模块编程,800,2025-06-17 14:29
M9993,F9993,更换节气门位置传感器,节气门位置传感器,480,2025-12-21 11:51
M9994,F9994,更换左前轮速传感器,左前轮速传感器,280,2025-09-10 15:58
M9995,F9995,检查燃油蒸发系统管路,燃油蒸发管密封垫,350,2025-12-07 14:13
M9996,F9996,更换右前安全气囊传感器,右前安全气囊传感器,650,2025-03-22 16:35
M9997,F9997,升级ECM控制模块程序,ECM程序升级包,980,2025-05-10 18:57
M9998,F9998,更换右后轮速传感器,右后轮速传感器,270,2024-05-17 12:05
M9999,F9999,更换驾驶员侧安全气囊模块,驾驶员侧安全气囊模块,1500,2025-09-06 13:43
M10000,F10000,更换进气温度传感器,进气温度传感器,380,2024-03-27 16:22
