保养ID,车型,行驶里程(km),保养项目,保养时间,上次保养里程(km)
S001,丰田卡罗拉,131728,机油+机滤更换,2025-08-07 09:07,126728
S002,大众朗逸,42725,空调滤芯+空气滤芯更换,2025-02-19 16:59,32725
S003,本田思域,34828,变速箱油更换,2025-09-10 08:33,24828
S004,比亚迪汉,84841,全车检查+轮胎换位,2025-09-28 09:05,74841
S005,宝马3系,137712,大保养(机油+三滤+刹车油),2024-10-05 08:18,127712
S006,福特蒙迪欧,54989,刹车油+刹车片更换,2024-06-25 12:22,44989
S007,吉利星越L,106510,机油+机滤+空调滤芯更换,2025-05-28 10:21,101510
S008,奥迪A4L,56854,变速箱油+火花塞更换,2025-06-29 17:47,46854
S009,长城哈弗H6,63657,空气滤芯+燃油滤芯更换,2024-08-27 15:04,58657
S010,奔驰C级,142180,大保养(机油+三滤+变速箱油),2024-06-10 16:34,132180
S011,丰田凯美瑞,23979,刹车油+冷却液更换,2025-01-17 16:04,13979
S012,大众帕萨特,83372,机油+机滤+空气滤芯更换,2024-08-26 12:33,78372
S013,本田CR-V,123970,变速箱油+刹车油更换,2024-07-07 17:23,113970
S014,比亚迪宋PLUS,73339,全车检查+空调滤芯更换,2025-03-12 09:29,68339
S015,宝马5系,138207,大保养(机油+三滤+正时皮带),2025-05-03 15:22,128207
S016,奥迪Q5L,147984,机油+机滤+火花塞更换,2024-10-24 12:02,142984
S017,福特锐界,111432,刹车油+刹车片+轮胎更换,2024-12-13 12:45,101432
S018,吉利博越,52341,机油+机滤+燃油滤芯更换,2024-01-29 08:06,47341
S019,长城魏派VV7,60953,变速箱油+空调滤芯更换,2025-05-20 09:20,50953
S020,奔驰E级,102984,大保养(机油+三滤+刹车油),2025-05-17 12:05,92984
S021,丰田卡罗拉,99224,机油+机滤更换,2024-12-25 11:18,94224
S022,大众朗逸,85658,空调滤芯+空气滤芯更换,2024-12-22 17:27,75658
S023,本田思域,27479,变速箱油更换,2025-07-22 15:44,17479
S024,比亚迪汉,58588,全车检查+轮胎换位,2024-01-15 10:12,48588
S025,宝马3系,100198,大保养(机油+三滤+刹车油),2024-04-21 11:53,90198
S026,福特蒙迪欧,139922,刹车油+刹车片更换,2025-03-21 15:36,129922
S027,吉利星越L,32823,机油+机滤+空调滤芯更换,2024-09-26 14:04,27823
S028,奥迪A4L,56079,变速箱油+火花塞更换,2024-04-30 09:19,46079
S029,长城哈弗H6,119845,空气滤芯+燃油滤芯更换,2025-09-07 11:06,114845
S030,奔驰C级,111530,大保养(机油+三滤+变速箱油),2024-09-10 17:33,101530
S031,丰田凯美瑞,60579,刹车油+冷却液更换,2025-11-09 10:26,50579
S032,大众帕萨特,57214,机油+机滤+空气滤芯更换,2024-02-20 10:24,52214
S033,本田CR-V,45339,变速箱油+刹车油更换,2024-03-09 15:58,35339
S034,比亚迪宋PLUS,111764,全车检查+空调滤芯更换,2024-05-28 08:42,106764
S035,宝马5系,84776,大保养(机油+三滤+正时皮带),2024-08-06 11:02,74776
S036,奥迪Q5L,78532,机油+机滤+火花塞更换,2024-07-24 08:12,73532
S037,福特锐界,127554,刹车油+刹车片+轮胎更换,2024-12-24 15:19,117554
S038,吉利博越,50918,机油+机滤+燃油滤芯更换,2024-10-04 08:32,45918
S039,长城魏派VV7,56884,变速箱油+空调滤芯更换,2024-05-30 13:01,46884
S040,奔驰E级,119904,大保养(机油+三滤+刹车油),2024-10-17 16:38,109904
S041,丰田卡罗拉,147671,机油+机滤更换,2024-12-30 16:30,142671
S042,大众朗逸,71223,空调滤芯+空气滤芯更换,2024-10-21 08:59,61223
S043,本田思域,112824,变速箱油更换,2024-11-27 09:59,102824
S044,比亚迪汉,147187,全车检查+轮胎换位,2025-09-14 10:26,137187
S045,宝马3系,133204,大保养(机油+三滤+刹车油),2024-10-22 10:34,123204
S046,福特蒙迪欧,118001,刹车油+刹车片更换,2025-01-17 15:48,108001
S047,吉利星越L,56709,机油+机滤+空调滤芯更换,2025-06-29 12:56,51709
S048,奥迪A4L,127491,变速箱油+火花塞更换,2024-07-07 11:35,117491
S049,长城哈弗H6,87170,空气滤芯+燃油滤芯更换,2025-05-17 09:41,82170
S050,奔驰C级,46950,大保养(机油+三滤+变速箱油),2024-06-04 13:31,36950
S051,丰田凯美瑞,143312,刹车油+冷却液更换,2025-09-15 09:12,133312
S052,大众帕萨特,85160,机油+机滤+空气滤芯更换,2024-09-21 15:44,80160
S053,本田CR-V,61642,变速箱油+刹车油更换,2025-08-19 08:59,51642
S054,比亚迪宋PLUS,108427,全车检查+空调滤芯更换,2025-09-07 16:42,103427
S055,宝马5系,89843,大保养(机油+三滤+正时皮带),2024-07-01 15:59,79843
S056,奥迪Q5L,47136,机油+机滤+火花塞更换,2024-02-16 08:46,42136
S057,福特锐界,49898,刹车油+刹车片+轮胎更换,2025-11-22 10:24,39898
S058,吉利博越,141598,机油+机滤+燃油滤芯更换,2024-12-31 10:05,136598
S059,长城魏派VV7,41408,变速箱油+空调滤芯更换,2025-12-08 16:35,31408
S060,奔驰E级,96326,大保养(机油+三滤+刹车油),2025-04-20 09:05,86326
S061,丰田卡罗拉,47968,机油+机滤更换,2025-01-25 15:40,42968
S062,大众朗逸,84775,空调滤芯+空气滤芯更换,2024-01-20 11:59,74775
S063,本田思域,93161,变速箱油更换,2024-02-10 17:36,83161
S064,比亚迪汉,118211,全车检查+轮胎换位,2024-05-19 17:29,108211
S065,宝马3系,40378,大保养(机油+三滤+刹车油),2025-01-11 14:12,30378
S066,福特蒙迪欧,100080,刹车油+刹车片更换,2025-01-17 15:46,90080
S067,吉利星越L,74116,机油+机滤+空调滤芯更换,2024-03-25 13:26,69116
S068,奥迪A4L,29297,变速箱油+火花塞更换,2024-04-19 13:14,19297
S069,长城哈弗H6,99435,空气滤芯+燃油滤芯更换,2025-05-02 08:42,94435
S070,奔驰C级,96901,大保养(机油+三滤+变速箱油),2025-10-03 11:01,86901
S071,丰田凯美瑞,29993,刹车油+冷却液更换,2025-02-19 14:16,19993
S072,大众帕萨特,119867,机油+机滤+空气滤芯更换,2025-01-11 16:52,114867
S073,本田CR-V,20725,变速箱油+刹车油更换,2025-01-28 15:28,10725
S074,比亚迪宋PLUS,124395,全车检查+空调滤芯更换,2024-12-23 08:02,119395
S075,宝马5系,137660,大保养(机油+三滤+正时皮带),2024-07-15 17:59,127660
S076,奥迪Q5L,127005,机油+机滤+火花塞更换,2025-09-29 13:02,122005
S077,福特锐界,108493,刹车油+刹车片+轮胎更换,2024-10-02 13:55,98493
S078,吉利博越,139055,机油+机滤+燃油滤芯更换,2024-04-14 10:30,134055
S079,长城魏派VV7,67216,变速箱油+空调滤芯更换,2024-11-28 13:01,57216
S080,奔驰E级,83118,大保养(机油+三滤+刹车油),2024-08-30 14:12,73118
S081,丰田卡罗拉,135336,机油+机滤更换,2025-03-08 14:24,130336
S082,大众朗逸,86938,空调滤芯+空气滤芯更换,2025-02-23 11:11,76938
S083,本田思域,136051,变速箱油更换,2025-08-06 14:13,126051
S084,比亚迪汉,129699,全车检查+轮胎换位,2024-05-22 17:10,119699
S085,宝马3系,34895,大保养(机油+三滤+刹车油),2024-01-04 08:59,24895
S086,福特蒙迪欧,23594,刹车油+刹车片更换,2024-11-02 08:15,13594
S087,吉利星越L,39519,机油+机滤+空调滤芯更换,2024-04-13 14:35,34519
S088,奥迪A4L,72806,变速箱油+火花塞更换,2024-03-27 17:33,62806
S089,长城哈弗H6,132716,空气滤芯+燃油滤芯更换,2025-08-17 15:10,127716
S090,奔驰C级,106691,大保养(机油+三滤+变速箱油),2025-05-09 17:47,96691
S091,丰田凯美瑞,133605,刹车油+冷却液更换,2025-12-27 12:04,123605
S092,大众帕萨特,95289,机油+机滤+空气滤芯更换,2025-12-23 08:21,90289
S093,本田CR-V,62912,变速箱油+刹车油更换,2024-12-23 16:26,52912
S094,比亚迪宋PLUS,97066,全车检查+空调滤芯更换,2025-09-19 08:13,92066
S095,宝马5系,103134,大保养(机油+三滤+正时皮带),2025-03-02 16:52,93134
S096,奥迪Q5L,69399,机油+机滤+火花塞更换,2024-03-20 16:52,64399
S097,福特锐界,133064,刹车油+刹车片+轮胎更换,2024-06-23 09:38,123064
S098,吉利博越,33165,机油+机滤+燃油滤芯更换,2025-12-03 10:46,28165
S099,长城魏派VV7,118565,变速箱油+空调滤芯更换,2025-06-11 11:13,108565
S100,奔驰E级,23265,大保养(机油+三滤+刹车油),2024-07-26 08:38,13265
S101,丰田卡罗拉,38544,机油+机滤更换,2025-10-08 15:21,33544
S102,大众朗逸,108829,空调滤芯+空气滤芯更换,2025-08-30 14:09,98829
S103,本田思域,75591,变速箱油更换,2024-09-06 14:31,65591
S104,比亚迪汉,71703,全车检查+轮胎换位,2024-02-08 16:00,61703
S105,宝马3系,25492,大保养(机油+三滤+刹车油),2024-07-16 11:12,15492
S106,福特蒙迪欧,99990,刹车油+刹车片更换,2025-11-27 12:58,89990
S107,吉利星越L,121813,机油+机滤+空调滤芯更换,2024-05-23 13:54,116813
S108,奥迪A4L,98008,变速箱油+火花塞更换,2025-02-08 17:44,88008
S109,长城哈弗H6,67468,空气滤芯+燃油滤芯更换,2025-05-10 08:04,62468
S110,奔驰C级,46315,大保养(机油+三滤+变速箱油),2024-08-05 11:03,36315
S111,丰田凯美瑞,131232,刹车油+冷却液更换,2024-05-15 14:50,121232
S112,大众帕萨特,129962,机油+机滤+空气滤芯更换,2025-02-01 10:03,124962
S113,本田CR-V,105089,变速箱油+刹车油更换,2025-05-14 10:02,95089
S114,比亚迪宋PLUS,94100,全车检查+空调滤芯更换,2025-06-12 10:35,89100
S115,宝马5系,47666,大保养(机油+三滤+正时皮带),2024-01-01 13:24,37666
S116,奥迪Q5L,119383,机油+机滤+火花塞更换,2025-11-30 09:33,114383
S117,福特锐界,63582,刹车油+刹车片+轮胎更换,2024-09-04 09:44,53582
S118,吉利博越,29265,机油+机滤+燃油滤芯更换,2025-08-25 10:43,24265
S119,长城魏派VV7,109437,变速箱油+空调滤芯更换,2024-05-08 11:24,99437
S120,奔驰E级,49164,大保养(机油+三滤+刹车油),2024-05-03 12:08,39164
S121,丰田卡罗拉,108409,机油+机滤更换,2025-10-29 14:53,103409
S122,大众朗逸,127929,空调滤芯+空气滤芯更换,2025-12-16 11:02,117929
S123,本田思域,67968,变速箱油更换,2025-11-17 08:19,57968
S124,比亚迪汉,147905,全车检查+轮胎换位,2025-10-23 10:40,137905
S125,宝马3系,101215,大保养(机油+三滤+刹车油),2025-01-17 12:27,91215
S126,福特蒙迪欧,58046,刹车油+刹车片更换,2025-06-14 09:58,48046
S127,吉利星越L,118027,机油+机滤+空调滤芯更换,2024-12-13 14:27,113027
S128,奥迪A4L,43917,变速箱油+火花塞更换,2024-11-22 12:47,33917
S129,长城哈弗H6,146375,空气滤芯+燃油滤芯更换,2024-05-18 10:02,141375
S130,奔驰C级,93308,大保养(机油+三滤+变速箱油),2025-08-23 13:48,83308
S131,丰田凯美瑞,35070,刹车油+冷却液更换,2025-06-22 11:21,25070
S132,大众帕萨特,84050,机油+机滤+空气滤芯更换,2024-12-24 09:47,79050
S133,本田CR-V,30590,变速箱油+刹车油更换,2025-06-24 16:31,20590
S134,比亚迪宋PLUS,87639,全车检查+空调滤芯更换,2025-09-07 14:15,82639
S135,宝马5系,46395,大保养(机油+三滤+正时皮带),2024-10-25 11:38,36395
S136,奥迪Q5L,148396,机油+机滤+火花塞更换,2025-08-20 15:28,143396
S137,福特锐界,138635,刹车油+刹车片+轮胎更换,2024-02-29 15:17,128635
S138,吉利博越,87489,机油+机滤+燃油滤芯更换,2024-12-19 08:35,82489
S139,长城魏派VV7,90340,变速箱油+空调滤芯更换,2025-12-25 08:01,80340
S140,奔驰E级,76944,大保养(机油+三滤+刹车油),2024-05-21 10:40,66944
S141,丰田卡罗拉,90513,机油+机滤更换,2024-01-26 09:34,85513
S142,大众朗逸,47277,空调滤芯+空气滤芯更换,2024-09-04 15:41,37277
S143,本田思域,21827,变速箱油更换,2024-08-01 14:01,11827
S144,比亚迪汉,112944,全车检查+轮胎换位,2024-04-07 15:01,102944
S145,宝马3系,116183,大保养(机油+三滤+刹车油),2025-05-25 12:41,106183
S146,福特蒙迪欧,96417,刹车油+刹车片更换,2024-10-17 13:22,86417
S147,吉利星越L,122886,机油+机滤+空调滤芯更换,2025-07-25 09:42,117886
S148,奥迪A4L,110259,变速箱油+火花塞更换,2025-06-17 11:47,100259
S149,长城哈弗H6,138931,空气滤芯+燃油滤芯更换,2024-12-14 17:33,133931
S150,奔驰C级,117439,大保养(机油+三滤+变速箱油),2024-11-16 13:32,107439
S151,丰田凯美瑞,30774,刹车油+冷却液更换,2025-10-01 15:57,20774
S152,大众帕萨特,103933,机油+机滤+空气滤芯更换,2025-08-11 10:20,98933
S153,本田CR-V,124593,变速箱油+刹车油更换,2025-12-08 12:02,114593
S154,比亚迪宋PLUS,31840,全车检查+空调滤芯更换,2025-11-08 17:47,26840
S155,宝马5系,133021,大保养(机油+三滤+正时皮带),2024-09-18 08:36,123021
S156,奥迪Q5L,96572,机油+机滤+火花塞更换,2025-01-29 17:23,91572
S157,福特锐界,117999,刹车油+刹车片+轮胎更换,2024-04-19 14:02,107999
S158,吉利博越,69639,机油+机滤+燃油滤芯更换,2024-09-03 10:45,64639
S159,长城魏派VV7,125306,变速箱油+空调滤芯更换,2025-12-13 13:58,115306
S160,奔驰E级,91391,大保养(机油+三滤+刹车油),2025-10-13 10:12,81391
S161,丰田卡罗拉,45871,机油+机滤更换,2025-01-16 09:47,40871
S162,大众朗逸,103148,空调滤芯+空气滤芯更换,2024-06-24 14:56,93148
S163,本田思域,52878,变速箱油更换,2024-11-18 15:24,42878
S164,比亚迪汉,103583,全车检查+轮胎换位,2025-12-11 14:19,93583
S165,宝马3系,114259,大保养(机油+三滤+刹车油),2024-05-14 15:40,104259
S166,福特蒙迪欧,78925,刹车油+刹车片更换,2025-04-25 14:31,68925
S167,吉利星越L,122049,机油+机滤+空调滤芯更换,2024-05-17 12:29,117049
S168,奥迪A4L,20856,变速箱油+火花塞更换,2025-07-11 11:56,10856
S169,长城哈弗H6,146893,空气滤芯+燃油滤芯更换,2024-08-07 14:04,141893
S170,奔驰C级,94877,大保养(机油+三滤+变速箱油),2024-08-01 08:13,84877
S171,丰田凯美瑞,64917,刹车油+冷却液更换,2024-04-15 17:02,54917
S172,大众帕萨特,75442,机油+机滤+空气滤芯更换,2024-09-12 12:36,70442
S173,本田CR-V,30634,变速箱油+刹车油更换,2025-07-22 12:14,20634
S174,比亚迪宋PLUS,76455,全车检查+空调滤芯更换,2025-05-16 16:59,71455
S175,宝马5系,138467,大保养(机油+三滤+正时皮带),2024-10-27 11:26,128467
S176,奥迪Q5L,58745,机油+机滤+火花塞更换,2024-04-25 15:30,53745
S177,福特锐界,90394,刹车油+刹车片+轮胎更换,2024-03-17 09:07,80394
S178,吉利博越,80670,机油+机滤+燃油滤芯更换,2025-09-18 14:20,75670
S179,长城魏派VV7,147639,变速箱油+空调滤芯更换,2024-10-30 09:05,137639
S180,奔驰E级,111628,大保养(机油+三滤+刹车油),2025-10-28 17:40,101628
S181,丰田卡罗拉,68938,机油+机滤更换,2025-07-26 09:14,63938
S182,大众朗逸,62873,空调滤芯+空气滤芯更换,2024-08-04 17:11,52873
S183,本田思域,51270,变速箱油更换,2025-09-27 16:03,41270
S184,比亚迪汉,126615,全车检查+轮胎换位,2025-05-11 08:45,116615
S185,宝马3系,45447,大保养(机油+三滤+刹车油),2025-01-24 17:05,35447
S186,福特蒙迪欧,30652,刹车油+刹车片更换,2025-03-29 16:33,20652
S187,吉利星越L,20778,机油+机滤+空调滤芯更换,2025-03-22 08:41,15778
S188,奥迪A4L,118421,变速箱油+火花塞更换,2025-02-19 11:58,108421
S189,长城哈弗H6,138995,空气滤芯+燃油滤芯更换,2025-12-20 13:06,133995
S190,奔驰C级,44137,大保养(机油+三滤+变速箱油),2024-09-25 10:31,34137
S191,丰田凯美瑞,122158,刹车油+冷却液更换,2025-04-03 10:45,112158
S192,大众帕萨特,105001,机油+机滤+空气滤芯更换,2024-08-12 09:44,100001
S193,本田CR-V,142109,变速箱油+刹车油更换,2024-05-21 10:42,132109
S194,比亚迪宋PLUS,80457,全车检查+空调滤芯更换,2024-12-16 14:04,75457
S195,宝马5系,68282,大保养(机油+三滤+正时皮带),2025-08-18 12:26,58282
S196,奥迪Q5L,59707,机油+机滤+火花塞更换,2024-01-31 15:26,54707
S197,福特锐界,37582,刹车油+刹车片+轮胎更换,2024-08-12 09:40,27582
S198,吉利博越,124673,机油+机滤+燃油滤芯更换,2025-06-19 10:20,119673
S199,长城魏派VV7,24767,变速箱油+空调滤芯更换,2024-06-12 13:13,14767
S200,奔驰E级,98969,大保养(机油+三滤+刹车油),2024-01-13 09:57,88969
S201,丰田卡罗拉,114274,机油+机滤更换,2024-02-15 17:26,109274
S202,大众朗逸,36752,空调滤芯+空气滤芯更换,2024-09-27 17:21,26752
S203,本田思域,26878,变速箱油更换,2024-05-14 15:13,16878
S204,比亚迪汉,135483,全车检查+轮胎换位,2025-09-15 09:40,125483
S205,宝马3系,118786,大保养(机油+三滤+刹车油),2025-06-17 14:30,108786
S206,福特蒙迪欧,126579,刹车油+刹车片更换,2024-03-23 10:44,116579
S207,吉利星越L,95121,机油+机滤+空调滤芯更换,2025-01-08 08:51,90121
S208,奥迪A4L,68017,变速箱油+火花塞更换,2024-08-15 13:42,58017
S209,长城哈弗H6,45278,空气滤芯+燃油滤芯更换,2024-08-16 12:18,40278
S210,奔驰C级,87314,大保养(机油+三滤+变速箱油),2024-08-30 12:34,77314
S211,丰田凯美瑞,75393,刹车油+冷却液更换,2025-08-12 15:22,65393
S212,大众帕萨特,36689,机油+机滤+空气滤芯更换,2025-06-22 09:08,31689
S213,本田CR-V,37459,变速箱油+刹车油更换,2025-09-11 09:57,27459
S214,比亚迪宋PLUS,103329,全车检查+空调滤芯更换,2024-03-29 10:38,98329
S215,宝马5系,127309,大保养(机油+三滤+正时皮带),2024-06-14 14:38,117309
S216,奥迪Q5L,32157,机油+机滤+火花塞更换,2024-10-21 17:41,27157
S217,福特锐界,131604,刹车油+刹车片+轮胎更换,2025-03-19 09:11,121604
S218,吉利博越,101499,机油+机滤+燃油滤芯更换,2025-12-23 15:10,96499
S219,长城魏派VV7,52004,变速箱油+空调滤芯更换,2024-09-04 13:07,42004
S220,奔驰E级,129009,大保养(机油+三滤+刹车油),2024-03-08 09:00,119009
S221,丰田卡罗拉,82593,机油+机滤更换,2025-02-07 13:50,77593
S222,大众朗逸,95970,空调滤芯+空气滤芯更换,2024-05-12 09:11,85970
S223,本田思域,66581,变速箱油更换,2024-03-27 10:19,56581
S224,比亚迪汉,23595,全车检查+轮胎换位,2024-11-27 08:14,13595
S225,宝马3系,139194,大保养(机油+三滤+刹车油),2024-10-21 11:53,129194
S226,福特蒙迪欧,143752,刹车油+刹车片更换,2024-10-11 13:46,133752
S227,吉利星越L,85811,机油+机滤+空调滤芯更换,2024-06-01 09:34,80811
S228,奥迪A4L,90931,变速箱油+火花塞更换,2024-11-01 10:59,80931
S229,长城哈弗H6,113535,空气滤芯+燃油滤芯更换,2024-11-18 17:48,108535
S230,奔驰C级,33008,大保养(机油+三滤+变速箱油),2025-04-10 12:54,23008
S231,丰田凯美瑞,130740,刹车油+冷却液更换,2025-07-24 14:43,120740
S232,大众帕萨特,37288,机油+机滤+空气滤芯更换,2025-08-27 16:10,32288
S233,本田CR-V,64542,变速箱油+刹车油更换,2024-08-12 09:10,54542
S234,比亚迪宋PLUS,70795,全车检查+空调滤芯更换,2025-04-04 16:02,65795
S235,宝马5系,111037,大保养(机油+三滤+正时皮带),2024-11-26 08:11,101037
S236,奥迪Q5L,100457,机油+机滤+火花塞更换,2025-11-21 13:10,95457
S237,福特锐界,144976,刹车油+刹车片+轮胎更换,2025-07-13 10:23,134976
S238,吉利博越,146400,机油+机滤+燃油滤芯更换,2025-09-21 09:03,141400
S239,长城魏派VV7,132782,变速箱油+空调滤芯更换,2024-06-21 11:10,122782
S240,奔驰E级,61270,大保养(机油+三滤+刹车油),2024-06-05 11:25,51270
S241,丰田卡罗拉,93159,机油+机滤更换,2025-08-22 13:14,88159
S242,大众朗逸,80701,空调滤芯+空气滤芯更换,2025-06-20 11:33,70701
S243,本田思域,33499,变速箱油更换,2025-07-31 12:18,23499
S244,比亚迪汉,55953,全车检查+轮胎换位,2025-12-24 11:28,45953
S245,宝马3系,76940,大保养(机油+三滤+刹车油),2025-02-05 12:01,66940
S246,福特蒙迪欧,122122,刹车油+刹车片更换,2025-11-23 12:28,112122
S247,吉利星越L,73657,机油+机滤+空调滤芯更换,2025-05-03 13:12,68657
S248,奥迪A4L,87645,变速箱油+火花塞更换,2025-07-01 13:32,77645
S249,长城哈弗H6,96713,空气滤芯+燃油滤芯更换,2025-07-25 16:27,91713
S250,奔驰C级,35831,大保养(机油+三滤+变速箱油),2025-11-24 12:30,25831
S251,丰田凯美瑞,48196,刹车油+冷却液更换,2025-11-13 14:06,38196
S252,大众帕萨特,94431,机油+机滤+空气滤芯更换,2025-03-01 08:47,89431
S253,本田CR-V,84914,变速箱油+刹车油更换,2024-01-11 09:09,74914
S254,比亚迪宋PLUS,67464,全车检查+空调滤芯更换,2024-01-19 13:45,62464
S255,宝马5系,104907,大保养(机油+三滤+正时皮带),2024-06-13 14:11,94907
S256,奥迪Q5L,56549,机油+机滤+火花塞更换,2024-03-22 09:41,51549
S257,福特锐界,139019,刹车油+刹车片+轮胎更换,2025-10-07 09:43,129019
S258,吉利博越,64655,机油+机滤+燃油滤芯更换,2024-08-01 15:26,59655
S259,长城魏派VV7,128107,变速箱油+空调滤芯更换,2025-08-16 09:15,118107
S260,奔驰E级,23998,大保养(机油+三滤+刹车油),2025-11-27 10:24,13998
S261,丰田卡罗拉,86418,机油+机滤更换,2025-07-05 10:08,81418
S262,大众朗逸,81833,空调滤芯+空气滤芯更换,2024-07-31 12:02,71833
S263,本田思域,100205,变速箱油更换,2025-09-06 15:35,90205
S264,比亚迪汉,149634,全车检查+轮胎换位,2024-10-07 11:02,139634
S265,宝马3系,56440,大保养(机油+三滤+刹车油),2025-04-12 08:29,46440
S266,福特蒙迪欧,115696,刹车油+刹车片更换,2024-03-16 10:57,105696
S267,吉利星越L,87394,机油+机滤+空调滤芯更换,2025-07-26 12:17,82394
S268,奥迪A4L,142460,变速箱油+火花塞更换,2025-01-07 10:40,132460
S269,长城哈弗H6,114535,空气滤芯+燃油滤芯更换,2025-02-22 11:22,109535
S270,奔驰C级,57239,大保养(机油+三滤+变速箱油),2025-05-16 15:10,47239
S271,丰田凯美瑞,108200,刹车油+冷却液更换,2024-03-25 13:28,98200
S272,大众帕萨特,30682,机油+机滤+空气滤芯更换,2024-08-11 12:17,25682
S273,本田CR-V,148052,变速箱油+刹车油更换,2024-01-06 11:24,138052
S274,比亚迪宋PLUS,22798,全车检查+空调滤芯更换,2024-04-19 10:55,17798
S275,宝马5系,81790,大保养(机油+三滤+正时皮带),2025-08-30 15:44,71790
S276,奥迪Q5L,82313,机油+机滤+火花塞更换,2025-05-19 17:24,77313
S277,福特锐界,73231,刹车油+刹车片+轮胎更换,2024-03-24 13:20,63231
S278,吉利博越,63833,机油+机滤+燃油滤芯更换,2024-12-05 11:18,58833
S279,长城魏派VV7,60648,变速箱油+空调滤芯更换,2024-07-25 08:54,50648
S280,奔驰E级,137562,大保养(机油+三滤+刹车油),2024-07-08 09:18,127562
S281,丰田卡罗拉,77974,机油+机滤更换,2024-08-16 14:51,72974
S282,大众朗逸,109695,空调滤芯+空气滤芯更换,2025-07-18 14:25,99695
S283,本田思域,84420,变速箱油更换,2025-10-26 15:06,74420
S284,比亚迪汉,98155,全车检查+轮胎换位,2025-10-17 17:21,88155
S285,宝马3系,56331,大保养(机油+三滤+刹车油),2025-07-31 13:39,46331
S286,福特蒙迪欧,110833,刹车油+刹车片更换,2024-03-04 13:13,100833
S287,吉利星越L,128016,机油+机滤+空调滤芯更换,2024-05-30 14:33,123016
S288,奥迪A4L,68404,变速箱油+火花塞更换,2024-08-02 08:03,58404
S289,长城哈弗H6,72588,空气滤芯+燃油滤芯更换,2025-05-04 11:08,67588
S290,奔驰C级,37602,大保养(机油+三滤+变速箱油),2024-01-11 15:40,27602
S291,丰田凯美瑞,113106,刹车油+冷却液更换,2025-08-17 17:39,103106
S292,大众帕萨特,106888,机油+机滤+空气滤芯更换,2024-09-24 14:25,101888
S293,本田CR-V,79887,变速箱油+刹车油更换,2025-09-19 10:15,69887
S294,比亚迪宋PLUS,39944,全车检查+空调滤芯更换,2024-09-16 17:04,34944
S295,宝马5系,81915,大保养(机油+三滤+正时皮带),2024-08-17 14:21,71915
S296,奥迪Q5L,97770,机油+机滤+火花塞更换,2024-02-19 13:27,92770
S297,福特锐界,124428,刹车油+刹车片+轮胎更换,2025-05-04 09:53,114428
S298,吉利博越,45279,机油+机滤+燃油滤芯更换,2025-01-27 11:57,40279
S299,长城魏派VV7,145738,变速箱油+空调滤芯更换,2025-12-27 12:36,135738
S300,奔驰E级,24897,大保养(机油+三滤+刹车油),2025-07-23 17:52,14897
S301,丰田卡罗拉,96639,机油+机滤更换,2024-09-03 17:49,91639
S302,大众朗逸,103945,空调滤芯+空气滤芯更换,2025-01-30 10:01,93945
S303,本田思域,106802,变速箱油更换,2024-02-26 13:55,96802
S304,比亚迪汉,90609,全车检查+轮胎换位,2025-06-11 09:19,80609
S305,宝马3系,105857,大保养(机油+三滤+刹车油),2024-10-07 09:24,95857
S306,福特蒙迪欧,92248,刹车油+刹车片更换,2025-11-04 15:09,82248
S307,吉利星越L,40782,机油+机滤+空调滤芯更换,2025-08-05 13:43,35782
S308,奥迪A4L,129987,变速箱油+火花塞更换,2024-06-22 16:51,119987
S309,长城哈弗H6,28991,空气滤芯+燃油滤芯更换,2024-08-20 12:36,23991
S310,奔驰C级,95049,大保养(机油+三滤+变速箱油),2024-11-25 16:56,85049
S311,丰田凯美瑞,48780,刹车油+冷却液更换,2024-05-02 15:01,38780
S312,大众帕萨特,139750,机油+机滤+空气滤芯更换,2025-03-06 08:32,134750
S313,本田CR-V,115161,变速箱油+刹车油更换,2024-09-02 16:00,105161
S314,比亚迪宋PLUS,61775,全车检查+空调滤芯更换,2025-03-13 14:08,56775
S315,宝马5系,85966,大保养(机油+三滤+正时皮带),2024-02-28 10:29,75966
S316,奥迪Q5L,93752,机油+机滤+火花塞更换,2024-11-28 15:45,88752
S317,福特锐界,112173,刹车油+刹车片+轮胎更换,2025-10-20 13:09,102173
S318,吉利博越,90291,机油+机滤+燃油滤芯更换,2025-01-28 13:33,85291
S319,长城魏派VV7,25637,变速箱油+空调滤芯更换,2024-07-05 11:02,15637
S320,奔驰E级,128878,大保养(机油+三滤+刹车油),2025-10-21 16:43,118878
S321,丰田卡罗拉,90419,机油+机滤更换,2025-02-10 14:41,85419
S322,大众朗逸,38153,空调滤芯+空气滤芯更换,2025-10-22 16:25,28153
S323,本田思域,126303,变速箱油更换,2025-07-19 08:21,116303
S324,比亚迪汉,148727,全车检查+轮胎换位,2025-01-20 13:40,138727
S325,宝马3系,132420,大保养(机油+三滤+刹车油),2025-06-03 16:03,122420
S326,福特蒙迪欧,98587,刹车油+刹车片更换,2024-03-18 15:11,88587
S327,吉利星越L,41352,机油+机滤+空调滤芯更换,2025-11-22 12:38,36352
S328,奥迪A4L,100750,变速箱油+火花塞更换,2025-06-03 16:25,90750
S329,长城哈弗H6,58267,空气滤芯+燃油滤芯更换,2024-01-28 14:21,53267
S330,奔驰C级,111757,大保养(机油+三滤+变速箱油),2025-12-08 09:05,101757
S331,丰田凯美瑞,111734,刹车油+冷却液更换,2024-12-31 12:28,101734
S332,大众帕萨特,53253,机油+机滤+空气滤芯更换,2025-08-11 10:35,48253
S333,本田CR-V,32629,变速箱油+刹车油更换,2024-02-26 13:20,22629
S334,比亚迪宋PLUS,42415,全车检查+空调滤芯更换,2024-11-24 10:59,37415
S335,宝马5系,35698,大保养(机油+三滤+正时皮带),2024-08-18 16:28,25698
S336,奥迪Q5L,92518,机油+机滤+火花塞更换,2025-02-01 10:10,87518
S337,福特锐界,137599,刹车油+刹车片+轮胎更换,2025-03-25 16:28,127599
S338,吉利博越,134471,机油+机滤+燃油滤芯更换,2024-09-05 15:12,129471
S339,长城魏派VV7,142149,变速箱油+空调滤芯更换,2024-10-21 11:36,132149
S340,奔驰E级,32793,大保养(机油+三滤+刹车油),2024-03-13 09:35,22793
S341,丰田卡罗拉,111493,机油+机滤更换,2025-04-09 17:02,106493
S342,大众朗逸,102526,空调滤芯+空气滤芯更换,2024-02-02 15:35,92526
S343,本田思域,41959,变速箱油更换,2024-05-27 11:39,31959
S344,比亚迪汉,140592,全车检查+轮胎换位,2025-10-31 11:33,130592
S345,宝马3系,143910,大保养(机油+三滤+刹车油),2024-04-04 17:14,133910
S346,福特蒙迪欧,39510,刹车油+刹车片更换,2025-12-01 16:10,29510
S347,吉利星越L,47728,机油+机滤+空调滤芯更换,2025-08-17 11:27,42728
S348,奥迪A4L,40718,变速箱油+火花塞更换,2025-04-19 15:59,30718
S349,长城哈弗H6,110752,空气滤芯+燃油滤芯更换,2024-08-27 08:20,105752
S350,奔驰C级,46520,大保养(机油+三滤+变速箱油),2025-11-18 11:01,36520
S351,丰田凯美瑞,35843,刹车油+冷却液更换,2024-04-23 12:43,25843
S352,大众帕萨特,31782,机油+机滤+空气滤芯更换,2025-06-17 09:22,26782
S353,本田CR-V,66646,变速箱油+刹车油更换,2025-10-07 11:29,56646
S354,比亚迪宋PLUS,119233,全车检查+空调滤芯更换,2025-04-14 16:34,114233
S355,宝马5系,145475,大保养(机油+三滤+正时皮带),2025-01-04 09:24,135475
S356,奥迪Q5L,41395,机油+机滤+火花塞更换,2024-04-27 12:23,36395
S357,福特锐界,111096,刹车油+刹车片+轮胎更换,2025-01-18 09:37,101096
S358,吉利博越,83417,机油+机滤+燃油滤芯更换,2024-06-29 15:37,78417
S359,长城魏派VV7,63269,变速箱油+空调滤芯更换,2024-06-17 15:51,53269
S360,奔驰E级,107533,大保养(机油+三滤+刹车油),2025-12-20 15:31,97533
S361,丰田卡罗拉,145418,机油+机滤更换,2025-03-17 11:43,140418
S362,大众朗逸,48370,空调滤芯+空气滤芯更换,2025-09-17 10:35,38370
S363,本田思域,93801,变速箱油更换,2024-06-02 08:11,83801
S364,比亚迪汉,38315,全车检查+轮胎换位,2024-12-13 15:15,28315
S365,宝马3系,138177,大保养(机油+三滤+刹车油),2024-01-14 11:37,128177
S366,福特蒙迪欧,126376,刹车油+刹车片更换,2024-07-15 11:46,116376
S367,吉利星越L,97719,机油+机滤+空调滤芯更换,2025-06-09 15:43,92719
S368,奥迪A4L,29097,变速箱油+火花塞更换,2024-03-12 13:07,19097
S369,长城哈弗H6,78530,空气滤芯+燃油滤芯更换,2024-09-18 15:18,73530
S370,奔驰C级,37142,大保养(机油+三滤+变速箱油),2025-08-23 14:47,27142
S371,丰田凯美瑞,63422,刹车油+冷却液更换,2025-02-23 10:55,53422
S372,大众帕萨特,118055,机油+机滤+空气滤芯更换,2025-06-16 13:30,113055
S373,本田CR-V,29128,变速箱油+刹车油更换,2024-05-28 11:37,19128
S374,比亚迪宋PLUS,31274,全车检查+空调滤芯更换,2024-10-30 17:10,26274
S375,宝马5系,148146,大保养(机油+三滤+正时皮带),2025-11-13 15:23,138146
S376,奥迪Q5L,113551,机油+机滤+火花塞更换,2025-11-09 17:39,108551
S377,福特锐界,90668,刹车油+刹车片+轮胎更换,2025-10-23 12:13,80668
S378,吉利博越,102325,机油+机滤+燃油滤芯更换,2024-01-19 16:43,97325
S379,长城魏派VV7,41520,变速箱油+空调滤芯更换,2025-12-03 15:49,31520
S380,奔驰E级,50454,大保养(机油+三滤+刹车油),2024-10-10 10:44,40454
S381,丰田卡罗拉,119652,机油+机滤更换,2025-07-16 14:05,114652
S382,大众朗逸,110386,空调滤芯+空气滤芯更换,2025-10-05 12:51,100386
S383,本田思域,90299,变速箱油更换,2025-10-21 17:24,80299
S384,比亚迪汉,115430,全车检查+轮胎换位,2024-03-14 12:14,105430
S385,宝马3系,127527,大保养(机油+三滤+刹车油),2024-09-26 16:18,117527
S386,福特蒙迪欧,63375,刹车油+刹车片更换,2024-09-15 13:31,53375
S387,吉利星越L,142663,机油+机滤+空调滤芯更换,2025-03-22 14:15,137663
S388,奥迪A4L,26992,变速箱油+火花塞更换,2025-01-16 16:35,16992
S389,长城哈弗H6,101677,空气滤芯+燃油滤芯更换,2024-01-29 16:23,96677
S390,奔驰C级,117151,大保养(机油+三滤+变速箱油),2025-03-28 11:54,107151
S391,丰田凯美瑞,89385,刹车油+冷却液更换,2024-11-28 12:56,79385
S392,大众帕萨特,97228,机油+机滤+空气滤芯更换,2024-04-28 17:16,92228
S393,本田CR-V,72584,变速箱油+刹车油更换,2025-08-23 08:21,62584
S394,比亚迪宋PLUS,26997,全车检查+空调滤芯更换,2024-10-27 15:20,21997
S395,宝马5系,79714,大保养(机油+三滤+正时皮带),2025-12-30 10:03,69714
S396,奥迪Q5L,80855,机油+机滤+火花塞更换,2024-09-09 12:25,75855
S397,福特锐界,100788,刹车油+刹车片+轮胎更换,2025-04-25 15:47,90788
S398,吉利博越,27444,机油+机滤+燃油滤芯更换,2025-01-16 11:10,22444
S399,长城魏派VV7,113055,变速箱油+空调滤芯更换,2024-06-01 15:21,103055
S400,奔驰E级,20090,大保养(机油+三滤+刹车油),2024-02-09 10:22,10090
S401,丰田卡罗拉,117325,机油+机滤更换,2025-04-20 16:48,112325
S402,大众朗逸,103152,空调滤芯+空气滤芯更换,2025-10-24 09:55,93152
S403,本田思域,75730,变速箱油更换,2025-03-23 13:04,65730
S404,比亚迪汉,111432,全车检查+轮胎换位,2024-01-17 15:38,101432
S405,宝马3系,34366,大保养(机油+三滤+刹车油),2025-12-02 08:47,24366
S406,福特蒙迪欧,47102,刹车油+刹车片更换,2024-09-19 16:54,37102
S407,吉利星越L,129039,机油+机滤+空调滤芯更换,2024-12-27 17:08,124039
S408,奥迪A4L,126517,变速箱油+火花塞更换,2024-04-05 08:34,116517
S409,长城哈弗H6,50630,空气滤芯+燃油滤芯更换,2024-12-27 16:04,45630
S410,奔驰C级,123497,大保养(机油+三滤+变速箱油),2024-02-08 09:48,113497
S411,丰田凯美瑞,102983,刹车油+冷却液更换,2024-11-28 16:38,92983
S412,大众帕萨特,113534,机油+机滤+空气滤芯更换,2025-05-08 17:25,108534
S413,本田CR-V,28931,变速箱油+刹车油更换,2024-08-25 08:19,18931
S414,比亚迪宋PLUS,77660,全车检查+空调滤芯更换,2024-11-12 10:55,72660
S415,宝马5系,51704,大保养(机油+三滤+正时皮带),2024-04-11 09:14,41704
S416,奥迪Q5L,34810,机油+机滤+火花塞更换,2024-08-25 10:11,29810
S417,福特锐界,69700,刹车油+刹车片+轮胎更换,2025-12-16 10:18,59700
S418,吉利博越,101821,机油+机滤+燃油滤芯更换,2024-11-22 17:20,96821
S419,长城魏派VV7,31283,变速箱油+空调滤芯更换,2024-05-07 09:17,21283
S420,奔驰E级,106532,大保养(机油+三滤+刹车油),2024-06-21 15:34,96532
S421,丰田卡罗拉,48265,机油+机滤更换,2025-02-04 10:42,43265
S422,大众朗逸,21138,空调滤芯+空气滤芯更换,2024-04-03 13:48,11138
S423,本田思域,61651,变速箱油更换,2025-08-04 09:59,51651
S424,比亚迪汉,28395,全车检查+轮胎换位,2025-04-08 15:29,18395
S425,宝马3系,50475,大保养(机油+三滤+刹车油),2024-03-30 13:52,40475
S426,福特蒙迪欧,53702,刹车油+刹车片更换,2024-01-02 12:25,43702
S427,吉利星越L,65396,机油+机滤+空调滤芯更换,2025-02-05 15:18,60396
S428,奥迪A4L,75365,变速箱油+火花塞更换,2024-12-26 08:06,65365
S429,长城哈弗H6,57984,空气滤芯+燃油滤芯更换,2024-10-30 14:50,52984
S430,奔驰C级,48959,大保养(机油+三滤+变速箱油),2024-10-25 08:57,38959
S431,丰田凯美瑞,31276,刹车油+冷却液更换,2024-05-13 13:33,21276
S432,大众帕萨特,22022,机油+机滤+空气滤芯更换,2024-11-10 11:32,17022
S433,本田CR-V,37847,变速箱油+刹车油更换,2024-07-28 16:00,27847
S434,比亚迪宋PLUS,27145,全车检查+空调滤芯更换,2025-01-03 13:51,22145
S435,宝马5系,32051,大保养(机油+三滤+正时皮带),2025-10-18 16:59,22051
S436,奥迪Q5L,55970,机油+机滤+火花塞更换,2025-07-22 14:37,50970
S437,福特锐界,88199,刹车油+刹车片+轮胎更换,2024-04-30 09:09,78199
S438,吉利博越,66781,机油+机滤+燃油滤芯更换,2024-01-29 13:09,61781
S439,长城魏派VV7,146909,变速箱油+空调滤芯更换,2024-11-13 17:48,136909
S440,奔驰E级,95589,大保养(机油+三滤+刹车油),2024-11-21 09:18,85589
S441,丰田卡罗拉,141404,机油+机滤更换,2024-11-16 11:19,136404
S442,大众朗逸,97781,空调滤芯+空气滤芯更换,2024-01-23 15:10,87781
S443,本田思域,118158,变速箱油更换,2024-03-10 15:24,108158
S444,比亚迪汉,124251,全车检查+轮胎换位,2024-11-21 16:37,114251
S445,宝马3系,74979,大保养(机油+三滤+刹车油),2025-06-01 14:49,64979
S446,福特蒙迪欧,88233,刹车油+刹车片更换,2025-05-27 14:21,78233
S447,吉利星越L,28387,机油+机滤+空调滤芯更换,2024-10-21 17:23,23387
S448,奥迪A4L,89288,变速箱油+火花塞更换,2024-05-05 12:02,79288
S449,长城哈弗H6,39038,空气滤芯+燃油滤芯更换,2025-03-21 15:40,34038
S450,奔驰C级,124270,大保养(机油+三滤+变速箱油),2025-06-09 15:18,114270
S451,丰田凯美瑞,63881,刹车油+冷却液更换,2025-10-18 10:39,53881
S452,大众帕萨特,35172,机油+机滤+空气滤芯更换,2025-10-11 16:19,30172
S453,本田CR-V,28203,变速箱油+刹车油更换,2024-12-06 12:32,18203
S454,比亚迪宋PLUS,80442,全车检查+空调滤芯更换,2024-09-13 13:57,75442
S455,宝马5系,147814,大保养(机油+三滤+正时皮带),2025-04-20 14:18,137814
S456,奥迪Q5L,145585,机油+机滤+火花塞更换,2025-12-05 11:14,140585
S457,福特锐界,77000,刹车油+刹车片+轮胎更换,2025-10-18 08:16,67000
S458,吉利博越,28634,机油+机滤+燃油滤芯更换,2024-02-07 11:32,23634
S459,长城魏派VV7,24266,变速箱油+空调滤芯更换,2025-09-08 09:34,14266
S460,奔驰E级,131190,大保养(机油+三滤+刹车油),2025-03-02 08:19,121190
S461,丰田卡罗拉,89623,机油+机滤更换,2024-03-16 09:54,84623
S462,大众朗逸,96469,空调滤芯+空气滤芯更换,2024-03-14 08:22,86469
S463,本田思域,57107,变速箱油更换,2024-12-21 16:54,47107
S464,比亚迪汉,103376,全车检查+轮胎换位,2025-10-22 09:17,93376
S465,宝马3系,123772,大保养(机油+三滤+刹车油),2025-10-14 08:22,113772
S466,福特蒙迪欧,54816,刹车油+刹车片更换,2024-01-16 13:40,44816
S467,吉利星越L,104020,机油+机滤+空调滤芯更换,2024-05-09 16:11,99020
S468,奥迪A4L,88481,变速箱油+火花塞更换,2024-01-03 16:26,78481
S469,长城哈弗H6,55335,空气滤芯+燃油滤芯更换,2025-09-12 11:40,50335
S470,奔驰C级,81600,大保养(机油+三滤+变速箱油),2024-04-12 17:01,71600
S471,丰田凯美瑞,38434,刹车油+冷却液更换,2025-11-08 14:36,28434
S472,大众帕萨特,109195,机油+机滤+空气滤芯更换,2024-01-31 14:36,104195
S473,本田CR-V,128641,变速箱油+刹车油更换,2025-03-29 17:29,118641
S474,比亚迪宋PLUS,40985,全车检查+空调滤芯更换,2025-07-25 12:08,35985
S475,宝马5系,72993,大保养(机油+三滤+正时皮带),2024-04-09 16:31,62993
S476,奥迪Q5L,142699,机油+机滤+火花塞更换,2024-01-02 13:55,137699
S477,福特锐界,61896,刹车油+刹车片+轮胎更换,2025-06-09 10:24,51896
S478,吉利博越,85605,机油+机滤+燃油滤芯更换,2025-11-12 14:05,80605
S479,长城魏派VV7,99574,变速箱油+空调滤芯更换,2025-11-16 17:35,89574
S480,奔驰E级,145944,大保养(机油+三滤+刹车油),2025-02-07 11:27,135944
S481,丰田卡罗拉,113897,机油+机滤更换,2024-08-30 15:54,108897
S482,大众朗逸,128309,空调滤芯+空气滤芯更换,2024-01-18 11:19,118309
S483,本田思域,69554,变速箱油更换,2025-11-12 16:51,59554
S484,比亚迪汉,110258,全车检查+轮胎换位,2025-01-20 14:54,100258
S485,宝马3系,63555,大保养(机油+三滤+刹车油),2024-01-23 16:22,53555
S486,福特蒙迪欧,134707,刹车油+刹车片更换,2025-09-22 13:52,124707
S487,吉利星越L,88129,机油+机滤+空调滤芯更换,2024-04-16 11:38,83129
S488,奥迪A4L,134085,变速箱油+火花塞更换,2025-06-08 11:03,124085
S489,长城哈弗H6,62407,空气滤芯+燃油滤芯更换,2024-10-03 12:28,57407
S490,奔驰C级,114605,大保养(机油+三滤+变速箱油),2024-05-20 17:40,104605
S491,丰田凯美瑞,21213,刹车油+冷却液更换,2024-11-24 09:29,11213
S492,大众帕萨特,81680,机油+机滤+空气滤芯更换,2025-06-22 10:49,76680
S493,本田CR-V,55500,变速箱油+刹车油更换,2024-10-27 14:53,45500
S494,比亚迪宋PLUS,129992,全车检查+空调滤芯更换,2024-12-19 12:48,124992
S495,宝马5系,102952,大保养(机油+三滤+正时皮带),2024-07-25 14:41,92952
S496,奥迪Q5L,112595,机油+机滤+火花塞更换,2024-08-27 10:52,107595
S497,福特锐界,67663,刹车油+刹车片+轮胎更换,2025-05-06 11:24,57663
S498,吉利博越,25722,机油+机滤+燃油滤芯更换,2025-03-19 15:18,20722
S499,长城魏派VV7,77432,变速箱油+空调滤芯更换,2024-11-01 14:40,67432
S500,奔驰E级,92971,大保养(机油+三滤+刹车油),2024-03-24 08:40,82971
S501,丰田卡罗拉,44867,机油+机滤更换,2024-09-11 12:22,39867
S502,大众朗逸,88605,空调滤芯+空气滤芯更换,2025-09-27 10:07,78605
S503,本田思域,79925,变速箱油更换,2025-04-24 14:26,69925
S504,比亚迪汉,107739,全车检查+轮胎换位,2024-11-26 10:13,97739
S505,宝马3系,112708,大保养(机油+三滤+刹车油),2024-09-02 09:24,102708
S506,福特蒙迪欧,23467,刹车油+刹车片更换,2024-04-04 17:06,13467
S507,吉利星越L,55747,机油+机滤+空调滤芯更换,2025-12-21 10:26,50747
S508,奥迪A4L,71560,变速箱油+火花塞更换,2025-02-25 15:22,61560
S509,长城哈弗H6,62072,空气滤芯+燃油滤芯更换,2024-10-01 14:44,57072
S510,奔驰C级,43225,大保养(机油+三滤+变速箱油),2025-06-10 15:11,33225
S511,丰田凯美瑞,149504,刹车油+冷却液更换,2024-11-02 17:22,139504
S512,大众帕萨特,47343,机油+机滤+空气滤芯更换,2024-09-28 12:13,42343
S513,本田CR-V,95278,变速箱油+刹车油更换,2024-07-16 08:09,85278
S514,比亚迪宋PLUS,125793,全车检查+空调滤芯更换,2024-08-09 15:40,120793
S515,宝马5系,138717,大保养(机油+三滤+正时皮带),2024-12-22 09:51,128717
S516,奥迪Q5L,28363,机油+机滤+火花塞更换,2024-03-14 11:04,23363
S517,福特锐界,54812,刹车油+刹车片+轮胎更换,2025-06-13 17:39,44812
S518,吉利博越,63209,机油+机滤+燃油滤芯更换,2024-05-23 08:16,58209
S519,长城魏派VV7,93256,变速箱油+空调滤芯更换,2025-07-19 17:33,83256
S520,奔驰E级,115842,大保养(机油+三滤+刹车油),2024-02-03 16:39,105842
S521,丰田卡罗拉,59306,机油+机滤更换,2025-05-20 08:59,54306
S522,大众朗逸,63299,空调滤芯+空气滤芯更换,2025-07-22 09:29,53299
S523,本田思域,111459,变速箱油更换,2025-05-17 10:59,101459
S524,比亚迪汉,85229,全车检查+轮胎换位,2024-02-28 14:08,75229
S525,宝马3系,124566,大保养(机油+三滤+刹车油),2024-08-07 09:16,114566
S526,福特蒙迪欧,119238,刹车油+刹车片更换,2025-03-12 11:56,109238
S527,吉利星越L,78125,机油+机滤+空调滤芯更换,2025-04-19 10:28,73125
S528,奥迪A4L,130568,变速箱油+火花塞更换,2025-09-11 11:37,120568
S529,长城哈弗H6,80729,空气滤芯+燃油滤芯更换,2025-03-23 12:21,75729
S530,奔驰C级,99264,大保养(机油+三滤+变速箱油),2024-08-17 16:42,89264
S531,丰田凯美瑞,94477,刹车油+冷却液更换,2025-01-31 10:09,84477
S532,大众帕萨特,137205,机油+机滤+空气滤芯更换,2025-12-26 17:33,132205
S533,本田CR-V,82263,变速箱油+刹车油更换,2024-07-27 12:37,72263
S534,比亚迪宋PLUS,72015,全车检查+空调滤芯更换,2025-10-22 13:13,67015
S535,宝马5系,34176,大保养(机油+三滤+正时皮带),2025-10-08 12:26,24176
S536,奥迪Q5L,135727,机油+机滤+火花塞更换,2024-10-10 13:09,130727
S537,福特锐界,144774,刹车油+刹车片+轮胎更换,2024-08-21 17:21,134774
S538,吉利博越,26072,机油+机滤+燃油滤芯更换,2025-03-07 14:49,21072
S539,长城魏派VV7,68983,变速箱油+空调滤芯更换,2025-05-31 09:20,58983
S540,奔驰E级,97511,大保养(机油+三滤+刹车油),2024-12-17 11:44,87511
S541,丰田卡罗拉,88482,机油+机滤更换,2024-03-09 13:29,83482
S542,大众朗逸,140668,空调滤芯+空气滤芯更换,2024-01-01 15:20,130668
S543,本田思域,87488,变速箱油更换,2024-03-28 15:19,77488
S544,比亚迪汉,80657,全车检查+轮胎换位,2024-04-25 08:00,70657
S545,宝马3系,122149,大保养(机油+三滤+刹车油),2024-07-06 12:02,112149
S546,福特蒙迪欧,22008,刹车油+刹车片更换,2025-09-12 16:06,12008
S547,吉利星越L,76375,机油+机滤+空调滤芯更换,2024-06-26 13:34,71375
S548,奥迪A4L,127673,变速箱油+火花塞更换,2025-09-23 11:51,117673
S549,长城哈弗H6,52758,空气滤芯+燃油滤芯更换,2025-04-28 12:37,47758
S550,奔驰C级,91755,大保养(机油+三滤+变速箱油),2024-07-01 12:09,81755
S551,丰田凯美瑞,62775,刹车油+冷却液更换,2025-05-15 08:20,52775
S552,大众帕萨特,82735,机油+机滤+空气滤芯更换,2025-12-05 14:00,77735
S553,本田CR-V,92073,变速箱油+刹车油更换,2024-12-31 08:24,82073
S554,比亚迪宋PLUS,106140,全车检查+空调滤芯更换,2025-01-13 10:47,101140
S555,宝马5系,77526,大保养(机油+三滤+正时皮带),2025-11-21 08:11,67526
S556,奥迪Q5L,86747,机油+机滤+火花塞更换,2024-02-19 12:06,81747
S557,福特锐界,141794,刹车油+刹车片+轮胎更换,2024-02-20 08:35,131794
S558,吉利博越,73060,机油+机滤+燃油滤芯更换,2025-03-20 14:25,68060
S559,长城魏派VV7,145614,变速箱油+空调滤芯更换,2025-02-21 11:23,135614
S560,奔驰E级,62580,大保养(机油+三滤+刹车油),2024-01-10 17:02,52580
S561,丰田卡罗拉,51510,机油+机滤更换,2025-08-21 13:50,46510
S562,大众朗逸,107538,空调滤芯+空气滤芯更换,2025-04-28 09:40,97538
S563,本田思域,51902,变速箱油更换,2024-07-31 12:44,41902
S564,比亚迪汉,91954,全车检查+轮胎换位,2024-12-19 13:00,81954
S565,宝马3系,82963,大保养(机油+三滤+刹车油),2025-09-17 16:21,72963
S566,福特蒙迪欧,42776,刹车油+刹车片更换,2025-07-14 09:08,32776
S567,吉利星越L,134592,机油+机滤+空调滤芯更换,2024-04-25 08:29,129592
S568,奥迪A4L,45385,变速箱油+火花塞更换,2024-03-08 12:51,35385
S569,长城哈弗H6,22351,空气滤芯+燃油滤芯更换,2025-01-07 15:23,17351
S570,奔驰C级,42708,大保养(机油+三滤+变速箱油),2025-02-06 12:35,32708
S571,丰田凯美瑞,27467,刹车油+冷却液更换,2024-08-30 10:32,17467
S572,大众帕萨特,35723,机油+机滤+空气滤芯更换,2024-05-14 12:35,30723
S573,本田CR-V,92201,变速箱油+刹车油更换,2025-11-04 12:43,82201
S574,比亚迪宋PLUS,112992,全车检查+空调滤芯更换,2024-08-25 16:40,107992
S575,宝马5系,78680,大保养(机油+三滤+正时皮带),2024-01-20 13:47,68680
S576,奥迪Q5L,28083,机油+机滤+火花塞更换,2024-06-01 17:11,23083
S577,福特锐界,37199,刹车油+刹车片+轮胎更换,2024-07-30 15:37,27199
S578,吉利博越,120309,机油+机滤+燃油滤芯更换,2024-07-05 11:07,115309
S579,长城魏派VV7,94529,变速箱油+空调滤芯更换,2025-05-16 11:20,84529
S580,奔驰E级,31627,大保养(机油+三滤+刹车油),2024-04-14 10:32,21627
S581,丰田卡罗拉,90482,机油+机滤更换,2025-05-11 12:27,85482
S582,大众朗逸,110361,空调滤芯+空气滤芯更换,2025-10-30 10:52,100361
S583,本田思域,71350,变速箱油更换,2025-01-19 13:24,61350
S584,比亚迪汉,139388,全车检查+轮胎换位,2025-04-16 15:09,129388
S585,宝马3系,56572,大保养(机油+三滤+刹车油),2024-05-01 13:38,46572
S586,福特蒙迪欧,63678,刹车油+刹车片更换,2024-07-16 08:41,53678
S587,吉利星越L,68058,机油+机滤+空调滤芯更换,2024-12-11 16:27,63058
S588,奥迪A4L,75983,变速箱油+火花塞更换,2024-10-23 09:50,65983
S589,长城哈弗H6,78208,空气滤芯+燃油滤芯更换,2024-01-22 13:00,73208
S590,奔驰C级,134753,大保养(机油+三滤+变速箱油),2024-10-04 12:32,124753
S591,丰田凯美瑞,122082,刹车油+冷却液更换,2024-01-13 09:37,112082
S592,大众帕萨特,114086,机油+机滤+空气滤芯更换,2024-08-04 10:43,109086
S593,本田CR-V,22082,变速箱油+刹车油更换,2025-08-29 09:26,12082
S594,比亚迪宋PLUS,50424,全车检查+空调滤芯更换,2025-07-13 08:06,45424
S595,宝马5系,32543,大保养(机油+三滤+正时皮带),2024-07-04 15:05,22543
S596,奥迪Q5L,47137,机油+机滤+火花塞更换,2024-09-04 16:42,42137
S597,福特锐界,63173,刹车油+刹车片+轮胎更换,2025-10-06 16:18,53173
S598,吉利博越,147989,机油+机滤+燃油滤芯更换,2024-06-18 10:37,142989
S599,长城魏派VV7,142192,变速箱油+空调滤芯更换,2025-06-21 15:24,132192
S600,奔驰E级,120962,大保养(机油+三滤+刹车油),2025-04-25 16:47,110962
S601,丰田卡罗拉,103581,机油+机滤更换,2025-05-31 08:49,98581
S602,大众朗逸,101458,空调滤芯+空气滤芯更换,2024-06-28 16:51,91458
S603,本田思域,52255,变速箱油更换,2025-08-09 10:43,42255
S604,比亚迪汉,63732,全车检查+轮胎换位,2024-09-19 10:26,53732
S605,宝马3系,103337,大保养(机油+三滤+刹车油),2025-02-15 08:56,93337
S606,福特蒙迪欧,110925,刹车油+刹车片更换,2025-10-15 10:54,100925
S607,吉利星越L,71999,机油+机滤+空调滤芯更换,2024-04-21 16:36,66999
S608,奥迪A4L,117638,变速箱油+火花塞更换,2024-01-15 14:46,107638
S609,长城哈弗H6,51386,空气滤芯+燃油滤芯更换,2024-10-10 12:54,46386
S610,奔驰C级,48849,大保养(机油+三滤+变速箱油),2024-06-28 13:22,38849
S611,丰田凯美瑞,142515,刹车油+冷却液更换,2025-06-27 11:23,132515
S612,大众帕萨特,69035,机油+机滤+空气滤芯更换,2025-11-02 14:22,64035
S613,本田CR-V,62666,变速箱油+刹车油更换,2025-08-10 11:54,52666
S614,比亚迪宋PLUS,54487,全车检查+空调滤芯更换,2024-09-25 13:47,49487
S615,宝马5系,83660,大保养(机油+三滤+正时皮带),2024-07-14 15:40,73660
S616,奥迪Q5L,37812,机油+机滤+火花塞更换,2025-10-21 08:42,32812
S617,福特锐界,29657,刹车油+刹车片+轮胎更换,2024-10-16 10:49,19657
S618,吉利博越,82106,机油+机滤+燃油滤芯更换,2025-10-22 08:00,77106
S619,长城魏派VV7,139549,变速箱油+空调滤芯更换,2024-11-27 13:53,129549
S620,奔驰E级,49853,大保养(机油+三滤+刹车油),2024-10-19 08:55,39853
S621,丰田卡罗拉,148270,机油+机滤更换,2024-04-10 09:34,143270
S622,大众朗逸,128015,空调滤芯+空气滤芯更换,2025-05-20 15:33,118015
S623,本田思域,87253,变速箱油更换,2025-04-02 17:33,77253
S624,比亚迪汉,103718,全车检查+轮胎换位,2024-10-21 08:33,93718
S625,宝马3系,44758,大保养(机油+三滤+刹车油),2024-10-21 08:16,34758
S626,福特蒙迪欧,110653,刹车油+刹车片更换,2024-06-15 12:48,100653
S627,吉利星越L,41155,机油+机滤+空调滤芯更换,2025-11-15 10:27,36155
S628,奥迪A4L,132030,变速箱油+火花塞更换,2024-09-03 16:15,122030
S629,长城哈弗H6,130131,空气滤芯+燃油滤芯更换,2024-12-14 10:44,125131
S630,奔驰C级,134686,大保养(机油+三滤+变速箱油),2024-09-12 17:12,124686
S631,丰田凯美瑞,70975,刹车油+冷却液更换,2025-07-15 17:47,60975
S632,大众帕萨特,98435,机油+机滤+空气滤芯更换,2025-05-05 09:39,93435
S633,本田CR-V,52045,变速箱油+刹车油更换,2025-12-16 16:30,42045
S634,比亚迪宋PLUS,34060,全车检查+空调滤芯更换,2024-10-29 09:30,29060
S635,宝马5系,73281,大保养(机油+三滤+正时皮带),2025-06-11 12:19,63281
S636,奥迪Q5L,26576,机油+机滤+火花塞更换,2025-05-27 13:09,21576
S637,福特锐界,119066,刹车油+刹车片+轮胎更换,2025-02-11 17:24,109066
S638,吉利博越,54938,机油+机滤+燃油滤芯更换,2024-10-09 08:15,49938
S639,长城魏派VV7,22849,变速箱油+空调滤芯更换,2024-05-05 13:21,12849
S640,奔驰E级,142353,大保养(机油+三滤+刹车油),2025-09-07 08:25,132353
S641,丰田卡罗拉,68540,机油+机滤更换,2025-06-22 10:14,63540
S642,大众朗逸,79282,空调滤芯+空气滤芯更换,2025-07-28 15:26,69282
S643,本田思域,32288,变速箱油更换,2024-08-31 08:06,22288
S644,比亚迪汉,81464,全车检查+轮胎换位,2025-07-13 17:19,71464
S645,宝马3系,112926,大保养(机油+三滤+刹车油),2025-12-12 11:01,102926
S646,福特蒙迪欧,94278,刹车油+刹车片更换,2024-08-18 14:11,84278
S647,吉利星越L,50251,机油+机滤+空调滤芯更换,2025-06-26 16:42,45251
S648,奥迪A4L,109663,变速箱油+火花塞更换,2025-10-24 16:43,99663
S649,长城哈弗H6,32583,空气滤芯+燃油滤芯更换,2025-12-08 13:25,27583
S650,奔驰C级,56715,大保养(机油+三滤+变速箱油),2024-04-20 13:04,46715
S651,丰田凯美瑞,20645,刹车油+冷却液更换,2024-03-28 17:34,10645
S652,大众帕萨特,85086,机油+机滤+空气滤芯更换,2024-07-10 15:59,80086
S653,本田CR-V,44965,变速箱油+刹车油更换,2024-02-20 14:18,34965
S654,比亚迪宋PLUS,38792,全车检查+空调滤芯更换,2024-11-14 12:26,33792
S655,宝马5系,27440,大保养(机油+三滤+正时皮带),2025-10-01 08:58,17440
S656,奥迪Q5L,123392,机油+机滤+火花塞更换,2024-05-06 16:26,118392
S657,福特锐界,141101,刹车油+刹车片+轮胎更换,2024-10-11 15:10,131101
S658,吉利博越,136824,机油+机滤+燃油滤芯更换,2025-06-05 17:08,131824
S659,长城魏派VV7,100616,变速箱油+空调滤芯更换,2025-09-01 08:05,90616
S660,奔驰E级,99218,大保养(机油+三滤+刹车油),2024-08-10 14:22,89218
S661,丰田卡罗拉,87908,机油+机滤更换,2025-04-06 17:27,82908
S662,大众朗逸,129994,空调滤芯+空气滤芯更换,2024-10-22 09:26,119994
S663,本田思域,141957,变速箱油更换,2024-08-19 08:58,131957
S664,比亚迪汉,143526,全车检查+轮胎换位,2025-11-07 15:07,133526
S665,宝马3系,137775,大保养(机油+三滤+刹车油),2024-03-15 08:51,127775
S666,福特蒙迪欧,20801,刹车油+刹车片更换,2025-12-17 10:22,10801
S667,吉利星越L,85901,机油+机滤+空调滤芯更换,2025-04-25 12:08,80901
S668,奥迪A4L,43525,变速箱油+火花塞更换,2024-09-05 16:49,33525
S669,长城哈弗H6,148237,空气滤芯+燃油滤芯更换,2025-04-27 10:21,143237
S670,奔驰C级,111007,大保养(机油+三滤+变速箱油),2025-11-16 14:49,101007
S671,丰田凯美瑞,42325,刹车油+冷却液更换,2024-06-19 12:27,32325
S672,大众帕萨特,94377,机油+机滤+空气滤芯更换,2024-06-21 08:52,89377
S673,本田CR-V,117395,变速箱油+刹车油更换,2024-07-01 15:31,107395
S674,比亚迪宋PLUS,50063,全车检查+空调滤芯更换,2025-05-31 09:31,45063
S675,宝马5系,89266,大保养(机油+三滤+正时皮带),2024-07-07 08:57,79266
S676,奥迪Q5L,95989,机油+机滤+火花塞更换,2024-12-25 13:02,90989
S677,福特锐界,44223,刹车油+刹车片+轮胎更换,2024-07-22 11:23,34223
S678,吉利博越,136827,机油+机滤+燃油滤芯更换,2024-09-27 08:04,131827
S679,长城魏派VV7,67534,变速箱油+空调滤芯更换,2025-04-22 11:52,57534
S680,奔驰E级,138366,大保养(机油+三滤+刹车油),2025-12-26 08:53,128366
S681,丰田卡罗拉,64047,机油+机滤更换,2024-10-01 17:38,59047
S682,大众朗逸,118081,空调滤芯+空气滤芯更换,2024-11-06 13:35,108081
S683,本田思域,29619,变速箱油更换,2025-05-04 15:24,19619
S684,比亚迪汉,87439,全车检查+轮胎换位,2024-09-05 17:24,77439
S685,宝马3系,90501,大保养(机油+三滤+刹车油),2025-12-24 09:48,80501
S686,福特蒙迪欧,89485,刹车油+刹车片更换,2025-02-02 09:15,79485
S687,吉利星越L,148826,机油+机滤+空调滤芯更换,2024-05-10 10:51,143826
S688,奥迪A4L,79769,变速箱油+火花塞更换,2025-01-07 14:30,69769
S689,长城哈弗H6,28015,空气滤芯+燃油滤芯更换,2024-05-30 16:39,23015
S690,奔驰C级,105660,大保养(机油+三滤+变速箱油),2024-12-10 09:01,95660
S691,丰田凯美瑞,133802,刹车油+冷却液更换,2024-12-13 10:16,123802
S692,大众帕萨特,35889,机油+机滤+空气滤芯更换,2025-09-28 10:06,30889
S693,本田CR-V,102829,变速箱油+刹车油更换,2024-09-05 13:24,92829
S694,比亚迪宋PLUS,67919,全车检查+空调滤芯更换,2024-11-15 09:59,62919
S695,宝马5系,103849,大保养(机油+三滤+正时皮带),2024-02-13 11:02,93849
S696,奥迪Q5L,131358,机油+机滤+火花塞更换,2024-09-30 15:58,126358
S697,福特锐界,52694,刹车油+刹车片+轮胎更换,2025-12-13 13:35,42694
S698,吉利博越,85259,机油+机滤+燃油滤芯更换,2025-09-27 16:20,80259
S699,长城魏派VV7,112768,变速箱油+空调滤芯更换,2025-02-28 12:00,102768
S700,奔驰E级,88636,大保养(机油+三滤+刹车油),2024-10-05 11:08,78636
S701,丰田卡罗拉,46426,机油+机滤更换,2025-12-26 12:04,41426
S702,大众朗逸,84993,空调滤芯+空气滤芯更换,2025-07-03 12:47,74993
S703,本田思域,132518,变速箱油更换,2024-01-19 13:44,122518
S704,比亚迪汉,111497,全车检查+轮胎换位,2025-01-16 13:36,101497
S705,宝马3系,42387,大保养(机油+三滤+刹车油),2025-08-27 10:12,32387
S706,福特蒙迪欧,62867,刹车油+刹车片更换,2025-10-11 14:17,52867
S707,吉利星越L,35357,机油+机滤+空调滤芯更换,2024-10-24 12:16,30357
S708,奥迪A4L,120272,变速箱油+火花塞更换,2024-11-12 08:17,110272
S709,长城哈弗H6,143506,空气滤芯+燃油滤芯更换,2025-02-26 16:01,138506
S710,奔驰C级,24305,大保养(机油+三滤+变速箱油),2025-07-22 17:58,14305
S711,丰田凯美瑞,85103,刹车油+冷却液更换,2025-11-23 08:51,75103
S712,大众帕萨特,76424,机油+机滤+空气滤芯更换,2024-01-04 13:14,71424
S713,本田CR-V,112449,变速箱油+刹车油更换,2024-07-28 10:36,102449
S714,比亚迪宋PLUS,89496,全车检查+空调滤芯更换,2024-01-21 11:15,84496
S715,宝马5系,28048,大保养(机油+三滤+正时皮带),2025-02-07 09:06,18048
S716,奥迪Q5L,65914,机油+机滤+火花塞更换,2024-09-27 11:46,60914
S717,福特锐界,73652,刹车油+刹车片+轮胎更换,2025-03-10 08:38,63652
S718,吉利博越,76153,机油+机滤+燃油滤芯更换,2025-04-28 17:05,71153
S719,长城魏派VV7,66182,变速箱油+空调滤芯更换,2024-11-05 09:41,56182
S720,奔驰E级,103639,大保养(机油+三滤+刹车油),2025-07-20 17:52,93639
S721,丰田卡罗拉,61152,机油+机滤更换,2024-12-29 17:56,56152
S722,大众朗逸,131524,空调滤芯+空气滤芯更换,2025-11-04 09:35,121524
S723,本田思域,87109,变速箱油更换,2025-09-16 14:25,77109
S724,比亚迪汉,65518,全车检查+轮胎换位,2025-08-08 14:21,55518
S725,宝马3系,29495,大保养(机油+三滤+刹车油),2025-10-30 11:46,19495
S726,福特蒙迪欧,88981,刹车油+刹车片更换,2025-10-31 14:26,78981
S727,吉利星越L,45319,机油+机滤+空调滤芯更换,2024-11-08 10:23,40319
S728,奥迪A4L,95395,变速箱油+火花塞更换,2025-04-24 13:57,85395
S729,长城哈弗H6,147430,空气滤芯+燃油滤芯更换,2025-07-22 16:33,142430
S730,奔驰C级,63500,大保养(机油+三滤+变速箱油),2024-11-18 15:16,53500
S731,丰田凯美瑞,118839,刹车油+冷却液更换,2025-10-11 10:01,108839
S732,大众帕萨特,30387,机油+机滤+空气滤芯更换,2024-06-07 15:08,25387
S733,本田CR-V,142765,变速箱油+刹车油更换,2025-05-21 17:40,132765
S734,比亚迪宋PLUS,26559,全车检查+空调滤芯更换,2024-04-29 11:43,21559
S735,宝马5系,121784,大保养(机油+三滤+正时皮带),2024-02-17 10:59,111784
S736,奥迪Q5L,38066,机油+机滤+火花塞更换,2024-12-19 12:25,33066
S737,福特锐界,118662,刹车油+刹车片+轮胎更换,2024-02-18 15:34,108662
S738,吉利博越,94912,机油+机滤+燃油滤芯更换,2024-05-20 10:01,89912
S739,长城魏派VV7,111751,变速箱油+空调滤芯更换,2025-06-17 10:30,101751
S740,奔驰E级,116241,大保养(机油+三滤+刹车油),2025-04-04 15:32,106241
S741,丰田卡罗拉,53753,机油+机滤更换,2025-01-11 17:46,48753
S742,大众朗逸,129114,空调滤芯+空气滤芯更换,2025-04-05 12:06,119114
S743,本田思域,138102,变速箱油更换,2024-09-07 13:24,128102
S744,比亚迪汉,97726,全车检查+轮胎换位,2024-06-22 16:54,87726
S745,宝马3系,75998,大保养(机油+三滤+刹车油),2024-10-14 10:39,65998
S746,福特蒙迪欧,72707,刹车油+刹车片更换,2024-03-16 16:32,62707
S747,吉利星越L,102323,机油+机滤+空调滤芯更换,2024-09-25 11:18,97323
S748,奥迪A4L,85123,变速箱油+火花塞更换,2024-12-25 11:38,75123
S749,长城哈弗H6,27879,空气滤芯+燃油滤芯更换,2025-02-04 16:07,22879
S750,奔驰C级,55211,大保养(机油+三滤+变速箱油),2025-03-21 09:07,45211
S751,丰田凯美瑞,40316,刹车油+冷却液更换,2025-12-22 12:04,30316
S752,大众帕萨特,145423,机油+机滤+空气滤芯更换,2025-01-29 09:56,140423
S753,本田CR-V,53815,变速箱油+刹车油更换,2025-01-10 13:05,43815
S754,比亚迪宋PLUS,62139,全车检查+空调滤芯更换,2024-08-31 14:59,57139
S755,宝马5系,107487,大保养(机油+三滤+正时皮带),2024-03-02 14:12,97487
S756,奥迪Q5L,101204,机油+机滤+火花塞更换,2024-09-12 17:09,96204
S757,福特锐界,91701,刹车油+刹车片+轮胎更换,2025-09-15 16:04,81701
S758,吉利博越,89385,机油+机滤+燃油滤芯更换,2025-06-10 16:13,84385
S759,长城魏派VV7,43648,变速箱油+空调滤芯更换,2024-03-06 14:35,33648
S760,奔驰E级,22502,大保养(机油+三滤+刹车油),2024-01-01 11:13,12502
S761,丰田卡罗拉,27621,机油+机滤更换,2024-05-28 13:52,22621
S762,大众朗逸,141411,空调滤芯+空气滤芯更换,2024-11-28 11:05,131411
S763,本田思域,146780,变速箱油更换,2025-01-25 17:33,136780
S764,比亚迪汉,122203,全车检查+轮胎换位,2025-09-18 08:07,112203
S765,宝马3系,42476,大保养(机油+三滤+刹车油),2024-03-03 16:34,32476
S766,福特蒙迪欧,72971,刹车油+刹车片更换,2025-10-03 11:50,62971
S767,吉利星越L,47421,机油+机滤+空调滤芯更换,2024-12-26 15:47,42421
S768,奥迪A4L,62961,变速箱油+火花塞更换,2024-04-14 13:53,52961
S769,长城哈弗H6,138195,空气滤芯+燃油滤芯更换,2024-08-03 12:48,133195
S770,奔驰C级,113654,大保养(机油+三滤+变速箱油),2025-05-11 08:47,103654
S771,丰田凯美瑞,146039,刹车油+冷却液更换,2025-07-27 14:42,136039
S772,大众帕萨特,33359,机油+机滤+空气滤芯更换,2025-02-26 17:10,28359
S773,本田CR-V,90268,变速箱油+刹车油更换,2024-06-07 13:34,80268
S774,比亚迪宋PLUS,130874,全车检查+空调滤芯更换,2025-04-27 17:00,125874
S775,宝马5系,149664,大保养(机油+三滤+正时皮带),2025-08-21 16:51,139664
S776,奥迪Q5L,31663,机油+机滤+火花塞更换,2024-02-14 11:12,26663
S777,福特锐界,88569,刹车油+刹车片+轮胎更换,2024-06-01 13:43,78569
S778,吉利博越,27396,机油+机滤+燃油滤芯更换,2024-01-11 16:20,22396
S779,长城魏派VV7,127022,变速箱油+空调滤芯更换,2025-06-01 16:40,117022
S780,奔驰E级,45122,大保养(机油+三滤+刹车油),2024-05-09 16:45,35122
S781,丰田卡罗拉,89138,机油+机滤更换,2025-03-17 16:32,84138
S782,大众朗逸,49160,空调滤芯+空气滤芯更换,2025-11-10 16:07,39160
S783,本田思域,80771,变速箱油更换,2024-07-06 13:21,70771
S784,比亚迪汉,23605,全车检查+轮胎换位,2025-01-04 17:12,13605
S785,宝马3系,104215,大保养(机油+三滤+刹车油),2024-08-19 08:28,94215
S786,福特蒙迪欧,147791,刹车油+刹车片更换,2024-01-28 10:24,137791
S787,吉利星越L,134847,机油+机滤+空调滤芯更换,2024-11-29 13:12,129847
S788,奥迪A4L,120142,变速箱油+火花塞更换,2025-01-06 15:35,110142
S789,长城哈弗H6,143042,空气滤芯+燃油滤芯更换,2025-04-08 16:24,138042
S790,奔驰C级,104212,大保养(机油+三滤+变速箱油),2025-06-01 16:48,94212
S791,丰田凯美瑞,25226,刹车油+冷却液更换,2024-07-11 10:51,15226
S792,大众帕萨特,124384,机油+机滤+空气滤芯更换,2025-08-28 13:18,119384
S793,本田CR-V,129127,变速箱油+刹车油更换,2024-03-01 15:23,119127
S794,比亚迪宋PLUS,41960,全车检查+空调滤芯更换,2024-06-20 12:26,36960
S795,宝马5系,67852,大保养(机油+三滤+正时皮带),2025-04-19 11:11,57852
S796,奥迪Q5L,34638,机油+机滤+火花塞更换,2024-01-07 12:19,29638
S797,福特锐界,81121,刹车油+刹车片+轮胎更换,2025-07-29 16:45,71121
S798,吉利博越,57419,机油+机滤+燃油滤芯更换,2024-09-25 16:54,52419
S799,长城魏派VV7,66924,变速箱油+空调滤芯更换,2025-11-21 09:38,56924
S800,奔驰E级,52586,大保养(机油+三滤+刹车油),2025-04-30 13:01,42586
S801,丰田卡罗拉,122671,机油+机滤更换,2024-04-16 15:55,117671
S802,大众朗逸,71915,空调滤芯+空气滤芯更换,2025-07-16 12:07,61915
S803,本田思域,89437,变速箱油更换,2024-06-06 17:59,79437
S804,比亚迪汉,89614,全车检查+轮胎换位,2025-08-21 14:17,79614
S805,宝马3系,59995,大保养(机油+三滤+刹车油),2025-09-17 16:55,49995
S806,福特蒙迪欧,138783,刹车油+刹车片更换,2025-08-13 13:00,128783
S807,吉利星越L,119265,机油+机滤+空调滤芯更换,2024-07-31 08:07,114265
S808,奥迪A4L,135562,变速箱油+火花塞更换,2025-04-06 16:16,125562
S809,长城哈弗H6,121842,空气滤芯+燃油滤芯更换,2025-07-17 08:18,116842
S810,奔驰C级,28480,大保养(机油+三滤+变速箱油),2025-01-30 14:17,18480
S811,丰田凯美瑞,142921,刹车油+冷却液更换,2025-10-11 14:02,132921
S812,大众帕萨特,96129,机油+机滤+空气滤芯更换,2025-03-25 08:21,91129
S813,本田CR-V,110809,变速箱油+刹车油更换,2025-04-25 14:43,100809
S814,比亚迪宋PLUS,99347,全车检查+空调滤芯更换,2024-03-20 09:12,94347
S815,宝马5系,111374,大保养(机油+三滤+正时皮带),2025-05-27 08:48,101374
S816,奥迪Q5L,68914,机油+机滤+火花塞更换,2025-01-18 17:00,63914
S817,福特锐界,105201,刹车油+刹车片+轮胎更换,2025-02-12 15:31,95201
S818,吉利博越,47433,机油+机滤+燃油滤芯更换,2025-01-01 16:21,42433
S819,长城魏派VV7,142711,变速箱油+空调滤芯更换,2024-11-12 12:35,132711
S820,奔驰E级,147583,大保养(机油+三滤+刹车油),2025-04-28 09:53,137583
S821,丰田卡罗拉,136459,机油+机滤更换,2024-04-13 13:48,131459
S822,大众朗逸,43063,空调滤芯+空气滤芯更换,2024-05-21 15:02,33063
S823,本田思域,141946,变速箱油更换,2025-06-20 14:43,131946
S824,比亚迪汉,142718,全车检查+轮胎换位,2024-09-10 11:13,132718
S825,宝马3系,46567,大保养(机油+三滤+刹车油),2024-06-23 08:54,36567
S826,福特蒙迪欧,145050,刹车油+刹车片更换,2024-10-18 17:05,135050
S827,吉利星越L,24468,机油+机滤+空调滤芯更换,2025-07-07 14:37,19468
S828,奥迪A4L,81779,变速箱油+火花塞更换,2024-09-11 16:01,71779
S829,长城哈弗H6,103786,空气滤芯+燃油滤芯更换,2024-02-23 09:20,98786
S830,奔驰C级,34852,大保养(机油+三滤+变速箱油),2025-10-13 15:52,24852
S831,丰田凯美瑞,83154,刹车油+冷却液更换,2025-12-25 09:18,73154
S832,大众帕萨特,148613,机油+机滤+空气滤芯更换,2024-06-01 15:25,143613
S833,本田CR-V,51316,变速箱油+刹车油更换,2025-05-28 14:28,41316
S834,比亚迪宋PLUS,114683,全车检查+空调滤芯更换,2025-05-26 08:53,109683
S835,宝马5系,131535,大保养(机油+三滤+正时皮带),2025-09-03 17:44,121535
S836,奥迪Q5L,35581,机油+机滤+火花塞更换,2025-03-03 16:26,30581
S837,福特锐界,38314,刹车油+刹车片+轮胎更换,2024-09-17 16:17,28314
S838,吉利博越,47602,机油+机滤+燃油滤芯更换,2024-01-07 17:12,42602
S839,长城魏派VV7,88845,变速箱油+空调滤芯更换,2025-05-17 15:02,78845
S840,奔驰E级,140123,大保养(机油+三滤+刹车油),2025-11-08 17:01,130123
S841,丰田卡罗拉,102221,机油+机滤更换,2025-08-23 11:01,97221
S842,大众朗逸,50562,空调滤芯+空气滤芯更换,2024-02-06 14:26,40562
S843,本田思域,72835,变速箱油更换,2024-03-01 12:18,62835
S844,比亚迪汉,64271,全车检查+轮胎换位,2025-02-13 11:02,54271
S845,宝马3系,89822,大保养(机油+三滤+刹车油),2025-05-29 09:43,79822
S846,福特蒙迪欧,64161,刹车油+刹车片更换,2024-11-26 11:50,54161
S847,吉利星越L,27492,机油+机滤+空调滤芯更换,2025-06-08 17:55,22492
S848,奥迪A4L,113716,变速箱油+火花塞更换,2024-04-29 09:24,103716
S849,长城哈弗H6,111728,空气滤芯+燃油滤芯更换,2025-09-29 10:00,106728
S850,奔驰C级,131764,大保养(机油+三滤+变速箱油),2025-10-01 08:13,121764
S851,丰田凯美瑞,73945,刹车油+冷却液更换,2025-05-19 15:16,63945
S852,大众帕萨特,141202,机油+机滤+空气滤芯更换,2024-08-03 15:35,136202
S853,本田CR-V,142431,变速箱油+刹车油更换,2025-01-26 12:55,132431
S854,比亚迪宋PLUS,28955,全车检查+空调滤芯更换,2025-10-01 13:57,23955
S855,宝马5系,64314,大保养(机油+三滤+正时皮带),2025-10-24 11:47,54314
S856,奥迪Q5L,117741,机油+机滤+火花塞更换,2024-02-13 08:53,112741
S857,福特锐界,126481,刹车油+刹车片+轮胎更换,2025-01-22 15:09,116481
S858,吉利博越,113894,机油+机滤+燃油滤芯更换,2024-08-07 13:42,108894
S859,长城魏派VV7,113411,变速箱油+空调滤芯更换,2024-04-21 12:38,103411
S860,奔驰E级,22732,大保养(机油+三滤+刹车油),2024-01-07 14:07,12732
S861,丰田卡罗拉,113022,机油+机滤更换,2024-01-10 09:39,108022
S862,大众朗逸,118081,空调滤芯+空气滤芯更换,2024-10-30 17:09,108081
S863,本田思域,147232,变速箱油更换,2024-06-16 09:31,137232
S864,比亚迪汉,112610,全车检查+轮胎换位,2024-10-25 09:37,102610
S865,宝马3系,36408,大保养(机油+三滤+刹车油),2025-03-18 15:09,26408
S866,福特蒙迪欧,145967,刹车油+刹车片更换,2024-05-10 17:59,135967
S867,吉利星越L,89856,机油+机滤+空调滤芯更换,2025-11-10 10:31,84856
S868,奥迪A4L,59959,变速箱油+火花塞更换,2024-05-16 12:30,49959
S869,长城哈弗H6,87836,空气滤芯+燃油滤芯更换,2025-08-20 15:36,82836
S870,奔驰C级,47672,大保养(机油+三滤+变速箱油),2024-06-17 13:41,37672
S871,丰田凯美瑞,124796,刹车油+冷却液更换,2024-12-03 09:01,114796
S872,大众帕萨特,119514,机油+机滤+空气滤芯更换,2024-08-22 14:12,114514
S873,本田CR-V,136330,变速箱油+刹车油更换,2024-04-15 09:03,126330
S874,比亚迪宋PLUS,58442,全车检查+空调滤芯更换,2024-05-26 12:21,53442
S875,宝马5系,68128,大保养(机油+三滤+正时皮带),2025-08-16 15:56,58128
S876,奥迪Q5L,89347,机油+机滤+火花塞更换,2024-07-26 08:31,84347
S877,福特锐界,71230,刹车油+刹车片+轮胎更换,2024-12-04 11:44,61230
S878,吉利博越,86263,机油+机滤+燃油滤芯更换,2025-12-08 17:09,81263
S879,长城魏派VV7,89201,变速箱油+空调滤芯更换,2025-11-01 10:43,79201
S880,奔驰E级,24604,大保养(机油+三滤+刹车油),2024-01-16 13:17,14604
S881,丰田卡罗拉,93018,机油+机滤更换,2025-04-07 08:46,88018
S882,大众朗逸,51343,空调滤芯+空气滤芯更换,2025-07-29 16:25,41343
S883,本田思域,139602,变速箱油更换,2025-08-18 17:04,129602
S884,比亚迪汉,149461,全车检查+轮胎换位,2025-05-01 16:44,139461
S885,宝马3系,69256,大保养(机油+三滤+刹车油),2025-03-29 15:08,59256
S886,福特蒙迪欧,112209,刹车油+刹车片更换,2024-11-21 16:18,102209
S887,吉利星越L,96223,机油+机滤+空调滤芯更换,2024-09-17 10:34,91223
S888,奥迪A4L,107207,变速箱油+火花塞更换,2025-02-19 17:45,97207
S889,长城哈弗H6,96207,空气滤芯+燃油滤芯更换,2025-11-28 10:59,91207
S890,奔驰C级,60377,大保养(机油+三滤+变速箱油),2024-01-16 08:03,50377
S891,丰田凯美瑞,91838,刹车油+冷却液更换,2024-02-14 15:56,81838
S892,大众帕萨特,111923,机油+机滤+空气滤芯更换,2025-03-25 16:37,106923
S893,本田CR-V,97559,变速箱油+刹车油更换,2025-08-14 11:48,87559
S894,比亚迪宋PLUS,139988,全车检查+空调滤芯更换,2024-09-16 15:57,134988
S895,宝马5系,28733,大保养(机油+三滤+正时皮带),2025-03-07 16:58,18733
S896,奥迪Q5L,30445,机油+机滤+火花塞更换,2025-11-20 17:24,25445
S897,福特锐界,139581,刹车油+刹车片+轮胎更换,2025-04-09 09:25,129581
S898,吉利博越,56585,机油+机滤+燃油滤芯更换,2024-09-09 09:51,51585
S899,长城魏派VV7,147200,变速箱油+空调滤芯更换,2025-09-13 16:22,137200
S900,奔驰E级,70581,大保养(机油+三滤+刹车油),2024-02-25 10:04,60581
S901,丰田卡罗拉,66642,机油+机滤更换,2025-02-25 08:50,61642
S902,大众朗逸,75544,空调滤芯+空气滤芯更换,2024-10-25 12:47,65544
S903,本田思域,73456,变速箱油更换,2024-02-01 15:30,63456
S904,比亚迪汉,138542,全车检查+轮胎换位,2024-02-29 10:55,128542
S905,宝马3系,63353,大保养(机油+三滤+刹车油),2025-10-21 16:15,53353
S906,福特蒙迪欧,115075,刹车油+刹车片更换,2025-01-22 15:06,105075
S907,吉利星越L,149764,机油+机滤+空调滤芯更换,2024-07-29 11:13,144764
S908,奥迪A4L,105509,变速箱油+火花塞更换,2024-03-21 10:41,95509
S909,长城哈弗H6,68055,空气滤芯+燃油滤芯更换,2025-06-16 08:50,63055
S910,奔驰C级,64123,大保养(机油+三滤+变速箱油),2024-02-03 08:17,54123
S911,丰田凯美瑞,61027,刹车油+冷却液更换,2024-10-12 11:42,51027
S912,大众帕萨特,95339,机油+机滤+空气滤芯更换,2025-07-03 09:15,90339
S913,本田CR-V,77269,变速箱油+刹车油更换,2025-10-22 15:10,67269
S914,比亚迪宋PLUS,100679,全车检查+空调滤芯更换,2025-06-30 12:34,95679
S915,宝马5系,20569,大保养(机油+三滤+正时皮带),2024-05-28 10:03,10569
S916,奥迪Q5L,146672,机油+机滤+火花塞更换,2024-06-09 12:24,141672
S917,福特锐界,138493,刹车油+刹车片+轮胎更换,2025-09-10 08:15,128493
S918,吉利博越,139139,机油+机滤+燃油滤芯更换,2024-03-15 09:33,134139
S919,长城魏派VV7,117776,变速箱油+空调滤芯更换,2024-10-28 11:20,107776
S920,奔驰E级,26053,大保养(机油+三滤+刹车油),2024-04-09 16:28,16053
S921,丰田卡罗拉,80761,机油+机滤更换,2025-02-14 15:23,75761
S922,大众朗逸,71541,空调滤芯+空气滤芯更换,2025-01-28 13:34,61541
S923,本田思域,50353,变速箱油更换,2025-03-03 16:13,40353
S924,比亚迪汉,63436,全车检查+轮胎换位,2025-04-28 17:36,53436
S925,宝马3系,45117,大保养(机油+三滤+刹车油),2025-11-30 09:07,35117
S926,福特蒙迪欧,29616,刹车油+刹车片更换,2024-08-04 09:14,19616
S927,吉利星越L,53069,机油+机滤+空调滤芯更换,2025-01-29 11:46,48069
S928,奥迪A4L,90590,变速箱油+火花塞更换,2024-10-14 14:24,80590
S929,长城哈弗H6,132069,空气滤芯+燃油滤芯更换,2024-11-02 08:27,127069
S930,奔驰C级,145653,大保养(机油+三滤+变速箱油),2024-10-09 12:45,135653
S931,丰田凯美瑞,141010,刹车油+冷却液更换,2024-05-05 08:57,131010
S932,大众帕萨特,90039,机油+机滤+空气滤芯更换,2025-04-23 15:35,85039
S933,本田CR-V,48054,变速箱油+刹车油更换,2024-11-20 13:31,38054
S934,比亚迪宋PLUS,126277,全车检查+空调滤芯更换,2025-04-10 11:25,121277
S935,宝马5系,63289,大保养(机油+三滤+正时皮带),2024-10-04 16:43,53289
S936,奥迪Q5L,64175,机油+机滤+火花塞更换,2024-01-29 12:12,59175
S937,福特锐界,83250,刹车油+刹车片+轮胎更换,2024-12-23 14:48,73250
S938,吉利博越,20599,机油+机滤+燃油滤芯更换,2025-05-15 11:54,15599
S939,长城魏派VV7,21245,变速箱油+空调滤芯更换,2025-10-29 08:34,11245
S940,奔驰E级,60159,大保养(机油+三滤+刹车油),2025-12-25 10:35,50159
S941,丰田卡罗拉,25695,机油+机滤更换,2025-05-02 13:17,20695
S942,大众朗逸,105681,空调滤芯+空气滤芯更换,2024-04-09 12:19,95681
S943,本田思域,68340,变速箱油更换,2025-01-13 12:24,58340
S944,比亚迪汉,93185,全车检查+轮胎换位,2024-10-13 08:17,83185
S945,宝马3系,59394,大保养(机油+三滤+刹车油),2024-09-01 16:02,49394
S946,福特蒙迪欧,117182,刹车油+刹车片更换,2025-01-07 13:11,107182
S947,吉利星越L,39168,机油+机滤+空调滤芯更换,2025-07-27 15:53,34168
S948,奥迪A4L,46954,变速箱油+火花塞更换,2025-02-15 17:34,36954
S949,长城哈弗H6,130045,空气滤芯+燃油滤芯更换,2025-06-20 11:26,125045
S950,奔驰C级,100962,大保养(机油+三滤+变速箱油),2025-07-13 10:38,90962
S951,丰田凯美瑞,78058,刹车油+冷却液更换,2024-11-08 08:20,68058
S952,大众帕萨特,98074,机油+机滤+空气滤芯更换,2024-08-09 16:24,93074
S953,本田CR-V,138881,变速箱油+刹车油更换,2025-06-22 08:46,128881
S954,比亚迪宋PLUS,50927,全车检查+空调滤芯更换,2025-12-04 13:41,45927
S955,宝马5系,93900,大保养(机油+三滤+正时皮带),2025-09-07 09:33,83900
S956,奥迪Q5L,130102,机油+机滤+火花塞更换,2024-08-25 09:03,125102
S957,福特锐界,124610,刹车油+刹车片+轮胎更换,2024-05-26 13:19,114610
S958,吉利博越,141955,机油+机滤+燃油滤芯更换,2024-08-11 09:22,136955
S959,长城魏派VV7,123450,变速箱油+空调滤芯更换,2024-03-21 15:50,113450
S960,奔驰E级,114314,大保养(机油+三滤+刹车油),2024-10-20 12:22,104314
S961,丰田卡罗拉,79540,机油+机滤更换,2025-07-29 09:45,74540
S962,大众朗逸,93479,空调滤芯+空气滤芯更换,2025-04-17 12:14,83479
S963,本田思域,108040,变速箱油更换,2025-02-09 16:42,98040
S964,比亚迪汉,131463,全车检查+轮胎换位,2025-08-27 08:15,121463
S965,宝马3系,111861,大保养(机油+三滤+刹车油),2024-06-23 12:48,101861
S966,福特蒙迪欧,135938,刹车油+刹车片更换,2024-06-11 10:30,125938
S967,吉利星越L,141808,机油+机滤+空调滤芯更换,2025-08-17 09:45,136808
S968,奥迪A4L,60648,变速箱油+火花塞更换,2024-08-27 14:18,50648
S969,长城哈弗H6,121794,空气滤芯+燃油滤芯更换,2025-03-16 11:50,116794
S970,奔驰C级,31746,大保养(机油+三滤+变速箱油),2024-05-03 14:15,21746
S971,丰田凯美瑞,143820,刹车油+冷却液更换,2024-04-23 14:26,133820
S972,大众帕萨特,46745,机油+机滤+空气滤芯更换,2025-02-27 17:15,41745
S973,本田CR-V,123780,变速箱油+刹车油更换,2024-10-18 11:19,113780
S974,比亚迪宋PLUS,48305,全车检查+空调滤芯更换,2024-10-26 13:59,43305
S975,宝马5系,62008,大保养(机油+三滤+正时皮带),2024-11-18 14:32,52008
S976,奥迪Q5L,22564,机油+机滤+火花塞更换,2024-08-06 17:59,17564
S977,福特锐界,70697,刹车油+刹车片+轮胎更换,2025-09-16 11:49,60697
S978,吉利博越,143588,机油+机滤+燃油滤芯更换,2024-11-11 13:27,138588
S979,长城魏派VV7,21736,变速箱油+空调滤芯更换,2025-08-01 11:13,11736
S980,奔驰E级,20553,大保养(机油+三滤+刹车油),2024-04-22 11:24,10553
S981,丰田卡罗拉,146621,机油+机滤更换,2024-04-13 11:46,141621
S982,大众朗逸,137070,空调滤芯+空气滤芯更换,2024-01-03 15:40,127070
S983,本田思域,140120,变速箱油更换,2025-01-06 17:49,130120
S984,比亚迪汉,114603,全车检查+轮胎换位,2025-02-12 11:22,104603
S985,宝马3系,148252,大保养(机油+三滤+刹车油),2024-02-11 11:04,138252
S986,福特蒙迪欧,28937,刹车油+刹车片更换,2024-12-07 10:48,18937
S987,吉利星越L,107476,机油+机滤+空调滤芯更换,2024-03-26 12:16,102476
S988,奥迪A4L,87370,变速箱油+火花塞更换,2024-03-20 08:39,77370
S989,长城哈弗H6,104438,空气滤芯+燃油滤芯更换,2024-12-22 09:34,99438
S990,奔驰C级,73898,大保养(机油+三滤+变速箱油),2025-12-10 12:45,63898
S991,丰田凯美瑞,67937,刹车油+冷却液更换,2024-07-03 16:25,57937
S992,大众帕萨特,87523,机油+机滤+空气滤芯更换,2025-06-26 12:15,82523
S993,本田CR-V,117397,变速箱油+刹车油更换,2024-05-18 14:54,107397
S994,比亚迪宋PLUS,136108,全车检查+空调滤芯更换,2024-04-03 08:06,131108
S995,宝马5系,67081,大保养(机油+三滤+正时皮带),2025-03-28 15:22,57081
S996,奥迪Q5L,37594,机油+机滤+火花塞更换,2025-02-26 10:25,32594
S997,福特锐界,96830,刹车油+刹车片+轮胎更换,2025-06-07 15:10,86830
S998,吉利博越,101033,机油+机滤+燃油滤芯更换,2025-03-12 15:50,96033
S999,长城魏派VV7,98592,变速箱油+空调滤芯更换,2025-01-10 16:16,88592
S1000,奔驰E级,49773,大保养(机油+三滤+刹车油),2025-05-31 12:36,39773
S1001,丰田卡罗拉,115520,机油+机滤更换,2024-06-14 14:51,110520
S1002,大众朗逸,26134,空调滤芯+空气滤芯更换,2024-03-22 11:20,16134
S1003,本田思域,65288,变速箱油更换,2025-10-13 09:07,55288
S1004,比亚迪汉,70655,全车检查+轮胎换位,2024-11-20 13:07,60655
S1005,宝马3系,67885,大保养(机油+三滤+刹车油),2024-11-01 10:15,57885
S1006,福特蒙迪欧,98847,刹车油+刹车片更换,2024-05-24 09:48,88847
S1007,吉利星越L,76717,机油+机滤+空调滤芯更换,2024-07-01 11:06,71717
S1008,奥迪A4L,101938,变速箱油+火花塞更换,2024-03-28 12:20,91938
S1009,长城哈弗H6,35635,空气滤芯+燃油滤芯更换,2024-12-19 13:59,30635
S1010,奔驰C级,116991,大保养(机油+三滤+变速箱油),2024-06-24 15:00,106991
S1011,丰田凯美瑞,131861,刹车油+冷却液更换,2025-03-20 10:37,121861
S1012,大众帕萨特,79794,机油+机滤+空气滤芯更换,2025-06-23 14:46,74794
S1013,本田CR-V,92196,变速箱油+刹车油更换,2025-12-19 11:16,82196
S1014,比亚迪宋PLUS,128668,全车检查+空调滤芯更换,2024-05-02 17:24,123668
S1015,宝马5系,106600,大保养(机油+三滤+正时皮带),2025-04-26 12:52,96600
S1016,奥迪Q5L,94769,机油+机滤+火花塞更换,2024-02-16 12:47,89769
S1017,福特锐界,56812,刹车油+刹车片+轮胎更换,2025-10-17 11:50,46812
S1018,吉利博越,121542,机油+机滤+燃油滤芯更换,2025-05-27 17:03,116542
S1019,长城魏派VV7,94304,变速箱油+空调滤芯更换,2024-09-24 08:36,84304
S1020,奔驰E级,59579,大保养(机油+三滤+刹车油),2025-03-16 12:15,49579
S1021,丰田卡罗拉,149002,机油+机滤更换,2025-01-05 12:15,144002
S1022,大众朗逸,110321,空调滤芯+空气滤芯更换,2024-08-02 16:52,100321
S1023,本田思域,91615,变速箱油更换,2024-06-19 12:48,81615
S1024,比亚迪汉,111847,全车检查+轮胎换位,2025-09-24 09:47,101847
S1025,宝马3系,89168,大保养(机油+三滤+刹车油),2025-03-17 11:52,79168
S1026,福特蒙迪欧,87403,刹车油+刹车片更换,2025-03-03 12:36,77403
S1027,吉利星越L,44533,机油+机滤+空调滤芯更换,2025-03-09 11:53,39533
S1028,奥迪A4L,79242,变速箱油+火花塞更换,2024-03-29 17:34,69242
S1029,长城哈弗H6,84748,空气滤芯+燃油滤芯更换,2025-03-05 10:23,79748
S1030,奔驰C级,74629,大保养(机油+三滤+变速箱油),2025-08-17 12:56,64629
S1031,丰田凯美瑞,131985,刹车油+冷却液更换,2025-09-06 10:19,121985
S1032,大众帕萨特,89303,机油+机滤+空气滤芯更换,2024-03-23 11:22,84303
S1033,本田CR-V,105103,变速箱油+刹车油更换,2024-08-17 09:51,95103
S1034,比亚迪宋PLUS,65708,全车检查+空调滤芯更换,2025-06-26 12:28,60708
S1035,宝马5系,78763,大保养(机油+三滤+正时皮带),2025-04-05 14:29,68763
S1036,奥迪Q5L,31127,机油+机滤+火花塞更换,2025-01-19 09:10,26127
S1037,福特锐界,104818,刹车油+刹车片+轮胎更换,2024-11-01 09:22,94818
S1038,吉利博越,124127,机油+机滤+燃油滤芯更换,2025-05-28 16:48,119127
S1039,长城魏派VV7,94428,变速箱油+空调滤芯更换,2024-12-07 12:27,84428
S1040,奔驰E级,49578,大保养(机油+三滤+刹车油),2024-08-23 17:42,39578
S1041,丰田卡罗拉,25179,机油+机滤更换,2024-02-18 17:09,20179
S1042,大众朗逸,26374,空调滤芯+空气滤芯更换,2025-02-12 11:27,16374
S1043,本田思域,74058,变速箱油更换,2024-01-01 17:55,64058
S1044,比亚迪汉,112226,全车检查+轮胎换位,2025-08-26 12:09,102226
S1045,宝马3系,26768,大保养(机油+三滤+刹车油),2025-03-13 09:40,16768
S1046,福特蒙迪欧,65887,刹车油+刹车片更换,2025-03-23 09:52,55887
S1047,吉利星越L,54718,机油+机滤+空调滤芯更换,2024-07-14 15:51,49718
S1048,奥迪A4L,25760,变速箱油+火花塞更换,2024-09-26 14:29,15760
S1049,长城哈弗H6,79428,空气滤芯+燃油滤芯更换,2024-02-21 12:12,74428
S1050,奔驰C级,90590,大保养(机油+三滤+变速箱油),2024-12-04 10:45,80590
S1051,丰田凯美瑞,127365,刹车油+冷却液更换,2024-08-12 14:09,117365
S1052,大众帕萨特,129543,机油+机滤+空气滤芯更换,2024-12-12 10:46,124543
S1053,本田CR-V,38383,变速箱油+刹车油更换,2025-11-30 08:44,28383
S1054,比亚迪宋PLUS,114689,全车检查+空调滤芯更换,2025-01-28 15:35,109689
S1055,宝马5系,36018,大保养(机油+三滤+正时皮带),2025-09-01 14:32,26018
S1056,奥迪Q5L,46874,机油+机滤+火花塞更换,2025-05-08 11:42,41874
S1057,福特锐界,144390,刹车油+刹车片+轮胎更换,2024-02-24 09:32,134390
S1058,吉利博越,74844,机油+机滤+燃油滤芯更换,2024-06-25 11:29,69844
S1059,长城魏派VV7,140607,变速箱油+空调滤芯更换,2024-12-25 10:33,130607
S1060,奔驰E级,27660,大保养(机油+三滤+刹车油),2024-02-11 08:23,17660
S1061,丰田卡罗拉,29283,机油+机滤更换,2024-10-10 15:27,24283
S1062,大众朗逸,93894,空调滤芯+空气滤芯更换,2025-04-25 12:27,83894
S1063,本田思域,135488,变速箱油更换,2025-01-05 16:36,125488
S1064,比亚迪汉,103866,全车检查+轮胎换位,2025-07-08 10:08,93866
S1065,宝马3系,84150,大保养(机油+三滤+刹车油),2024-03-16 14:02,74150
S1066,福特蒙迪欧,137579,刹车油+刹车片更换,2025-07-25 16:25,127579
S1067,吉利星越L,74446,机油+机滤+空调滤芯更换,2024-08-18 15:32,69446
S1068,奥迪A4L,46076,变速箱油+火花塞更换,2025-08-11 09:13,36076
S1069,长城哈弗H6,108360,空气滤芯+燃油滤芯更换,2024-07-30 17:32,103360
S1070,奔驰C级,100635,大保养(机油+三滤+变速箱油),2025-03-13 14:58,90635
S1071,丰田凯美瑞,42305,刹车油+冷却液更换,2024-07-30 14:23,32305
S1072,大众帕萨特,33168,机油+机滤+空气滤芯更换,2025-12-10 13:09,28168
S1073,本田CR-V,89196,变速箱油+刹车油更换,2024-03-10 14:34,79196
S1074,比亚迪宋PLUS,23223,全车检查+空调滤芯更换,2024-11-16 12:16,18223
S1075,宝马5系,76645,大保养(机油+三滤+正时皮带),2024-03-09 16:08,66645
S1076,奥迪Q5L,90249,机油+机滤+火花塞更换,2024-03-07 15:24,85249
S1077,福特锐界,136934,刹车油+刹车片+轮胎更换,2025-04-30 12:45,126934
S1078,吉利博越,61379,机油+机滤+燃油滤芯更换,2025-02-28 11:47,56379
S1079,长城魏派VV7,60293,变速箱油+空调滤芯更换,2025-08-13 10:32,50293
S1080,奔驰E级,105347,大保养(机油+三滤+刹车油),2024-01-12 09:57,95347
S1081,丰田卡罗拉,104070,机油+机滤更换,2024-01-12 13:37,99070
S1082,大众朗逸,66746,空调滤芯+空气滤芯更换,2024-07-22 13:54,56746
S1083,本田思域,88147,变速箱油更换,2025-12-07 13:08,78147
S1084,比亚迪汉,32022,全车检查+轮胎换位,2025-04-10 16:28,22022
S1085,宝马3系,57152,大保养(机油+三滤+刹车油),2024-10-15 09:27,47152
S1086,福特蒙迪欧,35558,刹车油+刹车片更换,2025-12-29 17:12,25558
S1087,吉利星越L,88772,机油+机滤+空调滤芯更换,2024-02-07 12:54,83772
S1088,奥迪A4L,134049,变速箱油+火花塞更换,2025-09-10 08:42,124049
S1089,长城哈弗H6,106244,空气滤芯+燃油滤芯更换,2025-04-04 16:21,101244
S1090,奔驰C级,45490,大保养(机油+三滤+变速箱油),2025-10-08 09:51,35490
S1091,丰田凯美瑞,85543,刹车油+冷却液更换,2024-05-19 16:03,75543
S1092,大众帕萨特,139314,机油+机滤+空气滤芯更换,2024-10-23 16:31,134314
S1093,本田CR-V,26594,变速箱油+刹车油更换,2025-09-28 11:39,16594
S1094,比亚迪宋PLUS,39298,全车检查+空调滤芯更换,2024-09-04 08:12,34298
S1095,宝马5系,121640,大保养(机油+三滤+正时皮带),2025-04-06 16:55,111640
S1096,奥迪Q5L,32846,机油+机滤+火花塞更换,2024-10-16 08:35,27846
S1097,福特锐界,108474,刹车油+刹车片+轮胎更换,2025-04-05 14:25,98474
S1098,吉利博越,44545,机油+机滤+燃油滤芯更换,2024-09-05 13:54,39545
S1099,长城魏派VV7,101485,变速箱油+空调滤芯更换,2024-08-17 10:12,91485
S1100,奔驰E级,143166,大保养(机油+三滤+刹车油),2025-03-25 10:01,133166
S1101,丰田卡罗拉,115482,机油+机滤更换,2025-05-06 08:30,110482
S1102,大众朗逸,46260,空调滤芯+空气滤芯更换,2025-12-09 15:51,36260
S1103,本田思域,115600,变速箱油更换,2025-06-24 15:43,105600
S1104,比亚迪汉,56693,全车检查+轮胎换位,2025-06-22 09:42,46693
S1105,宝马3系,145325,大保养(机油+三滤+刹车油),2025-09-15 13:28,135325
S1106,福特蒙迪欧,49738,刹车油+刹车片更换,2024-08-22 15:41,39738
S1107,吉利星越L,37055,机油+机滤+空调滤芯更换,2024-12-06 11:21,32055
S1108,奥迪A4L,91859,变速箱油+火花塞更换,2025-05-15 09:26,81859
S1109,长城哈弗H6,149495,空气滤芯+燃油滤芯更换,2024-12-27 11:46,144495
S1110,奔驰C级,51098,大保养(机油+三滤+变速箱油),2024-08-05 09:51,41098
S1111,丰田凯美瑞,121695,刹车油+冷却液更换,2024-05-20 13:46,111695
S1112,大众帕萨特,30745,机油+机滤+空气滤芯更换,2025-11-17 08:27,25745
S1113,本田CR-V,78518,变速箱油+刹车油更换,2025-01-03 13:01,68518
S1114,比亚迪宋PLUS,107547,全车检查+空调滤芯更换,2025-08-01 08:19,102547
S1115,宝马5系,22432,大保养(机油+三滤+正时皮带),2025-12-07 08:18,12432
S1116,奥迪Q5L,130520,机油+机滤+火花塞更换,2025-05-29 10:51,125520
S1117,福特锐界,110842,刹车油+刹车片+轮胎更换,2025-12-24 16:31,100842
S1118,吉利博越,144996,机油+机滤+燃油滤芯更换,2025-12-10 08:07,139996
S1119,长城魏派VV7,144752,变速箱油+空调滤芯更换,2025-08-29 16:08,134752
S1120,奔驰E级,145794,大保养(机油+三滤+刹车油),2025-08-02 09:38,135794
S1121,丰田卡罗拉,37283,机油+机滤更换,2025-11-22 12:23,32283
S1122,大众朗逸,21103,空调滤芯+空气滤芯更换,2025-08-11 17:51,11103
S1123,本田思域,91444,变速箱油更换,2024-05-13 17:19,81444
S1124,比亚迪汉,50065,全车检查+轮胎换位,2025-10-26 10:53,40065
S1125,宝马3系,95910,大保养(机油+三滤+刹车油),2024-06-09 11:04,85910
S1126,福特蒙迪欧,95935,刹车油+刹车片更换,2024-11-23 08:02,85935
S1127,吉利星越L,77198,机油+机滤+空调滤芯更换,2025-10-23 14:12,72198
S1128,奥迪A4L,136328,变速箱油+火花塞更换,2025-10-16 11:40,126328
S1129,长城哈弗H6,52413,空气滤芯+燃油滤芯更换,2024-10-16 14:28,47413
S1130,奔驰C级,138575,大保养(机油+三滤+变速箱油),2024-09-20 16:59,128575
S1131,丰田凯美瑞,64839,刹车油+冷却液更换,2024-06-01 08:24,54839
S1132,大众帕萨特,53474,机油+机滤+空气滤芯更换,2025-10-20 08:46,48474
S1133,本田CR-V,64254,变速箱油+刹车油更换,2024-11-22 13:38,54254
S1134,比亚迪宋PLUS,68115,全车检查+空调滤芯更换,2024-05-23 11:15,63115
S1135,宝马5系,31696,大保养(机油+三滤+正时皮带),2024-08-07 13:44,21696
S1136,奥迪Q5L,72411,机油+机滤+火花塞更换,2025-01-28 09:24,67411
S1137,福特锐界,93275,刹车油+刹车片+轮胎更换,2025-10-05 10:01,83275
S1138,吉利博越,33625,机油+机滤+燃油滤芯更换,2025-04-05 16:44,28625
S1139,长城魏派VV7,79069,变速箱油+空调滤芯更换,2024-09-22 11:09,69069
S1140,奔驰E级,22031,大保养(机油+三滤+刹车油),2025-12-30 14:58,12031
S1141,丰田卡罗拉,97977,机油+机滤更换,2024-02-27 11:32,92977
S1142,大众朗逸,33525,空调滤芯+空气滤芯更换,2024-11-20 17:32,23525
S1143,本田思域,91245,变速箱油更换,2024-01-06 11:42,81245
S1144,比亚迪汉,108436,全车检查+轮胎换位,2024-12-06 11:46,98436
S1145,宝马3系,32188,大保养(机油+三滤+刹车油),2024-05-13 14:24,22188
S1146,福特蒙迪欧,116870,刹车油+刹车片更换,2024-09-29 14:20,106870
S1147,吉利星越L,46814,机油+机滤+空调滤芯更换,2024-09-11 14:43,41814
S1148,奥迪A4L,38920,变速箱油+火花塞更换,2024-05-13 09:01,28920
S1149,长城哈弗H6,125770,空气滤芯+燃油滤芯更换,2025-04-12 14:00,120770
S1150,奔驰C级,97234,大保养(机油+三滤+变速箱油),2025-01-03 15:16,87234
S1151,丰田凯美瑞,104561,刹车油+冷却液更换,2025-01-16 11:43,94561
S1152,大众帕萨特,144343,机油+机滤+空气滤芯更换,2024-01-02 09:23,139343
S1153,本田CR-V,117015,变速箱油+刹车油更换,2024-08-20 12:42,107015
S1154,比亚迪宋PLUS,91402,全车检查+空调滤芯更换,2025-07-21 11:58,86402
S1155,宝马5系,101754,大保养(机油+三滤+正时皮带),2025-10-15 14:39,91754
S1156,奥迪Q5L,120423,机油+机滤+火花塞更换,2024-08-17 14:36,115423
S1157,福特锐界,142293,刹车油+刹车片+轮胎更换,2025-07-27 10:11,132293
S1158,吉利博越,50695,机油+机滤+燃油滤芯更换,2025-03-04 11:40,45695
S1159,长城魏派VV7,68205,变速箱油+空调滤芯更换,2024-06-20 17:38,58205
S1160,奔驰E级,125434,大保养(机油+三滤+刹车油),2025-01-24 16:58,115434
S1161,丰田卡罗拉,143779,机油+机滤更换,2025-08-19 12:51,138779
S1162,大众朗逸,62622,空调滤芯+空气滤芯更换,2025-08-15 13:23,52622
S1163,本田思域,102374,变速箱油更换,2025-04-07 13:40,92374
S1164,比亚迪汉,119483,全车检查+轮胎换位,2024-02-04 15:44,109483
S1165,宝马3系,61969,大保养(机油+三滤+刹车油),2025-05-07 09:01,51969
S1166,福特蒙迪欧,97385,刹车油+刹车片更换,2025-02-20 14:39,87385
S1167,吉利星越L,115310,机油+机滤+空调滤芯更换,2024-12-12 10:17,110310
S1168,奥迪A4L,130481,变速箱油+火花塞更换,2025-05-08 09:29,120481
S1169,长城哈弗H6,40810,空气滤芯+燃油滤芯更换,2025-12-07 14:49,35810
S1170,奔驰C级,112799,大保养(机油+三滤+变速箱油),2024-02-13 09:50,102799
S1171,丰田凯美瑞,71242,刹车油+冷却液更换,2024-08-01 14:02,61242
S1172,大众帕萨特,149824,机油+机滤+空气滤芯更换,2024-02-15 12:04,144824
S1173,本田CR-V,27299,变速箱油+刹车油更换,2024-02-25 08:16,17299
S1174,比亚迪宋PLUS,44991,全车检查+空调滤芯更换,2025-03-04 14:54,39991
S1175,宝马5系,47006,大保养(机油+三滤+正时皮带),2025-11-19 12:03,37006
S1176,奥迪Q5L,64375,机油+机滤+火花塞更换,2024-11-09 15:01,59375
S1177,福特锐界,81416,刹车油+刹车片+轮胎更换,2024-09-17 09:01,71416
S1178,吉利博越,61356,机油+机滤+燃油滤芯更换,2024-05-13 13:39,56356
S1179,长城魏派VV7,97425,变速箱油+空调滤芯更换,2024-01-23 08:56,87425
S1180,奔驰E级,131875,大保养(机油+三滤+刹车油),2025-12-07 17:06,121875
S1181,丰田卡罗拉,100029,机油+机滤更换,2025-09-01 08:54,95029
S1182,大众朗逸,21427,空调滤芯+空气滤芯更换,2024-04-29 09:13,11427
S1183,本田思域,138925,变速箱油更换,2024-12-24 14:52,128925
S1184,比亚迪汉,133848,全车检查+轮胎换位,2025-08-13 17:45,123848
S1185,宝马3系,99606,大保养(机油+三滤+刹车油),2024-10-15 12:22,89606
S1186,福特蒙迪欧,65344,刹车油+刹车片更换,2025-04-28 11:51,55344
S1187,吉利星越L,82111,机油+机滤+空调滤芯更换,2024-01-29 17:18,77111
S1188,奥迪A4L,80565,变速箱油+火花塞更换,2024-12-22 11:15,70565
S1189,长城哈弗H6,82607,空气滤芯+燃油滤芯更换,2025-10-15 08:38,77607
S1190,奔驰C级,143035,大保养(机油+三滤+变速箱油),2025-01-05 10:23,133035
S1191,丰田凯美瑞,34374,刹车油+冷却液更换,2024-05-28 09:39,24374
S1192,大众帕萨特,84115,机油+机滤+空气滤芯更换,2025-10-19 14:23,79115
S1193,本田CR-V,147242,变速箱油+刹车油更换,2025-03-02 10:46,137242
S1194,比亚迪宋PLUS,140763,全车检查+空调滤芯更换,2025-04-06 09:39,135763
S1195,宝马5系,124298,大保养(机油+三滤+正时皮带),2024-03-15 11:13,114298
S1196,奥迪Q5L,122290,机油+机滤+火花塞更换,2025-08-31 11:48,117290
S1197,福特锐界,64364,刹车油+刹车片+轮胎更换,2025-05-01 13:26,54364
S1198,吉利博越,132574,机油+机滤+燃油滤芯更换,2024-12-14 12:25,127574
S1199,长城魏派VV7,144140,变速箱油+空调滤芯更换,2025-10-04 10:38,134140
S1200,奔驰E级,21772,大保养(机油+三滤+刹车油),2025-05-11 16:06,11772
S1201,丰田卡罗拉,79795,机油+机滤更换,2025-01-11 13:18,74795
S1202,大众朗逸,110985,空调滤芯+空气滤芯更换,2025-08-05 14:20,100985
S1203,本田思域,21199,变速箱油更换,2024-06-28 12:14,11199
S1204,比亚迪汉,50411,全车检查+轮胎换位,2025-11-13 15:45,40411
S1205,宝马3系,102849,大保养(机油+三滤+刹车油),2025-10-15 09:24,92849
S1206,福特蒙迪欧,73680,刹车油+刹车片更换,2025-09-17 09:05,63680
S1207,吉利星越L,104493,机油+机滤+空调滤芯更换,2024-07-13 13:24,99493
S1208,奥迪A4L,111724,变速箱油+火花塞更换,2025-09-14 13:09,101724
S1209,长城哈弗H6,148435,空气滤芯+燃油滤芯更换,2024-07-07 14:01,143435
S1210,奔驰C级,121447,大保养(机油+三滤+变速箱油),2025-08-25 08:41,111447
S1211,丰田凯美瑞,98541,刹车油+冷却液更换,2025-11-21 10:56,88541
S1212,大众帕萨特,54229,机油+机滤+空气滤芯更换,2024-02-19 16:24,49229
S1213,本田CR-V,28438,变速箱油+刹车油更换,2024-06-24 13:27,18438
S1214,比亚迪宋PLUS,52644,全车检查+空调滤芯更换,2024-02-11 08:33,47644
S1215,宝马5系,26640,大保养(机油+三滤+正时皮带),2024-03-03 09:01,16640
S1216,奥迪Q5L,130747,机油+机滤+火花塞更换,2025-03-13 17:53,125747
S1217,福特锐界,125057,刹车油+刹车片+轮胎更换,2025-03-13 13:45,115057
S1218,吉利博越,22987,机油+机滤+燃油滤芯更换,2024-08-26 14:36,17987
S1219,长城魏派VV7,149414,变速箱油+空调滤芯更换,2025-05-30 13:39,139414
S1220,奔驰E级,64382,大保养(机油+三滤+刹车油),2025-09-17 08:06,54382
S1221,丰田卡罗拉,123870,机油+机滤更换,2025-04-23 12:19,118870
S1222,大众朗逸,141457,空调滤芯+空气滤芯更换,2024-10-03 10:13,131457
S1223,本田思域,38047,变速箱油更换,2025-08-06 11:56,28047
S1224,比亚迪汉,40379,全车检查+轮胎换位,2024-06-12 09:36,30379
S1225,宝马3系,107063,大保养(机油+三滤+刹车油),2025-12-25 11:34,97063
S1226,福特蒙迪欧,120745,刹车油+刹车片更换,2024-12-09 17:08,110745
S1227,吉利星越L,35832,机油+机滤+空调滤芯更换,2024-09-11 10:38,30832
S1228,奥迪A4L,91766,变速箱油+火花塞更换,2024-07-18 15:38,81766
S1229,长城哈弗H6,61127,空气滤芯+燃油滤芯更换,2024-06-26 08:14,56127
S1230,奔驰C级,123958,大保养(机油+三滤+变速箱油),2025-01-07 15:31,113958
S1231,丰田凯美瑞,60012,刹车油+冷却液更换,2025-07-18 13:30,50012
S1232,大众帕萨特,146826,机油+机滤+空气滤芯更换,2024-08-07 16:43,141826
S1233,本田CR-V,37011,变速箱油+刹车油更换,2025-06-12 10:25,27011
S1234,比亚迪宋PLUS,46939,全车检查+空调滤芯更换,2024-02-28 08:05,41939
S1235,宝马5系,20650,大保养(机油+三滤+正时皮带),2025-04-07 08:20,10650
S1236,奥迪Q5L,85600,机油+机滤+火花塞更换,2024-08-17 09:39,80600
S1237,福特锐界,79289,刹车油+刹车片+轮胎更换,2024-04-01 17:26,69289
S1238,吉利博越,99114,机油+机滤+燃油滤芯更换,2025-11-03 13:12,94114
S1239,长城魏派VV7,98118,变速箱油+空调滤芯更换,2024-02-17 16:40,88118
S1240,奔驰E级,89557,大保养(机油+三滤+刹车油),2025-03-02 11:59,79557
S1241,丰田卡罗拉,24874,机油+机滤更换,2025-01-06 13:15,19874
S1242,大众朗逸,38770,空调滤芯+空气滤芯更换,2024-01-01 13:52,28770
S1243,本田思域,96178,变速箱油更换,2025-06-15 12:55,86178
S1244,比亚迪汉,88281,全车检查+轮胎换位,2024-05-31 15:47,78281
S1245,宝马3系,114535,大保养(机油+三滤+刹车油),2024-06-12 10:16,104535
S1246,福特蒙迪欧,146167,刹车油+刹车片更换,2024-04-25 15:46,136167
S1247,吉利星越L,78070,机油+机滤+空调滤芯更换,2024-11-08 12:50,73070
S1248,奥迪A4L,139002,变速箱油+火花塞更换,2024-10-11 09:14,129002
S1249,长城哈弗H6,111738,空气滤芯+燃油滤芯更换,2024-08-09 17:58,106738
S1250,奔驰C级,36913,大保养(机油+三滤+变速箱油),2024-04-12 15:03,26913
S1251,丰田凯美瑞,130458,刹车油+冷却液更换,2025-11-23 13:43,120458
S1252,大众帕萨特,69243,机油+机滤+空气滤芯更换,2025-11-22 08:53,64243
S1253,本田CR-V,119275,变速箱油+刹车油更换,2024-04-28 14:18,109275
S1254,比亚迪宋PLUS,56517,全车检查+空调滤芯更换,2025-10-15 08:42,51517
S1255,宝马5系,32686,大保养(机油+三滤+正时皮带),2024-06-28 14:31,22686
S1256,奥迪Q5L,78699,机油+机滤+火花塞更换,2025-09-04 16:56,73699
S1257,福特锐界,52545,刹车油+刹车片+轮胎更换,2024-05-19 12:15,42545
S1258,吉利博越,58624,机油+机滤+燃油滤芯更换,2024-11-12 08:12,53624
S1259,长城魏派VV7,36021,变速箱油+空调滤芯更换,2025-03-12 11:48,26021
S1260,奔驰E级,63413,大保养(机油+三滤+刹车油),2024-01-23 13:20,53413
S1261,丰田卡罗拉,33671,机油+机滤更换,2025-07-27 09:05,28671
S1262,大众朗逸,33655,空调滤芯+空气滤芯更换,2024-12-16 11:43,23655
S1263,本田思域,141115,变速箱油更换,2024-07-02 09:36,131115
S1264,比亚迪汉,129677,全车检查+轮胎换位,2024-11-15 15:37,119677
S1265,宝马3系,113823,大保养(机油+三滤+刹车油),2024-12-05 10:16,103823
S1266,福特蒙迪欧,38581,刹车油+刹车片更换,2024-08-03 11:08,28581
S1267,吉利星越L,139279,机油+机滤+空调滤芯更换,2024-09-13 10:31,134279
S1268,奥迪A4L,33651,变速箱油+火花塞更换,2025-10-25 13:26,23651
S1269,长城哈弗H6,67114,空气滤芯+燃油滤芯更换,2024-05-12 15:54,62114
S1270,奔驰C级,131313,大保养(机油+三滤+变速箱油),2025-04-20 14:02,121313
S1271,丰田凯美瑞,82726,刹车油+冷却液更换,2025-09-01 11:01,72726
S1272,大众帕萨特,141148,机油+机滤+空气滤芯更换,2025-01-27 17:48,136148
S1273,本田CR-V,148576,变速箱油+刹车油更换,2024-09-19 08:10,138576
S1274,比亚迪宋PLUS,61909,全车检查+空调滤芯更换,2025-11-06 12:36,56909
S1275,宝马5系,35791,大保养(机油+三滤+正时皮带),2024-09-12 16:42,25791
S1276,奥迪Q5L,109117,机油+机滤+火花塞更换,2024-08-24 15:22,104117
S1277,福特锐界,87655,刹车油+刹车片+轮胎更换,2025-01-20 11:58,77655
S1278,吉利博越,85671,机油+机滤+燃油滤芯更换,2025-09-03 10:38,80671
S1279,长城魏派VV7,32830,变速箱油+空调滤芯更换,2025-03-02 17:37,22830
S1280,奔驰E级,148195,大保养(机油+三滤+刹车油),2025-04-13 17:19,138195
S1281,丰田卡罗拉,27420,机油+机滤更换,2025-10-03 13:40,22420
S1282,大众朗逸,117158,空调滤芯+空气滤芯更换,2024-05-13 16:54,107158
S1283,本田思域,132477,变速箱油更换,2024-09-08 10:03,122477
S1284,比亚迪汉,31974,全车检查+轮胎换位,2024-04-14 10:15,21974
S1285,宝马3系,137943,大保养(机油+三滤+刹车油),2025-05-20 13:46,127943
S1286,福特蒙迪欧,64971,刹车油+刹车片更换,2024-08-24 16:36,54971
S1287,吉利星越L,104323,机油+机滤+空调滤芯更换,2025-12-17 17:20,99323
S1288,奥迪A4L,93148,变速箱油+火花塞更换,2024-11-23 09:14,83148
S1289,长城哈弗H6,112050,空气滤芯+燃油滤芯更换,2024-11-21 15:42,107050
S1290,奔驰C级,24551,大保养(机油+三滤+变速箱油),2025-06-16 14:53,14551
S1291,丰田凯美瑞,135532,刹车油+冷却液更换,2024-05-05 10:54,125532
S1292,大众帕萨特,148458,机油+机滤+空气滤芯更换,2025-12-09 11:45,143458
S1293,本田CR-V,133453,变速箱油+刹车油更换,2025-10-15 15:59,123453
S1294,比亚迪宋PLUS,43416,全车检查+空调滤芯更换,2025-08-27 12:02,38416
S1295,宝马5系,81599,大保养(机油+三滤+正时皮带),2024-04-29 16:52,71599
S1296,奥迪Q5L,54748,机油+机滤+火花塞更换,2025-03-28 08:30,49748
S1297,福特锐界,96223,刹车油+刹车片+轮胎更换,2025-12-09 14:45,86223
S1298,吉利博越,136573,机油+机滤+燃油滤芯更换,2024-06-09 14:16,131573
S1299,长城魏派VV7,115598,变速箱油+空调滤芯更换,2025-04-15 12:57,105598
S1300,奔驰E级,87734,大保养(机油+三滤+刹车油),2024-06-01 14:21,77734
S1301,丰田卡罗拉,149599,机油+机滤更换,2025-05-30 10:59,144599
S1302,大众朗逸,43953,空调滤芯+空气滤芯更换,2025-01-06 13:37,33953
S1303,本田思域,35647,变速箱油更换,2025-05-03 13:14,25647
S1304,比亚迪汉,30342,全车检查+轮胎换位,2025-03-19 16:20,20342
S1305,宝马3系,31229,大保养(机油+三滤+刹车油),2025-10-29 12:24,21229
S1306,福特蒙迪欧,110653,刹车油+刹车片更换,2024-07-07 14:12,100653
S1307,吉利星越L,69195,机油+机滤+空调滤芯更换,2024-04-25 11:17,64195
S1308,奥迪A4L,102824,变速箱油+火花塞更换,2024-11-24 14:58,92824
S1309,长城哈弗H6,65724,空气滤芯+燃油滤芯更换,2025-10-17 14:41,60724
S1310,奔驰C级,38856,大保养(机油+三滤+变速箱油),2024-05-16 14:35,28856
S1311,丰田凯美瑞,38952,刹车油+冷却液更换,2024-09-21 16:45,28952
S1312,大众帕萨特,72871,机油+机滤+空气滤芯更换,2024-05-30 17:06,67871
S1313,本田CR-V,81771,变速箱油+刹车油更换,2024-08-02 09:33,71771
S1314,比亚迪宋PLUS,43852,全车检查+空调滤芯更换,2024-07-01 16:16,38852
S1315,宝马5系,111922,大保养(机油+三滤+正时皮带),2025-10-10 11:48,101922
S1316,奥迪Q5L,144827,机油+机滤+火花塞更换,2025-09-11 13:58,139827
S1317,福特锐界,84688,刹车油+刹车片+轮胎更换,2024-10-12 15:48,74688
S1318,吉利博越,29845,机油+机滤+燃油滤芯更换,2024-07-30 16:50,24845
S1319,长城魏派VV7,20957,变速箱油+空调滤芯更换,2025-05-03 10:14,10957
S1320,奔驰E级,81806,大保养(机油+三滤+刹车油),2025-05-05 16:12,71806
S1321,丰田卡罗拉,130296,机油+机滤更换,2025-12-07 10:08,125296
S1322,大众朗逸,121401,空调滤芯+空气滤芯更换,2025-08-09 16:47,111401
S1323,本田思域,56919,变速箱油更换,2024-06-09 17:10,46919
S1324,比亚迪汉,93086,全车检查+轮胎换位,2024-10-03 08:45,83086
S1325,宝马3系,61468,大保养(机油+三滤+刹车油),2024-02-05 16:52,51468
S1326,福特蒙迪欧,54037,刹车油+刹车片更换,2025-11-24 12:54,44037
S1327,吉利星越L,75606,机油+机滤+空调滤芯更换,2025-04-09 11:51,70606
S1328,奥迪A4L,138204,变速箱油+火花塞更换,2024-10-13 13:27,128204
S1329,长城哈弗H6,30229,空气滤芯+燃油滤芯更换,2024-05-27 15:17,25229
S1330,奔驰C级,29462,大保养(机油+三滤+变速箱油),2024-11-01 09:43,19462
S1331,丰田凯美瑞,25160,刹车油+冷却液更换,2024-09-08 15:29,15160
S1332,大众帕萨特,73539,机油+机滤+空气滤芯更换,2025-03-29 11:35,68539
S1333,本田CR-V,37109,变速箱油+刹车油更换,2025-06-27 12:48,27109
S1334,比亚迪宋PLUS,81582,全车检查+空调滤芯更换,2025-03-26 12:11,76582
S1335,宝马5系,52987,大保养(机油+三滤+正时皮带),2024-01-12 12:24,42987
S1336,奥迪Q5L,33363,机油+机滤+火花塞更换,2024-04-24 10:15,28363
S1337,福特锐界,130783,刹车油+刹车片+轮胎更换,2025-01-12 10:04,120783
S1338,吉利博越,77869,机油+机滤+燃油滤芯更换,2024-05-13 17:15,72869
S1339,长城魏派VV7,58601,变速箱油+空调滤芯更换,2025-07-27 16:53,48601
S1340,奔驰E级,67067,大保养(机油+三滤+刹车油),2025-06-07 13:42,57067
S1341,丰田卡罗拉,70918,机油+机滤更换,2024-05-08 17:29,65918
S1342,大众朗逸,34187,空调滤芯+空气滤芯更换,2025-11-10 13:11,24187
S1343,本田思域,89283,变速箱油更换,2025-07-19 11:11,79283
S1344,比亚迪汉,58429,全车检查+轮胎换位,2024-05-15 10:30,48429
S1345,宝马3系,107706,大保养(机油+三滤+刹车油),2025-02-15 17:16,97706
S1346,福特蒙迪欧,132909,刹车油+刹车片更换,2025-04-12 12:10,122909
S1347,吉利星越L,98231,机油+机滤+空调滤芯更换,2024-03-31 11:10,93231
S1348,奥迪A4L,104353,变速箱油+火花塞更换,2025-05-22 17:19,94353
S1349,长城哈弗H6,50643,空气滤芯+燃油滤芯更换,2025-10-30 13:46,45643
S1350,奔驰C级,75001,大保养(机油+三滤+变速箱油),2025-11-24 13:03,65001
S1351,丰田凯美瑞,90326,刹车油+冷却液更换,2024-02-26 16:26,80326
S1352,大众帕萨特,84169,机油+机滤+空气滤芯更换,2024-06-30 10:03,79169
S1353,本田CR-V,112725,变速箱油+刹车油更换,2025-06-30 16:08,102725
S1354,比亚迪宋PLUS,34155,全车检查+空调滤芯更换,2024-08-09 16:48,29155
S1355,宝马5系,52478,大保养(机油+三滤+正时皮带),2025-07-21 11:56,42478
S1356,奥迪Q5L,149460,机油+机滤+火花塞更换,2024-04-26 08:33,144460
S1357,福特锐界,128561,刹车油+刹车片+轮胎更换,2024-09-25 13:36,118561
S1358,吉利博越,55942,机油+机滤+燃油滤芯更换,2025-09-05 17:12,50942
S1359,长城魏派VV7,80406,变速箱油+空调滤芯更换,2024-02-18 08:01,70406
S1360,奔驰E级,25102,大保养(机油+三滤+刹车油),2024-03-15 10:18,15102
S1361,丰田卡罗拉,44284,机油+机滤更换,2025-09-27 11:00,39284
S1362,大众朗逸,26012,空调滤芯+空气滤芯更换,2025-07-11 10:39,16012
S1363,本田思域,124386,变速箱油更换,2025-12-13 13:18,114386
S1364,比亚迪汉,115745,全车检查+轮胎换位,2025-02-14 14:50,105745
S1365,宝马3系,45527,大保养(机油+三滤+刹车油),2025-06-29 13:43,35527
S1366,福特蒙迪欧,119800,刹车油+刹车片更换,2024-11-19 10:09,109800
S1367,吉利星越L,63816,机油+机滤+空调滤芯更换,2025-04-07 08:36,58816
S1368,奥迪A4L,139980,变速箱油+火花塞更换,2025-05-18 09:38,129980
S1369,长城哈弗H6,75258,空气滤芯+燃油滤芯更换,2025-09-28 10:17,70258
S1370,奔驰C级,59801,大保养(机油+三滤+变速箱油),2024-12-31 16:51,49801
S1371,丰田凯美瑞,140197,刹车油+冷却液更换,2024-06-20 10:26,130197
S1372,大众帕萨特,37857,机油+机滤+空气滤芯更换,2024-03-04 14:50,32857
S1373,本田CR-V,59673,变速箱油+刹车油更换,2024-08-02 14:25,49673
S1374,比亚迪宋PLUS,59145,全车检查+空调滤芯更换,2024-04-25 09:37,54145
S1375,宝马5系,134366,大保养(机油+三滤+正时皮带),2024-09-10 12:59,124366
S1376,奥迪Q5L,24788,机油+机滤+火花塞更换,2025-05-19 16:30,19788
S1377,福特锐界,64763,刹车油+刹车片+轮胎更换,2024-02-03 14:45,54763
S1378,吉利博越,56121,机油+机滤+燃油滤芯更换,2025-12-17 08:18,51121
S1379,长城魏派VV7,85312,变速箱油+空调滤芯更换,2025-03-30 17:05,75312
S1380,奔驰E级,135508,大保养(机油+三滤+刹车油),2024-06-12 11:39,125508
S1381,丰田卡罗拉,108493,机油+机滤更换,2024-06-26 08:09,103493
S1382,大众朗逸,36591,空调滤芯+空气滤芯更换,2024-06-27 14:37,26591
S1383,本田思域,67140,变速箱油更换,2025-02-24 15:06,57140
S1384,比亚迪汉,125478,全车检查+轮胎换位,2024-09-07 17:26,115478
S1385,宝马3系,123630,大保养(机油+三滤+刹车油),2024-12-25 12:09,113630
S1386,福特蒙迪欧,60182,刹车油+刹车片更换,2024-03-27 09:22,50182
S1387,吉利星越L,140353,机油+机滤+空调滤芯更换,2024-04-20 14:07,135353
S1388,奥迪A4L,130418,变速箱油+火花塞更换,2025-08-05 10:02,120418
S1389,长城哈弗H6,77081,空气滤芯+燃油滤芯更换,2025-02-06 09:33,72081
S1390,奔驰C级,99364,大保养(机油+三滤+变速箱油),2025-01-11 13:10,89364
S1391,丰田凯美瑞,29488,刹车油+冷却液更换,2024-05-18 11:50,19488
S1392,大众帕萨特,144297,机油+机滤+空气滤芯更换,2024-11-01 09:34,139297
S1393,本田CR-V,44800,变速箱油+刹车油更换,2024-02-25 11:36,34800
S1394,比亚迪宋PLUS,89027,全车检查+空调滤芯更换,2025-05-30 09:08,84027
S1395,宝马5系,110469,大保养(机油+三滤+正时皮带),2024-08-01 09:23,100469
S1396,奥迪Q5L,44915,机油+机滤+火花塞更换,2024-02-27 09:38,39915
S1397,福特锐界,129703,刹车油+刹车片+轮胎更换,2025-11-10 12:19,119703
S1398,吉利博越,32307,机油+机滤+燃油滤芯更换,2025-10-20 15:47,27307
S1399,长城魏派VV7,113853,变速箱油+空调滤芯更换,2024-09-18 13:08,103853
S1400,奔驰E级,138443,大保养(机油+三滤+刹车油),2025-07-20 13:11,128443
S1401,丰田卡罗拉,31635,机油+机滤更换,2025-03-15 10:38,26635
S1402,大众朗逸,40516,空调滤芯+空气滤芯更换,2025-11-23 13:23,30516
S1403,本田思域,61820,变速箱油更换,2025-09-08 12:12,51820
S1404,比亚迪汉,51262,全车检查+轮胎换位,2024-08-14 12:48,41262
S1405,宝马3系,117067,大保养(机油+三滤+刹车油),2024-07-01 14:55,107067
S1406,福特蒙迪欧,115487,刹车油+刹车片更换,2024-01-21 10:25,105487
S1407,吉利星越L,132541,机油+机滤+空调滤芯更换,2025-08-15 10:30,127541
S1408,奥迪A4L,96147,变速箱油+火花塞更换,2024-11-27 10:43,86147
S1409,长城哈弗H6,69315,空气滤芯+燃油滤芯更换,2024-07-10 10:17,64315
S1410,奔驰C级,142103,大保养(机油+三滤+变速箱油),2024-11-30 13:30,132103
S1411,丰田凯美瑞,55167,刹车油+冷却液更换,2024-05-25 08:42,45167
S1412,大众帕萨特,42010,机油+机滤+空气滤芯更换,2025-12-05 09:20,37010
S1413,本田CR-V,141923,变速箱油+刹车油更换,2024-07-04 13:36,131923
S1414,比亚迪宋PLUS,148529,全车检查+空调滤芯更换,2025-05-11 08:33,143529
S1415,宝马5系,60088,大保养(机油+三滤+正时皮带),2024-12-02 11:58,50088
S1416,奥迪Q5L,85120,机油+机滤+火花塞更换,2024-03-25 15:59,80120
S1417,福特锐界,47160,刹车油+刹车片+轮胎更换,2024-05-04 08:11,37160
S1418,吉利博越,92098,机油+机滤+燃油滤芯更换,2025-01-13 10:37,87098
S1419,长城魏派VV7,58869,变速箱油+空调滤芯更换,2024-07-10 08:14,48869
S1420,奔驰E级,79270,大保养(机油+三滤+刹车油),2025-11-26 11:25,69270
S1421,丰田卡罗拉,44979,机油+机滤更换,2024-08-29 12:52,39979
S1422,大众朗逸,127058,空调滤芯+空气滤芯更换,2025-07-25 12:44,117058
S1423,本田思域,61401,变速箱油更换,2024-10-19 10:10,51401
S1424,比亚迪汉,37927,全车检查+轮胎换位,2024-12-17 12:59,27927
S1425,宝马3系,34592,大保养(机油+三滤+刹车油),2025-09-01 08:06,24592
S1426,福特蒙迪欧,133528,刹车油+刹车片更换,2025-09-25 10:45,123528
S1427,吉利星越L,112225,机油+机滤+空调滤芯更换,2024-01-07 12:44,107225
S1428,奥迪A4L,64344,变速箱油+火花塞更换,2025-10-23 11:36,54344
S1429,长城哈弗H6,75948,空气滤芯+燃油滤芯更换,2025-08-19 08:53,70948
S1430,奔驰C级,122715,大保养(机油+三滤+变速箱油),2024-10-23 14:12,112715
S1431,丰田凯美瑞,98135,刹车油+冷却液更换,2025-01-30 11:51,88135
S1432,大众帕萨特,134244,机油+机滤+空气滤芯更换,2025-05-18 08:49,129244
S1433,本田CR-V,102748,变速箱油+刹车油更换,2025-07-27 10:30,92748
S1434,比亚迪宋PLUS,110805,全车检查+空调滤芯更换,2024-08-12 11:01,105805
S1435,宝马5系,80504,大保养(机油+三滤+正时皮带),2024-01-02 17:36,70504
S1436,奥迪Q5L,71256,机油+机滤+火花塞更换,2025-02-05 08:29,66256
S1437,福特锐界,98449,刹车油+刹车片+轮胎更换,2024-12-22 10:26,88449
S1438,吉利博越,56612,机油+机滤+燃油滤芯更换,2024-11-27 08:07,51612
S1439,长城魏派VV7,89926,变速箱油+空调滤芯更换,2025-03-22 11:08,79926
S1440,奔驰E级,144773,大保养(机油+三滤+刹车油),2025-07-24 15:52,134773
S1441,丰田卡罗拉,70529,机油+机滤更换,2025-08-07 16:37,65529
S1442,大众朗逸,31566,空调滤芯+空气滤芯更换,2025-12-22 14:49,21566
S1443,本田思域,115262,变速箱油更换,2024-12-27 11:55,105262
S1444,比亚迪汉,51685,全车检查+轮胎换位,2025-06-06 17:06,41685
S1445,宝马3系,107555,大保养(机油+三滤+刹车油),2025-02-18 12:51,97555
S1446,福特蒙迪欧,101747,刹车油+刹车片更换,2024-08-29 09:21,91747
S1447,吉利星越L,75796,机油+机滤+空调滤芯更换,2025-07-01 14:57,70796
S1448,奥迪A4L,138057,变速箱油+火花塞更换,2024-03-20 12:26,128057
S1449,长城哈弗H6,68218,空气滤芯+燃油滤芯更换,2024-10-14 09:12,63218
S1450,奔驰C级,95928,大保养(机油+三滤+变速箱油),2025-06-18 11:06,85928
S1451,丰田凯美瑞,87876,刹车油+冷却液更换,2024-04-30 10:20,77876
S1452,大众帕萨特,47635,机油+机滤+空气滤芯更换,2025-07-24 17:40,42635
S1453,本田CR-V,115700,变速箱油+刹车油更换,2024-09-12 12:37,105700
S1454,比亚迪宋PLUS,133495,全车检查+空调滤芯更换,2025-01-18 10:07,128495
S1455,宝马5系,105459,大保养(机油+三滤+正时皮带),2024-12-06 10:08,95459
S1456,奥迪Q5L,93386,机油+机滤+火花塞更换,2024-03-05 08:57,88386
S1457,福特锐界,36430,刹车油+刹车片+轮胎更换,2025-11-03 16:56,26430
S1458,吉利博越,97677,机油+机滤+燃油滤芯更换,2024-09-12 08:37,92677
S1459,长城魏派VV7,67497,变速箱油+空调滤芯更换,2024-11-09 08:58,57497
S1460,奔驰E级,105988,大保养(机油+三滤+刹车油),2024-12-12 16:02,95988
S1461,丰田卡罗拉,114219,机油+机滤更换,2024-07-11 13:05,109219
S1462,大众朗逸,86488,空调滤芯+空气滤芯更换,2024-02-05 13:08,76488
S1463,本田思域,36391,变速箱油更换,2024-10-29 15:00,26391
S1464,比亚迪汉,116623,全车检查+轮胎换位,2024-05-15 17:51,106623
S1465,宝马3系,116286,大保养(机油+三滤+刹车油),2024-12-04 14:07,106286
S1466,福特蒙迪欧,80951,刹车油+刹车片更换,2025-03-09 17:26,70951
S1467,吉利星越L,56406,机油+机滤+空调滤芯更换,2024-08-06 11:42,51406
S1468,奥迪A4L,113454,变速箱油+火花塞更换,2024-03-17 15:33,103454
S1469,长城哈弗H6,109330,空气滤芯+燃油滤芯更换,2024-12-27 17:20,104330
S1470,奔驰C级,85162,大保养(机油+三滤+变速箱油),2025-09-06 10:38,75162
S1471,丰田凯美瑞,65720,刹车油+冷却液更换,2024-11-10 11:53,55720
S1472,大众帕萨特,136881,机油+机滤+空气滤芯更换,2025-09-22 14:26,131881
S1473,本田CR-V,113233,变速箱油+刹车油更换,2025-03-26 13:43,103233
S1474,比亚迪宋PLUS,26771,全车检查+空调滤芯更换,2025-02-01 16:26,21771
S1475,宝马5系,93126,大保养(机油+三滤+正时皮带),2025-11-02 08:24,83126
S1476,奥迪Q5L,23062,机油+机滤+火花塞更换,2024-10-18 15:20,18062
S1477,福特锐界,58434,刹车油+刹车片+轮胎更换,2024-01-06 14:44,48434
S1478,吉利博越,141533,机油+机滤+燃油滤芯更换,2024-02-08 15:02,136533
S1479,长城魏派VV7,57231,变速箱油+空调滤芯更换,2024-05-25 16:23,47231
S1480,奔驰E级,38910,大保养(机油+三滤+刹车油),2025-07-13 12:18,28910
S1481,丰田卡罗拉,111677,机油+机滤更换,2025-07-22 12:58,106677
S1482,大众朗逸,42287,空调滤芯+空气滤芯更换,2024-04-25 11:11,32287
S1483,本田思域,146753,变速箱油更换,2025-10-11 10:12,136753
S1484,比亚迪汉,126240,全车检查+轮胎换位,2025-05-01 13:02,116240
S1485,宝马3系,133180,大保养(机油+三滤+刹车油),2025-10-09 11:00,123180
S1486,福特蒙迪欧,88876,刹车油+刹车片更换,2025-05-09 13:27,78876
S1487,吉利星越L,57090,机油+机滤+空调滤芯更换,2025-05-28 10:49,52090
S1488,奥迪A4L,105722,变速箱油+火花塞更换,2024-06-27 17:36,95722
S1489,长城哈弗H6,88043,空气滤芯+燃油滤芯更换,2025-02-19 16:39,83043
S1490,奔驰C级,63943,大保养(机油+三滤+变速箱油),2024-01-12 13:37,53943
S1491,丰田凯美瑞,55238,刹车油+冷却液更换,2024-01-10 17:40,45238
S1492,大众帕萨特,77590,机油+机滤+空气滤芯更换,2025-02-07 11:42,72590
S1493,本田CR-V,96594,变速箱油+刹车油更换,2025-02-16 11:40,86594
S1494,比亚迪宋PLUS,59489,全车检查+空调滤芯更换,2025-11-23 10:03,54489
S1495,宝马5系,21249,大保养(机油+三滤+正时皮带),2024-07-01 10:28,11249
S1496,奥迪Q5L,57915,机油+机滤+火花塞更换,2024-11-05 17:26,52915
S1497,福特锐界,38577,刹车油+刹车片+轮胎更换,2024-10-24 10:05,28577
S1498,吉利博越,27845,机油+机滤+燃油滤芯更换,2025-08-07 15:40,22845
S1499,长城魏派VV7,50858,变速箱油+空调滤芯更换,2024-02-11 13:39,40858
S1500,奔驰E级,104297,大保养(机油+三滤+刹车油),2024-01-27 16:44,94297
S1501,丰田卡罗拉,40949,机油+机滤更换,2024-08-13 14:50,35949
S1502,大众朗逸,92877,空调滤芯+空气滤芯更换,2025-05-21 14:08,82877
S1503,本田思域,65448,变速箱油更换,2024-11-09 13:37,55448
S1504,比亚迪汉,57425,全车检查+轮胎换位,2025-03-16 08:45,47425
S1505,宝马3系,48008,大保养(机油+三滤+刹车油),2024-09-19 11:38,38008
S1506,福特蒙迪欧,66373,刹车油+刹车片更换,2024-06-19 14:12,56373
S1507,吉利星越L,116966,机油+机滤+空调滤芯更换,2025-05-03 10:39,111966
S1508,奥迪A4L,91982,变速箱油+火花塞更换,2025-05-08 17:07,81982
S1509,长城哈弗H6,72797,空气滤芯+燃油滤芯更换,2025-04-14 10:30,67797
S1510,奔驰C级,147550,大保养(机油+三滤+变速箱油),2025-02-08 16:38,137550
S1511,丰田凯美瑞,140897,刹车油+冷却液更换,2025-12-14 17:30,130897
S1512,大众帕萨特,75697,机油+机滤+空气滤芯更换,2024-03-14 10:06,70697
S1513,本田CR-V,140076,变速箱油+刹车油更换,2024-12-14 17:32,130076
S1514,比亚迪宋PLUS,24971,全车检查+空调滤芯更换,2025-06-20 11:52,19971
S1515,宝马5系,49337,大保养(机油+三滤+正时皮带),2025-02-15 12:07,39337
S1516,奥迪Q5L,104903,机油+机滤+火花塞更换,2024-06-08 14:17,99903
S1517,福特锐界,27736,刹车油+刹车片+轮胎更换,2025-05-28 17:12,17736
S1518,吉利博越,57804,机油+机滤+燃油滤芯更换,2024-11-25 14:53,52804
S1519,长城魏派VV7,139611,变速箱油+空调滤芯更换,2025-04-21 12:00,129611
S1520,奔驰E级,51709,大保养(机油+三滤+刹车油),2025-06-07 10:00,41709
S1521,丰田卡罗拉,66129,机油+机滤更换,2024-12-24 13:09,61129
S1522,大众朗逸,102152,空调滤芯+空气滤芯更换,2024-09-05 16:22,92152
S1523,本田思域,138883,变速箱油更换,2024-03-29 16:08,128883
S1524,比亚迪汉,78048,全车检查+轮胎换位,2024-08-11 10:26,68048
S1525,宝马3系,74245,大保养(机油+三滤+刹车油),2024-05-28 11:56,64245
S1526,福特蒙迪欧,122730,刹车油+刹车片更换,2024-07-09 09:54,112730
S1527,吉利星越L,21635,机油+机滤+空调滤芯更换,2025-04-22 17:29,16635
S1528,奥迪A4L,58500,变速箱油+火花塞更换,2024-12-13 16:32,48500
S1529,长城哈弗H6,69093,空气滤芯+燃油滤芯更换,2024-02-13 17:42,64093
S1530,奔驰C级,33150,大保养(机油+三滤+变速箱油),2024-02-05 11:08,23150
S1531,丰田凯美瑞,41837,刹车油+冷却液更换,2024-10-09 09:25,31837
S1532,大众帕萨特,87492,机油+机滤+空气滤芯更换,2025-04-04 17:59,82492
S1533,本田CR-V,118481,变速箱油+刹车油更换,2024-04-10 08:06,108481
S1534,比亚迪宋PLUS,33368,全车检查+空调滤芯更换,2025-04-08 08:30,28368
S1535,宝马5系,77079,大保养(机油+三滤+正时皮带),2025-01-22 10:33,67079
S1536,奥迪Q5L,100106,机油+机滤+火花塞更换,2024-12-03 12:15,95106
S1537,福特锐界,52167,刹车油+刹车片+轮胎更换,2025-01-24 10:51,42167
S1538,吉利博越,34866,机油+机滤+燃油滤芯更换,2024-02-03 12:21,29866
S1539,长城魏派VV7,100432,变速箱油+空调滤芯更换,2024-03-24 12:11,90432
S1540,奔驰E级,149968,大保养(机油+三滤+刹车油),2025-09-13 11:25,139968
S1541,丰田卡罗拉,73814,机油+机滤更换,2024-04-30 17:39,68814
S1542,大众朗逸,71218,空调滤芯+空气滤芯更换,2024-10-29 12:39,61218
S1543,本田思域,125200,变速箱油更换,2025-03-25 08:15,115200
S1544,比亚迪汉,68608,全车检查+轮胎换位,2024-12-23 14:34,58608
S1545,宝马3系,69062,大保养(机油+三滤+刹车油),2025-03-12 17:01,59062
S1546,福特蒙迪欧,43092,刹车油+刹车片更换,2025-11-22 09:50,33092
S1547,吉利星越L,30039,机油+机滤+空调滤芯更换,2025-05-15 11:56,25039
S1548,奥迪A4L,79813,变速箱油+火花塞更换,2025-03-22 11:20,69813
S1549,长城哈弗H6,86032,空气滤芯+燃油滤芯更换,2025-10-11 12:23,81032
S1550,奔驰C级,20989,大保养(机油+三滤+变速箱油),2025-10-10 16:33,10989
S1551,丰田凯美瑞,96514,刹车油+冷却液更换,2025-08-28 12:13,86514
S1552,大众帕萨特,94883,机油+机滤+空气滤芯更换,2025-11-04 13:39,89883
S1553,本田CR-V,57239,变速箱油+刹车油更换,2024-10-04 11:51,47239
S1554,比亚迪宋PLUS,51137,全车检查+空调滤芯更换,2025-09-10 09:45,46137
S1555,宝马5系,67918,大保养(机油+三滤+正时皮带),2025-01-27 16:22,57918
S1556,奥迪Q5L,91020,机油+机滤+火花塞更换,2025-06-01 15:57,86020
S1557,福特锐界,69344,刹车油+刹车片+轮胎更换,2024-11-30 16:32,59344
S1558,吉利博越,137139,机油+机滤+燃油滤芯更换,2024-01-19 13:59,132139
S1559,长城魏派VV7,65667,变速箱油+空调滤芯更换,2025-06-08 13:05,55667
S1560,奔驰E级,54436,大保养(机油+三滤+刹车油),2024-03-26 13:21,44436
S1561,丰田卡罗拉,79167,机油+机滤更换,2024-12-11 13:38,74167
S1562,大众朗逸,134660,空调滤芯+空气滤芯更换,2024-09-04 13:10,124660
S1563,本田思域,94153,变速箱油更换,2025-10-11 10:14,84153
S1564,比亚迪汉,65214,全车检查+轮胎换位,2024-02-04 09:46,55214
S1565,宝马3系,49059,大保养(机油+三滤+刹车油),2025-12-24 09:25,39059
S1566,福特蒙迪欧,57696,刹车油+刹车片更换,2024-09-09 17:40,47696
S1567,吉利星越L,37471,机油+机滤+空调滤芯更换,2025-12-27 09:31,32471
S1568,奥迪A4L,20742,变速箱油+火花塞更换,2024-11-18 08:01,10742
S1569,长城哈弗H6,20352,空气滤芯+燃油滤芯更换,2024-03-26 08:43,15352
S1570,奔驰C级,45136,大保养(机油+三滤+变速箱油),2024-03-22 11:18,35136
S1571,丰田凯美瑞,87795,刹车油+冷却液更换,2025-07-25 10:12,77795
S1572,大众帕萨特,131760,机油+机滤+空气滤芯更换,2025-03-09 17:34,126760
S1573,本田CR-V,23319,变速箱油+刹车油更换,2025-08-20 15:56,13319
S1574,比亚迪宋PLUS,137361,全车检查+空调滤芯更换,2024-07-01 16:16,132361
S1575,宝马5系,137398,大保养(机油+三滤+正时皮带),2025-09-11 12:41,127398
S1576,奥迪Q5L,47654,机油+机滤+火花塞更换,2024-04-26 13:22,42654
S1577,福特锐界,79119,刹车油+刹车片+轮胎更换,2024-09-01 08:59,69119
S1578,吉利博越,59267,机油+机滤+燃油滤芯更换,2025-02-08 15:18,54267
S1579,长城魏派VV7,56735,变速箱油+空调滤芯更换,2024-05-01 14:03,46735
S1580,奔驰E级,55114,大保养(机油+三滤+刹车油),2025-09-21 16:29,45114
S1581,丰田卡罗拉,24540,机油+机滤更换,2025-12-16 09:46,19540
S1582,大众朗逸,87486,空调滤芯+空气滤芯更换,2025-08-13 12:12,77486
S1583,本田思域,60035,变速箱油更换,2024-07-08 14:08,50035
S1584,比亚迪汉,145925,全车检查+轮胎换位,2025-01-06 13:23,135925
S1585,宝马3系,82089,大保养(机油+三滤+刹车油),2025-03-05 12:29,72089
S1586,福特蒙迪欧,31797,刹车油+刹车片更换,2024-01-05 08:01,21797
S1587,吉利星越L,38676,机油+机滤+空调滤芯更换,2025-05-20 10:01,33676
S1588,奥迪A4L,79656,变速箱油+火花塞更换,2024-09-10 16:34,69656
S1589,长城哈弗H6,29578,空气滤芯+燃油滤芯更换,2024-04-15 09:29,24578
S1590,奔驰C级,34208,大保养(机油+三滤+变速箱油),2025-04-06 12:58,24208
S1591,丰田凯美瑞,145806,刹车油+冷却液更换,2024-05-07 12:22,135806
S1592,大众帕萨特,124667,机油+机滤+空气滤芯更换,2025-02-14 08:36,119667
S1593,本田CR-V,72121,变速箱油+刹车油更换,2024-09-24 09:58,62121
S1594,比亚迪宋PLUS,60061,全车检查+空调滤芯更换,2024-12-30 11:50,55061
S1595,宝马5系,23757,大保养(机油+三滤+正时皮带),2024-11-03 15:35,13757
S1596,奥迪Q5L,95231,机油+机滤+火花塞更换,2025-04-11 11:32,90231
S1597,福特锐界,129923,刹车油+刹车片+轮胎更换,2025-04-29 16:58,119923
S1598,吉利博越,58044,机油+机滤+燃油滤芯更换,2024-01-22 17:45,53044
S1599,长城魏派VV7,127549,变速箱油+空调滤芯更换,2025-09-07 10:50,117549
S1600,奔驰E级,124399,大保养(机油+三滤+刹车油),2025-09-03 09:17,114399
S1601,丰田卡罗拉,22960,机油+机滤更换,2024-02-23 14:39,17960
S1602,大众朗逸,111263,空调滤芯+空气滤芯更换,2024-01-24 15:21,101263
S1603,本田思域,89674,变速箱油更换,2024-08-18 09:17,79674
S1604,比亚迪汉,118540,全车检查+轮胎换位,2025-02-21 10:08,108540
S1605,宝马3系,54354,大保养(机油+三滤+刹车油),2025-07-19 11:05,44354
S1606,福特蒙迪欧,54550,刹车油+刹车片更换,2024-07-15 14:57,44550
S1607,吉利星越L,25485,机油+机滤+空调滤芯更换,2024-01-29 08:37,20485
S1608,奥迪A4L,123863,变速箱油+火花塞更换,2025-04-30 14:32,113863
S1609,长城哈弗H6,103596,空气滤芯+燃油滤芯更换,2024-12-23 14:12,98596
S1610,奔驰C级,65757,大保养(机油+三滤+变速箱油),2025-03-28 10:51,55757
S1611,丰田凯美瑞,38684,刹车油+冷却液更换,2024-11-09 12:57,28684
S1612,大众帕萨特,58064,机油+机滤+空气滤芯更换,2025-04-29 15:49,53064
S1613,本田CR-V,97800,变速箱油+刹车油更换,2025-03-12 09:52,87800
S1614,比亚迪宋PLUS,119073,全车检查+空调滤芯更换,2024-01-08 17:51,114073
S1615,宝马5系,28464,大保养(机油+三滤+正时皮带),2025-10-23 12:26,18464
S1616,奥迪Q5L,70709,机油+机滤+火花塞更换,2024-06-05 16:44,65709
S1617,福特锐界,99693,刹车油+刹车片+轮胎更换,2025-05-26 16:55,89693
S1618,吉利博越,41341,机油+机滤+燃油滤芯更换,2024-10-20 13:28,36341
S1619,长城魏派VV7,118212,变速箱油+空调滤芯更换,2024-04-15 17:16,108212
S1620,奔驰E级,52963,大保养(机油+三滤+刹车油),2025-10-19 10:31,42963
S1621,丰田卡罗拉,62658,机油+机滤更换,2025-02-26 17:34,57658
S1622,大众朗逸,31226,空调滤芯+空气滤芯更换,2025-10-01 11:38,21226
S1623,本田思域,120234,变速箱油更换,2025-12-26 17:44,110234
S1624,比亚迪汉,55373,全车检查+轮胎换位,2025-09-22 13:19,45373
S1625,宝马3系,90960,大保养(机油+三滤+刹车油),2025-04-06 14:00,80960
S1626,福特蒙迪欧,30155,刹车油+刹车片更换,2024-12-26 08:36,20155
S1627,吉利星越L,76907,机油+机滤+空调滤芯更换,2024-04-20 11:23,71907
S1628,奥迪A4L,79942,变速箱油+火花塞更换,2024-08-12 13:36,69942
S1629,长城哈弗H6,122155,空气滤芯+燃油滤芯更换,2025-06-06 11:19,117155
S1630,奔驰C级,36935,大保养(机油+三滤+变速箱油),2025-03-01 16:57,26935
S1631,丰田凯美瑞,111292,刹车油+冷却液更换,2025-03-20 09:54,101292
S1632,大众帕萨特,138412,机油+机滤+空气滤芯更换,2024-06-24 15:20,133412
S1633,本田CR-V,110118,变速箱油+刹车油更换,2025-09-11 09:29,100118
S1634,比亚迪宋PLUS,48609,全车检查+空调滤芯更换,2024-03-06 16:50,43609
S1635,宝马5系,31045,大保养(机油+三滤+正时皮带),2025-12-08 09:29,21045
S1636,奥迪Q5L,61788,机油+机滤+火花塞更换,2024-12-18 11:16,56788
S1637,福特锐界,46568,刹车油+刹车片+轮胎更换,2024-07-11 14:43,36568
S1638,吉利博越,136002,机油+机滤+燃油滤芯更换,2024-08-25 13:41,131002
S1639,长城魏派VV7,148166,变速箱油+空调滤芯更换,2025-02-08 17:46,138166
S1640,奔驰E级,33684,大保养(机油+三滤+刹车油),2024-10-27 16:09,23684
S1641,丰田卡罗拉,90763,机油+机滤更换,2024-07-14 16:53,85763
S1642,大众朗逸,140796,空调滤芯+空气滤芯更换,2025-12-30 15:44,130796
S1643,本田思域,85320,变速箱油更换,2024-08-14 12:07,75320
S1644,比亚迪汉,138549,全车检查+轮胎换位,2024-10-17 16:28,128549
S1645,宝马3系,85489,大保养(机油+三滤+刹车油),2025-02-14 08:02,75489
S1646,福特蒙迪欧,87862,刹车油+刹车片更换,2025-01-02 11:48,77862
S1647,吉利星越L,55503,机油+机滤+空调滤芯更换,2024-08-24 11:36,50503
S1648,奥迪A4L,97591,变速箱油+火花塞更换,2024-04-07 13:51,87591
S1649,长城哈弗H6,77533,空气滤芯+燃油滤芯更换,2024-06-13 12:35,72533
S1650,奔驰C级,25401,大保养(机油+三滤+变速箱油),2024-09-14 13:17,15401
S1651,丰田凯美瑞,109639,刹车油+冷却液更换,2024-10-10 17:52,99639
S1652,大众帕萨特,68106,机油+机滤+空气滤芯更换,2025-05-29 09:54,63106
S1653,本田CR-V,147388,变速箱油+刹车油更换,2024-05-30 11:06,137388
S1654,比亚迪宋PLUS,119518,全车检查+空调滤芯更换,2025-10-16 16:01,114518
S1655,宝马5系,103705,大保养(机油+三滤+正时皮带),2025-07-28 11:13,93705
S1656,奥迪Q5L,102164,机油+机滤+火花塞更换,2025-05-02 10:07,97164
S1657,福特锐界,100121,刹车油+刹车片+轮胎更换,2025-12-01 11:33,90121
S1658,吉利博越,68750,机油+机滤+燃油滤芯更换,2025-08-04 16:43,63750
S1659,长城魏派VV7,115993,变速箱油+空调滤芯更换,2025-12-09 13:27,105993
S1660,奔驰E级,134494,大保养(机油+三滤+刹车油),2024-07-11 16:37,124494
S1661,丰田卡罗拉,66605,机油+机滤更换,2024-06-21 08:40,61605
S1662,大众朗逸,96441,空调滤芯+空气滤芯更换,2025-03-10 09:35,86441
S1663,本田思域,66824,变速箱油更换,2024-06-13 15:31,56824
S1664,比亚迪汉,85971,全车检查+轮胎换位,2024-07-05 13:28,75971
S1665,宝马3系,131302,大保养(机油+三滤+刹车油),2025-01-20 11:39,121302
S1666,福特蒙迪欧,127741,刹车油+刹车片更换,2025-03-25 13:08,117741
S1667,吉利星越L,25070,机油+机滤+空调滤芯更换,2024-03-29 12:24,20070
S1668,奥迪A4L,88934,变速箱油+火花塞更换,2024-12-05 14:00,78934
S1669,长城哈弗H6,113590,空气滤芯+燃油滤芯更换,2025-01-04 09:44,108590
S1670,奔驰C级,115309,大保养(机油+三滤+变速箱油),2024-12-01 13:22,105309
S1671,丰田凯美瑞,134105,刹车油+冷却液更换,2024-06-30 10:38,124105
S1672,大众帕萨特,93398,机油+机滤+空气滤芯更换,2025-04-26 15:08,88398
S1673,本田CR-V,52339,变速箱油+刹车油更换,2025-09-30 08:15,42339
S1674,比亚迪宋PLUS,106914,全车检查+空调滤芯更换,2025-12-28 17:31,101914
S1675,宝马5系,84328,大保养(机油+三滤+正时皮带),2025-06-16 17:32,74328
S1676,奥迪Q5L,143528,机油+机滤+火花塞更换,2025-05-24 12:04,138528
S1677,福特锐界,141811,刹车油+刹车片+轮胎更换,2024-04-05 13:41,131811
S1678,吉利博越,90915,机油+机滤+燃油滤芯更换,2024-05-09 13:41,85915
S1679,长城魏派VV7,21159,变速箱油+空调滤芯更换,2024-11-16 12:00,11159
S1680,奔驰E级,21860,大保养(机油+三滤+刹车油),2025-10-31 09:21,11860
S1681,丰田卡罗拉,56305,机油+机滤更换,2025-02-06 15:13,51305
S1682,大众朗逸,94003,空调滤芯+空气滤芯更换,2025-09-12 10:08,84003
S1683,本田思域,141214,变速箱油更换,2024-05-07 10:35,131214
S1684,比亚迪汉,114250,全车检查+轮胎换位,2025-08-16 17:30,104250
S1685,宝马3系,126650,大保养(机油+三滤+刹车油),2025-12-01 17:09,116650
S1686,福特蒙迪欧,44123,刹车油+刹车片更换,2025-12-12 09:28,34123
S1687,吉利星越L,50707,机油+机滤+空调滤芯更换,2024-09-24 09:10,45707
S1688,奥迪A4L,23459,变速箱油+火花塞更换,2024-08-19 13:11,13459
S1689,长城哈弗H6,41789,空气滤芯+燃油滤芯更换,2025-08-17 16:49,36789
S1690,奔驰C级,91424,大保养(机油+三滤+变速箱油),2025-07-09 08:34,81424
S1691,丰田凯美瑞,127697,刹车油+冷却液更换,2024-09-24 14:46,117697
S1692,大众帕萨特,145769,机油+机滤+空气滤芯更换,2025-06-18 10:57,140769
S1693,本田CR-V,30014,变速箱油+刹车油更换,2025-05-02 17:15,20014
S1694,比亚迪宋PLUS,84998,全车检查+空调滤芯更换,2024-01-16 11:46,79998
S1695,宝马5系,26677,大保养(机油+三滤+正时皮带),2025-11-14 11:48,16677
S1696,奥迪Q5L,84164,机油+机滤+火花塞更换,2025-05-06 15:34,79164
S1697,福特锐界,115696,刹车油+刹车片+轮胎更换,2024-02-03 10:33,105696
S1698,吉利博越,42932,机油+机滤+燃油滤芯更换,2024-01-23 08:00,37932
S1699,长城魏派VV7,139640,变速箱油+空调滤芯更换,2025-07-06 15:56,129640
S1700,奔驰E级,39307,大保养(机油+三滤+刹车油),2025-08-17 12:17,29307
S1701,丰田卡罗拉,143556,机油+机滤更换,2024-05-11 10:15,138556
S1702,大众朗逸,122788,空调滤芯+空气滤芯更换,2024-07-29 10:39,112788
S1703,本田思域,75091,变速箱油更换,2024-11-03 09:57,65091
S1704,比亚迪汉,84409,全车检查+轮胎换位,2024-05-20 08:56,74409
S1705,宝马3系,132951,大保养(机油+三滤+刹车油),2025-11-12 15:02,122951
S1706,福特蒙迪欧,141116,刹车油+刹车片更换,2025-10-04 08:47,131116
S1707,吉利星越L,80520,机油+机滤+空调滤芯更换,2025-08-15 11:00,75520
S1708,奥迪A4L,147412,变速箱油+火花塞更换,2024-11-07 08:30,137412
S1709,长城哈弗H6,114176,空气滤芯+燃油滤芯更换,2025-10-23 10:47,109176
S1710,奔驰C级,53836,大保养(机油+三滤+变速箱油),2025-04-24 13:45,43836
S1711,丰田凯美瑞,32887,刹车油+冷却液更换,2024-06-20 10:03,22887
S1712,大众帕萨特,44486,机油+机滤+空气滤芯更换,2024-03-23 11:43,39486
S1713,本田CR-V,108017,变速箱油+刹车油更换,2024-03-25 14:09,98017
S1714,比亚迪宋PLUS,33398,全车检查+空调滤芯更换,2025-11-19 11:51,28398
S1715,宝马5系,104496,大保养(机油+三滤+正时皮带),2025-04-21 17:19,94496
S1716,奥迪Q5L,36101,机油+机滤+火花塞更换,2025-11-22 16:46,31101
S1717,福特锐界,112264,刹车油+刹车片+轮胎更换,2025-01-11 16:55,102264
S1718,吉利博越,80251,机油+机滤+燃油滤芯更换,2025-04-12 14:29,75251
S1719,长城魏派VV7,105663,变速箱油+空调滤芯更换,2025-01-28 16:00,95663
S1720,奔驰E级,84363,大保养(机油+三滤+刹车油),2024-11-18 10:14,74363
S1721,丰田卡罗拉,76929,机油+机滤更换,2024-11-10 09:25,71929
S1722,大众朗逸,30115,空调滤芯+空气滤芯更换,2025-01-06 15:48,20115
S1723,本田思域,54020,变速箱油更换,2024-11-30 14:00,44020
S1724,比亚迪汉,137849,全车检查+轮胎换位,2025-05-24 12:33,127849
S1725,宝马3系,128984,大保养(机油+三滤+刹车油),2025-12-30 15:43,118984
S1726,福特蒙迪欧,59027,刹车油+刹车片更换,2025-12-28 14:32,49027
S1727,吉利星越L,75448,机油+机滤+空调滤芯更换,2024-08-28 15:01,70448
S1728,奥迪A4L,127815,变速箱油+火花塞更换,2025-11-20 15:57,117815
S1729,长城哈弗H6,42800,空气滤芯+燃油滤芯更换,2024-02-16 13:05,37800
S1730,奔驰C级,117825,大保养(机油+三滤+变速箱油),2025-01-02 09:25,107825
S1731,丰田凯美瑞,72295,刹车油+冷却液更换,2024-10-24 11:14,62295
S1732,大众帕萨特,54510,机油+机滤+空气滤芯更换,2025-07-12 10:07,49510
S1733,本田CR-V,56698,变速箱油+刹车油更换,2025-06-28 08:29,46698
S1734,比亚迪宋PLUS,59316,全车检查+空调滤芯更换,2025-04-29 11:13,54316
S1735,宝马5系,90472,大保养(机油+三滤+正时皮带),2025-08-11 14:13,80472
S1736,奥迪Q5L,99443,机油+机滤+火花塞更换,2024-02-06 11:05,94443
S1737,福特锐界,97661,刹车油+刹车片+轮胎更换,2024-07-09 12:21,87661
S1738,吉利博越,58382,机油+机滤+燃油滤芯更换,2024-08-24 08:58,53382
S1739,长城魏派VV7,96106,变速箱油+空调滤芯更换,2025-11-15 14:42,86106
S1740,奔驰E级,36640,大保养(机油+三滤+刹车油),2024-07-29 17:41,26640
S1741,丰田卡罗拉,103520,机油+机滤更换,2024-05-06 11:40,98520
S1742,大众朗逸,68328,空调滤芯+空气滤芯更换,2025-09-22 16:00,58328
S1743,本田思域,30969,变速箱油更换,2024-08-08 08:11,20969
S1744,比亚迪汉,66235,全车检查+轮胎换位,2025-06-29 15:52,56235
S1745,宝马3系,141898,大保养(机油+三滤+刹车油),2024-04-28 15:49,131898
S1746,福特蒙迪欧,83663,刹车油+刹车片更换,2025-01-31 13:09,73663
S1747,吉利星越L,137167,机油+机滤+空调滤芯更换,2024-09-27 09:12,132167
S1748,奥迪A4L,99900,变速箱油+火花塞更换,2025-06-23 12:02,89900
S1749,长城哈弗H6,142652,空气滤芯+燃油滤芯更换,2024-12-14 15:55,137652
S1750,奔驰C级,38043,大保养(机油+三滤+变速箱油),2025-08-04 14:31,28043
S1751,丰田凯美瑞,103381,刹车油+冷却液更换,2024-06-18 08:43,93381
S1752,大众帕萨特,126604,机油+机滤+空气滤芯更换,2024-10-21 15:06,121604
S1753,本田CR-V,98175,变速箱油+刹车油更换,2024-08-14 10:45,88175
S1754,比亚迪宋PLUS,45849,全车检查+空调滤芯更换,2025-06-07 13:38,40849
S1755,宝马5系,95823,大保养(机油+三滤+正时皮带),2025-05-26 15:19,85823
S1756,奥迪Q5L,90618,机油+机滤+火花塞更换,2024-11-12 17:07,85618
S1757,福特锐界,145433,刹车油+刹车片+轮胎更换,2024-03-17 17:58,135433
S1758,吉利博越,149327,机油+机滤+燃油滤芯更换,2024-04-09 15:51,144327
S1759,长城魏派VV7,77510,变速箱油+空调滤芯更换,2024-11-04 09:51,67510
S1760,奔驰E级,129021,大保养(机油+三滤+刹车油),2025-08-08 14:38,119021
S1761,丰田卡罗拉,97883,机油+机滤更换,2025-04-09 12:33,92883
S1762,大众朗逸,100466,空调滤芯+空气滤芯更换,2024-11-14 16:02,90466
S1763,本田思域,44590,变速箱油更换,2024-01-17 15:29,34590
S1764,比亚迪汉,99488,全车检查+轮胎换位,2024-06-29 17:17,89488
S1765,宝马3系,64875,大保养(机油+三滤+刹车油),2024-06-13 09:13,54875
S1766,福特蒙迪欧,144629,刹车油+刹车片更换,2024-03-03 14:16,134629
S1767,吉利星越L,63086,机油+机滤+空调滤芯更换,2025-02-01 10:25,58086
S1768,奥迪A4L,74088,变速箱油+火花塞更换,2024-11-13 11:26,64088
S1769,长城哈弗H6,50336,空气滤芯+燃油滤芯更换,2025-03-09 10:43,45336
S1770,奔驰C级,98475,大保养(机油+三滤+变速箱油),2024-07-31 14:01,88475
S1771,丰田凯美瑞,115418,刹车油+冷却液更换,2024-12-14 09:05,105418
S1772,大众帕萨特,111398,机油+机滤+空气滤芯更换,2024-11-24 12:20,106398
S1773,本田CR-V,79952,变速箱油+刹车油更换,2024-12-12 09:13,69952
S1774,比亚迪宋PLUS,28017,全车检查+空调滤芯更换,2024-10-11 11:22,23017
S1775,宝马5系,85941,大保养(机油+三滤+正时皮带),2024-02-08 08:59,75941
S1776,奥迪Q5L,47146,机油+机滤+火花塞更换,2024-04-25 12:09,42146
S1777,福特锐界,45414,刹车油+刹车片+轮胎更换,2024-05-31 13:22,35414
S1778,吉利博越,82185,机油+机滤+燃油滤芯更换,2024-02-28 14:04,77185
S1779,长城魏派VV7,46213,变速箱油+空调滤芯更换,2024-02-09 13:50,36213
S1780,奔驰E级,21733,大保养(机油+三滤+刹车油),2025-09-30 13:27,11733
S1781,丰田卡罗拉,94467,机油+机滤更换,2025-07-07 17:04,89467
S1782,大众朗逸,138910,空调滤芯+空气滤芯更换,2024-11-15 10:59,128910
S1783,本田思域,58253,变速箱油更换,2024-10-21 16:27,48253
S1784,比亚迪汉,35996,全车检查+轮胎换位,2025-11-30 13:02,25996
S1785,宝马3系,29469,大保养(机油+三滤+刹车油),2025-01-13 09:45,19469
S1786,福特蒙迪欧,128097,刹车油+刹车片更换,2025-12-02 17:16,118097
S1787,吉利星越L,122708,机油+机滤+空调滤芯更换,2024-11-19 11:10,117708
S1788,奥迪A4L,125653,变速箱油+火花塞更换,2024-12-19 17:26,115653
S1789,长城哈弗H6,58661,空气滤芯+燃油滤芯更换,2025-12-01 08:17,53661
S1790,奔驰C级,95319,大保养(机油+三滤+变速箱油),2025-04-26 10:21,85319
S1791,丰田凯美瑞,123507,刹车油+冷却液更换,2024-10-01 14:20,113507
S1792,大众帕萨特,26713,机油+机滤+空气滤芯更换,2025-12-23 10:54,21713
S1793,本田CR-V,141652,变速箱油+刹车油更换,2024-05-10 08:15,131652
S1794,比亚迪宋PLUS,84102,全车检查+空调滤芯更换,2024-05-31 16:49,79102
S1795,宝马5系,125654,大保养(机油+三滤+正时皮带),2024-10-29 15:09,115654
S1796,奥迪Q5L,132520,机油+机滤+火花塞更换,2024-05-23 08:25,127520
S1797,福特锐界,27765,刹车油+刹车片+轮胎更换,2024-07-13 10:18,17765
S1798,吉利博越,32985,机油+机滤+燃油滤芯更换,2024-07-30 17:29,27985
S1799,长城魏派VV7,56193,变速箱油+空调滤芯更换,2024-12-31 10:50,46193
S1800,奔驰E级,30972,大保养(机油+三滤+刹车油),2025-01-14 16:02,20972
S1801,丰田卡罗拉,133064,机油+机滤更换,2024-04-07 16:26,128064
S1802,大众朗逸,23579,空调滤芯+空气滤芯更换,2025-07-02 17:17,13579
S1803,本田思域,83640,变速箱油更换,2024-09-10 11:07,73640
S1804,比亚迪汉,105354,全车检查+轮胎换位,2025-01-12 12:18,95354
S1805,宝马3系,85568,大保养(机油+三滤+刹车油),2025-11-26 08:17,75568
S1806,福特蒙迪欧,58742,刹车油+刹车片更换,2024-02-03 13:13,48742
S1807,吉利星越L,131825,机油+机滤+空调滤芯更换,2025-10-09 10:39,126825
S1808,奥迪A4L,134525,变速箱油+火花塞更换,2025-11-14 16:48,124525
S1809,长城哈弗H6,63622,空气滤芯+燃油滤芯更换,2025-09-15 12:22,58622
S1810,奔驰C级,118756,大保养(机油+三滤+变速箱油),2024-01-05 12:04,108756
S1811,丰田凯美瑞,49795,刹车油+冷却液更换,2025-07-06 10:44,39795
S1812,大众帕萨特,76759,机油+机滤+空气滤芯更换,2024-12-05 12:20,71759
S1813,本田CR-V,85666,变速箱油+刹车油更换,2024-09-22 14:48,75666
S1814,比亚迪宋PLUS,46695,全车检查+空调滤芯更换,2024-11-11 16:43,41695
S1815,宝马5系,38638,大保养(机油+三滤+正时皮带),2025-09-12 12:26,28638
S1816,奥迪Q5L,83139,机油+机滤+火花塞更换,2025-01-26 16:47,78139
S1817,福特锐界,101710,刹车油+刹车片+轮胎更换,2024-10-01 09:28,91710
S1818,吉利博越,144084,机油+机滤+燃油滤芯更换,2025-03-22 14:53,139084
S1819,长城魏派VV7,60439,变速箱油+空调滤芯更换,2025-04-12 15:15,50439
S1820,奔驰E级,149373,大保养(机油+三滤+刹车油),2025-07-13 13:15,139373
S1821,丰田卡罗拉,57143,机油+机滤更换,2024-11-21 08:03,52143
S1822,大众朗逸,67399,空调滤芯+空气滤芯更换,2025-09-15 09:10,57399
S1823,本田思域,23143,变速箱油更换,2024-03-03 14:38,13143
S1824,比亚迪汉,67853,全车检查+轮胎换位,2025-03-27 17:45,57853
S1825,宝马3系,67495,大保养(机油+三滤+刹车油),2024-11-11 11:32,57495
S1826,福特蒙迪欧,67572,刹车油+刹车片更换,2025-04-06 09:12,57572
S1827,吉利星越L,116174,机油+机滤+空调滤芯更换,2025-05-22 17:16,111174
S1828,奥迪A4L,74055,变速箱油+火花塞更换,2024-02-25 12:30,64055
S1829,长城哈弗H6,39201,空气滤芯+燃油滤芯更换,2024-06-08 14:45,34201
S1830,奔驰C级,105430,大保养(机油+三滤+变速箱油),2025-06-11 17:21,95430
S1831,丰田凯美瑞,101718,刹车油+冷却液更换,2025-12-14 11:46,91718
S1832,大众帕萨特,146365,机油+机滤+空气滤芯更换,2025-06-13 08:58,141365
S1833,本田CR-V,85377,变速箱油+刹车油更换,2025-08-26 10:55,75377
S1834,比亚迪宋PLUS,76084,全车检查+空调滤芯更换,2025-10-06 09:52,71084
S1835,宝马5系,86419,大保养(机油+三滤+正时皮带),2024-05-23 16:54,76419
S1836,奥迪Q5L,40461,机油+机滤+火花塞更换,2024-03-21 17:24,35461
S1837,福特锐界,52146,刹车油+刹车片+轮胎更换,2025-01-23 11:52,42146
S1838,吉利博越,144323,机油+机滤+燃油滤芯更换,2025-01-30 08:54,139323
S1839,长城魏派VV7,28882,变速箱油+空调滤芯更换,2025-01-12 16:06,18882
S1840,奔驰E级,141601,大保养(机油+三滤+刹车油),2024-10-04 13:09,131601
S1841,丰田卡罗拉,65564,机油+机滤更换,2025-04-08 08:13,60564
S1842,大众朗逸,76504,空调滤芯+空气滤芯更换,2025-06-10 11:55,66504
S1843,本田思域,112612,变速箱油更换,2024-08-25 14:17,102612
S1844,比亚迪汉,143848,全车检查+轮胎换位,2025-06-27 09:00,133848
S1845,宝马3系,143773,大保养(机油+三滤+刹车油),2025-10-27 11:08,133773
S1846,福特蒙迪欧,83952,刹车油+刹车片更换,2025-09-20 11:30,73952
S1847,吉利星越L,69673,机油+机滤+空调滤芯更换,2025-06-20 11:52,64673
S1848,奥迪A4L,108628,变速箱油+火花塞更换,2025-02-08 14:38,98628
S1849,长城哈弗H6,105444,空气滤芯+燃油滤芯更换,2024-08-18 16:10,100444
S1850,奔驰C级,88597,大保养(机油+三滤+变速箱油),2025-05-15 12:31,78597
S1851,丰田凯美瑞,64365,刹车油+冷却液更换,2024-03-10 14:09,54365
S1852,大众帕萨特,133641,机油+机滤+空气滤芯更换,2024-01-14 14:30,128641
S1853,本田CR-V,102648,变速箱油+刹车油更换,2024-04-14 12:52,92648
S1854,比亚迪宋PLUS,47591,全车检查+空调滤芯更换,2024-12-31 17:16,42591
S1855,宝马5系,124218,大保养(机油+三滤+正时皮带),2025-11-18 08:06,114218
S1856,奥迪Q5L,107003,机油+机滤+火花塞更换,2025-06-09 11:23,102003
S1857,福特锐界,118492,刹车油+刹车片+轮胎更换,2024-05-14 14:43,108492
S1858,吉利博越,39958,机油+机滤+燃油滤芯更换,2025-04-19 10:19,34958
S1859,长城魏派VV7,123529,变速箱油+空调滤芯更换,2024-06-25 11:02,113529
S1860,奔驰E级,89145,大保养(机油+三滤+刹车油),2024-11-30 12:41,79145
S1861,丰田卡罗拉,41180,机油+机滤更换,2025-07-05 10:49,36180
S1862,大众朗逸,131017,空调滤芯+空气滤芯更换,2025-06-25 11:52,121017
S1863,本田思域,57215,变速箱油更换,2024-06-12 10:44,47215
S1864,比亚迪汉,40051,全车检查+轮胎换位,2025-04-12 12:33,30051
S1865,宝马3系,111209,大保养(机油+三滤+刹车油),2024-09-29 08:35,101209
S1866,福特蒙迪欧,105067,刹车油+刹车片更换,2024-11-29 12:44,95067
S1867,吉利星越L,26695,机油+机滤+空调滤芯更换,2024-11-22 16:06,21695
S1868,奥迪A4L,45560,变速箱油+火花塞更换,2024-09-30 10:59,35560
S1869,长城哈弗H6,88535,空气滤芯+燃油滤芯更换,2024-01-06 13:49,83535
S1870,奔驰C级,54038,大保养(机油+三滤+变速箱油),2025-03-20 16:36,44038
S1871,丰田凯美瑞,113660,刹车油+冷却液更换,2024-06-06 15:07,103660
S1872,大众帕萨特,104041,机油+机滤+空气滤芯更换,2024-03-09 14:07,99041
S1873,本田CR-V,77556,变速箱油+刹车油更换,2025-12-13 12:30,67556
S1874,比亚迪宋PLUS,124892,全车检查+空调滤芯更换,2024-06-09 14:05,119892
S1875,宝马5系,40270,大保养(机油+三滤+正时皮带),2024-09-13 16:21,30270
S1876,奥迪Q5L,80930,机油+机滤+火花塞更换,2024-11-14 11:50,75930
S1877,福特锐界,45286,刹车油+刹车片+轮胎更换,2024-01-12 10:37,35286
S1878,吉利博越,138135,机油+机滤+燃油滤芯更换,2024-02-06 15:34,133135
S1879,长城魏派VV7,98038,变速箱油+空调滤芯更换,2025-09-14 13:00,88038
S1880,奔驰E级,83359,大保养(机油+三滤+刹车油),2024-05-03 12:55,73359
S1881,丰田卡罗拉,51882,机油+机滤更换,2025-01-05 10:08,46882
S1882,大众朗逸,97822,空调滤芯+空气滤芯更换,2024-12-06 16:29,87822
S1883,本田思域,106394,变速箱油更换,2025-12-28 13:49,96394
S1884,比亚迪汉,28421,全车检查+轮胎换位,2025-02-10 14:34,18421
S1885,宝马3系,149820,大保养(机油+三滤+刹车油),2024-08-23 12:29,139820
S1886,福特蒙迪欧,22181,刹车油+刹车片更换,2024-08-28 12:34,12181
S1887,吉利星越L,103485,机油+机滤+空调滤芯更换,2025-04-24 09:30,98485
S1888,奥迪A4L,91596,变速箱油+火花塞更换,2024-05-19 10:04,81596
S1889,长城哈弗H6,23462,空气滤芯+燃油滤芯更换,2025-04-22 16:49,18462
S1890,奔驰C级,24343,大保养(机油+三滤+变速箱油),2024-12-22 09:36,14343
S1891,丰田凯美瑞,73846,刹车油+冷却液更换,2025-05-21 16:26,63846
S1892,大众帕萨特,23541,机油+机滤+空气滤芯更换,2024-08-28 10:44,18541
S1893,本田CR-V,20402,变速箱油+刹车油更换,2024-11-06 12:54,10402
S1894,比亚迪宋PLUS,93388,全车检查+空调滤芯更换,2025-08-15 14:18,88388
S1895,宝马5系,130522,大保养(机油+三滤+正时皮带),2024-10-30 16:25,120522
S1896,奥迪Q5L,79828,机油+机滤+火花塞更换,2025-09-23 10:53,74828
S1897,福特锐界,53875,刹车油+刹车片+轮胎更换,2025-10-05 16:54,43875
S1898,吉利博越,79574,机油+机滤+燃油滤芯更换,2024-03-29 12:04,74574
S1899,长城魏派VV7,31058,变速箱油+空调滤芯更换,2025-02-08 13:52,21058
S1900,奔驰E级,123149,大保养(机油+三滤+刹车油),2024-06-02 11:37,113149
S1901,丰田卡罗拉,99588,机油+机滤更换,2024-04-24 15:23,94588
S1902,大众朗逸,28967,空调滤芯+空气滤芯更换,2025-03-01 14:56,18967
S1903,本田思域,96304,变速箱油更换,2024-11-11 11:49,86304
S1904,比亚迪汉,28972,全车检查+轮胎换位,2025-08-10 15:04,18972
S1905,宝马3系,85542,大保养(机油+三滤+刹车油),2024-03-20 17:04,75542
S1906,福特蒙迪欧,122129,刹车油+刹车片更换,2024-08-25 10:02,112129
S1907,吉利星越L,59722,机油+机滤+空调滤芯更换,2025-09-03 15:36,54722
S1908,奥迪A4L,57307,变速箱油+火花塞更换,2024-05-05 09:31,47307
S1909,长城哈弗H6,104666,空气滤芯+燃油滤芯更换,2025-03-02 17:54,99666
S1910,奔驰C级,26362,大保养(机油+三滤+变速箱油),2025-05-29 10:34,16362
S1911,丰田凯美瑞,44927,刹车油+冷却液更换,2024-02-04 08:17,34927
S1912,大众帕萨特,46767,机油+机滤+空气滤芯更换,2024-08-11 12:23,41767
S1913,本田CR-V,69424,变速箱油+刹车油更换,2024-03-16 09:41,59424
S1914,比亚迪宋PLUS,126782,全车检查+空调滤芯更换,2025-07-21 08:56,121782
S1915,宝马5系,119101,大保养(机油+三滤+正时皮带),2025-06-04 17:54,109101
S1916,奥迪Q5L,48756,机油+机滤+火花塞更换,2024-11-19 08:30,43756
S1917,福特锐界,97410,刹车油+刹车片+轮胎更换,2024-05-20 09:30,87410
S1918,吉利博越,146321,机油+机滤+燃油滤芯更换,2024-06-17 17:56,141321
S1919,长城魏派VV7,107172,变速箱油+空调滤芯更换,2024-09-11 09:32,97172
S1920,奔驰E级,56092,大保养(机油+三滤+刹车油),2024-08-20 08:06,46092
S1921,丰田卡罗拉,142855,机油+机滤更换,2024-01-11 11:56,137855
S1922,大众朗逸,22040,空调滤芯+空气滤芯更换,2024-10-07 13:10,12040
S1923,本田思域,36694,变速箱油更换,2024-09-03 08:44,26694
S1924,比亚迪汉,139299,全车检查+轮胎换位,2025-04-09 13:34,129299
S1925,宝马3系,72069,大保养(机油+三滤+刹车油),2025-06-04 11:03,62069
S1926,福特蒙迪欧,81451,刹车油+刹车片更换,2025-10-06 13:22,71451
S1927,吉利星越L,66920,机油+机滤+空调滤芯更换,2024-01-17 09:27,61920
S1928,奥迪A4L,37687,变速箱油+火花塞更换,2025-03-20 10:03,27687
S1929,长城哈弗H6,147274,空气滤芯+燃油滤芯更换,2025-07-29 12:11,142274
S1930,奔驰C级,119018,大保养(机油+三滤+变速箱油),2025-01-12 08:36,109018
S1931,丰田凯美瑞,111736,刹车油+冷却液更换,2024-03-16 14:51,101736
S1932,大众帕萨特,90505,机油+机滤+空气滤芯更换,2025-02-20 12:09,85505
S1933,本田CR-V,95657,变速箱油+刹车油更换,2025-08-14 16:29,85657
S1934,比亚迪宋PLUS,103428,全车检查+空调滤芯更换,2025-12-24 17:35,98428
S1935,宝马5系,77319,大保养(机油+三滤+正时皮带),2024-12-24 12:28,67319
S1936,奥迪Q5L,46542,机油+机滤+火花塞更换,2024-07-21 12:30,41542
S1937,福特锐界,81705,刹车油+刹车片+轮胎更换,2025-06-16 17:21,71705
S1938,吉利博越,43005,机油+机滤+燃油滤芯更换,2024-06-23 14:33,38005
S1939,长城魏派VV7,53668,变速箱油+空调滤芯更换,2024-02-29 08:36,43668
S1940,奔驰E级,27627,大保养(机油+三滤+刹车油),2024-05-10 17:04,17627
S1941,丰田卡罗拉,131835,机油+机滤更换,2024-04-08 09:01,126835
S1942,大众朗逸,138703,空调滤芯+空气滤芯更换,2024-08-24 16:28,128703
S1943,本田思域,67759,变速箱油更换,2024-11-26 08:36,57759
S1944,比亚迪汉,68062,全车检查+轮胎换位,2025-10-03 08:05,58062
S1945,宝马3系,107877,大保养(机油+三滤+刹车油),2025-09-26 13:18,97877
S1946,福特蒙迪欧,84182,刹车油+刹车片更换,2025-05-13 09:05,74182
S1947,吉利星越L,119611,机油+机滤+空调滤芯更换,2025-07-12 15:31,114611
S1948,奥迪A4L,149426,变速箱油+火花塞更换,2025-05-01 13:58,139426
S1949,长城哈弗H6,141970,空气滤芯+燃油滤芯更换,2025-12-20 15:57,136970
S1950,奔驰C级,95510,大保养(机油+三滤+变速箱油),2025-03-24 09:29,85510
S1951,丰田凯美瑞,92215,刹车油+冷却液更换,2024-01-15 15:49,82215
S1952,大众帕萨特,146026,机油+机滤+空气滤芯更换,2024-02-18 17:56,141026
S1953,本田CR-V,96944,变速箱油+刹车油更换,2025-01-15 09:09,86944
S1954,比亚迪宋PLUS,100685,全车检查+空调滤芯更换,2024-03-09 10:16,95685
S1955,宝马5系,117179,大保养(机油+三滤+正时皮带),2025-01-25 12:57,107179
S1956,奥迪Q5L,121571,机油+机滤+火花塞更换,2024-01-20 15:49,116571
S1957,福特锐界,130226,刹车油+刹车片+轮胎更换,2024-05-31 08:37,120226
S1958,吉利博越,32046,机油+机滤+燃油滤芯更换,2024-07-01 15:31,27046
S1959,长城魏派VV7,31112,变速箱油+空调滤芯更换,2025-05-28 14:58,21112
S1960,奔驰E级,25070,大保养(机油+三滤+刹车油),2025-01-30 13:12,15070
S1961,丰田卡罗拉,124259,机油+机滤更换,2025-03-20 13:06,119259
S1962,大众朗逸,102119,空调滤芯+空气滤芯更换,2025-04-19 12:39,92119
S1963,本田思域,55172,变速箱油更换,2024-09-02 14:30,45172
S1964,比亚迪汉,89531,全车检查+轮胎换位,2024-04-06 17:14,79531
S1965,宝马3系,70235,大保养(机油+三滤+刹车油),2025-06-16 13:47,60235
S1966,福特蒙迪欧,27382,刹车油+刹车片更换,2024-12-02 11:48,17382
S1967,吉利星越L,67069,机油+机滤+空调滤芯更换,2024-12-26 14:16,62069
S1968,奥迪A4L,105941,变速箱油+火花塞更换,2025-08-02 10:13,95941
S1969,长城哈弗H6,98715,空气滤芯+燃油滤芯更换,2025-11-11 08:35,93715
S1970,奔驰C级,100932,大保养(机油+三滤+变速箱油),2024-09-21 17:09,90932
S1971,丰田凯美瑞,86666,刹车油+冷却液更换,2024-01-14 11:06,76666
S1972,大众帕萨特,39898,机油+机滤+空气滤芯更换,2024-09-03 12:00,34898
S1973,本田CR-V,142366,变速箱油+刹车油更换,2025-12-14 14:14,132366
S1974,比亚迪宋PLUS,77102,全车检查+空调滤芯更换,2024-11-04 16:14,72102
S1975,宝马5系,141373,大保养(机油+三滤+正时皮带),2025-09-21 17:41,131373
S1976,奥迪Q5L,99037,机油+机滤+火花塞更换,2025-10-19 10:12,94037
S1977,福特锐界,78801,刹车油+刹车片+轮胎更换,2025-08-21 09:47,68801
S1978,吉利博越,20426,机油+机滤+燃油滤芯更换,2024-11-30 08:04,15426
S1979,长城魏派VV7,40122,变速箱油+空调滤芯更换,2024-04-15 17:09,30122
S1980,奔驰E级,149693,大保养(机油+三滤+刹车油),2024-03-25 14:01,139693
S1981,丰田卡罗拉,57781,机油+机滤更换,2024-12-09 17:06,52781
S1982,大众朗逸,111116,空调滤芯+空气滤芯更换,2024-03-11 08:30,101116
S1983,本田思域,104892,变速箱油更换,2024-02-13 11:02,94892
S1984,比亚迪汉,117559,全车检查+轮胎换位,2024-04-30 08:07,107559
S1985,宝马3系,77774,大保养(机油+三滤+刹车油),2024-11-25 14:23,67774
S1986,福特蒙迪欧,54647,刹车油+刹车片更换,2024-12-01 14:02,44647
S1987,吉利星越L,30824,机油+机滤+空调滤芯更换,2025-08-01 11:13,25824
S1988,奥迪A4L,125573,变速箱油+火花塞更换,2025-10-19 16:11,115573
S1989,长城哈弗H6,88894,空气滤芯+燃油滤芯更换,2025-11-02 08:02,83894
S1990,奔驰C级,110620,大保养(机油+三滤+变速箱油),2024-02-15 14:02,100620
S1991,丰田凯美瑞,43638,刹车油+冷却液更换,2025-01-30 17:30,33638
S1992,大众帕萨特,103078,机油+机滤+空气滤芯更换,2024-08-27 16:40,98078
S1993,本田CR-V,101656,变速箱油+刹车油更换,2025-04-20 10:30,91656
S1994,比亚迪宋PLUS,133967,全车检查+空调滤芯更换,2024-10-03 15:35,128967
S1995,宝马5系,106692,大保养(机油+三滤+正时皮带),2025-07-21 13:37,96692
S1996,奥迪Q5L,93251,机油+机滤+火花塞更换,2024-03-20 16:53,88251
S1997,福特锐界,149285,刹车油+刹车片+轮胎更换,2025-12-30 09:34,139285
S1998,吉利博越,91054,机油+机滤+燃油滤芯更换,2025-01-20 14:03,86054
S1999,长城魏派VV7,120884,变速箱油+空调滤芯更换,2024-06-13 15:13,110884
S2000,奔驰E级,87724,大保养(机油+三滤+刹车油),2025-03-08 16:57,77724
S2001,丰田卡罗拉,20289,机油+机滤更换,2024-05-14 17:08,15289
S2002,大众朗逸,30022,空调滤芯+空气滤芯更换,2025-10-18 11:12,20022
S2003,本田思域,21404,变速箱油更换,2024-02-27 13:43,11404
S2004,比亚迪汉,119784,全车检查+轮胎换位,2025-08-03 10:33,109784
S2005,宝马3系,67371,大保养(机油+三滤+刹车油),2024-05-28 13:57,57371
S2006,福特蒙迪欧,124375,刹车油+刹车片更换,2025-03-07 11:28,114375
S2007,吉利星越L,116861,机油+机滤+空调滤芯更换,2024-04-02 17:11,111861
S2008,奥迪A4L,96621,变速箱油+火花塞更换,2025-05-14 17:57,86621
S2009,长城哈弗H6,130122,空气滤芯+燃油滤芯更换,2024-01-06 14:11,125122
S2010,奔驰C级,105222,大保养(机油+三滤+变速箱油),2024-06-17 16:38,95222
S2011,丰田凯美瑞,110842,刹车油+冷却液更换,2024-12-15 11:45,100842
S2012,大众帕萨特,64302,机油+机滤+空气滤芯更换,2025-02-13 16:43,59302
S2013,本田CR-V,90837,变速箱油+刹车油更换,2024-07-17 15:47,80837
S2014,比亚迪宋PLUS,129976,全车检查+空调滤芯更换,2025-11-21 10:48,124976
S2015,宝马5系,135473,大保养(机油+三滤+正时皮带),2025-01-10 15:26,125473
S2016,奥迪Q5L,36374,机油+机滤+火花塞更换,2024-11-11 12:32,31374
S2017,福特锐界,25671,刹车油+刹车片+轮胎更换,2024-01-08 09:20,15671
S2018,吉利博越,120604,机油+机滤+燃油滤芯更换,2025-11-20 16:52,115604
S2019,长城魏派VV7,106633,变速箱油+空调滤芯更换,2024-11-23 17:50,96633
S2020,奔驰E级,47854,大保养(机油+三滤+刹车油),2025-02-17 12:52,37854
S2021,丰田卡罗拉,100242,机油+机滤更换,2024-12-21 15:56,95242
S2022,大众朗逸,132275,空调滤芯+空气滤芯更换,2025-11-11 08:58,122275
S2023,本田思域,46267,变速箱油更换,2025-01-27 11:53,36267
S2024,比亚迪汉,145526,全车检查+轮胎换位,2025-02-02 10:59,135526
S2025,宝马3系,80771,大保养(机油+三滤+刹车油),2025-09-10 15:06,70771
S2026,福特蒙迪欧,68937,刹车油+刹车片更换,2024-04-19 17:08,58937
S2027,吉利星越L,123064,机油+机滤+空调滤芯更换,2024-02-10 09:05,118064
S2028,奥迪A4L,133433,变速箱油+火花塞更换,2025-06-18 10:57,123433
S2029,长城哈弗H6,36834,空气滤芯+燃油滤芯更换,2025-06-21 16:00,31834
S2030,奔驰C级,61497,大保养(机油+三滤+变速箱油),2025-06-07 08:05,51497
S2031,丰田凯美瑞,60685,刹车油+冷却液更换,2025-10-23 12:32,50685
S2032,大众帕萨特,99440,机油+机滤+空气滤芯更换,2025-12-18 11:09,94440
S2033,本田CR-V,89286,变速箱油+刹车油更换,2024-08-05 10:04,79286
S2034,比亚迪宋PLUS,124605,全车检查+空调滤芯更换,2024-03-14 13:06,119605
S2035,宝马5系,128830,大保养(机油+三滤+正时皮带),2025-12-15 11:37,118830
S2036,奥迪Q5L,87946,机油+机滤+火花塞更换,2024-10-30 10:48,82946
S2037,福特锐界,104848,刹车油+刹车片+轮胎更换,2024-12-19 14:48,94848
S2038,吉利博越,64297,机油+机滤+燃油滤芯更换,2025-05-25 10:57,59297
S2039,长城魏派VV7,116321,变速箱油+空调滤芯更换,2024-10-23 11:33,106321
S2040,奔驰E级,49755,大保养(机油+三滤+刹车油),2025-08-17 11:25,39755
S2041,丰田卡罗拉,134740,机油+机滤更换,2025-03-24 10:19,129740
S2042,大众朗逸,124452,空调滤芯+空气滤芯更换,2025-11-06 12:13,114452
S2043,本田思域,136432,变速箱油更换,2025-05-23 09:49,126432
S2044,比亚迪汉,144240,全车检查+轮胎换位,2024-02-10 14:45,134240
S2045,宝马3系,75900,大保养(机油+三滤+刹车油),2025-02-19 15:03,65900
S2046,福特蒙迪欧,84984,刹车油+刹车片更换,2024-08-23 14:17,74984
S2047,吉利星越L,61041,机油+机滤+空调滤芯更换,2025-08-18 12:46,56041
S2048,奥迪A4L,39697,变速箱油+火花塞更换,2024-07-28 08:06,29697
S2049,长城哈弗H6,32003,空气滤芯+燃油滤芯更换,2024-04-08 09:53,27003
S2050,奔驰C级,86138,大保养(机油+三滤+变速箱油),2024-02-05 15:46,76138
S2051,丰田凯美瑞,36330,刹车油+冷却液更换,2024-02-27 14:56,26330
S2052,大众帕萨特,41269,机油+机滤+空气滤芯更换,2024-02-11 13:17,36269
S2053,本田CR-V,44958,变速箱油+刹车油更换,2024-08-18 10:24,34958
S2054,比亚迪宋PLUS,133466,全车检查+空调滤芯更换,2025-06-05 13:46,128466
S2055,宝马5系,138937,大保养(机油+三滤+正时皮带),2024-03-20 17:11,128937
S2056,奥迪Q5L,23701,机油+机滤+火花塞更换,2025-09-03 08:59,18701
S2057,福特锐界,60413,刹车油+刹车片+轮胎更换,2024-07-28 11:35,50413
S2058,吉利博越,28905,机油+机滤+燃油滤芯更换,2025-11-07 09:48,23905
S2059,长城魏派VV7,98348,变速箱油+空调滤芯更换,2025-08-12 17:14,88348
S2060,奔驰E级,35954,大保养(机油+三滤+刹车油),2024-05-08 11:09,25954
S2061,丰田卡罗拉,147432,机油+机滤更换,2025-05-17 13:03,142432
S2062,大众朗逸,118197,空调滤芯+空气滤芯更换,2024-07-23 11:20,108197
S2063,本田思域,116093,变速箱油更换,2024-10-12 10:35,106093
S2064,比亚迪汉,64945,全车检查+轮胎换位,2024-05-26 11:41,54945
S2065,宝马3系,75957,大保养(机油+三滤+刹车油),2024-08-30 10:17,65957
S2066,福特蒙迪欧,58799,刹车油+刹车片更换,2025-05-15 17:00,48799
S2067,吉利星越L,35220,机油+机滤+空调滤芯更换,2025-11-10 10:27,30220
S2068,奥迪A4L,79396,变速箱油+火花塞更换,2025-01-12 12:29,69396
S2069,长城哈弗H6,67679,空气滤芯+燃油滤芯更换,2025-11-16 14:11,62679
S2070,奔驰C级,60639,大保养(机油+三滤+变速箱油),2024-01-20 15:25,50639
S2071,丰田凯美瑞,52353,刹车油+冷却液更换,2025-12-02 10:42,42353
S2072,大众帕萨特,118754,机油+机滤+空气滤芯更换,2025-10-16 14:31,113754
S2073,本田CR-V,76282,变速箱油+刹车油更换,2025-04-12 15:19,66282
S2074,比亚迪宋PLUS,87367,全车检查+空调滤芯更换,2025-06-13 09:08,82367
S2075,宝马5系,39559,大保养(机油+三滤+正时皮带),2025-01-22 08:24,29559
S2076,奥迪Q5L,62709,机油+机滤+火花塞更换,2024-01-24 16:04,57709
S2077,福特锐界,99137,刹车油+刹车片+轮胎更换,2025-03-05 14:40,89137
S2078,吉利博越,113379,机油+机滤+燃油滤芯更换,2024-07-17 08:53,108379
S2079,长城魏派VV7,127715,变速箱油+空调滤芯更换,2025-07-30 11:39,117715
S2080,奔驰E级,81751,大保养(机油+三滤+刹车油),2024-11-03 08:31,71751
S2081,丰田卡罗拉,86880,机油+机滤更换,2025-07-31 12:57,81880
S2082,大众朗逸,36202,空调滤芯+空气滤芯更换,2025-12-21 10:11,26202
S2083,本田思域,97200,变速箱油更换,2024-10-25 15:23,87200
S2084,比亚迪汉,102748,全车检查+轮胎换位,2025-06-13 10:50,92748
S2085,宝马3系,122420,大保养(机油+三滤+刹车油),2025-06-15 16:25,112420
S2086,福特蒙迪欧,74380,刹车油+刹车片更换,2024-03-28 13:34,64380
S2087,吉利星越L,97213,机油+机滤+空调滤芯更换,2025-06-06 09:39,92213
S2088,奥迪A4L,31843,变速箱油+火花塞更换,2024-07-14 08:28,21843
S2089,长城哈弗H6,23444,空气滤芯+燃油滤芯更换,2024-01-20 13:45,18444
S2090,奔驰C级,103382,大保养(机油+三滤+变速箱油),2025-05-13 17:07,93382
S2091,丰田凯美瑞,71558,刹车油+冷却液更换,2025-04-07 17:37,61558
S2092,大众帕萨特,127212,机油+机滤+空气滤芯更换,2025-11-05 08:20,122212
S2093,本田CR-V,77162,变速箱油+刹车油更换,2024-03-04 11:00,67162
S2094,比亚迪宋PLUS,65749,全车检查+空调滤芯更换,2025-03-17 13:06,60749
S2095,宝马5系,124247,大保养(机油+三滤+正时皮带),2025-09-11 10:41,114247
S2096,奥迪Q5L,61930,机油+机滤+火花塞更换,2024-06-09 15:18,56930
S2097,福特锐界,116725,刹车油+刹车片+轮胎更换,2025-06-26 09:31,106725
S2098,吉利博越,115135,机油+机滤+燃油滤芯更换,2025-12-26 10:59,110135
S2099,长城魏派VV7,77762,变速箱油+空调滤芯更换,2024-01-19 08:13,67762
S2100,奔驰E级,31644,大保养(机油+三滤+刹车油),2024-02-18 16:39,21644
S2101,丰田卡罗拉,55210,机油+机滤更换,2024-11-28 14:01,50210
S2102,大众朗逸,118056,空调滤芯+空气滤芯更换,2024-04-09 12:21,108056
S2103,本田思域,34744,变速箱油更换,2024-12-28 11:27,24744
S2104,比亚迪汉,149131,全车检查+轮胎换位,2024-02-11 15:39,139131
S2105,宝马3系,53692,大保养(机油+三滤+刹车油),2025-09-07 14:03,43692
S2106,福特蒙迪欧,96683,刹车油+刹车片更换,2024-04-27 08:00,86683
S2107,吉利星越L,129314,机油+机滤+空调滤芯更换,2025-08-30 09:08,124314
S2108,奥迪A4L,86587,变速箱油+火花塞更换,2024-07-28 15:34,76587
S2109,长城哈弗H6,122584,空气滤芯+燃油滤芯更换,2025-06-11 15:24,117584
S2110,奔驰C级,32179,大保养(机油+三滤+变速箱油),2025-09-04 13:29,22179
S2111,丰田凯美瑞,147811,刹车油+冷却液更换,2024-06-25 16:26,137811
S2112,大众帕萨特,51077,机油+机滤+空气滤芯更换,2025-12-21 15:28,46077
S2113,本田CR-V,146534,变速箱油+刹车油更换,2024-10-04 14:11,136534
S2114,比亚迪宋PLUS,87851,全车检查+空调滤芯更换,2024-07-28 13:40,82851
S2115,宝马5系,72504,大保养(机油+三滤+正时皮带),2025-02-22 08:58,62504
S2116,奥迪Q5L,47162,机油+机滤+火花塞更换,2024-09-24 16:25,42162
S2117,福特锐界,32642,刹车油+刹车片+轮胎更换,2024-03-13 12:36,22642
S2118,吉利博越,69544,机油+机滤+燃油滤芯更换,2024-10-13 13:17,64544
S2119,长城魏派VV7,47213,变速箱油+空调滤芯更换,2025-11-05 17:42,37213
S2120,奔驰E级,40883,大保养(机油+三滤+刹车油),2024-09-22 14:37,30883
S2121,丰田卡罗拉,142319,机油+机滤更换,2025-09-07 13:47,137319
S2122,大众朗逸,69802,空调滤芯+空气滤芯更换,2024-10-31 12:05,59802
S2123,本田思域,91763,变速箱油更换,2025-10-04 12:25,81763
S2124,比亚迪汉,129452,全车检查+轮胎换位,2024-09-12 09:45,119452
S2125,宝马3系,139807,大保养(机油+三滤+刹车油),2024-10-22 11:43,129807
S2126,福特蒙迪欧,139074,刹车油+刹车片更换,2024-09-30 15:00,129074
S2127,吉利星越L,28148,机油+机滤+空调滤芯更换,2024-06-18 13:10,23148
S2128,奥迪A4L,84081,变速箱油+火花塞更换,2024-12-07 09:23,74081
S2129,长城哈弗H6,98857,空气滤芯+燃油滤芯更换,2024-03-20 15:42,93857
S2130,奔驰C级,57385,大保养(机油+三滤+变速箱油),2025-09-28 09:45,47385
S2131,丰田凯美瑞,79744,刹车油+冷却液更换,2025-10-31 16:30,69744
S2132,大众帕萨特,26452,机油+机滤+空气滤芯更换,2024-04-28 13:27,21452
S2133,本田CR-V,145850,变速箱油+刹车油更换,2024-02-03 13:33,135850
S2134,比亚迪宋PLUS,115497,全车检查+空调滤芯更换,2025-10-19 09:15,110497
S2135,宝马5系,49145,大保养(机油+三滤+正时皮带),2025-04-24 15:01,39145
S2136,奥迪Q5L,98465,机油+机滤+火花塞更换,2024-08-04 16:43,93465
S2137,福特锐界,20836,刹车油+刹车片+轮胎更换,2025-02-23 13:52,10836
S2138,吉利博越,137390,机油+机滤+燃油滤芯更换,2024-10-20 08:14,132390
S2139,长城魏派VV7,95650,变速箱油+空调滤芯更换,2025-09-09 17:58,85650
S2140,奔驰E级,88225,大保养(机油+三滤+刹车油),2025-09-02 13:55,78225
S2141,丰田卡罗拉,122676,机油+机滤更换,2024-04-08 13:58,117676
S2142,大众朗逸,117724,空调滤芯+空气滤芯更换,2024-03-09 17:36,107724
S2143,本田思域,34708,变速箱油更换,2024-06-23 13:23,24708
S2144,比亚迪汉,68572,全车检查+轮胎换位,2024-08-02 12:15,58572
S2145,宝马3系,25142,大保养(机油+三滤+刹车油),2024-07-22 17:38,15142
S2146,福特蒙迪欧,121963,刹车油+刹车片更换,2024-03-13 08:15,111963
S2147,吉利星越L,71875,机油+机滤+空调滤芯更换,2025-08-26 13:34,66875
S2148,奥迪A4L,124759,变速箱油+火花塞更换,2025-09-12 16:27,114759
S2149,长城哈弗H6,95460,空气滤芯+燃油滤芯更换,2025-11-11 09:13,90460
S2150,奔驰C级,45230,大保养(机油+三滤+变速箱油),2024-11-11 17:23,35230
S2151,丰田凯美瑞,122327,刹车油+冷却液更换,2025-10-24 16:42,112327
S2152,大众帕萨特,130987,机油+机滤+空气滤芯更换,2025-11-16 16:41,125987
S2153,本田CR-V,93254,变速箱油+刹车油更换,2024-08-30 11:42,83254
S2154,比亚迪宋PLUS,46513,全车检查+空调滤芯更换,2025-11-05 15:46,41513
S2155,宝马5系,96362,大保养(机油+三滤+正时皮带),2024-03-21 16:45,86362
S2156,奥迪Q5L,31033,机油+机滤+火花塞更换,2025-05-21 10:23,26033
S2157,福特锐界,47639,刹车油+刹车片+轮胎更换,2024-05-28 12:09,37639
S2158,吉利博越,86612,机油+机滤+燃油滤芯更换,2024-05-06 17:17,81612
S2159,长城魏派VV7,72205,变速箱油+空调滤芯更换,2025-12-05 15:44,62205
S2160,奔驰E级,42004,大保养(机油+三滤+刹车油),2025-12-01 16:27,32004
S2161,丰田卡罗拉,34690,机油+机滤更换,2024-09-08 08:00,29690
S2162,大众朗逸,70807,空调滤芯+空气滤芯更换,2025-12-27 13:36,60807
S2163,本田思域,123080,变速箱油更换,2025-09-24 11:21,113080
S2164,比亚迪汉,112366,全车检查+轮胎换位,2025-07-11 13:59,102366
S2165,宝马3系,85486,大保养(机油+三滤+刹车油),2025-01-03 11:10,75486
S2166,福特蒙迪欧,141257,刹车油+刹车片更换,2025-06-11 11:15,131257
S2167,吉利星越L,44377,机油+机滤+空调滤芯更换,2024-02-02 14:56,39377
S2168,奥迪A4L,84416,变速箱油+火花塞更换,2024-01-20 17:53,74416
S2169,长城哈弗H6,86756,空气滤芯+燃油滤芯更换,2024-02-18 10:01,81756
S2170,奔驰C级,74141,大保养(机油+三滤+变速箱油),2024-06-24 12:50,64141
S2171,丰田凯美瑞,79030,刹车油+冷却液更换,2024-02-15 16:57,69030
S2172,大众帕萨特,21967,机油+机滤+空气滤芯更换,2025-09-03 16:17,16967
S2173,本田CR-V,20436,变速箱油+刹车油更换,2024-09-07 09:13,10436
S2174,比亚迪宋PLUS,107019,全车检查+空调滤芯更换,2025-07-12 14:18,102019
S2175,宝马5系,130771,大保养(机油+三滤+正时皮带),2025-12-08 13:00,120771
S2176,奥迪Q5L,144391,机油+机滤+火花塞更换,2024-05-14 17:30,139391
S2177,福特锐界,82153,刹车油+刹车片+轮胎更换,2025-06-17 12:42,72153
S2178,吉利博越,51761,机油+机滤+燃油滤芯更换,2024-03-26 10:41,46761
S2179,长城魏派VV7,133387,变速箱油+空调滤芯更换,2024-02-06 11:09,123387
S2180,奔驰E级,88284,大保养(机油+三滤+刹车油),2024-06-24 15:10,78284
S2181,丰田卡罗拉,138412,机油+机滤更换,2024-06-25 11:18,133412
S2182,大众朗逸,39943,空调滤芯+空气滤芯更换,2025-03-14 13:40,29943
S2183,本田思域,48128,变速箱油更换,2024-05-18 08:50,38128
S2184,比亚迪汉,123817,全车检查+轮胎换位,2025-07-20 15:18,113817
S2185,宝马3系,46045,大保养(机油+三滤+刹车油),2025-07-08 10:58,36045
S2186,福特蒙迪欧,97360,刹车油+刹车片更换,2024-10-06 09:43,87360
S2187,吉利星越L,75711,机油+机滤+空调滤芯更换,2024-03-23 16:55,70711
S2188,奥迪A4L,46910,变速箱油+火花塞更换,2024-09-01 08:23,36910
S2189,长城哈弗H6,80719,空气滤芯+燃油滤芯更换,2024-03-09 10:06,75719
S2190,奔驰C级,117053,大保养(机油+三滤+变速箱油),2024-12-15 11:27,107053
S2191,丰田凯美瑞,70793,刹车油+冷却液更换,2024-07-17 14:53,60793
S2192,大众帕萨特,39218,机油+机滤+空气滤芯更换,2025-05-06 08:04,34218
S2193,本田CR-V,67112,变速箱油+刹车油更换,2024-06-26 13:10,57112
S2194,比亚迪宋PLUS,45244,全车检查+空调滤芯更换,2025-09-29 13:08,40244
S2195,宝马5系,52119,大保养(机油+三滤+正时皮带),2024-08-13 16:23,42119
S2196,奥迪Q5L,113745,机油+机滤+火花塞更换,2024-01-16 08:34,108745
S2197,福特锐界,85255,刹车油+刹车片+轮胎更换,2024-06-23 15:53,75255
S2198,吉利博越,59250,机油+机滤+燃油滤芯更换,2025-01-18 10:19,54250
S2199,长城魏派VV7,109581,变速箱油+空调滤芯更换,2025-01-16 09:18,99581
S2200,奔驰E级,37888,大保养(机油+三滤+刹车油),2024-02-06 08:21,27888
S2201,丰田卡罗拉,46118,机油+机滤更换,2025-12-24 14:13,41118
S2202,大众朗逸,110212,空调滤芯+空气滤芯更换,2024-08-25 08:44,100212
S2203,本田思域,120654,变速箱油更换,2025-08-03 09:01,110654
S2204,比亚迪汉,113530,全车检查+轮胎换位,2024-05-06 09:27,103530
S2205,宝马3系,91883,大保养(机油+三滤+刹车油),2024-08-25 17:26,81883
S2206,福特蒙迪欧,32886,刹车油+刹车片更换,2025-06-30 16:57,22886
S2207,吉利星越L,20998,机油+机滤+空调滤芯更换,2024-03-27 13:35,15998
S2208,奥迪A4L,97156,变速箱油+火花塞更换,2024-11-13 16:48,87156
S2209,长城哈弗H6,144810,空气滤芯+燃油滤芯更换,2025-02-08 11:52,139810
S2210,奔驰C级,43648,大保养(机油+三滤+变速箱油),2025-05-12 11:11,33648
S2211,丰田凯美瑞,146581,刹车油+冷却液更换,2025-05-14 16:13,136581
S2212,大众帕萨特,94057,机油+机滤+空气滤芯更换,2024-06-25 09:48,89057
S2213,本田CR-V,125404,变速箱油+刹车油更换,2025-04-18 13:56,115404
S2214,比亚迪宋PLUS,102395,全车检查+空调滤芯更换,2024-07-16 12:12,97395
S2215,宝马5系,44386,大保养(机油+三滤+正时皮带),2024-06-09 17:25,34386
S2216,奥迪Q5L,134999,机油+机滤+火花塞更换,2025-04-04 15:14,129999
S2217,福特锐界,132867,刹车油+刹车片+轮胎更换,2024-02-21 08:47,122867
S2218,吉利博越,59216,机油+机滤+燃油滤芯更换,2025-02-14 12:19,54216
S2219,长城魏派VV7,59392,变速箱油+空调滤芯更换,2025-05-13 17:29,49392
S2220,奔驰E级,77742,大保养(机油+三滤+刹车油),2025-02-05 11:35,67742
S2221,丰田卡罗拉,40578,机油+机滤更换,2024-03-14 16:19,35578
S2222,大众朗逸,31048,空调滤芯+空气滤芯更换,2024-11-09 11:57,21048
S2223,本田思域,130269,变速箱油更换,2024-06-13 16:49,120269
S2224,比亚迪汉,49125,全车检查+轮胎换位,2025-08-08 11:00,39125
S2225,宝马3系,93949,大保养(机油+三滤+刹车油),2025-08-03 16:26,83949
S2226,福特蒙迪欧,43638,刹车油+刹车片更换,2025-10-19 13:08,33638
S2227,吉利星越L,103315,机油+机滤+空调滤芯更换,2024-02-14 10:49,98315
S2228,奥迪A4L,138437,变速箱油+火花塞更换,2025-10-21 16:17,128437
S2229,长城哈弗H6,73801,空气滤芯+燃油滤芯更换,2025-06-05 10:01,68801
S2230,奔驰C级,108830,大保养(机油+三滤+变速箱油),2024-02-08 11:28,98830
S2231,丰田凯美瑞,64387,刹车油+冷却液更换,2025-12-12 11:26,54387
S2232,大众帕萨特,73500,机油+机滤+空气滤芯更换,2024-03-31 10:23,68500
S2233,本田CR-V,29444,变速箱油+刹车油更换,2024-07-19 10:26,19444
S2234,比亚迪宋PLUS,24617,全车检查+空调滤芯更换,2025-07-13 15:48,19617
S2235,宝马5系,133629,大保养(机油+三滤+正时皮带),2025-09-29 12:17,123629
S2236,奥迪Q5L,84540,机油+机滤+火花塞更换,2024-07-18 13:25,79540
S2237,福特锐界,75987,刹车油+刹车片+轮胎更换,2025-09-07 11:43,65987
S2238,吉利博越,57763,机油+机滤+燃油滤芯更换,2025-10-18 15:17,52763
S2239,长城魏派VV7,48973,变速箱油+空调滤芯更换,2024-11-15 13:38,38973
S2240,奔驰E级,132488,大保养(机油+三滤+刹车油),2024-05-31 12:32,122488
S2241,丰田卡罗拉,128607,机油+机滤更换,2025-04-09 10:14,123607
S2242,大众朗逸,64109,空调滤芯+空气滤芯更换,2024-08-23 14:49,54109
S2243,本田思域,142874,变速箱油更换,2025-05-25 08:00,132874
S2244,比亚迪汉,44266,全车检查+轮胎换位,2025-02-25 12:59,34266
S2245,宝马3系,116165,大保养(机油+三滤+刹车油),2025-06-08 09:35,106165
S2246,福特蒙迪欧,52507,刹车油+刹车片更换,2025-01-04 13:50,42507
S2247,吉利星越L,82747,机油+机滤+空调滤芯更换,2025-05-15 10:37,77747
S2248,奥迪A4L,141002,变速箱油+火花塞更换,2024-09-23 16:57,131002
S2249,长城哈弗H6,30737,空气滤芯+燃油滤芯更换,2024-04-11 08:48,25737
S2250,奔驰C级,102047,大保养(机油+三滤+变速箱油),2025-07-22 17:18,92047
S2251,丰田凯美瑞,146277,刹车油+冷却液更换,2025-12-15 17:20,136277
S2252,大众帕萨特,23595,机油+机滤+空气滤芯更换,2024-08-14 14:39,18595
S2253,本田CR-V,122446,变速箱油+刹车油更换,2024-04-22 08:22,112446
S2254,比亚迪宋PLUS,135369,全车检查+空调滤芯更换,2025-07-16 15:52,130369
S2255,宝马5系,75360,大保养(机油+三滤+正时皮带),2025-03-25 08:23,65360
S2256,奥迪Q5L,77459,机油+机滤+火花塞更换,2024-04-14 09:33,72459
S2257,福特锐界,127885,刹车油+刹车片+轮胎更换,2024-12-07 15:40,117885
S2258,吉利博越,138584,机油+机滤+燃油滤芯更换,2025-09-10 12:33,133584
S2259,长城魏派VV7,52319,变速箱油+空调滤芯更换,2025-05-01 12:51,42319
S2260,奔驰E级,42416,大保养(机油+三滤+刹车油),2025-08-13 10:02,32416
S2261,丰田卡罗拉,144104,机油+机滤更换,2024-10-24 15:54,139104
S2262,大众朗逸,68083,空调滤芯+空气滤芯更换,2024-09-20 12:10,58083
S2263,本田思域,108092,变速箱油更换,2025-01-12 12:26,98092
S2264,比亚迪汉,56906,全车检查+轮胎换位,2025-09-19 16:02,46906
S2265,宝马3系,48588,大保养(机油+三滤+刹车油),2025-04-08 16:01,38588
S2266,福特蒙迪欧,47240,刹车油+刹车片更换,2025-12-17 14:20,37240
S2267,吉利星越L,76152,机油+机滤+空调滤芯更换,2025-12-04 11:29,71152
S2268,奥迪A4L,41405,变速箱油+火花塞更换,2025-06-30 13:56,31405
S2269,长城哈弗H6,50412,空气滤芯+燃油滤芯更换,2025-01-18 08:22,45412
S2270,奔驰C级,111052,大保养(机油+三滤+变速箱油),2025-07-07 10:40,101052
S2271,丰田凯美瑞,69071,刹车油+冷却液更换,2025-09-20 08:05,59071
S2272,大众帕萨特,148749,机油+机滤+空气滤芯更换,2025-09-26 16:03,143749
S2273,本田CR-V,149800,变速箱油+刹车油更换,2024-09-24 14:57,139800
S2274,比亚迪宋PLUS,66384,全车检查+空调滤芯更换,2025-03-18 13:44,61384
S2275,宝马5系,71975,大保养(机油+三滤+正时皮带),2025-03-14 17:53,61975
S2276,奥迪Q5L,31554,机油+机滤+火花塞更换,2024-07-24 13:44,26554
S2277,福特锐界,47756,刹车油+刹车片+轮胎更换,2025-08-30 10:52,37756
S2278,吉利博越,146667,机油+机滤+燃油滤芯更换,2025-05-18 12:06,141667
S2279,长城魏派VV7,81724,变速箱油+空调滤芯更换,2024-05-12 15:35,71724
S2280,奔驰E级,49346,大保养(机油+三滤+刹车油),2024-12-16 10:57,39346
S2281,丰田卡罗拉,38903,机油+机滤更换,2024-02-19 17:15,33903
S2282,大众朗逸,118773,空调滤芯+空气滤芯更换,2024-02-06 17:08,108773
S2283,本田思域,69045,变速箱油更换,2024-05-05 08:28,59045
S2284,比亚迪汉,111744,全车检查+轮胎换位,2025-11-15 10:03,101744
S2285,宝马3系,107862,大保养(机油+三滤+刹车油),2024-04-04 15:55,97862
S2286,福特蒙迪欧,79261,刹车油+刹车片更换,2024-11-14 10:13,69261
S2287,吉利星越L,65455,机油+机滤+空调滤芯更换,2024-02-09 17:48,60455
S2288,奥迪A4L,138127,变速箱油+火花塞更换,2024-08-06 15:27,128127
S2289,长城哈弗H6,74367,空气滤芯+燃油滤芯更换,2025-10-22 08:44,69367
S2290,奔驰C级,44818,大保养(机油+三滤+变速箱油),2024-10-02 12:01,34818
S2291,丰田凯美瑞,76938,刹车油+冷却液更换,2024-01-17 12:07,66938
S2292,大众帕萨特,103377,机油+机滤+空气滤芯更换,2024-12-27 11:22,98377
S2293,本田CR-V,140745,变速箱油+刹车油更换,2025-09-30 08:22,130745
S2294,比亚迪宋PLUS,22859,全车检查+空调滤芯更换,2024-04-24 11:59,17859
S2295,宝马5系,37457,大保养(机油+三滤+正时皮带),2024-11-16 14:51,27457
S2296,奥迪Q5L,48026,机油+机滤+火花塞更换,2025-01-23 16:23,43026
S2297,福特锐界,137117,刹车油+刹车片+轮胎更换,2024-08-19 14:07,127117
S2298,吉利博越,91636,机油+机滤+燃油滤芯更换,2025-10-31 15:20,86636
S2299,长城魏派VV7,82950,变速箱油+空调滤芯更换,2025-10-18 15:25,72950
S2300,奔驰E级,73706,大保养(机油+三滤+刹车油),2024-01-23 08:21,63706
S2301,丰田卡罗拉,32861,机油+机滤更换,2024-07-27 08:40,27861
S2302,大众朗逸,29930,空调滤芯+空气滤芯更换,2025-03-19 09:57,19930
S2303,本田思域,50932,变速箱油更换,2025-01-18 09:34,40932
S2304,比亚迪汉,31550,全车检查+轮胎换位,2024-01-22 13:01,21550
S2305,宝马3系,123638,大保养(机油+三滤+刹车油),2024-01-03 09:36,113638
S2306,福特蒙迪欧,76548,刹车油+刹车片更换,2025-05-02 12:43,66548
S2307,吉利星越L,119138,机油+机滤+空调滤芯更换,2024-05-23 14:53,114138
S2308,奥迪A4L,77840,变速箱油+火花塞更换,2025-02-12 09:51,67840
S2309,长城哈弗H6,64356,空气滤芯+燃油滤芯更换,2025-12-25 12:30,59356
S2310,奔驰C级,43015,大保养(机油+三滤+变速箱油),2024-06-19 12:00,33015
S2311,丰田凯美瑞,94749,刹车油+冷却液更换,2025-05-13 14:27,84749
S2312,大众帕萨特,121336,机油+机滤+空气滤芯更换,2024-10-11 16:29,116336
S2313,本田CR-V,57934,变速箱油+刹车油更换,2024-09-16 09:33,47934
S2314,比亚迪宋PLUS,148009,全车检查+空调滤芯更换,2025-03-21 11:04,143009
S2315,宝马5系,53246,大保养(机油+三滤+正时皮带),2025-03-27 09:41,43246
S2316,奥迪Q5L,26559,机油+机滤+火花塞更换,2025-08-12 15:32,21559
S2317,福特锐界,145532,刹车油+刹车片+轮胎更换,2024-06-21 16:02,135532
S2318,吉利博越,90611,机油+机滤+燃油滤芯更换,2024-06-12 11:50,85611
S2319,长城魏派VV7,53264,变速箱油+空调滤芯更换,2025-06-11 09:26,43264
S2320,奔驰E级,134610,大保养(机油+三滤+刹车油),2025-07-01 08:49,124610
S2321,丰田卡罗拉,69533,机油+机滤更换,2024-08-03 14:35,64533
S2322,大众朗逸,149133,空调滤芯+空气滤芯更换,2025-02-02 13:26,139133
S2323,本田思域,37922,变速箱油更换,2025-02-22 15:19,27922
S2324,比亚迪汉,148239,全车检查+轮胎换位,2024-03-22 12:08,138239
S2325,宝马3系,66612,大保养(机油+三滤+刹车油),2024-07-13 16:55,56612
S2326,福特蒙迪欧,101752,刹车油+刹车片更换,2025-09-08 09:15,91752
S2327,吉利星越L,119373,机油+机滤+空调滤芯更换,2025-05-22 12:55,114373
S2328,奥迪A4L,58773,变速箱油+火花塞更换,2025-05-28 10:32,48773
S2329,长城哈弗H6,92525,空气滤芯+燃油滤芯更换,2024-04-11 10:42,87525
S2330,奔驰C级,70791,大保养(机油+三滤+变速箱油),2024-04-25 09:52,60791
S2331,丰田凯美瑞,90508,刹车油+冷却液更换,2024-09-25 12:14,80508
S2332,大众帕萨特,79163,机油+机滤+空气滤芯更换,2025-07-25 08:02,74163
S2333,本田CR-V,49055,变速箱油+刹车油更换,2025-05-21 14:38,39055
S2334,比亚迪宋PLUS,113830,全车检查+空调滤芯更换,2025-04-18 08:08,108830
S2335,宝马5系,145807,大保养(机油+三滤+正时皮带),2024-11-25 09:17,135807
S2336,奥迪Q5L,63849,机油+机滤+火花塞更换,2025-12-01 17:57,58849
S2337,福特锐界,82801,刹车油+刹车片+轮胎更换,2024-04-02 10:01,72801
S2338,吉利博越,80284,机油+机滤+燃油滤芯更换,2024-09-06 16:09,75284
S2339,长城魏派VV7,145206,变速箱油+空调滤芯更换,2024-08-29 09:44,135206
S2340,奔驰E级,73142,大保养(机油+三滤+刹车油),2024-03-10 09:59,63142
S2341,丰田卡罗拉,117321,机油+机滤更换,2024-02-07 16:53,112321
S2342,大众朗逸,24068,空调滤芯+空气滤芯更换,2025-01-23 09:19,14068
S2343,本田思域,132907,变速箱油更换,2024-02-09 11:05,122907
S2344,比亚迪汉,91773,全车检查+轮胎换位,2025-02-23 10:36,81773
S2345,宝马3系,103211,大保养(机油+三滤+刹车油),2025-11-02 11:01,93211
S2346,福特蒙迪欧,66384,刹车油+刹车片更换,2024-11-19 15:23,56384
S2347,吉利星越L,100582,机油+机滤+空调滤芯更换,2025-11-12 16:24,95582
S2348,奥迪A4L,113842,变速箱油+火花塞更换,2024-11-09 09:32,103842
S2349,长城哈弗H6,111635,空气滤芯+燃油滤芯更换,2025-07-14 08:35,106635
S2350,奔驰C级,58432,大保养(机油+三滤+变速箱油),2025-05-01 17:25,48432
S2351,丰田凯美瑞,41944,刹车油+冷却液更换,2024-09-09 13:46,31944
S2352,大众帕萨特,37873,机油+机滤+空气滤芯更换,2025-12-05 09:20,32873
S2353,本田CR-V,74442,变速箱油+刹车油更换,2025-07-25 09:05,64442
S2354,比亚迪宋PLUS,53662,全车检查+空调滤芯更换,2024-09-03 11:51,48662
S2355,宝马5系,57438,大保养(机油+三滤+正时皮带),2024-10-06 13:07,47438
S2356,奥迪Q5L,45223,机油+机滤+火花塞更换,2024-07-15 11:05,40223
S2357,福特锐界,30634,刹车油+刹车片+轮胎更换,2024-04-16 09:27,20634
S2358,吉利博越,118375,机油+机滤+燃油滤芯更换,2024-03-29 09:52,113375
S2359,长城魏派VV7,122539,变速箱油+空调滤芯更换,2025-10-23 17:28,112539
S2360,奔驰E级,117109,大保养(机油+三滤+刹车油),2025-01-02 09:11,107109
S2361,丰田卡罗拉,54235,机油+机滤更换,2025-10-20 08:08,49235
S2362,大众朗逸,142002,空调滤芯+空气滤芯更换,2025-03-04 13:32,132002
S2363,本田思域,147753,变速箱油更换,2025-03-23 16:01,137753
S2364,比亚迪汉,121732,全车检查+轮胎换位,2025-09-27 09:39,111732
S2365,宝马3系,142283,大保养(机油+三滤+刹车油),2025-09-02 16:41,132283
S2366,福特蒙迪欧,54870,刹车油+刹车片更换,2025-10-31 08:07,44870
S2367,吉利星越L,87388,机油+机滤+空调滤芯更换,2024-04-25 14:51,82388
S2368,奥迪A4L,146395,变速箱油+火花塞更换,2024-03-06 08:59,136395
S2369,长城哈弗H6,127313,空气滤芯+燃油滤芯更换,2024-11-26 09:37,122313
S2370,奔驰C级,79997,大保养(机油+三滤+变速箱油),2024-02-13 08:23,69997
S2371,丰田凯美瑞,124816,刹车油+冷却液更换,2024-01-24 15:07,114816
S2372,大众帕萨特,68407,机油+机滤+空气滤芯更换,2024-05-23 17:36,63407
S2373,本田CR-V,30543,变速箱油+刹车油更换,2025-11-03 09:51,20543
S2374,比亚迪宋PLUS,29418,全车检查+空调滤芯更换,2024-10-19 14:26,24418
S2375,宝马5系,137583,大保养(机油+三滤+正时皮带),2025-03-08 15:17,127583
S2376,奥迪Q5L,51297,机油+机滤+火花塞更换,2024-03-09 15:25,46297
S2377,福特锐界,75304,刹车油+刹车片+轮胎更换,2025-03-08 15:02,65304
S2378,吉利博越,113554,机油+机滤+燃油滤芯更换,2025-12-05 17:27,108554
S2379,长城魏派VV7,115548,变速箱油+空调滤芯更换,2024-01-16 10:38,105548
S2380,奔驰E级,129627,大保养(机油+三滤+刹车油),2025-07-27 14:10,119627
S2381,丰田卡罗拉,61570,机油+机滤更换,2025-01-22 13:59,56570
S2382,大众朗逸,120007,空调滤芯+空气滤芯更换,2024-05-13 11:12,110007
S2383,本田思域,33353,变速箱油更换,2024-06-06 13:23,23353
S2384,比亚迪汉,57016,全车检查+轮胎换位,2024-01-08 09:56,47016
S2385,宝马3系,100965,大保养(机油+三滤+刹车油),2024-08-24 13:57,90965
S2386,福特蒙迪欧,68054,刹车油+刹车片更换,2025-11-05 10:22,58054
S2387,吉利星越L,107487,机油+机滤+空调滤芯更换,2024-12-15 15:15,102487
S2388,奥迪A4L,116632,变速箱油+火花塞更换,2024-05-16 14:30,106632
S2389,长城哈弗H6,37537,空气滤芯+燃油滤芯更换,2024-08-12 12:36,32537
S2390,奔驰C级,29978,大保养(机油+三滤+变速箱油),2024-09-15 16:42,19978
S2391,丰田凯美瑞,88012,刹车油+冷却液更换,2024-11-24 08:49,78012
S2392,大众帕萨特,129275,机油+机滤+空气滤芯更换,2024-04-28 12:12,124275
S2393,本田CR-V,116025,变速箱油+刹车油更换,2024-10-08 08:08,106025
S2394,比亚迪宋PLUS,129786,全车检查+空调滤芯更换,2025-11-21 10:50,124786
S2395,宝马5系,50031,大保养(机油+三滤+正时皮带),2024-06-21 15:13,40031
S2396,奥迪Q5L,43987,机油+机滤+火花塞更换,2024-05-16 17:54,38987
S2397,福特锐界,145572,刹车油+刹车片+轮胎更换,2024-02-07 15:06,135572
S2398,吉利博越,104428,机油+机滤+燃油滤芯更换,2024-11-14 11:29,99428
S2399,长城魏派VV7,113727,变速箱油+空调滤芯更换,2025-01-31 13:13,103727
S2400,奔驰E级,104892,大保养(机油+三滤+刹车油),2025-07-28 08:37,94892
S2401,丰田卡罗拉,42556,机油+机滤更换,2025-11-15 15:43,37556
S2402,大众朗逸,125032,空调滤芯+空气滤芯更换,2024-08-10 15:31,115032
S2403,本田思域,112599,变速箱油更换,2024-03-01 12:46,102599
S2404,比亚迪汉,99019,全车检查+轮胎换位,2024-05-06 12:41,89019
S2405,宝马3系,83877,大保养(机油+三滤+刹车油),2024-11-29 10:24,73877
S2406,福特蒙迪欧,76338,刹车油+刹车片更换,2024-08-18 13:21,66338
S2407,吉利星越L,125932,机油+机滤+空调滤芯更换,2025-11-08 16:31,120932
S2408,奥迪A4L,126381,变速箱油+火花塞更换,2025-12-23 09:59,116381
S2409,长城哈弗H6,54503,空气滤芯+燃油滤芯更换,2025-05-10 08:16,49503
S2410,奔驰C级,79736,大保养(机油+三滤+变速箱油),2024-10-10 13:35,69736
S2411,丰田凯美瑞,63199,刹车油+冷却液更换,2025-08-31 16:39,53199
S2412,大众帕萨特,25445,机油+机滤+空气滤芯更换,2024-03-09 14:50,20445
S2413,本田CR-V,50456,变速箱油+刹车油更换,2024-10-24 12:07,40456
S2414,比亚迪宋PLUS,133778,全车检查+空调滤芯更换,2024-11-20 16:15,128778
S2415,宝马5系,22048,大保养(机油+三滤+正时皮带),2025-02-09 09:43,12048
S2416,奥迪Q5L,46530,机油+机滤+火花塞更换,2025-07-23 17:21,41530
S2417,福特锐界,97850,刹车油+刹车片+轮胎更换,2025-08-04 15:56,87850
S2418,吉利博越,59978,机油+机滤+燃油滤芯更换,2024-07-06 15:12,54978
S2419,长城魏派VV7,148395,变速箱油+空调滤芯更换,2024-01-20 10:28,138395
S2420,奔驰E级,94423,大保养(机油+三滤+刹车油),2025-08-01 13:23,84423
S2421,丰田卡罗拉,102783,机油+机滤更换,2024-12-17 10:03,97783
S2422,大众朗逸,98965,空调滤芯+空气滤芯更换,2025-03-16 15:31,88965
S2423,本田思域,97477,变速箱油更换,2024-07-20 11:31,87477
S2424,比亚迪汉,46629,全车检查+轮胎换位,2024-03-10 10:55,36629
S2425,宝马3系,52061,大保养(机油+三滤+刹车油),2025-04-30 16:59,42061
S2426,福特蒙迪欧,45624,刹车油+刹车片更换,2024-08-24 16:21,35624
S2427,吉利星越L,39830,机油+机滤+空调滤芯更换,2024-04-06 10:58,34830
S2428,奥迪A4L,102021,变速箱油+火花塞更换,2024-05-27 11:39,92021
S2429,长城哈弗H6,25563,空气滤芯+燃油滤芯更换,2025-03-09 12:02,20563
S2430,奔驰C级,41267,大保养(机油+三滤+变速箱油),2024-09-17 14:18,31267
S2431,丰田凯美瑞,26431,刹车油+冷却液更换,2024-09-19 11:54,16431
S2432,大众帕萨特,32307,机油+机滤+空气滤芯更换,2024-01-02 10:00,27307
S2433,本田CR-V,84463,变速箱油+刹车油更换,2024-03-21 14:11,74463
S2434,比亚迪宋PLUS,142413,全车检查+空调滤芯更换,2025-11-14 08:32,137413
S2435,宝马5系,108753,大保养(机油+三滤+正时皮带),2024-01-28 15:15,98753
S2436,奥迪Q5L,33988,机油+机滤+火花塞更换,2024-01-17 09:33,28988
S2437,福特锐界,71365,刹车油+刹车片+轮胎更换,2024-01-28 13:11,61365
S2438,吉利博越,28515,机油+机滤+燃油滤芯更换,2025-02-01 10:43,23515
S2439,长城魏派VV7,111501,变速箱油+空调滤芯更换,2024-12-30 16:49,101501
S2440,奔驰E级,57603,大保养(机油+三滤+刹车油),2025-01-02 17:37,47603
S2441,丰田卡罗拉,23026,机油+机滤更换,2025-02-21 14:41,18026
S2442,大众朗逸,130858,空调滤芯+空气滤芯更换,2024-02-02 08:55,120858
S2443,本田思域,96628,变速箱油更换,2024-12-25 17:25,86628
S2444,比亚迪汉,96549,全车检查+轮胎换位,2024-01-05 15:06,86549
S2445,宝马3系,69826,大保养(机油+三滤+刹车油),2024-03-03 15:55,59826
S2446,福特蒙迪欧,120132,刹车油+刹车片更换,2025-12-18 11:23,110132
S2447,吉利星越L,27686,机油+机滤+空调滤芯更换,2024-10-21 16:14,22686
S2448,奥迪A4L,112182,变速箱油+火花塞更换,2024-02-04 09:34,102182
S2449,长城哈弗H6,35788,空气滤芯+燃油滤芯更换,2024-06-09 17:20,30788
S2450,奔驰C级,119506,大保养(机油+三滤+变速箱油),2025-09-08 12:36,109506
S2451,丰田凯美瑞,110865,刹车油+冷却液更换,2024-05-28 14:23,100865
S2452,大众帕萨特,127295,机油+机滤+空气滤芯更换,2024-09-21 08:46,122295
S2453,本田CR-V,36229,变速箱油+刹车油更换,2024-08-17 15:06,26229
S2454,比亚迪宋PLUS,130051,全车检查+空调滤芯更换,2024-10-12 11:34,125051
S2455,宝马5系,55283,大保养(机油+三滤+正时皮带),2025-12-13 17:53,45283
S2456,奥迪Q5L,26220,机油+机滤+火花塞更换,2024-04-17 10:56,21220
S2457,福特锐界,82448,刹车油+刹车片+轮胎更换,2025-08-18 17:54,72448
S2458,吉利博越,117195,机油+机滤+燃油滤芯更换,2024-05-12 17:21,112195
S2459,长城魏派VV7,41075,变速箱油+空调滤芯更换,2024-02-12 12:34,31075
S2460,奔驰E级,33278,大保养(机油+三滤+刹车油),2025-08-18 16:00,23278
S2461,丰田卡罗拉,91213,机油+机滤更换,2024-09-25 14:33,86213
S2462,大众朗逸,103771,空调滤芯+空气滤芯更换,2025-11-18 09:11,93771
S2463,本田思域,21897,变速箱油更换,2024-09-16 15:04,11897
S2464,比亚迪汉,135969,全车检查+轮胎换位,2025-03-21 10:34,125969
S2465,宝马3系,129593,大保养(机油+三滤+刹车油),2024-01-08 10:13,119593
S2466,福特蒙迪欧,116415,刹车油+刹车片更换,2024-11-17 13:01,106415
S2467,吉利星越L,28450,机油+机滤+空调滤芯更换,2025-09-03 13:53,23450
S2468,奥迪A4L,31670,变速箱油+火花塞更换,2024-03-27 14:27,21670
S2469,长城哈弗H6,128621,空气滤芯+燃油滤芯更换,2024-07-05 15:42,123621
S2470,奔驰C级,110099,大保养(机油+三滤+变速箱油),2025-04-21 17:21,100099
S2471,丰田凯美瑞,23953,刹车油+冷却液更换,2025-04-13 15:49,13953
S2472,大众帕萨特,54504,机油+机滤+空气滤芯更换,2025-04-09 16:45,49504
S2473,本田CR-V,39062,变速箱油+刹车油更换,2024-07-15 14:58,29062
S2474,比亚迪宋PLUS,61494,全车检查+空调滤芯更换,2025-03-20 12:20,56494
S2475,宝马5系,33776,大保养(机油+三滤+正时皮带),2024-06-14 08:17,23776
S2476,奥迪Q5L,93229,机油+机滤+火花塞更换,2024-09-24 13:18,88229
S2477,福特锐界,27683,刹车油+刹车片+轮胎更换,2025-08-16 14:07,17683
S2478,吉利博越,100715,机油+机滤+燃油滤芯更换,2025-12-12 12:16,95715
S2479,长城魏派VV7,69474,变速箱油+空调滤芯更换,2025-07-04 16:29,59474
S2480,奔驰E级,81930,大保养(机油+三滤+刹车油),2024-01-04 09:42,71930
S2481,丰田卡罗拉,72306,机油+机滤更换,2025-03-06 14:58,67306
S2482,大众朗逸,89240,空调滤芯+空气滤芯更换,2024-01-25 13:27,79240
S2483,本田思域,31237,变速箱油更换,2025-04-15 08:25,21237
S2484,比亚迪汉,96294,全车检查+轮胎换位,2024-07-07 08:17,86294
S2485,宝马3系,81590,大保养(机油+三滤+刹车油),2025-03-22 11:40,71590
S2486,福特蒙迪欧,49397,刹车油+刹车片更换,2025-08-01 17:42,39397
S2487,吉利星越L,61618,机油+机滤+空调滤芯更换,2025-09-12 08:48,56618
S2488,奥迪A4L,66058,变速箱油+火花塞更换,2024-07-03 10:14,56058
S2489,长城哈弗H6,45523,空气滤芯+燃油滤芯更换,2025-12-25 10:59,40523
S2490,奔驰C级,24915,大保养(机油+三滤+变速箱油),2024-09-02 13:30,14915
S2491,丰田凯美瑞,135450,刹车油+冷却液更换,2024-06-15 12:13,125450
S2492,大众帕萨特,28943,机油+机滤+空气滤芯更换,2025-12-29 14:13,23943
S2493,本田CR-V,88712,变速箱油+刹车油更换,2024-11-24 16:54,78712
S2494,比亚迪宋PLUS,50366,全车检查+空调滤芯更换,2024-01-17 08:59,45366
S2495,宝马5系,32868,大保养(机油+三滤+正时皮带),2024-01-20 14:57,22868
S2496,奥迪Q5L,94053,机油+机滤+火花塞更换,2025-05-04 17:29,89053
S2497,福特锐界,134978,刹车油+刹车片+轮胎更换,2024-07-17 10:05,124978
S2498,吉利博越,53541,机油+机滤+燃油滤芯更换,2025-03-09 09:04,48541
S2499,长城魏派VV7,27448,变速箱油+空调滤芯更换,2024-05-14 10:49,17448
S2500,奔驰E级,61553,大保养(机油+三滤+刹车油),2025-06-06 10:55,51553
S2501,丰田卡罗拉,109935,机油+机滤更换,2025-05-20 15:12,104935
S2502,大众朗逸,120982,空调滤芯+空气滤芯更换,2025-08-14 11:09,110982
S2503,本田思域,87143,变速箱油更换,2024-10-14 08:12,77143
S2504,比亚迪汉,134715,全车检查+轮胎换位,2024-06-22 13:31,124715
S2505,宝马3系,139115,大保养(机油+三滤+刹车油),2025-10-08 11:15,129115
S2506,福特蒙迪欧,23930,刹车油+刹车片更换,2024-02-23 10:12,13930
S2507,吉利星越L,146246,机油+机滤+空调滤芯更换,2025-01-29 09:38,141246
S2508,奥迪A4L,84965,变速箱油+火花塞更换,2025-07-23 10:41,74965
S2509,长城哈弗H6,113866,空气滤芯+燃油滤芯更换,2024-03-17 08:41,108866
S2510,奔驰C级,89306,大保养(机油+三滤+变速箱油),2024-06-29 17:22,79306
S2511,丰田凯美瑞,24991,刹车油+冷却液更换,2025-08-10 08:39,14991
S2512,大众帕萨特,70382,机油+机滤+空气滤芯更换,2024-05-18 16:46,65382
S2513,本田CR-V,43741,变速箱油+刹车油更换,2024-06-22 16:01,33741
S2514,比亚迪宋PLUS,108963,全车检查+空调滤芯更换,2024-03-09 08:44,103963
S2515,宝马5系,100299,大保养(机油+三滤+正时皮带),2024-03-30 17:31,90299
S2516,奥迪Q5L,132641,机油+机滤+火花塞更换,2024-01-01 13:39,127641
S2517,福特锐界,142855,刹车油+刹车片+轮胎更换,2025-06-04 14:56,132855
S2518,吉利博越,99531,机油+机滤+燃油滤芯更换,2025-09-18 11:57,94531
S2519,长城魏派VV7,116759,变速箱油+空调滤芯更换,2025-04-18 17:32,106759
S2520,奔驰E级,65123,大保养(机油+三滤+刹车油),2024-10-01 13:42,55123
S2521,丰田卡罗拉,143614,机油+机滤更换,2025-02-23 16:43,138614
S2522,大众朗逸,148810,空调滤芯+空气滤芯更换,2025-09-19 08:28,138810
S2523,本田思域,97747,变速箱油更换,2025-09-11 11:12,87747
S2524,比亚迪汉,71535,全车检查+轮胎换位,2025-01-27 11:56,61535
S2525,宝马3系,95978,大保养(机油+三滤+刹车油),2024-05-21 12:21,85978
S2526,福特蒙迪欧,99144,刹车油+刹车片更换,2025-02-07 13:15,89144
S2527,吉利星越L,143280,机油+机滤+空调滤芯更换,2024-01-29 15:04,138280
S2528,奥迪A4L,44765,变速箱油+火花塞更换,2024-07-15 09:46,34765
S2529,长城哈弗H6,37101,空气滤芯+燃油滤芯更换,2025-05-02 13:21,32101
S2530,奔驰C级,136421,大保养(机油+三滤+变速箱油),2024-01-13 15:42,126421
S2531,丰田凯美瑞,69111,刹车油+冷却液更换,2025-09-19 15:43,59111
S2532,大众帕萨特,41855,机油+机滤+空气滤芯更换,2024-09-06 08:07,36855
S2533,本田CR-V,45823,变速箱油+刹车油更换,2025-10-08 12:09,35823
S2534,比亚迪宋PLUS,135604,全车检查+空调滤芯更换,2024-10-29 08:25,130604
S2535,宝马5系,128218,大保养(机油+三滤+正时皮带),2025-07-21 16:40,118218
S2536,奥迪Q5L,62808,机油+机滤+火花塞更换,2025-06-03 15:43,57808
S2537,福特锐界,68517,刹车油+刹车片+轮胎更换,2024-07-21 12:03,58517
S2538,吉利博越,85167,机油+机滤+燃油滤芯更换,2025-03-29 08:45,80167
S2539,长城魏派VV7,136664,变速箱油+空调滤芯更换,2024-05-26 10:03,126664
S2540,奔驰E级,131491,大保养(机油+三滤+刹车油),2025-04-17 14:44,121491
S2541,丰田卡罗拉,51637,机油+机滤更换,2025-06-11 14:07,46637
S2542,大众朗逸,78913,空调滤芯+空气滤芯更换,2024-12-26 12:19,68913
S2543,本田思域,119643,变速箱油更换,2025-09-04 16:44,109643
S2544,比亚迪汉,140019,全车检查+轮胎换位,2024-08-02 14:52,130019
S2545,宝马3系,47651,大保养(机油+三滤+刹车油),2025-08-15 16:58,37651
S2546,福特蒙迪欧,33931,刹车油+刹车片更换,2025-09-26 12:38,23931
S2547,吉利星越L,38432,机油+机滤+空调滤芯更换,2024-02-06 13:09,33432
S2548,奥迪A4L,128838,变速箱油+火花塞更换,2025-04-15 15:07,118838
S2549,长城哈弗H6,144331,空气滤芯+燃油滤芯更换,2024-06-03 11:54,139331
S2550,奔驰C级,132515,大保养(机油+三滤+变速箱油),2024-07-10 16:30,122515
S2551,丰田凯美瑞,141161,刹车油+冷却液更换,2024-01-17 09:21,131161
S2552,大众帕萨特,112719,机油+机滤+空气滤芯更换,2024-10-19 17:15,107719
S2553,本田CR-V,39058,变速箱油+刹车油更换,2025-01-10 14:07,29058
S2554,比亚迪宋PLUS,119334,全车检查+空调滤芯更换,2025-08-02 13:54,114334
S2555,宝马5系,41537,大保养(机油+三滤+正时皮带),2025-09-27 09:21,31537
S2556,奥迪Q5L,26023,机油+机滤+火花塞更换,2024-10-22 13:34,21023
S2557,福特锐界,77532,刹车油+刹车片+轮胎更换,2024-01-11 12:28,67532
S2558,吉利博越,75610,机油+机滤+燃油滤芯更换,2025-02-20 10:50,70610
S2559,长城魏派VV7,81482,变速箱油+空调滤芯更换,2025-08-15 12:57,71482
S2560,奔驰E级,90195,大保养(机油+三滤+刹车油),2025-08-28 13:36,80195
S2561,丰田卡罗拉,137633,机油+机滤更换,2024-01-25 13:14,132633
S2562,大众朗逸,43666,空调滤芯+空气滤芯更换,2025-02-07 11:38,33666
S2563,本田思域,38595,变速箱油更换,2025-08-12 12:37,28595
S2564,比亚迪汉,144872,全车检查+轮胎换位,2024-02-14 08:20,134872
S2565,宝马3系,67065,大保养(机油+三滤+刹车油),2025-10-07 17:48,57065
S2566,福特蒙迪欧,136142,刹车油+刹车片更换,2025-11-08 14:47,126142
S2567,吉利星越L,31997,机油+机滤+空调滤芯更换,2024-06-26 15:57,26997
S2568,奥迪A4L,103713,变速箱油+火花塞更换,2025-07-06 16:31,93713
S2569,长城哈弗H6,88196,空气滤芯+燃油滤芯更换,2025-07-16 11:23,83196
S2570,奔驰C级,106483,大保养(机油+三滤+变速箱油),2025-11-04 12:29,96483
S2571,丰田凯美瑞,144565,刹车油+冷却液更换,2024-03-21 12:25,134565
S2572,大众帕萨特,143877,机油+机滤+空气滤芯更换,2024-05-17 14:36,138877
S2573,本田CR-V,34927,变速箱油+刹车油更换,2024-06-22 11:06,24927
S2574,比亚迪宋PLUS,35349,全车检查+空调滤芯更换,2024-02-06 09:23,30349
S2575,宝马5系,21725,大保养(机油+三滤+正时皮带),2025-02-17 16:38,11725
S2576,奥迪Q5L,79130,机油+机滤+火花塞更换,2024-01-29 08:58,74130
S2577,福特锐界,25883,刹车油+刹车片+轮胎更换,2025-09-20 11:36,15883
S2578,吉利博越,100463,机油+机滤+燃油滤芯更换,2024-09-12 17:06,95463
S2579,长城魏派VV7,45507,变速箱油+空调滤芯更换,2025-06-08 08:05,35507
S2580,奔驰E级,105152,大保养(机油+三滤+刹车油),2025-03-13 14:21,95152
S2581,丰田卡罗拉,57187,机油+机滤更换,2025-10-01 16:56,52187
S2582,大众朗逸,33253,空调滤芯+空气滤芯更换,2025-01-15 11:56,23253
S2583,本田思域,134508,变速箱油更换,2025-05-14 16:36,124508
S2584,比亚迪汉,82240,全车检查+轮胎换位,2025-04-11 14:53,72240
S2585,宝马3系,87541,大保养(机油+三滤+刹车油),2025-02-06 16:39,77541
S2586,福特蒙迪欧,121167,刹车油+刹车片更换,2025-04-14 09:24,111167
S2587,吉利星越L,71630,机油+机滤+空调滤芯更换,2024-06-23 13:22,66630
S2588,奥迪A4L,63192,变速箱油+火花塞更换,2024-05-11 08:52,53192
S2589,长城哈弗H6,25530,空气滤芯+燃油滤芯更换,2025-11-23 14:40,20530
S2590,奔驰C级,24811,大保养(机油+三滤+变速箱油),2024-07-29 09:45,14811
S2591,丰田凯美瑞,95690,刹车油+冷却液更换,2024-03-16 11:50,85690
S2592,大众帕萨特,120830,机油+机滤+空气滤芯更换,2024-03-09 14:24,115830
S2593,本田CR-V,136799,变速箱油+刹车油更换,2024-09-09 13:01,126799
S2594,比亚迪宋PLUS,32188,全车检查+空调滤芯更换,2025-03-15 14:53,27188
S2595,宝马5系,27357,大保养(机油+三滤+正时皮带),2025-10-05 11:55,17357
S2596,奥迪Q5L,68601,机油+机滤+火花塞更换,2025-04-22 13:54,63601
S2597,福特锐界,81901,刹车油+刹车片+轮胎更换,2025-05-14 17:53,71901
S2598,吉利博越,57831,机油+机滤+燃油滤芯更换,2024-01-14 16:35,52831
S2599,长城魏派VV7,49147,变速箱油+空调滤芯更换,2024-07-31 14:30,39147
S2600,奔驰E级,141388,大保养(机油+三滤+刹车油),2024-05-29 14:49,131388
S2601,丰田卡罗拉,73513,机油+机滤更换,2025-11-29 10:50,68513
S2602,大众朗逸,31047,空调滤芯+空气滤芯更换,2024-10-17 17:11,21047
S2603,本田思域,66269,变速箱油更换,2025-04-06 14:17,56269
S2604,比亚迪汉,115568,全车检查+轮胎换位,2024-07-23 14:01,105568
S2605,宝马3系,142873,大保养(机油+三滤+刹车油),2025-02-09 16:59,132873
S2606,福特蒙迪欧,34436,刹车油+刹车片更换,2024-08-18 14:20,24436
S2607,吉利星越L,144832,机油+机滤+空调滤芯更换,2024-01-23 15:23,139832
S2608,奥迪A4L,116345,变速箱油+火花塞更换,2025-09-29 11:25,106345
S2609,长城哈弗H6,36513,空气滤芯+燃油滤芯更换,2024-08-03 10:40,31513
S2610,奔驰C级,137311,大保养(机油+三滤+变速箱油),2024-06-18 11:33,127311
S2611,丰田凯美瑞,95262,刹车油+冷却液更换,2025-12-23 08:33,85262
S2612,大众帕萨特,101604,机油+机滤+空气滤芯更换,2025-07-24 11:45,96604
S2613,本田CR-V,44203,变速箱油+刹车油更换,2024-03-31 10:33,34203
S2614,比亚迪宋PLUS,20945,全车检查+空调滤芯更换,2024-03-23 17:35,15945
S2615,宝马5系,124148,大保养(机油+三滤+正时皮带),2024-10-18 08:54,114148
S2616,奥迪Q5L,114120,机油+机滤+火花塞更换,2024-05-26 10:45,109120
S2617,福特锐界,21923,刹车油+刹车片+轮胎更换,2024-12-17 11:38,11923
S2618,吉利博越,38344,机油+机滤+燃油滤芯更换,2024-11-02 16:18,33344
S2619,长城魏派VV7,116203,变速箱油+空调滤芯更换,2024-02-24 16:51,106203
S2620,奔驰E级,104640,大保养(机油+三滤+刹车油),2025-06-14 12:14,94640
S2621,丰田卡罗拉,84486,机油+机滤更换,2024-07-05 17:51,79486
S2622,大众朗逸,24330,空调滤芯+空气滤芯更换,2024-06-20 09:34,14330
S2623,本田思域,31315,变速箱油更换,2025-05-29 16:35,21315
S2624,比亚迪汉,38913,全车检查+轮胎换位,2024-09-30 13:07,28913
S2625,宝马3系,112441,大保养(机油+三滤+刹车油),2024-03-15 16:10,102441
S2626,福特蒙迪欧,72581,刹车油+刹车片更换,2024-12-20 17:11,62581
S2627,吉利星越L,85872,机油+机滤+空调滤芯更换,2024-12-30 15:18,80872
S2628,奥迪A4L,124071,变速箱油+火花塞更换,2024-02-08 09:49,114071
S2629,长城哈弗H6,84752,空气滤芯+燃油滤芯更换,2025-09-17 09:12,79752
S2630,奔驰C级,89309,大保养(机油+三滤+变速箱油),2025-10-06 08:53,79309
S2631,丰田凯美瑞,57925,刹车油+冷却液更换,2025-10-13 12:08,47925
S2632,大众帕萨特,59087,机油+机滤+空气滤芯更换,2024-07-21 17:01,54087
S2633,本田CR-V,121187,变速箱油+刹车油更换,2024-07-11 09:55,111187
S2634,比亚迪宋PLUS,24149,全车检查+空调滤芯更换,2024-12-01 08:39,19149
S2635,宝马5系,119755,大保养(机油+三滤+正时皮带),2025-11-09 09:27,109755
S2636,奥迪Q5L,59635,机油+机滤+火花塞更换,2024-06-16 10:39,54635
S2637,福特锐界,61298,刹车油+刹车片+轮胎更换,2024-06-20 13:40,51298
S2638,吉利博越,53031,机油+机滤+燃油滤芯更换,2024-09-28 15:18,48031
S2639,长城魏派VV7,48902,变速箱油+空调滤芯更换,2025-08-15 14:21,38902
S2640,奔驰E级,117766,大保养(机油+三滤+刹车油),2025-01-06 13:22,107766
S2641,丰田卡罗拉,57688,机油+机滤更换,2025-04-21 17:34,52688
S2642,大众朗逸,63072,空调滤芯+空气滤芯更换,2024-08-15 13:36,53072
S2643,本田思域,121907,变速箱油更换,2024-07-29 10:42,111907
S2644,比亚迪汉,44888,全车检查+轮胎换位,2024-01-18 08:57,34888
S2645,宝马3系,20098,大保养(机油+三滤+刹车油),2025-06-08 10:54,10098
S2646,福特蒙迪欧,149478,刹车油+刹车片更换,2025-05-03 10:28,139478
S2647,吉利星越L,119204,机油+机滤+空调滤芯更换,2025-05-07 17:38,114204
S2648,奥迪A4L,141621,变速箱油+火花塞更换,2025-05-11 15:22,131621
S2649,长城哈弗H6,103507,空气滤芯+燃油滤芯更换,2024-08-12 12:29,98507
S2650,奔驰C级,114265,大保养(机油+三滤+变速箱油),2024-11-02 13:54,104265
S2651,丰田凯美瑞,149572,刹车油+冷却液更换,2024-02-26 13:59,139572
S2652,大众帕萨特,51695,机油+机滤+空气滤芯更换,2025-08-24 14:56,46695
S2653,本田CR-V,125407,变速箱油+刹车油更换,2025-06-03 08:44,115407
S2654,比亚迪宋PLUS,24500,全车检查+空调滤芯更换,2025-02-28 11:34,19500
S2655,宝马5系,41554,大保养(机油+三滤+正时皮带),2024-11-28 08:25,31554
S2656,奥迪Q5L,109463,机油+机滤+火花塞更换,2025-03-15 12:50,104463
S2657,福特锐界,123081,刹车油+刹车片+轮胎更换,2025-09-12 12:48,113081
S2658,吉利博越,89023,机油+机滤+燃油滤芯更换,2024-11-14 14:29,84023
S2659,长城魏派VV7,83145,变速箱油+空调滤芯更换,2025-02-08 09:04,73145
S2660,奔驰E级,83438,大保养(机油+三滤+刹车油),2025-08-07 12:14,73438
S2661,丰田卡罗拉,116044,机油+机滤更换,2024-04-24 10:06,111044
S2662,大众朗逸,47129,空调滤芯+空气滤芯更换,2025-01-14 12:08,37129
S2663,本田思域,80519,变速箱油更换,2025-09-29 16:55,70519
S2664,比亚迪汉,128553,全车检查+轮胎换位,2025-12-29 17:39,118553
S2665,宝马3系,108819,大保养(机油+三滤+刹车油),2025-05-05 14:49,98819
S2666,福特蒙迪欧,99873,刹车油+刹车片更换,2025-06-29 11:25,89873
S2667,吉利星越L,59289,机油+机滤+空调滤芯更换,2024-01-28 09:00,54289
S2668,奥迪A4L,68544,变速箱油+火花塞更换,2025-01-12 09:05,58544
S2669,长城哈弗H6,61193,空气滤芯+燃油滤芯更换,2025-06-01 08:18,56193
S2670,奔驰C级,88529,大保养(机油+三滤+变速箱油),2025-10-09 11:55,78529
S2671,丰田凯美瑞,20147,刹车油+冷却液更换,2024-05-22 11:22,10147
S2672,大众帕萨特,41209,机油+机滤+空气滤芯更换,2025-06-19 16:42,36209
S2673,本田CR-V,70683,变速箱油+刹车油更换,2025-01-08 17:11,60683
S2674,比亚迪宋PLUS,87735,全车检查+空调滤芯更换,2025-06-23 11:53,82735
S2675,宝马5系,111645,大保养(机油+三滤+正时皮带),2024-11-12 13:49,101645
S2676,奥迪Q5L,122207,机油+机滤+火花塞更换,2024-08-23 12:27,117207
S2677,福特锐界,91551,刹车油+刹车片+轮胎更换,2024-03-28 16:49,81551
S2678,吉利博越,145815,机油+机滤+燃油滤芯更换,2024-02-06 09:22,140815
S2679,长城魏派VV7,142663,变速箱油+空调滤芯更换,2025-02-01 14:52,132663
S2680,奔驰E级,29392,大保养(机油+三滤+刹车油),2025-12-09 13:32,19392
S2681,丰田卡罗拉,43363,机油+机滤更换,2024-05-08 16:40,38363
S2682,大众朗逸,122209,空调滤芯+空气滤芯更换,2024-10-13 17:18,112209
S2683,本田思域,94005,变速箱油更换,2025-07-04 15:58,84005
S2684,比亚迪汉,107981,全车检查+轮胎换位,2025-11-01 15:50,97981
S2685,宝马3系,143635,大保养(机油+三滤+刹车油),2024-10-10 09:13,133635
S2686,福特蒙迪欧,20682,刹车油+刹车片更换,2024-06-06 17:15,10682
S2687,吉利星越L,58437,机油+机滤+空调滤芯更换,2024-12-12 14:41,53437
S2688,奥迪A4L,123146,变速箱油+火花塞更换,2024-12-10 15:19,113146
S2689,长城哈弗H6,26940,空气滤芯+燃油滤芯更换,2024-09-02 13:49,21940
S2690,奔驰C级,93455,大保养(机油+三滤+变速箱油),2025-07-26 17:42,83455
S2691,丰田凯美瑞,47007,刹车油+冷却液更换,2025-03-26 16:38,37007
S2692,大众帕萨特,143542,机油+机滤+空气滤芯更换,2024-08-18 16:14,138542
S2693,本田CR-V,95406,变速箱油+刹车油更换,2024-12-30 17:11,85406
S2694,比亚迪宋PLUS,117883,全车检查+空调滤芯更换,2024-11-30 13:38,112883
S2695,宝马5系,134357,大保养(机油+三滤+正时皮带),2025-03-26 16:07,124357
S2696,奥迪Q5L,129096,机油+机滤+火花塞更换,2025-04-04 09:29,124096
S2697,福特锐界,111594,刹车油+刹车片+轮胎更换,2025-12-29 11:06,101594
S2698,吉利博越,37379,机油+机滤+燃油滤芯更换,2024-02-13 17:51,32379
S2699,长城魏派VV7,100855,变速箱油+空调滤芯更换,2025-08-07 16:25,90855
S2700,奔驰E级,83459,大保养(机油+三滤+刹车油),2025-09-29 15:34,73459
S2701,丰田卡罗拉,98726,机油+机滤更换,2025-08-24 10:04,93726
S2702,大众朗逸,116665,空调滤芯+空气滤芯更换,2024-10-13 10:01,106665
S2703,本田思域,119119,变速箱油更换,2025-06-03 08:17,109119
S2704,比亚迪汉,47634,全车检查+轮胎换位,2024-02-23 14:21,37634
S2705,宝马3系,105658,大保养(机油+三滤+刹车油),2024-03-01 10:34,95658
S2706,福特蒙迪欧,67951,刹车油+刹车片更换,2025-07-07 14:54,57951
S2707,吉利星越L,97327,机油+机滤+空调滤芯更换,2025-02-15 09:58,92327
S2708,奥迪A4L,90357,变速箱油+火花塞更换,2025-06-27 17:48,80357
S2709,长城哈弗H6,37931,空气滤芯+燃油滤芯更换,2024-12-23 15:13,32931
S2710,奔驰C级,32125,大保养(机油+三滤+变速箱油),2024-05-21 08:03,22125
S2711,丰田凯美瑞,54552,刹车油+冷却液更换,2025-09-30 13:11,44552
S2712,大众帕萨特,83948,机油+机滤+空气滤芯更换,2024-10-30 11:26,78948
S2713,本田CR-V,34406,变速箱油+刹车油更换,2024-08-01 10:01,24406
S2714,比亚迪宋PLUS,124306,全车检查+空调滤芯更换,2024-10-13 08:05,119306
S2715,宝马5系,131742,大保养(机油+三滤+正时皮带),2025-12-09 15:43,121742
S2716,奥迪Q5L,104284,机油+机滤+火花塞更换,2024-06-08 16:38,99284
S2717,福特锐界,105353,刹车油+刹车片+轮胎更换,2024-09-07 12:28,95353
S2718,吉利博越,78090,机油+机滤+燃油滤芯更换,2025-10-31 13:22,73090
S2719,长城魏派VV7,128402,变速箱油+空调滤芯更换,2025-09-25 17:36,118402
S2720,奔驰E级,94370,大保养(机油+三滤+刹车油),2024-06-12 12:12,84370
S2721,丰田卡罗拉,117306,机油+机滤更换,2025-12-16 15:54,112306
S2722,大众朗逸,27076,空调滤芯+空气滤芯更换,2025-01-10 09:20,17076
S2723,本田思域,50176,变速箱油更换,2025-04-17 15:40,40176
S2724,比亚迪汉,29060,全车检查+轮胎换位,2024-07-16 15:43,19060
S2725,宝马3系,23693,大保养(机油+三滤+刹车油),2024-06-05 09:26,13693
S2726,福特蒙迪欧,102781,刹车油+刹车片更换,2024-12-11 11:07,92781
S2727,吉利星越L,81914,机油+机滤+空调滤芯更换,2025-02-19 09:29,76914
S2728,奥迪A4L,121281,变速箱油+火花塞更换,2025-12-14 16:14,111281
S2729,长城哈弗H6,101509,空气滤芯+燃油滤芯更换,2024-07-19 12:05,96509
S2730,奔驰C级,80761,大保养(机油+三滤+变速箱油),2025-04-30 09:32,70761
S2731,丰田凯美瑞,116856,刹车油+冷却液更换,2025-08-16 12:15,106856
S2732,大众帕萨特,75998,机油+机滤+空气滤芯更换,2025-02-02 14:28,70998
S2733,本田CR-V,103488,变速箱油+刹车油更换,2024-11-21 08:44,93488
S2734,比亚迪宋PLUS,131742,全车检查+空调滤芯更换,2025-01-18 16:52,126742
S2735,宝马5系,125708,大保养(机油+三滤+正时皮带),2025-03-20 13:41,115708
S2736,奥迪Q5L,142901,机油+机滤+火花塞更换,2024-04-09 17:39,137901
S2737,福特锐界,142586,刹车油+刹车片+轮胎更换,2024-12-12 14:39,132586
S2738,吉利博越,54826,机油+机滤+燃油滤芯更换,2024-09-28 11:40,49826
S2739,长城魏派VV7,136402,变速箱油+空调滤芯更换,2024-09-13 13:36,126402
S2740,奔驰E级,40907,大保养(机油+三滤+刹车油),2024-03-02 16:44,30907
S2741,丰田卡罗拉,126801,机油+机滤更换,2025-04-13 13:08,121801
S2742,大众朗逸,119218,空调滤芯+空气滤芯更换,2025-08-27 09:35,109218
S2743,本田思域,123074,变速箱油更换,2024-05-10 14:29,113074
S2744,比亚迪汉,116284,全车检查+轮胎换位,2024-08-03 10:37,106284
S2745,宝马3系,69599,大保养(机油+三滤+刹车油),2024-03-31 13:22,59599
S2746,福特蒙迪欧,102816,刹车油+刹车片更换,2025-12-13 15:50,92816
S2747,吉利星越L,56630,机油+机滤+空调滤芯更换,2025-08-16 15:00,51630
S2748,奥迪A4L,27505,变速箱油+火花塞更换,2025-11-08 17:49,17505
S2749,长城哈弗H6,131399,空气滤芯+燃油滤芯更换,2025-03-23 10:58,126399
S2750,奔驰C级,136163,大保养(机油+三滤+变速箱油),2025-11-06 17:10,126163
S2751,丰田凯美瑞,133055,刹车油+冷却液更换,2024-07-30 08:56,123055
S2752,大众帕萨特,36193,机油+机滤+空气滤芯更换,2024-03-25 17:50,31193
S2753,本田CR-V,126479,变速箱油+刹车油更换,2024-08-10 10:10,116479
S2754,比亚迪宋PLUS,124521,全车检查+空调滤芯更换,2025-10-28 11:20,119521
S2755,宝马5系,119382,大保养(机油+三滤+正时皮带),2025-05-15 09:36,109382
S2756,奥迪Q5L,111620,机油+机滤+火花塞更换,2024-06-15 08:10,106620
S2757,福特锐界,112446,刹车油+刹车片+轮胎更换,2025-08-24 16:04,102446
S2758,吉利博越,40885,机油+机滤+燃油滤芯更换,2025-05-30 17:41,35885
S2759,长城魏派VV7,36169,变速箱油+空调滤芯更换,2025-12-28 11:25,26169
S2760,奔驰E级,132504,大保养(机油+三滤+刹车油),2024-08-19 09:29,122504
S2761,丰田卡罗拉,85671,机油+机滤更换,2024-04-30 15:11,80671
S2762,大众朗逸,39156,空调滤芯+空气滤芯更换,2024-05-03 14:13,29156
S2763,本田思域,128419,变速箱油更换,2024-04-11 13:43,118419
S2764,比亚迪汉,107560,全车检查+轮胎换位,2024-07-30 16:19,97560
S2765,宝马3系,71444,大保养(机油+三滤+刹车油),2025-02-22 15:44,61444
S2766,福特蒙迪欧,22489,刹车油+刹车片更换,2025-06-15 15:04,12489
S2767,吉利星越L,23944,机油+机滤+空调滤芯更换,2025-06-20 14:01,18944
S2768,奥迪A4L,108626,变速箱油+火花塞更换,2024-01-29 13:41,98626
S2769,长城哈弗H6,31911,空气滤芯+燃油滤芯更换,2025-09-12 17:50,26911
S2770,奔驰C级,27266,大保养(机油+三滤+变速箱油),2024-09-22 13:43,17266
S2771,丰田凯美瑞,145323,刹车油+冷却液更换,2025-02-18 12:34,135323
S2772,大众帕萨特,73958,机油+机滤+空气滤芯更换,2024-06-08 11:14,68958
S2773,本田CR-V,94048,变速箱油+刹车油更换,2024-11-14 11:28,84048
S2774,比亚迪宋PLUS,63420,全车检查+空调滤芯更换,2025-03-11 16:14,58420
S2775,宝马5系,117669,大保养(机油+三滤+正时皮带),2025-11-12 13:43,107669
S2776,奥迪Q5L,86933,机油+机滤+火花塞更换,2024-08-21 09:22,81933
S2777,福特锐界,46788,刹车油+刹车片+轮胎更换,2025-07-08 08:59,36788
S2778,吉利博越,61545,机油+机滤+燃油滤芯更换,2024-08-06 17:11,56545
S2779,长城魏派VV7,26834,变速箱油+空调滤芯更换,2025-09-03 10:17,16834
S2780,奔驰E级,142330,大保养(机油+三滤+刹车油),2025-02-11 10:18,132330
S2781,丰田卡罗拉,89193,机油+机滤更换,2025-10-25 16:03,84193
S2782,大众朗逸,64254,空调滤芯+空气滤芯更换,2024-01-01 10:15,54254
S2783,本田思域,47900,变速箱油更换,2025-05-23 15:37,37900
S2784,比亚迪汉,67303,全车检查+轮胎换位,2025-06-22 10:33,57303
S2785,宝马3系,113562,大保养(机油+三滤+刹车油),2024-11-10 16:45,103562
S2786,福特蒙迪欧,134211,刹车油+刹车片更换,2024-10-22 09:03,124211
S2787,吉利星越L,128585,机油+机滤+空调滤芯更换,2024-05-29 17:18,123585
S2788,奥迪A4L,137099,变速箱油+火花塞更换,2025-08-31 14:24,127099
S2789,长城哈弗H6,111531,空气滤芯+燃油滤芯更换,2024-04-30 17:05,106531
S2790,奔驰C级,149772,大保养(机油+三滤+变速箱油),2025-03-06 15:57,139772
S2791,丰田凯美瑞,26418,刹车油+冷却液更换,2025-08-26 16:52,16418
S2792,大众帕萨特,138840,机油+机滤+空气滤芯更换,2024-09-10 17:40,133840
S2793,本田CR-V,107482,变速箱油+刹车油更换,2024-05-21 17:11,97482
S2794,比亚迪宋PLUS,137635,全车检查+空调滤芯更换,2024-11-28 09:36,132635
S2795,宝马5系,63683,大保养(机油+三滤+正时皮带),2025-03-23 17:59,53683
S2796,奥迪Q5L,57756,机油+机滤+火花塞更换,2024-03-20 16:19,52756
S2797,福特锐界,79275,刹车油+刹车片+轮胎更换,2024-09-24 12:41,69275
S2798,吉利博越,27930,机油+机滤+燃油滤芯更换,2024-03-04 09:10,22930
S2799,长城魏派VV7,22048,变速箱油+空调滤芯更换,2025-10-02 09:46,12048
S2800,奔驰E级,63112,大保养(机油+三滤+刹车油),2025-02-27 12:40,53112
S2801,丰田卡罗拉,95750,机油+机滤更换,2025-08-30 16:40,90750
S2802,大众朗逸,108708,空调滤芯+空气滤芯更换,2025-10-25 15:02,98708
S2803,本田思域,38693,变速箱油更换,2024-04-20 10:40,28693
S2804,比亚迪汉,59158,全车检查+轮胎换位,2025-05-30 14:51,49158
S2805,宝马3系,131713,大保养(机油+三滤+刹车油),2024-11-16 15:14,121713
S2806,福特蒙迪欧,128918,刹车油+刹车片更换,2025-11-06 17:27,118918
S2807,吉利星越L,106602,机油+机滤+空调滤芯更换,2024-09-18 11:34,101602
S2808,奥迪A4L,32871,变速箱油+火花塞更换,2025-05-09 16:45,22871
S2809,长城哈弗H6,27319,空气滤芯+燃油滤芯更换,2024-04-16 17:45,22319
S2810,奔驰C级,131343,大保养(机油+三滤+变速箱油),2025-01-16 15:18,121343
S2811,丰田凯美瑞,131967,刹车油+冷却液更换,2025-04-11 12:08,121967
S2812,大众帕萨特,36377,机油+机滤+空气滤芯更换,2025-06-05 16:31,31377
S2813,本田CR-V,67893,变速箱油+刹车油更换,2024-08-13 12:40,57893
S2814,比亚迪宋PLUS,106283,全车检查+空调滤芯更换,2024-02-21 09:25,101283
S2815,宝马5系,57410,大保养(机油+三滤+正时皮带),2025-01-22 11:17,47410
S2816,奥迪Q5L,20846,机油+机滤+火花塞更换,2025-12-20 16:11,15846
S2817,福特锐界,45635,刹车油+刹车片+轮胎更换,2025-11-11 17:59,35635
S2818,吉利博越,119555,机油+机滤+燃油滤芯更换,2024-04-17 09:53,114555
S2819,长城魏派VV7,28138,变速箱油+空调滤芯更换,2025-06-01 16:03,18138
S2820,奔驰E级,30166,大保养(机油+三滤+刹车油),2024-03-04 12:16,20166
S2821,丰田卡罗拉,131627,机油+机滤更换,2024-07-23 08:28,126627
S2822,大众朗逸,76772,空调滤芯+空气滤芯更换,2024-12-18 11:35,66772
S2823,本田思域,89554,变速箱油更换,2024-05-15 09:42,79554
S2824,比亚迪汉,93589,全车检查+轮胎换位,2025-02-27 17:48,83589
S2825,宝马3系,65301,大保养(机油+三滤+刹车油),2025-11-12 17:39,55301
S2826,福特蒙迪欧,93337,刹车油+刹车片更换,2024-09-01 11:43,83337
S2827,吉利星越L,143874,机油+机滤+空调滤芯更换,2024-07-30 09:02,138874
S2828,奥迪A4L,70420,变速箱油+火花塞更换,2024-08-13 14:36,60420
S2829,长城哈弗H6,101866,空气滤芯+燃油滤芯更换,2025-03-16 08:59,96866
S2830,奔驰C级,134538,大保养(机油+三滤+变速箱油),2024-07-11 12:16,124538
S2831,丰田凯美瑞,118755,刹车油+冷却液更换,2025-06-19 16:38,108755
S2832,大众帕萨特,21410,机油+机滤+空气滤芯更换,2024-12-04 09:13,16410
S2833,本田CR-V,103686,变速箱油+刹车油更换,2024-09-19 17:42,93686
S2834,比亚迪宋PLUS,22943,全车检查+空调滤芯更换,2024-11-10 10:33,17943
S2835,宝马5系,116662,大保养(机油+三滤+正时皮带),2025-01-12 08:18,106662
S2836,奥迪Q5L,31735,机油+机滤+火花塞更换,2025-12-10 14:38,26735
S2837,福特锐界,86627,刹车油+刹车片+轮胎更换,2025-11-14 17:44,76627
S2838,吉利博越,48426,机油+机滤+燃油滤芯更换,2025-11-23 16:56,43426
S2839,长城魏派VV7,84702,变速箱油+空调滤芯更换,2025-03-30 16:38,74702
S2840,奔驰E级,133134,大保养(机油+三滤+刹车油),2024-08-28 10:43,123134
S2841,丰田卡罗拉,100598,机油+机滤更换,2024-09-09 10:30,95598
S2842,大众朗逸,136282,空调滤芯+空气滤芯更换,2024-12-31 16:40,126282
S2843,本田思域,134693,变速箱油更换,2025-11-08 11:19,124693
S2844,比亚迪汉,52068,全车检查+轮胎换位,2024-01-25 17:29,42068
S2845,宝马3系,62371,大保养(机油+三滤+刹车油),2024-02-02 15:42,52371
S2846,福特蒙迪欧,94052,刹车油+刹车片更换,2024-06-14 09:47,84052
S2847,吉利星越L,68326,机油+机滤+空调滤芯更换,2024-08-13 08:02,63326
S2848,奥迪A4L,144228,变速箱油+火花塞更换,2025-10-26 12:57,134228
S2849,长城哈弗H6,132322,空气滤芯+燃油滤芯更换,2024-02-14 13:33,127322
S2850,奔驰C级,103860,大保养(机油+三滤+变速箱油),2025-09-13 15:08,93860
S2851,丰田凯美瑞,137902,刹车油+冷却液更换,2025-12-08 17:15,127902
S2852,大众帕萨特,55815,机油+机滤+空气滤芯更换,2025-12-21 16:17,50815
S2853,本田CR-V,24919,变速箱油+刹车油更换,2024-10-30 11:16,14919
S2854,比亚迪宋PLUS,130793,全车检查+空调滤芯更换,2025-10-04 14:34,125793
S2855,宝马5系,42863,大保养(机油+三滤+正时皮带),2025-11-28 17:31,32863
S2856,奥迪Q5L,117922,机油+机滤+火花塞更换,2025-06-28 11:48,112922
S2857,福特锐界,67326,刹车油+刹车片+轮胎更换,2025-09-10 10:23,57326
S2858,吉利博越,98763,机油+机滤+燃油滤芯更换,2025-09-22 11:55,93763
S2859,长城魏派VV7,66929,变速箱油+空调滤芯更换,2024-05-31 10:14,56929
S2860,奔驰E级,22529,大保养(机油+三滤+刹车油),2025-04-10 08:20,12529
S2861,丰田卡罗拉,87246,机油+机滤更换,2025-07-09 08:01,82246
S2862,大众朗逸,88972,空调滤芯+空气滤芯更换,2024-12-07 08:07,78972
S2863,本田思域,99139,变速箱油更换,2025-10-09 09:06,89139
S2864,比亚迪汉,140291,全车检查+轮胎换位,2025-10-07 11:10,130291
S2865,宝马3系,125161,大保养(机油+三滤+刹车油),2025-02-17 11:12,115161
S2866,福特蒙迪欧,80025,刹车油+刹车片更换,2024-06-05 13:39,70025
S2867,吉利星越L,43818,机油+机滤+空调滤芯更换,2025-04-10 14:23,38818
S2868,奥迪A4L,127181,变速箱油+火花塞更换,2024-07-12 10:37,117181
S2869,长城哈弗H6,113723,空气滤芯+燃油滤芯更换,2024-12-17 08:01,108723
S2870,奔驰C级,54859,大保养(机油+三滤+变速箱油),2024-05-03 16:00,44859
S2871,丰田凯美瑞,42403,刹车油+冷却液更换,2025-06-26 12:03,32403
S2872,大众帕萨特,36436,机油+机滤+空气滤芯更换,2024-11-30 11:24,31436
S2873,本田CR-V,56805,变速箱油+刹车油更换,2024-02-08 14:27,46805
S2874,比亚迪宋PLUS,50009,全车检查+空调滤芯更换,2024-01-15 16:34,45009
S2875,宝马5系,116037,大保养(机油+三滤+正时皮带),2024-01-29 09:59,106037
S2876,奥迪Q5L,43755,机油+机滤+火花塞更换,2025-08-06 14:58,38755
S2877,福特锐界,103746,刹车油+刹车片+轮胎更换,2024-05-29 14:31,93746
S2878,吉利博越,61985,机油+机滤+燃油滤芯更换,2024-06-07 16:05,56985
S2879,长城魏派VV7,146590,变速箱油+空调滤芯更换,2024-09-22 17:36,136590
S2880,奔驰E级,93352,大保养(机油+三滤+刹车油),2024-04-12 10:10,83352
S2881,丰田卡罗拉,48580,机油+机滤更换,2025-03-13 15:54,43580
S2882,大众朗逸,73339,空调滤芯+空气滤芯更换,2025-03-17 10:54,63339
S2883,本田思域,21458,变速箱油更换,2025-04-28 10:04,11458
S2884,比亚迪汉,119059,全车检查+轮胎换位,2025-01-21 09:14,109059
S2885,宝马3系,55422,大保养(机油+三滤+刹车油),2025-10-03 10:37,45422
S2886,福特蒙迪欧,128733,刹车油+刹车片更换,2025-02-10 15:32,118733
S2887,吉利星越L,48122,机油+机滤+空调滤芯更换,2025-11-10 15:03,43122
S2888,奥迪A4L,135552,变速箱油+火花塞更换,2025-03-28 11:15,125552
S2889,长城哈弗H6,91870,空气滤芯+燃油滤芯更换,2024-02-03 13:00,86870
S2890,奔驰C级,27866,大保养(机油+三滤+变速箱油),2024-08-22 17:20,17866
S2891,丰田凯美瑞,117502,刹车油+冷却液更换,2024-03-01 12:20,107502
S2892,大众帕萨特,82265,机油+机滤+空气滤芯更换,2025-01-30 10:10,77265
S2893,本田CR-V,43589,变速箱油+刹车油更换,2024-07-29 12:55,33589
S2894,比亚迪宋PLUS,29962,全车检查+空调滤芯更换,2024-08-10 08:46,24962
S2895,宝马5系,20376,大保养(机油+三滤+正时皮带),2024-03-01 10:34,10376
S2896,奥迪Q5L,65870,机油+机滤+火花塞更换,2024-04-07 08:15,60870
S2897,福特锐界,135643,刹车油+刹车片+轮胎更换,2025-10-02 14:19,125643
S2898,吉利博越,138169,机油+机滤+燃油滤芯更换,2025-02-16 11:26,133169
S2899,长城魏派VV7,114362,变速箱油+空调滤芯更换,2025-10-24 12:25,104362
S2900,奔驰E级,121978,大保养(机油+三滤+刹车油),2024-04-19 15:45,111978
S2901,丰田卡罗拉,34815,机油+机滤更换,2024-04-02 12:04,29815
S2902,大众朗逸,92291,空调滤芯+空气滤芯更换,2024-11-08 09:52,82291
S2903,本田思域,148648,变速箱油更换,2025-04-27 09:50,138648
S2904,比亚迪汉,113945,全车检查+轮胎换位,2025-01-15 15:19,103945
S2905,宝马3系,40928,大保养(机油+三滤+刹车油),2024-05-02 14:45,30928
S2906,福特蒙迪欧,72918,刹车油+刹车片更换,2025-03-07 09:45,62918
S2907,吉利星越L,138617,机油+机滤+空调滤芯更换,2024-10-05 09:02,133617
S2908,奥迪A4L,115269,变速箱油+火花塞更换,2024-06-20 16:52,105269
S2909,长城哈弗H6,36109,空气滤芯+燃油滤芯更换,2024-01-26 15:42,31109
S2910,奔驰C级,142004,大保养(机油+三滤+变速箱油),2024-01-02 14:50,132004
S2911,丰田凯美瑞,69357,刹车油+冷却液更换,2025-11-24 09:39,59357
S2912,大众帕萨特,55473,机油+机滤+空气滤芯更换,2025-11-16 13:42,50473
S2913,本田CR-V,64764,变速箱油+刹车油更换,2024-07-07 09:31,54764
S2914,比亚迪宋PLUS,21299,全车检查+空调滤芯更换,2024-05-09 09:51,16299
S2915,宝马5系,134437,大保养(机油+三滤+正时皮带),2025-12-27 12:04,124437
S2916,奥迪Q5L,121852,机油+机滤+火花塞更换,2025-09-25 13:53,116852
S2917,福特锐界,122152,刹车油+刹车片+轮胎更换,2025-10-21 15:21,112152
S2918,吉利博越,81635,机油+机滤+燃油滤芯更换,2024-07-22 15:27,76635
S2919,长城魏派VV7,125928,变速箱油+空调滤芯更换,2024-07-24 09:27,115928
S2920,奔驰E级,46257,大保养(机油+三滤+刹车油),2024-08-04 17:40,36257
S2921,丰田卡罗拉,114777,机油+机滤更换,2024-09-08 12:37,109777
S2922,大众朗逸,94266,空调滤芯+空气滤芯更换,2025-08-16 13:35,84266
S2923,本田思域,114061,变速箱油更换,2024-11-27 12:22,104061
S2924,比亚迪汉,121793,全车检查+轮胎换位,2024-01-24 13:45,111793
S2925,宝马3系,21974,大保养(机油+三滤+刹车油),2025-05-10 16:38,11974
S2926,福特蒙迪欧,87484,刹车油+刹车片更换,2025-06-10 14:19,77484
S2927,吉利星越L,118936,机油+机滤+空调滤芯更换,2024-04-19 10:07,113936
S2928,奥迪A4L,85622,变速箱油+火花塞更换,2024-07-26 08:25,75622
S2929,长城哈弗H6,52873,空气滤芯+燃油滤芯更换,2024-08-23 11:57,47873
S2930,奔驰C级,105688,大保养(机油+三滤+变速箱油),2025-08-23 10:55,95688
S2931,丰田凯美瑞,78393,刹车油+冷却液更换,2024-03-30 09:26,68393
S2932,大众帕萨特,123287,机油+机滤+空气滤芯更换,2024-06-28 11:36,118287
S2933,本田CR-V,110164,变速箱油+刹车油更换,2024-04-19 12:22,100164
S2934,比亚迪宋PLUS,43251,全车检查+空调滤芯更换,2024-03-01 17:40,38251
S2935,宝马5系,79498,大保养(机油+三滤+正时皮带),2025-04-20 16:04,69498
S2936,奥迪Q5L,143428,机油+机滤+火花塞更换,2024-11-28 12:45,138428
S2937,福特锐界,79254,刹车油+刹车片+轮胎更换,2024-10-19 17:37,69254
S2938,吉利博越,89806,机油+机滤+燃油滤芯更换,2024-10-11 14:35,84806
S2939,长城魏派VV7,28274,变速箱油+空调滤芯更换,2024-01-08 15:08,18274
S2940,奔驰E级,47594,大保养(机油+三滤+刹车油),2024-09-06 15:37,37594
S2941,丰田卡罗拉,38861,机油+机滤更换,2024-02-14 09:46,33861
S2942,大众朗逸,83353,空调滤芯+空气滤芯更换,2024-09-17 08:54,73353
S2943,本田思域,52681,变速箱油更换,2025-11-01 13:50,42681
S2944,比亚迪汉,58395,全车检查+轮胎换位,2025-09-25 14:40,48395
S2945,宝马3系,37146,大保养(机油+三滤+刹车油),2025-10-26 15:27,27146
S2946,福特蒙迪欧,34905,刹车油+刹车片更换,2025-09-15 17:48,24905
S2947,吉利星越L,67339,机油+机滤+空调滤芯更换,2025-09-04 16:03,62339
S2948,奥迪A4L,97934,变速箱油+火花塞更换,2024-10-21 13:47,87934
S2949,长城哈弗H6,47269,空气滤芯+燃油滤芯更换,2025-11-07 16:55,42269
S2950,奔驰C级,75351,大保养(机油+三滤+变速箱油),2025-12-25 10:32,65351
S2951,丰田凯美瑞,138370,刹车油+冷却液更换,2024-06-16 09:58,128370
S2952,大众帕萨特,115757,机油+机滤+空气滤芯更换,2024-07-17 11:28,110757
S2953,本田CR-V,111710,变速箱油+刹车油更换,2024-01-22 14:01,101710
S2954,比亚迪宋PLUS,134245,全车检查+空调滤芯更换,2024-09-10 15:54,129245
S2955,宝马5系,40366,大保养(机油+三滤+正时皮带),2024-09-18 16:31,30366
S2956,奥迪Q5L,133975,机油+机滤+火花塞更换,2025-09-04 11:43,128975
S2957,福特锐界,55225,刹车油+刹车片+轮胎更换,2025-02-24 10:44,45225
S2958,吉利博越,134739,机油+机滤+燃油滤芯更换,2025-06-09 15:26,129739
S2959,长城魏派VV7,79063,变速箱油+空调滤芯更换,2024-02-29 10:22,69063
S2960,奔驰E级,26542,大保养(机油+三滤+刹车油),2025-03-09 14:24,16542
S2961,丰田卡罗拉,81134,机油+机滤更换,2024-05-14 13:43,76134
S2962,大众朗逸,139647,空调滤芯+空气滤芯更换,2025-04-15 09:55,129647
S2963,本田思域,64700,变速箱油更换,2025-03-02 13:24,54700
S2964,比亚迪汉,52255,全车检查+轮胎换位,2024-02-04 14:52,42255
S2965,宝马3系,57211,大保养(机油+三滤+刹车油),2025-01-01 15:13,47211
S2966,福特蒙迪欧,76352,刹车油+刹车片更换,2024-01-16 17:48,66352
S2967,吉利星越L,48661,机油+机滤+空调滤芯更换,2024-02-06 13:15,43661
S2968,奥迪A4L,139436,变速箱油+火花塞更换,2024-03-30 12:23,129436
S2969,长城哈弗H6,136966,空气滤芯+燃油滤芯更换,2025-08-01 17:52,131966
S2970,奔驰C级,60288,大保养(机油+三滤+变速箱油),2024-11-26 12:43,50288
S2971,丰田凯美瑞,81153,刹车油+冷却液更换,2024-05-03 15:57,71153
S2972,大众帕萨特,76356,机油+机滤+空气滤芯更换,2025-05-09 12:46,71356
S2973,本田CR-V,26680,变速箱油+刹车油更换,2024-05-21 10:38,16680
S2974,比亚迪宋PLUS,86095,全车检查+空调滤芯更换,2025-04-04 12:55,81095
S2975,宝马5系,35570,大保养(机油+三滤+正时皮带),2025-06-07 10:31,25570
S2976,奥迪Q5L,33794,机油+机滤+火花塞更换,2025-04-07 14:27,28794
S2977,福特锐界,77841,刹车油+刹车片+轮胎更换,2025-05-17 15:35,67841
S2978,吉利博越,22384,机油+机滤+燃油滤芯更换,2025-08-23 10:23,17384
S2979,长城魏派VV7,88787,变速箱油+空调滤芯更换,2025-07-04 15:53,78787
S2980,奔驰E级,77466,大保养(机油+三滤+刹车油),2024-02-27 16:58,67466
S2981,丰田卡罗拉,23893,机油+机滤更换,2024-10-27 10:47,18893
S2982,大众朗逸,70859,空调滤芯+空气滤芯更换,2025-05-12 10:00,60859
S2983,本田思域,72051,变速箱油更换,2024-08-23 15:57,62051
S2984,比亚迪汉,63295,全车检查+轮胎换位,2025-10-29 11:59,53295
S2985,宝马3系,48466,大保养(机油+三滤+刹车油),2025-05-26 14:31,38466
S2986,福特蒙迪欧,39839,刹车油+刹车片更换,2024-07-23 12:29,29839
S2987,吉利星越L,75363,机油+机滤+空调滤芯更换,2025-07-18 14:04,70363
S2988,奥迪A4L,47380,变速箱油+火花塞更换,2024-04-16 14:22,37380
S2989,长城哈弗H6,67363,空气滤芯+燃油滤芯更换,2025-08-09 15:07,62363
S2990,奔驰C级,130004,大保养(机油+三滤+变速箱油),2025-01-30 08:48,120004
S2991,丰田凯美瑞,135860,刹车油+冷却液更换,2024-01-07 12:23,125860
S2992,大众帕萨特,117017,机油+机滤+空气滤芯更换,2025-12-16 16:05,112017
S2993,本田CR-V,27029,变速箱油+刹车油更换,2025-03-10 11:37,17029
S2994,比亚迪宋PLUS,47160,全车检查+空调滤芯更换,2024-04-20 09:56,42160
S2995,宝马5系,139740,大保养(机油+三滤+正时皮带),2025-06-12 16:53,129740
S2996,奥迪Q5L,61135,机油+机滤+火花塞更换,2024-03-21 08:01,56135
S2997,福特锐界,109224,刹车油+刹车片+轮胎更换,2025-09-16 13:09,99224
S2998,吉利博越,82640,机油+机滤+燃油滤芯更换,2024-04-21 13:51,77640
S2999,长城魏派VV7,98827,变速箱油+空调滤芯更换,2024-03-19 13:54,88827
S3000,奔驰E级,34534,大保养(机油+三滤+刹车油),2024-09-19 14:04,24534
S3001,丰田卡罗拉,106992,机油+机滤更换,2025-05-14 11:22,101992
S3002,大众朗逸,40429,空调滤芯+空气滤芯更换,2025-11-01 15:11,30429
S3003,本田思域,111223,变速箱油更换,2024-04-15 14:42,101223
S3004,比亚迪汉,32815,全车检查+轮胎换位,2025-04-26 08:19,22815
S3005,宝马3系,126211,大保养(机油+三滤+刹车油),2025-02-22 17:35,116211
S3006,福特蒙迪欧,53358,刹车油+刹车片更换,2025-04-11 16:02,43358
S3007,吉利星越L,75620,机油+机滤+空调滤芯更换,2024-12-27 16:20,70620
S3008,奥迪A4L,72288,变速箱油+火花塞更换,2024-03-29 17:00,62288
S3009,长城哈弗H6,127774,空气滤芯+燃油滤芯更换,2025-02-27 08:19,122774
S3010,奔驰C级,146581,大保养(机油+三滤+变速箱油),2025-03-28 08:09,136581
S3011,丰田凯美瑞,96101,刹车油+冷却液更换,2024-02-22 14:32,86101
S3012,大众帕萨特,145671,机油+机滤+空气滤芯更换,2024-08-19 13:30,140671
S3013,本田CR-V,126131,变速箱油+刹车油更换,2025-04-21 17:39,116131
S3014,比亚迪宋PLUS,59988,全车检查+空调滤芯更换,2025-07-08 08:33,54988
S3015,宝马5系,127698,大保养(机油+三滤+正时皮带),2025-01-31 15:10,117698
S3016,奥迪Q5L,54453,机油+机滤+火花塞更换,2025-08-06 14:28,49453
S3017,福特锐界,92036,刹车油+刹车片+轮胎更换,2024-08-12 15:15,82036
S3018,吉利博越,64539,机油+机滤+燃油滤芯更换,2024-09-09 09:22,59539
S3019,长城魏派VV7,133983,变速箱油+空调滤芯更换,2024-01-18 16:02,123983
S3020,奔驰E级,95591,大保养(机油+三滤+刹车油),2025-02-28 09:35,85591
S3021,丰田卡罗拉,34714,机油+机滤更换,2024-12-23 11:25,29714
S3022,大众朗逸,90765,空调滤芯+空气滤芯更换,2025-05-06 16:02,80765
S3023,本田思域,117174,变速箱油更换,2025-07-03 09:11,107174
S3024,比亚迪汉,115905,全车检查+轮胎换位,2024-12-27 12:47,105905
S3025,宝马3系,40528,大保养(机油+三滤+刹车油),2025-11-07 09:29,30528
S3026,福特蒙迪欧,64253,刹车油+刹车片更换,2024-07-12 12:34,54253
S3027,吉利星越L,98575,机油+机滤+空调滤芯更换,2025-02-28 10:03,93575
S3028,奥迪A4L,88543,变速箱油+火花塞更换,2025-12-13 12:11,78543
S3029,长城哈弗H6,92072,空气滤芯+燃油滤芯更换,2025-04-07 10:41,87072
S3030,奔驰C级,20480,大保养(机油+三滤+变速箱油),2025-03-12 12:44,10480
S3031,丰田凯美瑞,63869,刹车油+冷却液更换,2025-09-18 08:56,53869
S3032,大众帕萨特,132724,机油+机滤+空气滤芯更换,2025-03-28 09:42,127724
S3033,本田CR-V,65773,变速箱油+刹车油更换,2025-05-26 17:30,55773
S3034,比亚迪宋PLUS,26667,全车检查+空调滤芯更换,2025-03-19 08:57,21667
S3035,宝马5系,84363,大保养(机油+三滤+正时皮带),2024-12-04 17:25,74363
S3036,奥迪Q5L,40859,机油+机滤+火花塞更换,2024-06-01 16:30,35859
S3037,福特锐界,24606,刹车油+刹车片+轮胎更换,2025-01-23 11:44,14606
S3038,吉利博越,42353,机油+机滤+燃油滤芯更换,2025-05-08 08:51,37353
S3039,长城魏派VV7,76419,变速箱油+空调滤芯更换,2025-10-26 17:17,66419
S3040,奔驰E级,34911,大保养(机油+三滤+刹车油),2025-11-21 15:02,24911
S3041,丰田卡罗拉,93084,机油+机滤更换,2025-11-23 12:54,88084
S3042,大众朗逸,40077,空调滤芯+空气滤芯更换,2024-01-19 10:57,30077
S3043,本田思域,87460,变速箱油更换,2024-04-28 11:30,77460
S3044,比亚迪汉,141317,全车检查+轮胎换位,2025-07-13 08:34,131317
S3045,宝马3系,66949,大保养(机油+三滤+刹车油),2025-06-15 15:47,56949
S3046,福特蒙迪欧,50588,刹车油+刹车片更换,2024-08-21 17:27,40588
S3047,吉利星越L,28627,机油+机滤+空调滤芯更换,2024-04-25 15:12,23627
S3048,奥迪A4L,146189,变速箱油+火花塞更换,2025-11-27 17:13,136189
S3049,长城哈弗H6,118680,空气滤芯+燃油滤芯更换,2024-11-07 17:30,113680
S3050,奔驰C级,43383,大保养(机油+三滤+变速箱油),2024-11-27 09:45,33383
S3051,丰田凯美瑞,96396,刹车油+冷却液更换,2024-10-18 10:37,86396
S3052,大众帕萨特,124947,机油+机滤+空气滤芯更换,2025-06-17 15:25,119947
S3053,本田CR-V,122829,变速箱油+刹车油更换,2024-11-05 17:47,112829
S3054,比亚迪宋PLUS,90017,全车检查+空调滤芯更换,2024-05-16 09:52,85017
S3055,宝马5系,77898,大保养(机油+三滤+正时皮带),2024-04-15 17:59,67898
S3056,奥迪Q5L,36267,机油+机滤+火花塞更换,2025-01-14 16:35,31267
S3057,福特锐界,55543,刹车油+刹车片+轮胎更换,2025-07-01 09:59,45543
S3058,吉利博越,26288,机油+机滤+燃油滤芯更换,2024-09-18 14:21,21288
S3059,长城魏派VV7,147411,变速箱油+空调滤芯更换,2024-05-11 12:57,137411
S3060,奔驰E级,146039,大保养(机油+三滤+刹车油),2024-09-29 14:39,136039
S3061,丰田卡罗拉,141543,机油+机滤更换,2024-03-15 16:45,136543
S3062,大众朗逸,65480,空调滤芯+空气滤芯更换,2025-08-04 08:43,55480
S3063,本田思域,107038,变速箱油更换,2025-04-11 12:40,97038
S3064,比亚迪汉,33510,全车检查+轮胎换位,2025-09-27 14:33,23510
S3065,宝马3系,39566,大保养(机油+三滤+刹车油),2025-05-13 08:16,29566
S3066,福特蒙迪欧,143545,刹车油+刹车片更换,2025-08-16 17:47,133545
S3067,吉利星越L,109027,机油+机滤+空调滤芯更换,2024-02-25 13:48,104027
S3068,奥迪A4L,140878,变速箱油+火花塞更换,2025-04-06 12:57,130878
S3069,长城哈弗H6,103519,空气滤芯+燃油滤芯更换,2024-10-19 16:27,98519
S3070,奔驰C级,99592,大保养(机油+三滤+变速箱油),2025-03-11 17:12,89592
S3071,丰田凯美瑞,138196,刹车油+冷却液更换,2025-12-02 10:51,128196
S3072,大众帕萨特,59691,机油+机滤+空气滤芯更换,2024-05-25 10:37,54691
S3073,本田CR-V,82036,变速箱油+刹车油更换,2025-01-19 14:13,72036
S3074,比亚迪宋PLUS,105746,全车检查+空调滤芯更换,2025-05-03 16:40,100746
S3075,宝马5系,62964,大保养(机油+三滤+正时皮带),2024-09-26 08:30,52964
S3076,奥迪Q5L,102789,机油+机滤+火花塞更换,2024-11-27 08:04,97789
S3077,福特锐界,45843,刹车油+刹车片+轮胎更换,2024-06-21 10:06,35843
S3078,吉利博越,35690,机油+机滤+燃油滤芯更换,2024-03-31 14:30,30690
S3079,长城魏派VV7,73001,变速箱油+空调滤芯更换,2024-05-04 08:02,63001
S3080,奔驰E级,43153,大保养(机油+三滤+刹车油),2024-10-15 14:40,33153
S3081,丰田卡罗拉,98460,机油+机滤更换,2024-07-30 08:32,93460
S3082,大众朗逸,37495,空调滤芯+空气滤芯更换,2025-01-24 13:07,27495
S3083,本田思域,138431,变速箱油更换,2024-06-18 08:05,128431
S3084,比亚迪汉,114613,全车检查+轮胎换位,2024-08-02 17:44,104613
S3085,宝马3系,28951,大保养(机油+三滤+刹车油),2024-04-02 14:49,18951
S3086,福特蒙迪欧,60923,刹车油+刹车片更换,2024-01-22 09:32,50923
S3087,吉利星越L,24017,机油+机滤+空调滤芯更换,2025-05-25 09:25,19017
S3088,奥迪A4L,32191,变速箱油+火花塞更换,2025-11-07 08:51,22191
S3089,长城哈弗H6,143413,空气滤芯+燃油滤芯更换,2025-11-10 10:02,138413
S3090,奔驰C级,70660,大保养(机油+三滤+变速箱油),2024-08-13 10:31,60660
S3091,丰田凯美瑞,117007,刹车油+冷却液更换,2024-12-11 16:01,107007
S3092,大众帕萨特,91824,机油+机滤+空气滤芯更换,2025-07-02 13:25,86824
S3093,本田CR-V,145284,变速箱油+刹车油更换,2024-09-20 10:17,135284
S3094,比亚迪宋PLUS,111937,全车检查+空调滤芯更换,2025-03-25 15:49,106937
S3095,宝马5系,36454,大保养(机油+三滤+正时皮带),2025-10-24 12:12,26454
S3096,奥迪Q5L,88456,机油+机滤+火花塞更换,2025-12-10 12:13,83456
S3097,福特锐界,76061,刹车油+刹车片+轮胎更换,2025-03-23 10:22,66061
S3098,吉利博越,97359,机油+机滤+燃油滤芯更换,2025-07-22 13:23,92359
S3099,长城魏派VV7,112499,变速箱油+空调滤芯更换,2025-12-15 15:19,102499
S3100,奔驰E级,31297,大保养(机油+三滤+刹车油),2025-05-13 09:57,21297
S3101,丰田卡罗拉,116259,机油+机滤更换,2025-07-14 15:23,111259
S3102,大众朗逸,34146,空调滤芯+空气滤芯更换,2024-11-12 10:28,24146
S3103,本田思域,31616,变速箱油更换,2024-02-20 15:45,21616
S3104,比亚迪汉,62781,全车检查+轮胎换位,2024-07-07 16:19,52781
S3105,宝马3系,45658,大保养(机油+三滤+刹车油),2024-08-27 09:03,35658
S3106,福特蒙迪欧,105171,刹车油+刹车片更换,2024-05-06 12:35,95171
S3107,吉利星越L,96391,机油+机滤+空调滤芯更换,2024-01-24 13:31,91391
S3108,奥迪A4L,122783,变速箱油+火花塞更换,2025-11-08 16:15,112783
S3109,长城哈弗H6,41456,空气滤芯+燃油滤芯更换,2025-03-21 13:23,36456
S3110,奔驰C级,45196,大保养(机油+三滤+变速箱油),2024-03-12 12:13,35196
S3111,丰田凯美瑞,74932,刹车油+冷却液更换,2025-10-04 17:16,64932
S3112,大众帕萨特,142609,机油+机滤+空气滤芯更换,2025-04-22 11:51,137609
S3113,本田CR-V,118888,变速箱油+刹车油更换,2025-09-21 17:20,108888
S3114,比亚迪宋PLUS,95835,全车检查+空调滤芯更换,2025-05-19 09:20,90835
S3115,宝马5系,66518,大保养(机油+三滤+正时皮带),2024-10-14 08:43,56518
S3116,奥迪Q5L,131777,机油+机滤+火花塞更换,2025-08-03 16:02,126777
S3117,福特锐界,58081,刹车油+刹车片+轮胎更换,2024-11-03 09:48,48081
S3118,吉利博越,76629,机油+机滤+燃油滤芯更换,2024-07-21 11:26,71629
S3119,长城魏派VV7,121533,变速箱油+空调滤芯更换,2024-01-28 10:55,111533
S3120,奔驰E级,85023,大保养(机油+三滤+刹车油),2024-04-09 16:53,75023
S3121,丰田卡罗拉,131179,机油+机滤更换,2024-10-31 15:33,126179
S3122,大众朗逸,128800,空调滤芯+空气滤芯更换,2024-05-22 08:35,118800
S3123,本田思域,111625,变速箱油更换,2025-04-19 12:23,101625
S3124,比亚迪汉,121857,全车检查+轮胎换位,2024-12-11 11:27,111857
S3125,宝马3系,79545,大保养(机油+三滤+刹车油),2024-05-31 10:09,69545
S3126,福特蒙迪欧,64250,刹车油+刹车片更换,2025-08-30 13:47,54250
S3127,吉利星越L,120426,机油+机滤+空调滤芯更换,2024-07-29 17:37,115426
S3128,奥迪A4L,53132,变速箱油+火花塞更换,2024-07-05 09:55,43132
S3129,长城哈弗H6,100942,空气滤芯+燃油滤芯更换,2024-06-30 13:54,95942
S3130,奔驰C级,127479,大保养(机油+三滤+变速箱油),2025-09-26 09:10,117479
S3131,丰田凯美瑞,44480,刹车油+冷却液更换,2024-09-08 15:24,34480
S3132,大众帕萨特,25835,机油+机滤+空气滤芯更换,2024-04-05 15:07,20835
S3133,本田CR-V,79880,变速箱油+刹车油更换,2024-09-01 13:29,69880
S3134,比亚迪宋PLUS,90892,全车检查+空调滤芯更换,2025-11-28 11:15,85892
S3135,宝马5系,99239,大保养(机油+三滤+正时皮带),2025-06-05 12:03,89239
S3136,奥迪Q5L,92233,机油+机滤+火花塞更换,2024-08-02 12:09,87233
S3137,福特锐界,98903,刹车油+刹车片+轮胎更换,2025-06-28 09:34,88903
S3138,吉利博越,43342,机油+机滤+燃油滤芯更换,2025-11-19 08:26,38342
S3139,长城魏派VV7,54659,变速箱油+空调滤芯更换,2025-05-23 12:16,44659
S3140,奔驰E级,21927,大保养(机油+三滤+刹车油),2025-12-18 10:25,11927
S3141,丰田卡罗拉,50270,机油+机滤更换,2025-06-30 16:06,45270
S3142,大众朗逸,33420,空调滤芯+空气滤芯更换,2025-04-24 14:55,23420
S3143,本田思域,50205,变速箱油更换,2024-01-25 14:05,40205
S3144,比亚迪汉,71769,全车检查+轮胎换位,2025-03-01 11:37,61769
S3145,宝马3系,143623,大保养(机油+三滤+刹车油),2025-04-03 16:42,133623
S3146,福特蒙迪欧,73326,刹车油+刹车片更换,2024-08-07 10:46,63326
S3147,吉利星越L,89998,机油+机滤+空调滤芯更换,2024-07-08 11:16,84998
S3148,奥迪A4L,64395,变速箱油+火花塞更换,2025-02-20 17:39,54395
S3149,长城哈弗H6,26605,空气滤芯+燃油滤芯更换,2025-12-08 10:20,21605
S3150,奔驰C级,148570,大保养(机油+三滤+变速箱油),2025-11-26 08:28,138570
S3151,丰田凯美瑞,117042,刹车油+冷却液更换,2024-09-20 12:37,107042
S3152,大众帕萨特,61307,机油+机滤+空气滤芯更换,2024-04-22 09:00,56307
S3153,本田CR-V,47586,变速箱油+刹车油更换,2024-04-10 09:08,37586
S3154,比亚迪宋PLUS,92113,全车检查+空调滤芯更换,2025-01-11 17:31,87113
S3155,宝马5系,86332,大保养(机油+三滤+正时皮带),2024-11-30 08:08,76332
S3156,奥迪Q5L,88166,机油+机滤+火花塞更换,2025-09-14 11:02,83166
S3157,福特锐界,109555,刹车油+刹车片+轮胎更换,2025-09-08 10:33,99555
S3158,吉利博越,56434,机油+机滤+燃油滤芯更换,2024-11-26 16:34,51434
S3159,长城魏派VV7,110470,变速箱油+空调滤芯更换,2024-05-09 16:43,100470
S3160,奔驰E级,74559,大保养(机油+三滤+刹车油),2024-04-24 17:45,64559
S3161,丰田卡罗拉,118885,机油+机滤更换,2025-02-11 15:55,113885
S3162,大众朗逸,109054,空调滤芯+空气滤芯更换,2024-01-16 17:47,99054
S3163,本田思域,86133,变速箱油更换,2024-03-20 17:07,76133
S3164,比亚迪汉,84255,全车检查+轮胎换位,2024-01-12 10:57,74255
S3165,宝马3系,81815,大保养(机油+三滤+刹车油),2025-02-09 11:30,71815
S3166,福特蒙迪欧,129378,刹车油+刹车片更换,2024-03-06 09:21,119378
S3167,吉利星越L,37129,机油+机滤+空调滤芯更换,2024-01-20 08:13,32129
S3168,奥迪A4L,117840,变速箱油+火花塞更换,2024-05-21 11:28,107840
S3169,长城哈弗H6,30821,空气滤芯+燃油滤芯更换,2024-05-13 16:09,25821
S3170,奔驰C级,145203,大保养(机油+三滤+变速箱油),2024-07-28 15:42,135203
S3171,丰田凯美瑞,111910,刹车油+冷却液更换,2024-03-02 09:53,101910
S3172,大众帕萨特,109691,机油+机滤+空气滤芯更换,2024-03-02 17:42,104691
S3173,本田CR-V,140956,变速箱油+刹车油更换,2024-02-07 10:47,130956
S3174,比亚迪宋PLUS,41813,全车检查+空调滤芯更换,2025-06-18 15:51,36813
S3175,宝马5系,47155,大保养(机油+三滤+正时皮带),2025-02-25 16:05,37155
S3176,奥迪Q5L,43091,机油+机滤+火花塞更换,2025-10-01 12:50,38091
S3177,福特锐界,117600,刹车油+刹车片+轮胎更换,2025-10-19 16:00,107600
S3178,吉利博越,24082,机油+机滤+燃油滤芯更换,2025-04-01 10:11,19082
S3179,长城魏派VV7,86804,变速箱油+空调滤芯更换,2025-05-08 16:27,76804
S3180,奔驰E级,57433,大保养(机油+三滤+刹车油),2024-07-20 16:42,47433
S3181,丰田卡罗拉,33418,机油+机滤更换,2024-09-17 16:25,28418
S3182,大众朗逸,139082,空调滤芯+空气滤芯更换,2024-03-31 09:58,129082
S3183,本田思域,37400,变速箱油更换,2025-01-19 13:37,27400
S3184,比亚迪汉,137845,全车检查+轮胎换位,2024-02-24 17:25,127845
S3185,宝马3系,104062,大保养(机油+三滤+刹车油),2025-04-03 15:17,94062
S3186,福特蒙迪欧,119889,刹车油+刹车片更换,2025-11-18 14:35,109889
S3187,吉利星越L,59639,机油+机滤+空调滤芯更换,2025-03-23 08:28,54639
S3188,奥迪A4L,101020,变速箱油+火花塞更换,2025-11-25 11:16,91020
S3189,长城哈弗H6,68495,空气滤芯+燃油滤芯更换,2024-06-05 15:50,63495
S3190,奔驰C级,109926,大保养(机油+三滤+变速箱油),2025-01-10 12:39,99926
S3191,丰田凯美瑞,88191,刹车油+冷却液更换,2024-11-20 08:50,78191
S3192,大众帕萨特,105629,机油+机滤+空气滤芯更换,2025-08-08 12:00,100629
S3193,本田CR-V,29810,变速箱油+刹车油更换,2024-12-28 17:37,19810
S3194,比亚迪宋PLUS,61958,全车检查+空调滤芯更换,2024-07-21 17:27,56958
S3195,宝马5系,149663,大保养(机油+三滤+正时皮带),2025-05-13 08:59,139663
S3196,奥迪Q5L,123038,机油+机滤+火花塞更换,2024-05-09 15:39,118038
S3197,福特锐界,128687,刹车油+刹车片+轮胎更换,2025-02-16 09:15,118687
S3198,吉利博越,31129,机油+机滤+燃油滤芯更换,2025-05-12 09:04,26129
S3199,长城魏派VV7,92178,变速箱油+空调滤芯更换,2025-06-16 15:48,82178
S3200,奔驰E级,94641,大保养(机油+三滤+刹车油),2025-09-20 08:00,84641
S3201,丰田卡罗拉,79586,机油+机滤更换,2025-12-19 13:13,74586
S3202,大众朗逸,30762,空调滤芯+空气滤芯更换,2025-03-12 13:28,20762
S3203,本田思域,21125,变速箱油更换,2025-08-24 13:18,11125
S3204,比亚迪汉,76275,全车检查+轮胎换位,2024-03-16 09:55,66275
S3205,宝马3系,148206,大保养(机油+三滤+刹车油),2025-07-08 10:01,138206
S3206,福特蒙迪欧,40686,刹车油+刹车片更换,2024-05-19 09:46,30686
S3207,吉利星越L,136949,机油+机滤+空调滤芯更换,2025-12-13 12:50,131949
S3208,奥迪A4L,100908,变速箱油+火花塞更换,2024-11-19 13:54,90908
S3209,长城哈弗H6,42372,空气滤芯+燃油滤芯更换,2024-12-27 08:09,37372
S3210,奔驰C级,40004,大保养(机油+三滤+变速箱油),2024-08-09 10:04,30004
S3211,丰田凯美瑞,82653,刹车油+冷却液更换,2025-09-30 16:54,72653
S3212,大众帕萨特,122509,机油+机滤+空气滤芯更换,2024-04-08 12:39,117509
S3213,本田CR-V,135466,变速箱油+刹车油更换,2025-03-22 08:25,125466
S3214,比亚迪宋PLUS,85103,全车检查+空调滤芯更换,2025-05-20 15:40,80103
S3215,宝马5系,29013,大保养(机油+三滤+正时皮带),2025-04-13 16:37,19013
S3216,奥迪Q5L,121314,机油+机滤+火花塞更换,2025-09-06 10:11,116314
S3217,福特锐界,129626,刹车油+刹车片+轮胎更换,2025-04-11 13:47,119626
S3218,吉利博越,89184,机油+机滤+燃油滤芯更换,2024-10-12 16:21,84184
S3219,长城魏派VV7,142723,变速箱油+空调滤芯更换,2025-02-23 13:37,132723
S3220,奔驰E级,60710,大保养(机油+三滤+刹车油),2025-12-20 08:59,50710
S3221,丰田卡罗拉,22260,机油+机滤更换,2024-01-06 08:15,17260
S3222,大众朗逸,115435,空调滤芯+空气滤芯更换,2025-09-19 17:58,105435
S3223,本田思域,29778,变速箱油更换,2025-04-02 17:25,19778
S3224,比亚迪汉,83360,全车检查+轮胎换位,2024-02-27 16:22,73360
S3225,宝马3系,120838,大保养(机油+三滤+刹车油),2025-10-13 13:11,110838
S3226,福特蒙迪欧,145753,刹车油+刹车片更换,2025-03-26 13:31,135753
S3227,吉利星越L,114023,机油+机滤+空调滤芯更换,2025-08-02 17:58,109023
S3228,奥迪A4L,134062,变速箱油+火花塞更换,2025-07-22 14:58,124062
S3229,长城哈弗H6,61468,空气滤芯+燃油滤芯更换,2025-11-02 10:32,56468
S3230,奔驰C级,126178,大保养(机油+三滤+变速箱油),2024-10-03 10:00,116178
S3231,丰田凯美瑞,126184,刹车油+冷却液更换,2024-04-26 16:49,116184
S3232,大众帕萨特,47925,机油+机滤+空气滤芯更换,2024-05-03 15:29,42925
S3233,本田CR-V,110246,变速箱油+刹车油更换,2024-12-27 12:35,100246
S3234,比亚迪宋PLUS,50872,全车检查+空调滤芯更换,2024-06-12 16:38,45872
S3235,宝马5系,68131,大保养(机油+三滤+正时皮带),2025-08-02 13:26,58131
S3236,奥迪Q5L,46144,机油+机滤+火花塞更换,2025-12-29 15:32,41144
S3237,福特锐界,70439,刹车油+刹车片+轮胎更换,2025-12-20 09:15,60439
S3238,吉利博越,135820,机油+机滤+燃油滤芯更换,2024-06-16 08:47,130820
S3239,长城魏派VV7,54213,变速箱油+空调滤芯更换,2024-04-09 17:16,44213
S3240,奔驰E级,134870,大保养(机油+三滤+刹车油),2025-12-03 08:45,124870
S3241,丰田卡罗拉,114399,机油+机滤更换,2025-04-18 08:35,109399
S3242,大众朗逸,97338,空调滤芯+空气滤芯更换,2025-07-02 16:55,87338
S3243,本田思域,55544,变速箱油更换,2024-05-01 17:20,45544
S3244,比亚迪汉,64960,全车检查+轮胎换位,2025-12-02 09:14,54960
S3245,宝马3系,133302,大保养(机油+三滤+刹车油),2024-07-20 10:27,123302
S3246,福特蒙迪欧,33244,刹车油+刹车片更换,2025-08-17 15:16,23244
S3247,吉利星越L,48075,机油+机滤+空调滤芯更换,2024-10-12 13:33,43075
S3248,奥迪A4L,28955,变速箱油+火花塞更换,2024-02-11 09:35,18955
S3249,长城哈弗H6,52723,空气滤芯+燃油滤芯更换,2025-11-13 12:17,47723
S3250,奔驰C级,27647,大保养(机油+三滤+变速箱油),2025-02-08 16:56,17647
S3251,丰田凯美瑞,102983,刹车油+冷却液更换,2025-04-12 17:26,92983
S3252,大众帕萨特,59643,机油+机滤+空气滤芯更换,2024-10-25 14:33,54643
S3253,本田CR-V,27789,变速箱油+刹车油更换,2024-10-31 09:10,17789
S3254,比亚迪宋PLUS,50517,全车检查+空调滤芯更换,2024-08-14 17:01,45517
S3255,宝马5系,95515,大保养(机油+三滤+正时皮带),2024-07-27 15:17,85515
S3256,奥迪Q5L,93108,机油+机滤+火花塞更换,2024-11-16 14:42,88108
S3257,福特锐界,139107,刹车油+刹车片+轮胎更换,2024-05-03 10:51,129107
S3258,吉利博越,111251,机油+机滤+燃油滤芯更换,2025-02-01 17:38,106251
S3259,长城魏派VV7,46252,变速箱油+空调滤芯更换,2024-04-24 16:45,36252
S3260,奔驰E级,75261,大保养(机油+三滤+刹车油),2025-05-23 12:01,65261
S3261,丰田卡罗拉,91038,机油+机滤更换,2024-12-05 11:00,86038
S3262,大众朗逸,94281,空调滤芯+空气滤芯更换,2024-03-23 17:48,84281
S3263,本田思域,143810,变速箱油更换,2025-02-21 12:27,133810
S3264,比亚迪汉,84022,全车检查+轮胎换位,2024-02-09 10:14,74022
S3265,宝马3系,101326,大保养(机油+三滤+刹车油),2025-07-27 14:02,91326
S3266,福特蒙迪欧,33710,刹车油+刹车片更换,2025-09-09 11:58,23710
S3267,吉利星越L,96499,机油+机滤+空调滤芯更换,2024-04-08 11:14,91499
S3268,奥迪A4L,41282,变速箱油+火花塞更换,2025-10-07 09:05,31282
S3269,长城哈弗H6,86765,空气滤芯+燃油滤芯更换,2025-11-24 17:48,81765
S3270,奔驰C级,57801,大保养(机油+三滤+变速箱油),2024-11-29 17:21,47801
S3271,丰田凯美瑞,134859,刹车油+冷却液更换,2025-01-25 08:53,124859
S3272,大众帕萨特,111508,机油+机滤+空气滤芯更换,2024-12-07 16:51,106508
S3273,本田CR-V,71208,变速箱油+刹车油更换,2024-02-15 17:04,61208
S3274,比亚迪宋PLUS,80610,全车检查+空调滤芯更换,2025-09-08 10:10,75610
S3275,宝马5系,118154,大保养(机油+三滤+正时皮带),2024-05-15 10:14,108154
S3276,奥迪Q5L,31056,机油+机滤+火花塞更换,2024-01-30 17:25,26056
S3277,福特锐界,47653,刹车油+刹车片+轮胎更换,2024-09-28 09:38,37653
S3278,吉利博越,76050,机油+机滤+燃油滤芯更换,2024-06-07 13:13,71050
S3279,长城魏派VV7,124567,变速箱油+空调滤芯更换,2024-12-25 11:30,114567
S3280,奔驰E级,148621,大保养(机油+三滤+刹车油),2024-04-23 09:12,138621
S3281,丰田卡罗拉,59251,机油+机滤更换,2025-11-14 09:19,54251
S3282,大众朗逸,79677,空调滤芯+空气滤芯更换,2025-08-15 11:12,69677
S3283,本田思域,86229,变速箱油更换,2024-10-07 17:47,76229
S3284,比亚迪汉,26442,全车检查+轮胎换位,2025-07-25 17:37,16442
S3285,宝马3系,132727,大保养(机油+三滤+刹车油),2024-09-08 13:25,122727
S3286,福特蒙迪欧,79896,刹车油+刹车片更换,2024-11-04 13:51,69896
S3287,吉利星越L,88416,机油+机滤+空调滤芯更换,2024-06-03 08:32,83416
S3288,奥迪A4L,83825,变速箱油+火花塞更换,2025-09-11 10:33,73825
S3289,长城哈弗H6,55827,空气滤芯+燃油滤芯更换,2025-12-28 11:51,50827
S3290,奔驰C级,59220,大保养(机油+三滤+变速箱油),2025-05-06 14:09,49220
S3291,丰田凯美瑞,111613,刹车油+冷却液更换,2025-03-07 08:22,101613
S3292,大众帕萨特,121651,机油+机滤+空气滤芯更换,2025-06-25 10:10,116651
S3293,本田CR-V,93653,变速箱油+刹车油更换,2024-01-21 09:01,83653
S3294,比亚迪宋PLUS,36790,全车检查+空调滤芯更换,2024-12-28 15:27,31790
S3295,宝马5系,148276,大保养(机油+三滤+正时皮带),2024-09-23 08:54,138276
S3296,奥迪Q5L,69791,机油+机滤+火花塞更换,2024-03-24 17:13,64791
S3297,福特锐界,86870,刹车油+刹车片+轮胎更换,2025-03-06 16:00,76870
S3298,吉利博越,124466,机油+机滤+燃油滤芯更换,2024-05-27 17:20,119466
S3299,长城魏派VV7,25549,变速箱油+空调滤芯更换,2024-02-06 16:31,15549
S3300,奔驰E级,30471,大保养(机油+三滤+刹车油),2024-05-16 17:35,20471
S3301,丰田卡罗拉,33789,机油+机滤更换,2024-05-03 14:30,28789
S3302,大众朗逸,149550,空调滤芯+空气滤芯更换,2024-07-26 13:47,139550
S3303,本田思域,89436,变速箱油更换,2025-08-04 10:35,79436
S3304,比亚迪汉,58311,全车检查+轮胎换位,2025-05-30 10:32,48311
S3305,宝马3系,120478,大保养(机油+三滤+刹车油),2025-03-30 08:45,110478
S3306,福特蒙迪欧,77633,刹车油+刹车片更换,2025-08-25 14:56,67633
S3307,吉利星越L,55874,机油+机滤+空调滤芯更换,2024-03-20 17:41,50874
S3308,奥迪A4L,55943,变速箱油+火花塞更换,2025-03-05 17:03,45943
S3309,长城哈弗H6,80241,空气滤芯+燃油滤芯更换,2024-11-18 10:51,75241
S3310,奔驰C级,25201,大保养(机油+三滤+变速箱油),2025-02-16 09:55,15201
S3311,丰田凯美瑞,76761,刹车油+冷却液更换,2024-12-20 09:12,66761
S3312,大众帕萨特,62785,机油+机滤+空气滤芯更换,2025-07-12 10:49,57785
S3313,本田CR-V,27591,变速箱油+刹车油更换,2025-03-14 12:05,17591
S3314,比亚迪宋PLUS,49319,全车检查+空调滤芯更换,2024-06-01 11:57,44319
S3315,宝马5系,105523,大保养(机油+三滤+正时皮带),2025-04-10 14:53,95523
S3316,奥迪Q5L,66252,机油+机滤+火花塞更换,2024-02-25 16:25,61252
S3317,福特锐界,64111,刹车油+刹车片+轮胎更换,2024-12-20 17:31,54111
S3318,吉利博越,24102,机油+机滤+燃油滤芯更换,2024-05-12 12:37,19102
S3319,长城魏派VV7,136562,变速箱油+空调滤芯更换,2025-03-04 16:25,126562
S3320,奔驰E级,51843,大保养(机油+三滤+刹车油),2024-04-29 14:24,41843
S3321,丰田卡罗拉,80529,机油+机滤更换,2025-01-28 14:57,75529
S3322,大众朗逸,52556,空调滤芯+空气滤芯更换,2024-03-25 12:00,42556
S3323,本田思域,59557,变速箱油更换,2024-10-19 12:34,49557
S3324,比亚迪汉,104165,全车检查+轮胎换位,2024-12-19 14:32,94165
S3325,宝马3系,43454,大保养(机油+三滤+刹车油),2024-05-27 14:25,33454
S3326,福特蒙迪欧,115478,刹车油+刹车片更换,2024-04-02 11:53,105478
S3327,吉利星越L,114893,机油+机滤+空调滤芯更换,2024-12-01 16:53,109893
S3328,奥迪A4L,140016,变速箱油+火花塞更换,2024-01-27 11:58,130016
S3329,长城哈弗H6,147821,空气滤芯+燃油滤芯更换,2025-12-16 16:06,142821
S3330,奔驰C级,146994,大保养(机油+三滤+变速箱油),2025-02-28 14:25,136994
S3331,丰田凯美瑞,52608,刹车油+冷却液更换,2024-11-18 13:14,42608
S3332,大众帕萨特,81185,机油+机滤+空气滤芯更换,2024-08-07 08:37,76185
S3333,本田CR-V,99341,变速箱油+刹车油更换,2024-05-10 10:32,89341
S3334,比亚迪宋PLUS,24527,全车检查+空调滤芯更换,2024-07-30 16:03,19527
S3335,宝马5系,32978,大保养(机油+三滤+正时皮带),2025-02-27 11:14,22978
S3336,奥迪Q5L,132261,机油+机滤+火花塞更换,2024-08-19 15:52,127261
S3337,福特锐界,135661,刹车油+刹车片+轮胎更换,2024-01-11 14:28,125661
S3338,吉利博越,120459,机油+机滤+燃油滤芯更换,2025-06-17 16:42,115459
S3339,长城魏派VV7,138968,变速箱油+空调滤芯更换,2025-11-23 17:59,128968
S3340,奔驰E级,125314,大保养(机油+三滤+刹车油),2024-08-02 17:46,115314
S3341,丰田卡罗拉,35257,机油+机滤更换,2025-10-17 08:59,30257
S3342,大众朗逸,126806,空调滤芯+空气滤芯更换,2024-11-13 17:53,116806
S3343,本田思域,114738,变速箱油更换,2025-04-15 08:08,104738
S3344,比亚迪汉,100163,全车检查+轮胎换位,2025-10-09 11:34,90163
S3345,宝马3系,57464,大保养(机油+三滤+刹车油),2025-07-10 15:12,47464
S3346,福特蒙迪欧,129885,刹车油+刹车片更换,2024-07-22 14:25,119885
S3347,吉利星越L,46383,机油+机滤+空调滤芯更换,2024-12-10 13:00,41383
S3348,奥迪A4L,116151,变速箱油+火花塞更换,2025-05-26 08:35,106151
S3349,长城哈弗H6,103035,空气滤芯+燃油滤芯更换,2025-09-11 10:07,98035
S3350,奔驰C级,137740,大保养(机油+三滤+变速箱油),2024-08-27 13:01,127740
S3351,丰田凯美瑞,78166,刹车油+冷却液更换,2024-08-09 08:03,68166
S3352,大众帕萨特,42878,机油+机滤+空气滤芯更换,2024-05-31 12:57,37878
S3353,本田CR-V,65314,变速箱油+刹车油更换,2024-01-19 15:12,55314
S3354,比亚迪宋PLUS,109489,全车检查+空调滤芯更换,2024-01-17 17:21,104489
S3355,宝马5系,53227,大保养(机油+三滤+正时皮带),2024-11-12 13:32,43227
S3356,奥迪Q5L,96782,机油+机滤+火花塞更换,2024-06-05 09:11,91782
S3357,福特锐界,52241,刹车油+刹车片+轮胎更换,2024-07-19 14:53,42241
S3358,吉利博越,101238,机油+机滤+燃油滤芯更换,2025-06-13 17:39,96238
S3359,长城魏派VV7,23877,变速箱油+空调滤芯更换,2025-04-14 12:17,13877
S3360,奔驰E级,52307,大保养(机油+三滤+刹车油),2025-03-28 14:43,42307
S3361,丰田卡罗拉,37019,机油+机滤更换,2025-12-04 17:52,32019
S3362,大众朗逸,50349,空调滤芯+空气滤芯更换,2024-07-21 17:43,40349
S3363,本田思域,126278,变速箱油更换,2024-01-16 11:17,116278
S3364,比亚迪汉,69741,全车检查+轮胎换位,2025-08-04 08:17,59741
S3365,宝马3系,34767,大保养(机油+三滤+刹车油),2025-06-01 09:41,24767
S3366,福特蒙迪欧,139346,刹车油+刹车片更换,2024-01-12 08:18,129346
S3367,吉利星越L,36619,机油+机滤+空调滤芯更换,2024-02-19 14:43,31619
S3368,奥迪A4L,54055,变速箱油+火花塞更换,2024-06-01 17:43,44055
S3369,长城哈弗H6,35198,空气滤芯+燃油滤芯更换,2025-01-13 13:42,30198
S3370,奔驰C级,127338,大保养(机油+三滤+变速箱油),2025-12-04 12:29,117338
S3371,丰田凯美瑞,84324,刹车油+冷却液更换,2024-02-21 17:09,74324
S3372,大众帕萨特,88716,机油+机滤+空气滤芯更换,2025-02-14 10:05,83716
S3373,本田CR-V,81710,变速箱油+刹车油更换,2024-03-02 17:05,71710
S3374,比亚迪宋PLUS,112677,全车检查+空调滤芯更换,2024-06-11 09:35,107677
S3375,宝马5系,122954,大保养(机油+三滤+正时皮带),2024-03-03 14:12,112954
S3376,奥迪Q5L,44886,机油+机滤+火花塞更换,2025-02-23 09:54,39886
S3377,福特锐界,113799,刹车油+刹车片+轮胎更换,2025-05-11 15:21,103799
S3378,吉利博越,148573,机油+机滤+燃油滤芯更换,2025-09-21 08:26,143573
S3379,长城魏派VV7,123538,变速箱油+空调滤芯更换,2024-10-14 15:07,113538
S3380,奔驰E级,80495,大保养(机油+三滤+刹车油),2024-03-22 11:28,70495
S3381,丰田卡罗拉,57633,机油+机滤更换,2024-07-14 08:50,52633
S3382,大众朗逸,146140,空调滤芯+空气滤芯更换,2024-01-13 10:28,136140
S3383,本田思域,30450,变速箱油更换,2024-06-02 08:07,20450
S3384,比亚迪汉,41844,全车检查+轮胎换位,2025-12-02 16:47,31844
S3385,宝马3系,137481,大保养(机油+三滤+刹车油),2024-10-10 15:29,127481
S3386,福特蒙迪欧,95613,刹车油+刹车片更换,2025-01-26 09:31,85613
S3387,吉利星越L,132204,机油+机滤+空调滤芯更换,2025-06-27 08:15,127204
S3388,奥迪A4L,20990,变速箱油+火花塞更换,2025-04-12 11:00,10990
S3389,长城哈弗H6,42672,空气滤芯+燃油滤芯更换,2025-06-24 14:54,37672
S3390,奔驰C级,68169,大保养(机油+三滤+变速箱油),2024-09-03 13:00,58169
S3391,丰田凯美瑞,27338,刹车油+冷却液更换,2025-03-24 12:27,17338
S3392,大众帕萨特,94226,机油+机滤+空气滤芯更换,2025-08-18 10:40,89226
S3393,本田CR-V,116324,变速箱油+刹车油更换,2024-09-20 10:54,106324
S3394,比亚迪宋PLUS,82322,全车检查+空调滤芯更换,2025-11-04 08:01,77322
S3395,宝马5系,103809,大保养(机油+三滤+正时皮带),2025-08-22 08:53,93809
S3396,奥迪Q5L,105344,机油+机滤+火花塞更换,2025-03-27 13:19,100344
S3397,福特锐界,112837,刹车油+刹车片+轮胎更换,2024-10-28 12:00,102837
S3398,吉利博越,141552,机油+机滤+燃油滤芯更换,2024-08-19 13:10,136552
S3399,长城魏派VV7,67248,变速箱油+空调滤芯更换,2024-03-20 10:40,57248
S3400,奔驰E级,37463,大保养(机油+三滤+刹车油),2025-11-21 09:04,27463
S3401,丰田卡罗拉,52030,机油+机滤更换,2025-06-06 09:36,47030
S3402,大众朗逸,93522,空调滤芯+空气滤芯更换,2024-04-27 12:48,83522
S3403,本田思域,36992,变速箱油更换,2025-02-25 15:49,26992
S3404,比亚迪汉,29796,全车检查+轮胎换位,2024-04-22 15:49,19796
S3405,宝马3系,121676,大保养(机油+三滤+刹车油),2025-05-10 09:43,111676
S3406,福特蒙迪欧,67300,刹车油+刹车片更换,2025-01-03 09:15,57300
S3407,吉利星越L,131204,机油+机滤+空调滤芯更换,2025-08-06 12:48,126204
S3408,奥迪A4L,127151,变速箱油+火花塞更换,2024-07-18 17:58,117151
S3409,长城哈弗H6,39520,空气滤芯+燃油滤芯更换,2024-03-26 15:07,34520
S3410,奔驰C级,104276,大保养(机油+三滤+变速箱油),2024-05-31 11:10,94276
S3411,丰田凯美瑞,142832,刹车油+冷却液更换,2024-02-10 11:07,132832
S3412,大众帕萨特,90482,机油+机滤+空气滤芯更换,2024-05-30 14:00,85482
S3413,本田CR-V,94101,变速箱油+刹车油更换,2024-05-02 10:26,84101
S3414,比亚迪宋PLUS,31522,全车检查+空调滤芯更换,2025-05-25 09:28,26522
S3415,宝马5系,111025,大保养(机油+三滤+正时皮带),2024-08-26 15:41,101025
S3416,奥迪Q5L,101172,机油+机滤+火花塞更换,2025-09-19 15:11,96172
S3417,福特锐界,105538,刹车油+刹车片+轮胎更换,2024-11-02 14:39,95538
S3418,吉利博越,72849,机油+机滤+燃油滤芯更换,2024-06-19 10:37,67849
S3419,长城魏派VV7,65057,变速箱油+空调滤芯更换,2025-07-24 15:35,55057
S3420,奔驰E级,104274,大保养(机油+三滤+刹车油),2025-06-03 17:09,94274
S3421,丰田卡罗拉,99303,机油+机滤更换,2025-06-21 15:41,94303
S3422,大众朗逸,44977,空调滤芯+空气滤芯更换,2025-12-22 14:21,34977
S3423,本田思域,96384,变速箱油更换,2024-08-28 08:24,86384
S3424,比亚迪汉,106363,全车检查+轮胎换位,2025-04-29 16:01,96363
S3425,宝马3系,110504,大保养(机油+三滤+刹车油),2025-04-24 09:23,100504
S3426,福特蒙迪欧,76430,刹车油+刹车片更换,2024-07-20 16:57,66430
S3427,吉利星越L,117496,机油+机滤+空调滤芯更换,2024-05-03 14:37,112496
S3428,奥迪A4L,137752,变速箱油+火花塞更换,2025-08-14 14:08,127752
S3429,长城哈弗H6,90019,空气滤芯+燃油滤芯更换,2025-07-14 13:04,85019
S3430,奔驰C级,89608,大保养(机油+三滤+变速箱油),2025-05-29 16:45,79608
S3431,丰田凯美瑞,136397,刹车油+冷却液更换,2024-03-23 14:28,126397
S3432,大众帕萨特,141961,机油+机滤+空气滤芯更换,2025-08-23 11:36,136961
S3433,本田CR-V,29441,变速箱油+刹车油更换,2024-02-04 13:37,19441
S3434,比亚迪宋PLUS,70101,全车检查+空调滤芯更换,2025-04-20 16:04,65101
S3435,宝马5系,32623,大保养(机油+三滤+正时皮带),2024-07-31 17:12,22623
S3436,奥迪Q5L,86857,机油+机滤+火花塞更换,2025-03-08 16:22,81857
S3437,福特锐界,32596,刹车油+刹车片+轮胎更换,2025-01-04 13:21,22596
S3438,吉利博越,145510,机油+机滤+燃油滤芯更换,2024-03-15 11:33,140510
S3439,长城魏派VV7,65160,变速箱油+空调滤芯更换,2025-11-05 12:02,55160
S3440,奔驰E级,39126,大保养(机油+三滤+刹车油),2024-11-05 14:54,29126
S3441,丰田卡罗拉,50972,机油+机滤更换,2024-12-17 12:38,45972
S3442,大众朗逸,133409,空调滤芯+空气滤芯更换,2024-11-09 16:01,123409
S3443,本田思域,144545,变速箱油更换,2025-02-15 15:59,134545
S3444,比亚迪汉,145255,全车检查+轮胎换位,2025-01-17 10:51,135255
S3445,宝马3系,33326,大保养(机油+三滤+刹车油),2025-08-08 16:33,23326
S3446,福特蒙迪欧,148895,刹车油+刹车片更换,2024-06-16 17:01,138895
S3447,吉利星越L,133737,机油+机滤+空调滤芯更换,2025-11-16 08:28,128737
S3448,奥迪A4L,89627,变速箱油+火花塞更换,2024-10-14 13:29,79627
S3449,长城哈弗H6,88026,空气滤芯+燃油滤芯更换,2024-12-01 10:17,83026
S3450,奔驰C级,61179,大保养(机油+三滤+变速箱油),2024-01-25 12:28,51179
S3451,丰田凯美瑞,68010,刹车油+冷却液更换,2025-08-31 09:53,58010
S3452,大众帕萨特,24060,机油+机滤+空气滤芯更换,2024-09-03 12:46,19060
S3453,本田CR-V,80371,变速箱油+刹车油更换,2025-05-25 15:26,70371
S3454,比亚迪宋PLUS,149327,全车检查+空调滤芯更换,2024-07-29 11:45,144327
S3455,宝马5系,42900,大保养(机油+三滤+正时皮带),2024-08-27 12:31,32900
S3456,奥迪Q5L,97847,机油+机滤+火花塞更换,2025-09-06 10:39,92847
S3457,福特锐界,39451,刹车油+刹车片+轮胎更换,2024-09-11 12:46,29451
S3458,吉利博越,41035,机油+机滤+燃油滤芯更换,2024-06-09 13:51,36035
S3459,长城魏派VV7,142372,变速箱油+空调滤芯更换,2024-06-25 15:06,132372
S3460,奔驰E级,59340,大保养(机油+三滤+刹车油),2024-11-18 09:10,49340
S3461,丰田卡罗拉,58943,机油+机滤更换,2025-12-30 16:25,53943
S3462,大众朗逸,38220,空调滤芯+空气滤芯更换,2025-06-16 10:49,28220
S3463,本田思域,137366,变速箱油更换,2024-09-28 10:16,127366
S3464,比亚迪汉,109761,全车检查+轮胎换位,2025-03-19 15:44,99761
S3465,宝马3系,60683,大保养(机油+三滤+刹车油),2024-05-20 12:37,50683
S3466,福特蒙迪欧,91417,刹车油+刹车片更换,2024-03-04 12:16,81417
S3467,吉利星越L,112219,机油+机滤+空调滤芯更换,2025-12-16 14:32,107219
S3468,奥迪A4L,69097,变速箱油+火花塞更换,2025-03-20 17:48,59097
S3469,长城哈弗H6,31971,空气滤芯+燃油滤芯更换,2025-10-09 12:49,26971
S3470,奔驰C级,149771,大保养(机油+三滤+变速箱油),2024-06-03 14:18,139771
S3471,丰田凯美瑞,141916,刹车油+冷却液更换,2025-05-20 09:21,131916
S3472,大众帕萨特,103476,机油+机滤+空气滤芯更换,2025-05-03 17:25,98476
S3473,本田CR-V,73533,变速箱油+刹车油更换,2024-02-11 14:05,63533
S3474,比亚迪宋PLUS,79378,全车检查+空调滤芯更换,2025-10-16 09:01,74378
S3475,宝马5系,110700,大保养(机油+三滤+正时皮带),2025-07-06 17:52,100700
S3476,奥迪Q5L,124793,机油+机滤+火花塞更换,2025-10-15 14:44,119793
S3477,福特锐界,114131,刹车油+刹车片+轮胎更换,2024-03-14 09:19,104131
S3478,吉利博越,67469,机油+机滤+燃油滤芯更换,2024-10-26 15:12,62469
S3479,长城魏派VV7,137252,变速箱油+空调滤芯更换,2024-05-10 08:59,127252
S3480,奔驰E级,91499,大保养(机油+三滤+刹车油),2024-05-04 11:30,81499
S3481,丰田卡罗拉,115797,机油+机滤更换,2025-06-20 11:20,110797
S3482,大众朗逸,98521,空调滤芯+空气滤芯更换,2024-05-31 09:31,88521
S3483,本田思域,70212,变速箱油更换,2025-03-26 16:16,60212
S3484,比亚迪汉,27626,全车检查+轮胎换位,2024-02-24 08:43,17626
S3485,宝马3系,127835,大保养(机油+三滤+刹车油),2025-03-11 12:05,117835
S3486,福特蒙迪欧,86076,刹车油+刹车片更换,2025-03-28 11:15,76076
S3487,吉利星越L,127532,机油+机滤+空调滤芯更换,2025-07-20 12:10,122532
S3488,奥迪A4L,60161,变速箱油+火花塞更换,2025-06-02 11:38,50161
S3489,长城哈弗H6,104808,空气滤芯+燃油滤芯更换,2025-10-21 14:55,99808
S3490,奔驰C级,79897,大保养(机油+三滤+变速箱油),2025-07-29 15:43,69897
S3491,丰田凯美瑞,58397,刹车油+冷却液更换,2025-02-09 13:07,48397
S3492,大众帕萨特,112482,机油+机滤+空气滤芯更换,2025-12-15 16:29,107482
S3493,本田CR-V,70068,变速箱油+刹车油更换,2025-02-24 12:33,60068
S3494,比亚迪宋PLUS,99013,全车检查+空调滤芯更换,2025-07-06 10:26,94013
S3495,宝马5系,118157,大保养(机油+三滤+正时皮带),2025-12-29 09:08,108157
S3496,奥迪Q5L,86107,机油+机滤+火花塞更换,2025-12-25 10:14,81107
S3497,福特锐界,53340,刹车油+刹车片+轮胎更换,2024-08-24 08:59,43340
S3498,吉利博越,106872,机油+机滤+燃油滤芯更换,2024-01-31 09:42,101872
S3499,长城魏派VV7,67640,变速箱油+空调滤芯更换,2024-08-19 11:47,57640
S3500,奔驰E级,35515,大保养(机油+三滤+刹车油),2024-12-19 11:45,25515
S3501,丰田卡罗拉,98434,机油+机滤更换,2025-07-29 14:38,93434
S3502,大众朗逸,125349,空调滤芯+空气滤芯更换,2024-11-08 14:08,115349
S3503,本田思域,27989,变速箱油更换,2024-05-09 08:56,17989
S3504,比亚迪汉,121355,全车检查+轮胎换位,2025-02-16 15:03,111355
S3505,宝马3系,52673,大保养(机油+三滤+刹车油),2024-06-27 13:09,42673
S3506,福特蒙迪欧,23078,刹车油+刹车片更换,2025-01-14 09:50,13078
S3507,吉利星越L,72396,机油+机滤+空调滤芯更换,2024-02-10 10:00,67396
S3508,奥迪A4L,109610,变速箱油+火花塞更换,2024-04-04 15:09,99610
S3509,长城哈弗H6,145418,空气滤芯+燃油滤芯更换,2025-06-28 17:38,140418
S3510,奔驰C级,97943,大保养(机油+三滤+变速箱油),2025-02-26 16:25,87943
S3511,丰田凯美瑞,39382,刹车油+冷却液更换,2025-07-02 15:09,29382
S3512,大众帕萨特,105985,机油+机滤+空气滤芯更换,2025-02-17 10:15,100985
S3513,本田CR-V,127701,变速箱油+刹车油更换,2024-03-14 13:58,117701
S3514,比亚迪宋PLUS,65618,全车检查+空调滤芯更换,2024-11-15 08:23,60618
S3515,宝马5系,103166,大保养(机油+三滤+正时皮带),2025-04-25 09:04,93166
S3516,奥迪Q5L,130030,机油+机滤+火花塞更换,2025-01-27 10:46,125030
S3517,福特锐界,77716,刹车油+刹车片+轮胎更换,2025-10-21 17:46,67716
S3518,吉利博越,89288,机油+机滤+燃油滤芯更换,2025-06-26 13:17,84288
S3519,长城魏派VV7,76754,变速箱油+空调滤芯更换,2025-04-22 17:21,66754
S3520,奔驰E级,99536,大保养(机油+三滤+刹车油),2024-11-19 16:10,89536
S3521,丰田卡罗拉,115178,机油+机滤更换,2025-08-25 10:41,110178
S3522,大众朗逸,52074,空调滤芯+空气滤芯更换,2024-02-06 13:16,42074
S3523,本田思域,51372,变速箱油更换,2025-05-08 16:16,41372
S3524,比亚迪汉,35961,全车检查+轮胎换位,2025-07-04 09:55,25961
S3525,宝马3系,41157,大保养(机油+三滤+刹车油),2024-07-17 08:56,31157
S3526,福特蒙迪欧,45487,刹车油+刹车片更换,2025-01-05 12:17,35487
S3527,吉利星越L,60042,机油+机滤+空调滤芯更换,2024-10-04 13:05,55042
S3528,奥迪A4L,145684,变速箱油+火花塞更换,2024-05-25 16:54,135684
S3529,长城哈弗H6,136647,空气滤芯+燃油滤芯更换,2024-03-27 17:43,131647
S3530,奔驰C级,51477,大保养(机油+三滤+变速箱油),2025-09-26 11:55,41477
S3531,丰田凯美瑞,100463,刹车油+冷却液更换,2024-10-22 08:44,90463
S3532,大众帕萨特,46680,机油+机滤+空气滤芯更换,2024-06-23 10:31,41680
S3533,本田CR-V,115004,变速箱油+刹车油更换,2025-07-19 15:18,105004
S3534,比亚迪宋PLUS,142467,全车检查+空调滤芯更换,2024-07-17 11:52,137467
S3535,宝马5系,103957,大保养(机油+三滤+正时皮带),2024-04-09 16:53,93957
S3536,奥迪Q5L,101028,机油+机滤+火花塞更换,2024-04-11 12:50,96028
S3537,福特锐界,20813,刹车油+刹车片+轮胎更换,2024-07-09 13:44,10813
S3538,吉利博越,92873,机油+机滤+燃油滤芯更换,2024-08-21 12:18,87873
S3539,长城魏派VV7,126962,变速箱油+空调滤芯更换,2025-11-20 16:51,116962
S3540,奔驰E级,37845,大保养(机油+三滤+刹车油),2025-04-13 14:19,27845
S3541,丰田卡罗拉,121874,机油+机滤更换,2024-08-22 09:03,116874
S3542,大众朗逸,108719,空调滤芯+空气滤芯更换,2024-05-01 11:55,98719
S3543,本田思域,69729,变速箱油更换,2025-12-29 11:57,59729
S3544,比亚迪汉,85377,全车检查+轮胎换位,2025-07-27 09:14,75377
S3545,宝马3系,67810,大保养(机油+三滤+刹车油),2025-10-05 15:35,57810
S3546,福特蒙迪欧,142952,刹车油+刹车片更换,2024-01-02 14:00,132952
S3547,吉利星越L,98566,机油+机滤+空调滤芯更换,2024-09-17 13:36,93566
S3548,奥迪A4L,102355,变速箱油+火花塞更换,2024-11-19 08:44,92355
S3549,长城哈弗H6,108428,空气滤芯+燃油滤芯更换,2024-04-29 09:37,103428
S3550,奔驰C级,72897,大保养(机油+三滤+变速箱油),2024-12-18 09:31,62897
S3551,丰田凯美瑞,135808,刹车油+冷却液更换,2025-12-07 14:59,125808
S3552,大众帕萨特,69903,机油+机滤+空气滤芯更换,2024-02-14 14:08,64903
S3553,本田CR-V,105729,变速箱油+刹车油更换,2024-10-22 09:49,95729
S3554,比亚迪宋PLUS,130975,全车检查+空调滤芯更换,2024-12-06 15:45,125975
S3555,宝马5系,65336,大保养(机油+三滤+正时皮带),2024-06-10 10:04,55336
S3556,奥迪Q5L,116247,机油+机滤+火花塞更换,2024-12-29 17:05,111247
S3557,福特锐界,29819,刹车油+刹车片+轮胎更换,2025-11-15 17:15,19819
S3558,吉利博越,143253,机油+机滤+燃油滤芯更换,2025-03-10 15:47,138253
S3559,长城魏派VV7,126466,变速箱油+空调滤芯更换,2025-09-20 16:39,116466
S3560,奔驰E级,48458,大保养(机油+三滤+刹车油),2025-04-19 13:55,38458
S3561,丰田卡罗拉,68099,机油+机滤更换,2025-11-18 17:07,63099
S3562,大众朗逸,69140,空调滤芯+空气滤芯更换,2025-12-24 09:45,59140
S3563,本田思域,132842,变速箱油更换,2024-07-31 13:51,122842
S3564,比亚迪汉,66212,全车检查+轮胎换位,2025-03-07 13:27,56212
S3565,宝马3系,126439,大保养(机油+三滤+刹车油),2025-03-05 10:11,116439
S3566,福特蒙迪欧,108236,刹车油+刹车片更换,2025-05-30 11:44,98236
S3567,吉利星越L,136082,机油+机滤+空调滤芯更换,2025-06-24 16:30,131082
S3568,奥迪A4L,61209,变速箱油+火花塞更换,2025-11-19 12:17,51209
S3569,长城哈弗H6,90242,空气滤芯+燃油滤芯更换,2025-12-21 15:47,85242
S3570,奔驰C级,133082,大保养(机油+三滤+变速箱油),2025-02-02 08:24,123082
S3571,丰田凯美瑞,126676,刹车油+冷却液更换,2024-03-03 09:23,116676
S3572,大众帕萨特,131680,机油+机滤+空气滤芯更换,2024-01-13 14:36,126680
S3573,本田CR-V,44883,变速箱油+刹车油更换,2025-01-08 16:01,34883
S3574,比亚迪宋PLUS,105113,全车检查+空调滤芯更换,2024-03-12 17:30,100113
S3575,宝马5系,87355,大保养(机油+三滤+正时皮带),2024-07-05 14:53,77355
S3576,奥迪Q5L,54164,机油+机滤+火花塞更换,2025-08-15 15:44,49164
S3577,福特锐界,106930,刹车油+刹车片+轮胎更换,2024-11-17 10:23,96930
S3578,吉利博越,112245,机油+机滤+燃油滤芯更换,2024-06-25 09:20,107245
S3579,长城魏派VV7,126794,变速箱油+空调滤芯更换,2025-09-29 08:00,116794
S3580,奔驰E级,113303,大保养(机油+三滤+刹车油),2025-06-13 10:13,103303
S3581,丰田卡罗拉,37428,机油+机滤更换,2025-09-03 14:56,32428
S3582,大众朗逸,39574,空调滤芯+空气滤芯更换,2025-07-12 15:17,29574
S3583,本田思域,54807,变速箱油更换,2024-10-30 09:57,44807
S3584,比亚迪汉,114410,全车检查+轮胎换位,2024-12-25 09:33,104410
S3585,宝马3系,38959,大保养(机油+三滤+刹车油),2024-12-21 12:31,28959
S3586,福特蒙迪欧,124321,刹车油+刹车片更换,2025-09-24 08:44,114321
S3587,吉利星越L,41494,机油+机滤+空调滤芯更换,2024-11-28 09:34,36494
S3588,奥迪A4L,109788,变速箱油+火花塞更换,2024-11-19 14:37,99788
S3589,长城哈弗H6,45373,空气滤芯+燃油滤芯更换,2025-05-07 16:00,40373
S3590,奔驰C级,103009,大保养(机油+三滤+变速箱油),2024-09-12 15:27,93009
S3591,丰田凯美瑞,64001,刹车油+冷却液更换,2024-11-12 14:34,54001
S3592,大众帕萨特,89472,机油+机滤+空气滤芯更换,2024-01-02 16:46,84472
S3593,本田CR-V,134710,变速箱油+刹车油更换,2024-07-24 16:36,124710
S3594,比亚迪宋PLUS,145850,全车检查+空调滤芯更换,2025-05-14 14:50,140850
S3595,宝马5系,58336,大保养(机油+三滤+正时皮带),2025-03-17 11:26,48336
S3596,奥迪Q5L,22083,机油+机滤+火花塞更换,2025-08-26 14:00,17083
S3597,福特锐界,72061,刹车油+刹车片+轮胎更换,2025-06-12 13:28,62061
S3598,吉利博越,95185,机油+机滤+燃油滤芯更换,2024-11-10 09:21,90185
S3599,长城魏派VV7,26759,变速箱油+空调滤芯更换,2024-05-06 14:06,16759
S3600,奔驰E级,54619,大保养(机油+三滤+刹车油),2025-07-27 12:36,44619
S3601,丰田卡罗拉,86845,机油+机滤更换,2025-07-05 13:26,81845
S3602,大众朗逸,51975,空调滤芯+空气滤芯更换,2025-02-09 17:18,41975
S3603,本田思域,78803,变速箱油更换,2024-01-15 15:09,68803
S3604,比亚迪汉,71620,全车检查+轮胎换位,2025-04-02 12:15,61620
S3605,宝马3系,63423,大保养(机油+三滤+刹车油),2025-12-11 17:34,53423
S3606,福特蒙迪欧,148732,刹车油+刹车片更换,2024-04-19 12:15,138732
S3607,吉利星越L,115321,机油+机滤+空调滤芯更换,2024-05-07 10:38,110321
S3608,奥迪A4L,94320,变速箱油+火花塞更换,2024-11-11 09:29,84320
S3609,长城哈弗H6,36082,空气滤芯+燃油滤芯更换,2024-01-17 17:22,31082
S3610,奔驰C级,86415,大保养(机油+三滤+变速箱油),2025-07-13 16:24,76415
S3611,丰田凯美瑞,141164,刹车油+冷却液更换,2024-12-17 13:31,131164
S3612,大众帕萨特,109543,机油+机滤+空气滤芯更换,2024-11-13 12:37,104543
S3613,本田CR-V,42926,变速箱油+刹车油更换,2025-04-28 13:17,32926
S3614,比亚迪宋PLUS,135080,全车检查+空调滤芯更换,2024-06-05 15:54,130080
S3615,宝马5系,84565,大保养(机油+三滤+正时皮带),2025-11-12 09:48,74565
S3616,奥迪Q5L,117899,机油+机滤+火花塞更换,2025-03-28 09:31,112899
S3617,福特锐界,99975,刹车油+刹车片+轮胎更换,2024-01-18 12:54,89975
S3618,吉利博越,43856,机油+机滤+燃油滤芯更换,2024-07-19 11:51,38856
S3619,长城魏派VV7,33296,变速箱油+空调滤芯更换,2025-12-24 14:04,23296
S3620,奔驰E级,21462,大保养(机油+三滤+刹车油),2024-06-02 08:55,11462
S3621,丰田卡罗拉,39078,机油+机滤更换,2024-09-05 15:50,34078
S3622,大众朗逸,109000,空调滤芯+空气滤芯更换,2024-05-20 16:29,99000
S3623,本田思域,96157,变速箱油更换,2025-05-28 10:11,86157
S3624,比亚迪汉,73767,全车检查+轮胎换位,2024-03-09 17:41,63767
S3625,宝马3系,100315,大保养(机油+三滤+刹车油),2024-04-20 11:07,90315
S3626,福特蒙迪欧,124710,刹车油+刹车片更换,2024-01-27 10:36,114710
S3627,吉利星越L,47505,机油+机滤+空调滤芯更换,2024-08-11 16:31,42505
S3628,奥迪A4L,74056,变速箱油+火花塞更换,2024-11-29 14:02,64056
S3629,长城哈弗H6,102326,空气滤芯+燃油滤芯更换,2025-04-12 12:09,97326
S3630,奔驰C级,115039,大保养(机油+三滤+变速箱油),2025-07-04 12:38,105039
S3631,丰田凯美瑞,124948,刹车油+冷却液更换,2025-05-24 15:55,114948
S3632,大众帕萨特,117039,机油+机滤+空气滤芯更换,2024-05-28 12:32,112039
S3633,本田CR-V,83536,变速箱油+刹车油更换,2024-10-11 15:51,73536
S3634,比亚迪宋PLUS,70322,全车检查+空调滤芯更换,2025-03-15 08:46,65322
S3635,宝马5系,35357,大保养(机油+三滤+正时皮带),2025-09-29 17:46,25357
S3636,奥迪Q5L,99003,机油+机滤+火花塞更换,2024-10-30 16:58,94003
S3637,福特锐界,85876,刹车油+刹车片+轮胎更换,2024-06-23 13:27,75876
S3638,吉利博越,95512,机油+机滤+燃油滤芯更换,2024-04-04 13:17,90512
S3639,长城魏派VV7,127213,变速箱油+空调滤芯更换,2024-11-15 16:28,117213
S3640,奔驰E级,91265,大保养(机油+三滤+刹车油),2025-01-10 12:02,81265
S3641,丰田卡罗拉,147725,机油+机滤更换,2025-03-12 17:45,142725
S3642,大众朗逸,20500,空调滤芯+空气滤芯更换,2024-05-15 13:54,10500
S3643,本田思域,147644,变速箱油更换,2024-10-08 08:57,137644
S3644,比亚迪汉,121724,全车检查+轮胎换位,2024-07-03 11:09,111724
S3645,宝马3系,149194,大保养(机油+三滤+刹车油),2024-07-06 16:26,139194
S3646,福特蒙迪欧,112530,刹车油+刹车片更换,2024-05-06 16:09,102530
S3647,吉利星越L,95974,机油+机滤+空调滤芯更换,2024-11-02 16:08,90974
S3648,奥迪A4L,125728,变速箱油+火花塞更换,2024-04-08 16:23,115728
S3649,长城哈弗H6,148595,空气滤芯+燃油滤芯更换,2025-09-25 11:51,143595
S3650,奔驰C级,103736,大保养(机油+三滤+变速箱油),2024-09-22 09:33,93736
S3651,丰田凯美瑞,92992,刹车油+冷却液更换,2024-01-15 12:16,82992
S3652,大众帕萨特,97934,机油+机滤+空气滤芯更换,2024-07-13 12:10,92934
S3653,本田CR-V,42695,变速箱油+刹车油更换,2024-02-19 12:52,32695
S3654,比亚迪宋PLUS,91488,全车检查+空调滤芯更换,2025-11-05 13:29,86488
S3655,宝马5系,128625,大保养(机油+三滤+正时皮带),2025-01-09 17:25,118625
S3656,奥迪Q5L,64667,机油+机滤+火花塞更换,2025-07-27 15:54,59667
S3657,福特锐界,127132,刹车油+刹车片+轮胎更换,2025-02-20 14:17,117132
S3658,吉利博越,71299,机油+机滤+燃油滤芯更换,2025-12-06 15:50,66299
S3659,长城魏派VV7,54785,变速箱油+空调滤芯更换,2025-08-11 14:59,44785
S3660,奔驰E级,54940,大保养(机油+三滤+刹车油),2025-06-21 10:02,44940
S3661,丰田卡罗拉,130597,机油+机滤更换,2025-08-15 13:09,125597
S3662,大众朗逸,105206,空调滤芯+空气滤芯更换,2025-08-02 12:52,95206
S3663,本田思域,52433,变速箱油更换,2024-03-10 14:34,42433
S3664,比亚迪汉,134465,全车检查+轮胎换位,2024-12-08 16:45,124465
S3665,宝马3系,90224,大保养(机油+三滤+刹车油),2025-12-12 09:16,80224
S3666,福特蒙迪欧,127005,刹车油+刹车片更换,2025-05-28 12:08,117005
S3667,吉利星越L,133798,机油+机滤+空调滤芯更换,2024-08-28 09:25,128798
S3668,奥迪A4L,97111,变速箱油+火花塞更换,2024-01-08 08:30,87111
S3669,长城哈弗H6,29209,空气滤芯+燃油滤芯更换,2024-10-19 14:07,24209
S3670,奔驰C级,84354,大保养(机油+三滤+变速箱油),2024-01-18 16:57,74354
S3671,丰田凯美瑞,112322,刹车油+冷却液更换,2025-12-04 11:14,102322
S3672,大众帕萨特,134995,机油+机滤+空气滤芯更换,2024-04-02 15:59,129995
S3673,本田CR-V,87190,变速箱油+刹车油更换,2024-09-15 13:40,77190
S3674,比亚迪宋PLUS,50057,全车检查+空调滤芯更换,2025-03-24 12:24,45057
S3675,宝马5系,108649,大保养(机油+三滤+正时皮带),2024-06-26 09:40,98649
S3676,奥迪Q5L,20305,机油+机滤+火花塞更换,2025-12-21 13:52,15305
S3677,福特锐界,47881,刹车油+刹车片+轮胎更换,2025-11-27 16:41,37881
S3678,吉利博越,82213,机油+机滤+燃油滤芯更换,2024-01-11 10:55,77213
S3679,长城魏派VV7,25258,变速箱油+空调滤芯更换,2024-01-31 10:27,15258
S3680,奔驰E级,48763,大保养(机油+三滤+刹车油),2024-10-05 08:39,38763
S3681,丰田卡罗拉,78454,机油+机滤更换,2025-03-17 09:21,73454
S3682,大众朗逸,85220,空调滤芯+空气滤芯更换,2024-03-02 14:05,75220
S3683,本田思域,138113,变速箱油更换,2024-12-17 15:36,128113
S3684,比亚迪汉,136236,全车检查+轮胎换位,2025-04-24 16:30,126236
S3685,宝马3系,37616,大保养(机油+三滤+刹车油),2024-10-24 11:22,27616
S3686,福特蒙迪欧,67565,刹车油+刹车片更换,2024-09-16 15:54,57565
S3687,吉利星越L,98899,机油+机滤+空调滤芯更换,2025-02-16 14:19,93899
S3688,奥迪A4L,118084,变速箱油+火花塞更换,2024-12-10 11:37,108084
S3689,长城哈弗H6,138426,空气滤芯+燃油滤芯更换,2024-04-12 11:09,133426
S3690,奔驰C级,96156,大保养(机油+三滤+变速箱油),2024-05-04 16:27,86156
S3691,丰田凯美瑞,42156,刹车油+冷却液更换,2025-05-22 12:14,32156
S3692,大众帕萨特,93420,机油+机滤+空气滤芯更换,2024-05-10 10:25,88420
S3693,本田CR-V,122575,变速箱油+刹车油更换,2025-08-18 12:06,112575
S3694,比亚迪宋PLUS,25564,全车检查+空调滤芯更换,2024-09-07 09:17,20564
S3695,宝马5系,91428,大保养(机油+三滤+正时皮带),2024-10-10 12:43,81428
S3696,奥迪Q5L,24409,机油+机滤+火花塞更换,2025-07-18 12:53,19409
S3697,福特锐界,101897,刹车油+刹车片+轮胎更换,2025-05-08 08:12,91897
S3698,吉利博越,101783,机油+机滤+燃油滤芯更换,2025-11-21 12:46,96783
S3699,长城魏派VV7,142987,变速箱油+空调滤芯更换,2024-10-12 09:54,132987
S3700,奔驰E级,78329,大保养(机油+三滤+刹车油),2025-11-10 09:10,68329
S3701,丰田卡罗拉,72438,机油+机滤更换,2024-11-15 09:18,67438
S3702,大众朗逸,116351,空调滤芯+空气滤芯更换,2025-05-10 16:16,106351
S3703,本田思域,37797,变速箱油更换,2024-08-15 15:07,27797
S3704,比亚迪汉,125557,全车检查+轮胎换位,2024-07-16 09:36,115557
S3705,宝马3系,101590,大保养(机油+三滤+刹车油),2024-07-26 14:27,91590
S3706,福特蒙迪欧,73063,刹车油+刹车片更换,2025-03-22 08:25,63063
S3707,吉利星越L,111991,机油+机滤+空调滤芯更换,2024-08-20 10:02,106991
S3708,奥迪A4L,131204,变速箱油+火花塞更换,2025-01-05 14:20,121204
S3709,长城哈弗H6,78196,空气滤芯+燃油滤芯更换,2024-05-13 11:47,73196
S3710,奔驰C级,136978,大保养(机油+三滤+变速箱油),2025-10-12 17:31,126978
S3711,丰田凯美瑞,29988,刹车油+冷却液更换,2024-09-14 08:36,19988
S3712,大众帕萨特,30313,机油+机滤+空气滤芯更换,2025-04-23 14:59,25313
S3713,本田CR-V,111377,变速箱油+刹车油更换,2024-09-26 12:32,101377
S3714,比亚迪宋PLUS,131145,全车检查+空调滤芯更换,2024-11-23 08:04,126145
S3715,宝马5系,121511,大保养(机油+三滤+正时皮带),2025-07-25 13:52,111511
S3716,奥迪Q5L,91512,机油+机滤+火花塞更换,2025-12-02 13:06,86512
S3717,福特锐界,61833,刹车油+刹车片+轮胎更换,2024-09-13 10:36,51833
S3718,吉利博越,91480,机油+机滤+燃油滤芯更换,2025-03-04 16:14,86480
S3719,长城魏派VV7,44577,变速箱油+空调滤芯更换,2025-06-06 10:42,34577
S3720,奔驰E级,111943,大保养(机油+三滤+刹车油),2024-11-06 09:53,101943
S3721,丰田卡罗拉,100333,机油+机滤更换,2025-04-04 09:01,95333
S3722,大众朗逸,71607,空调滤芯+空气滤芯更换,2025-05-19 14:47,61607
S3723,本田思域,148775,变速箱油更换,2025-07-15 16:36,138775
S3724,比亚迪汉,55419,全车检查+轮胎换位,2025-07-05 17:13,45419
S3725,宝马3系,62089,大保养(机油+三滤+刹车油),2024-08-30 16:37,52089
S3726,福特蒙迪欧,82383,刹车油+刹车片更换,2024-11-24 11:03,72383
S3727,吉利星越L,54478,机油+机滤+空调滤芯更换,2024-03-05 15:42,49478
S3728,奥迪A4L,59859,变速箱油+火花塞更换,2024-02-15 10:42,49859
S3729,长城哈弗H6,127083,空气滤芯+燃油滤芯更换,2024-07-24 13:36,122083
S3730,奔驰C级,69931,大保养(机油+三滤+变速箱油),2024-03-21 15:11,59931
S3731,丰田凯美瑞,30717,刹车油+冷却液更换,2025-11-03 13:09,20717
S3732,大众帕萨特,46215,机油+机滤+空气滤芯更换,2024-12-18 10:08,41215
S3733,本田CR-V,121254,变速箱油+刹车油更换,2025-05-07 14:09,111254
S3734,比亚迪宋PLUS,80141,全车检查+空调滤芯更换,2024-02-08 17:12,75141
S3735,宝马5系,29145,大保养(机油+三滤+正时皮带),2024-08-07 14:16,19145
S3736,奥迪Q5L,110456,机油+机滤+火花塞更换,2024-06-03 14:22,105456
S3737,福特锐界,133795,刹车油+刹车片+轮胎更换,2025-07-19 16:17,123795
S3738,吉利博越,78762,机油+机滤+燃油滤芯更换,2025-04-01 17:53,73762
S3739,长城魏派VV7,128880,变速箱油+空调滤芯更换,2025-10-24 14:45,118880
S3740,奔驰E级,63760,大保养(机油+三滤+刹车油),2024-01-14 09:26,53760
S3741,丰田卡罗拉,102912,机油+机滤更换,2025-04-05 15:19,97912
S3742,大众朗逸,110451,空调滤芯+空气滤芯更换,2025-02-04 10:14,100451
S3743,本田思域,134539,变速箱油更换,2024-12-11 11:05,124539
S3744,比亚迪汉,50308,全车检查+轮胎换位,2025-02-20 11:49,40308
S3745,宝马3系,62028,大保养(机油+三滤+刹车油),2024-03-05 09:10,52028
S3746,福特蒙迪欧,63712,刹车油+刹车片更换,2025-06-19 09:45,53712
S3747,吉利星越L,43539,机油+机滤+空调滤芯更换,2024-06-07 14:38,38539
S3748,奥迪A4L,39279,变速箱油+火花塞更换,2025-04-29 11:54,29279
S3749,长城哈弗H6,110364,空气滤芯+燃油滤芯更换,2025-09-27 09:25,105364
S3750,奔驰C级,116288,大保养(机油+三滤+变速箱油),2025-05-10 12:11,106288
S3751,丰田凯美瑞,59844,刹车油+冷却液更换,2025-03-28 09:10,49844
S3752,大众帕萨特,24277,机油+机滤+空气滤芯更换,2025-02-21 13:50,19277
S3753,本田CR-V,120031,变速箱油+刹车油更换,2024-06-04 08:35,110031
S3754,比亚迪宋PLUS,57030,全车检查+空调滤芯更换,2024-02-12 12:11,52030
S3755,宝马5系,139639,大保养(机油+三滤+正时皮带),2024-05-06 13:25,129639
S3756,奥迪Q5L,147400,机油+机滤+火花塞更换,2025-04-09 12:50,142400
S3757,福特锐界,119777,刹车油+刹车片+轮胎更换,2024-12-15 16:46,109777
S3758,吉利博越,53975,机油+机滤+燃油滤芯更换,2025-08-20 10:36,48975
S3759,长城魏派VV7,114158,变速箱油+空调滤芯更换,2024-05-22 15:27,104158
S3760,奔驰E级,67593,大保养(机油+三滤+刹车油),2024-02-28 13:36,57593
S3761,丰田卡罗拉,79183,机油+机滤更换,2025-10-27 09:53,74183
S3762,大众朗逸,81619,空调滤芯+空气滤芯更换,2024-07-12 15:11,71619
S3763,本田思域,30979,变速箱油更换,2024-05-20 14:07,20979
S3764,比亚迪汉,105464,全车检查+轮胎换位,2024-07-06 10:47,95464
S3765,宝马3系,80264,大保养(机油+三滤+刹车油),2025-10-15 09:28,70264
S3766,福特蒙迪欧,66738,刹车油+刹车片更换,2024-04-29 09:32,56738
S3767,吉利星越L,88028,机油+机滤+空调滤芯更换,2024-03-24 09:55,83028
S3768,奥迪A4L,98851,变速箱油+火花塞更换,2025-09-06 16:32,88851
S3769,长城哈弗H6,99701,空气滤芯+燃油滤芯更换,2024-05-10 16:59,94701
S3770,奔驰C级,27372,大保养(机油+三滤+变速箱油),2024-01-30 14:25,17372
S3771,丰田凯美瑞,90355,刹车油+冷却液更换,2024-10-10 10:56,80355
S3772,大众帕萨特,134209,机油+机滤+空气滤芯更换,2025-04-05 17:59,129209
S3773,本田CR-V,49174,变速箱油+刹车油更换,2025-07-24 12:44,39174
S3774,比亚迪宋PLUS,51585,全车检查+空调滤芯更换,2025-11-14 12:23,46585
S3775,宝马5系,68253,大保养(机油+三滤+正时皮带),2025-03-03 15:56,58253
S3776,奥迪Q5L,54918,机油+机滤+火花塞更换,2024-09-01 16:59,49918
S3777,福特锐界,118332,刹车油+刹车片+轮胎更换,2024-06-19 14:56,108332
S3778,吉利博越,118426,机油+机滤+燃油滤芯更换,2025-10-03 13:21,113426
S3779,长城魏派VV7,142975,变速箱油+空调滤芯更换,2025-03-11 08:29,132975
S3780,奔驰E级,36048,大保养(机油+三滤+刹车油),2024-06-13 17:39,26048
S3781,丰田卡罗拉,68366,机油+机滤更换,2024-02-04 17:14,63366
S3782,大众朗逸,34716,空调滤芯+空气滤芯更换,2025-03-01 12:12,24716
S3783,本田思域,54863,变速箱油更换,2025-11-08 10:11,44863
S3784,比亚迪汉,134223,全车检查+轮胎换位,2024-08-30 15:01,124223
S3785,宝马3系,129522,大保养(机油+三滤+刹车油),2024-10-18 11:17,119522
S3786,福特蒙迪欧,144228,刹车油+刹车片更换,2024-11-01 16:34,134228
S3787,吉利星越L,88000,机油+机滤+空调滤芯更换,2024-02-02 17:31,83000
S3788,奥迪A4L,106956,变速箱油+火花塞更换,2024-02-02 14:57,96956
S3789,长城哈弗H6,90504,空气滤芯+燃油滤芯更换,2025-03-16 15:43,85504
S3790,奔驰C级,24225,大保养(机油+三滤+变速箱油),2025-07-02 13:27,14225
S3791,丰田凯美瑞,124081,刹车油+冷却液更换,2025-04-26 11:05,114081
S3792,大众帕萨特,69921,机油+机滤+空气滤芯更换,2024-03-08 13:11,64921
S3793,本田CR-V,94164,变速箱油+刹车油更换,2025-03-25 13:53,84164
S3794,比亚迪宋PLUS,105140,全车检查+空调滤芯更换,2025-11-01 11:41,100140
S3795,宝马5系,29087,大保养(机油+三滤+正时皮带),2024-06-23 13:57,19087
S3796,奥迪Q5L,111461,机油+机滤+火花塞更换,2024-05-09 11:02,106461
S3797,福特锐界,56258,刹车油+刹车片+轮胎更换,2024-09-18 12:59,46258
S3798,吉利博越,73285,机油+机滤+燃油滤芯更换,2024-06-14 12:17,68285
S3799,长城魏派VV7,126559,变速箱油+空调滤芯更换,2025-03-05 16:07,116559
S3800,奔驰E级,37618,大保养(机油+三滤+刹车油),2025-09-08 17:44,27618
S3801,丰田卡罗拉,56806,机油+机滤更换,2025-09-24 10:56,51806
S3802,大众朗逸,43422,空调滤芯+空气滤芯更换,2024-03-26 12:43,33422
S3803,本田思域,53700,变速箱油更换,2024-01-15 13:30,43700
S3804,比亚迪汉,125888,全车检查+轮胎换位,2025-03-25 09:09,115888
S3805,宝马3系,102091,大保养(机油+三滤+刹车油),2024-10-30 16:55,92091
S3806,福特蒙迪欧,80090,刹车油+刹车片更换,2025-12-11 11:00,70090
S3807,吉利星越L,97544,机油+机滤+空调滤芯更换,2025-01-26 15:28,92544
S3808,奥迪A4L,140425,变速箱油+火花塞更换,2025-09-15 10:49,130425
S3809,长城哈弗H6,137492,空气滤芯+燃油滤芯更换,2025-08-03 14:23,132492
S3810,奔驰C级,85095,大保养(机油+三滤+变速箱油),2024-08-21 13:02,75095
S3811,丰田凯美瑞,97525,刹车油+冷却液更换,2025-07-04 10:11,87525
S3812,大众帕萨特,90450,机油+机滤+空气滤芯更换,2025-07-08 09:05,85450
S3813,本田CR-V,25254,变速箱油+刹车油更换,2025-02-18 09:41,15254
S3814,比亚迪宋PLUS,118471,全车检查+空调滤芯更换,2025-02-15 12:01,113471
S3815,宝马5系,128549,大保养(机油+三滤+正时皮带),2024-08-29 09:49,118549
S3816,奥迪Q5L,113093,机油+机滤+火花塞更换,2025-09-25 17:09,108093
S3817,福特锐界,49693,刹车油+刹车片+轮胎更换,2024-02-10 13:08,39693
S3818,吉利博越,115691,机油+机滤+燃油滤芯更换,2025-09-22 13:18,110691
S3819,长城魏派VV7,41678,变速箱油+空调滤芯更换,2025-06-30 15:07,31678
S3820,奔驰E级,80151,大保养(机油+三滤+刹车油),2024-08-30 09:07,70151
S3821,丰田卡罗拉,121326,机油+机滤更换,2024-11-19 10:26,116326
S3822,大众朗逸,141673,空调滤芯+空气滤芯更换,2024-10-01 16:01,131673
S3823,本田思域,96028,变速箱油更换,2025-10-13 13:04,86028
S3824,比亚迪汉,142087,全车检查+轮胎换位,2024-02-21 08:33,132087
S3825,宝马3系,85105,大保养(机油+三滤+刹车油),2025-11-27 15:44,75105
S3826,福特蒙迪欧,34360,刹车油+刹车片更换,2024-03-14 08:13,24360
S3827,吉利星越L,145091,机油+机滤+空调滤芯更换,2025-06-09 14:03,140091
S3828,奥迪A4L,92729,变速箱油+火花塞更换,2024-03-01 13:22,82729
S3829,长城哈弗H6,95384,空气滤芯+燃油滤芯更换,2024-09-07 09:30,90384
S3830,奔驰C级,80453,大保养(机油+三滤+变速箱油),2025-07-04 13:12,70453
S3831,丰田凯美瑞,89942,刹车油+冷却液更换,2024-09-23 14:53,79942
S3832,大众帕萨特,89747,机油+机滤+空气滤芯更换,2024-10-30 09:47,84747
S3833,本田CR-V,144985,变速箱油+刹车油更换,2025-03-09 15:08,134985
S3834,比亚迪宋PLUS,145955,全车检查+空调滤芯更换,2024-01-06 16:43,140955
S3835,宝马5系,86523,大保养(机油+三滤+正时皮带),2025-02-19 15:11,76523
S3836,奥迪Q5L,44667,机油+机滤+火花塞更换,2025-05-27 10:44,39667
S3837,福特锐界,110961,刹车油+刹车片+轮胎更换,2025-07-02 11:50,100961
S3838,吉利博越,65516,机油+机滤+燃油滤芯更换,2024-02-07 14:32,60516
S3839,长城魏派VV7,131053,变速箱油+空调滤芯更换,2025-04-20 12:29,121053
S3840,奔驰E级,95485,大保养(机油+三滤+刹车油),2025-03-07 11:02,85485
S3841,丰田卡罗拉,62621,机油+机滤更换,2025-06-06 08:52,57621
S3842,大众朗逸,29992,空调滤芯+空气滤芯更换,2024-10-16 12:00,19992
S3843,本田思域,69966,变速箱油更换,2025-11-27 17:24,59966
S3844,比亚迪汉,124412,全车检查+轮胎换位,2025-03-17 12:10,114412
S3845,宝马3系,76784,大保养(机油+三滤+刹车油),2024-04-03 13:07,66784
S3846,福特蒙迪欧,106107,刹车油+刹车片更换,2025-04-19 17:38,96107
S3847,吉利星越L,29099,机油+机滤+空调滤芯更换,2025-04-29 17:18,24099
S3848,奥迪A4L,110382,变速箱油+火花塞更换,2025-12-01 08:07,100382
S3849,长城哈弗H6,90522,空气滤芯+燃油滤芯更换,2024-09-28 12:50,85522
S3850,奔驰C级,134282,大保养(机油+三滤+变速箱油),2024-01-20 16:59,124282
S3851,丰田凯美瑞,51324,刹车油+冷却液更换,2024-06-27 12:19,41324
S3852,大众帕萨特,81660,机油+机滤+空气滤芯更换,2024-09-04 09:45,76660
S3853,本田CR-V,56376,变速箱油+刹车油更换,2025-08-15 16:36,46376
S3854,比亚迪宋PLUS,47718,全车检查+空调滤芯更换,2025-08-22 15:11,42718
S3855,宝马5系,142818,大保养(机油+三滤+正时皮带),2025-02-03 08:25,132818
S3856,奥迪Q5L,61868,机油+机滤+火花塞更换,2024-08-18 17:03,56868
S3857,福特锐界,27300,刹车油+刹车片+轮胎更换,2024-01-21 14:09,17300
S3858,吉利博越,121798,机油+机滤+燃油滤芯更换,2024-08-05 11:43,116798
S3859,长城魏派VV7,74493,变速箱油+空调滤芯更换,2025-05-21 10:49,64493
S3860,奔驰E级,97285,大保养(机油+三滤+刹车油),2024-01-23 13:07,87285
S3861,丰田卡罗拉,53896,机油+机滤更换,2024-01-14 12:45,48896
S3862,大众朗逸,53091,空调滤芯+空气滤芯更换,2024-11-18 16:11,43091
S3863,本田思域,26252,变速箱油更换,2024-12-27 13:29,16252
S3864,比亚迪汉,105285,全车检查+轮胎换位,2025-03-23 16:04,95285
S3865,宝马3系,101185,大保养(机油+三滤+刹车油),2024-11-11 12:23,91185
S3866,福特蒙迪欧,50157,刹车油+刹车片更换,2024-07-24 10:18,40157
S3867,吉利星越L,136750,机油+机滤+空调滤芯更换,2025-12-19 15:48,131750
S3868,奥迪A4L,23994,变速箱油+火花塞更换,2024-11-23 17:51,13994
S3869,长城哈弗H6,39261,空气滤芯+燃油滤芯更换,2024-12-27 12:27,34261
S3870,奔驰C级,77194,大保养(机油+三滤+变速箱油),2024-01-23 15:18,67194
S3871,丰田凯美瑞,90068,刹车油+冷却液更换,2024-12-03 13:24,80068
S3872,大众帕萨特,117055,机油+机滤+空气滤芯更换,2024-02-24 11:14,112055
S3873,本田CR-V,88411,变速箱油+刹车油更换,2024-05-08 14:17,78411
S3874,比亚迪宋PLUS,69526,全车检查+空调滤芯更换,2024-12-31 11:41,64526
S3875,宝马5系,30406,大保养(机油+三滤+正时皮带),2025-05-01 17:00,20406
S3876,奥迪Q5L,61674,机油+机滤+火花塞更换,2025-06-23 08:12,56674
S3877,福特锐界,92094,刹车油+刹车片+轮胎更换,2024-01-30 17:58,82094
S3878,吉利博越,42505,机油+机滤+燃油滤芯更换,2025-07-06 10:19,37505
S3879,长城魏派VV7,37682,变速箱油+空调滤芯更换,2024-01-05 08:06,27682
S3880,奔驰E级,122669,大保养(机油+三滤+刹车油),2024-11-20 13:40,112669
S3881,丰田卡罗拉,81512,机油+机滤更换,2025-12-20 13:09,76512
S3882,大众朗逸,64604,空调滤芯+空气滤芯更换,2024-12-31 15:20,54604
S3883,本田思域,40855,变速箱油更换,2024-09-17 16:45,30855
S3884,比亚迪汉,46987,全车检查+轮胎换位,2025-05-17 10:28,36987
S3885,宝马3系,32662,大保养(机油+三滤+刹车油),2024-01-31 10:37,22662
S3886,福特蒙迪欧,23572,刹车油+刹车片更换,2024-12-13 12:00,13572
S3887,吉利星越L,67863,机油+机滤+空调滤芯更换,2024-01-25 08:47,62863
S3888,奥迪A4L,99375,变速箱油+火花塞更换,2024-09-18 09:00,89375
S3889,长城哈弗H6,113790,空气滤芯+燃油滤芯更换,2025-05-14 13:48,108790
S3890,奔驰C级,140237,大保养(机油+三滤+变速箱油),2025-02-17 11:06,130237
S3891,丰田凯美瑞,84596,刹车油+冷却液更换,2025-06-10 15:04,74596
S3892,大众帕萨特,102621,机油+机滤+空气滤芯更换,2025-04-16 13:09,97621
S3893,本田CR-V,34358,变速箱油+刹车油更换,2024-12-03 14:21,24358
S3894,比亚迪宋PLUS,25184,全车检查+空调滤芯更换,2024-10-09 10:51,20184
S3895,宝马5系,95030,大保养(机油+三滤+正时皮带),2025-11-05 15:29,85030
S3896,奥迪Q5L,75345,机油+机滤+火花塞更换,2024-10-25 09:49,70345
S3897,福特锐界,74952,刹车油+刹车片+轮胎更换,2025-11-03 15:27,64952
S3898,吉利博越,48231,机油+机滤+燃油滤芯更换,2024-01-03 16:27,43231
S3899,长城魏派VV7,71251,变速箱油+空调滤芯更换,2025-03-02 14:57,61251
S3900,奔驰E级,148287,大保养(机油+三滤+刹车油),2025-09-30 15:26,138287
S3901,丰田卡罗拉,87965,机油+机滤更换,2025-10-18 14:15,82965
S3902,大众朗逸,86111,空调滤芯+空气滤芯更换,2024-05-28 13:44,76111
S3903,本田思域,90665,变速箱油更换,2025-12-23 10:22,80665
S3904,比亚迪汉,34934,全车检查+轮胎换位,2024-12-30 16:58,24934
S3905,宝马3系,109973,大保养(机油+三滤+刹车油),2024-10-02 10:35,99973
S3906,福特蒙迪欧,117804,刹车油+刹车片更换,2024-12-19 14:13,107804
S3907,吉利星越L,38484,机油+机滤+空调滤芯更换,2024-08-18 14:51,33484
S3908,奥迪A4L,116017,变速箱油+火花塞更换,2024-06-27 09:42,106017
S3909,长城哈弗H6,24097,空气滤芯+燃油滤芯更换,2025-10-06 08:18,19097
S3910,奔驰C级,132544,大保养(机油+三滤+变速箱油),2024-10-12 15:53,122544
S3911,丰田凯美瑞,96576,刹车油+冷却液更换,2024-11-02 17:14,86576
S3912,大众帕萨特,93185,机油+机滤+空气滤芯更换,2024-02-23 15:58,88185
S3913,本田CR-V,147304,变速箱油+刹车油更换,2024-04-13 08:42,137304
S3914,比亚迪宋PLUS,52988,全车检查+空调滤芯更换,2025-05-12 17:18,47988
S3915,宝马5系,20841,大保养(机油+三滤+正时皮带),2025-04-18 15:12,10841
S3916,奥迪Q5L,84314,机油+机滤+火花塞更换,2024-02-23 11:48,79314
S3917,福特锐界,137046,刹车油+刹车片+轮胎更换,2025-08-30 17:57,127046
S3918,吉利博越,32290,机油+机滤+燃油滤芯更换,2024-10-27 12:14,27290
S3919,长城魏派VV7,149400,变速箱油+空调滤芯更换,2024-08-30 10:43,139400
S3920,奔驰E级,55783,大保养(机油+三滤+刹车油),2025-12-26 16:21,45783
S3921,丰田卡罗拉,107394,机油+机滤更换,2025-11-18 13:48,102394
S3922,大众朗逸,84611,空调滤芯+空气滤芯更换,2025-06-22 10:46,74611
S3923,本田思域,70488,变速箱油更换,2025-09-17 16:04,60488
S3924,比亚迪汉,41899,全车检查+轮胎换位,2025-06-12 15:37,31899
S3925,宝马3系,93514,大保养(机油+三滤+刹车油),2024-11-12 14:01,83514
S3926,福特蒙迪欧,122355,刹车油+刹车片更换,2024-12-25 17:48,112355
S3927,吉利星越L,124862,机油+机滤+空调滤芯更换,2024-07-11 14:10,119862
S3928,奥迪A4L,91976,变速箱油+火花塞更换,2024-03-07 12:42,81976
S3929,长城哈弗H6,43338,空气滤芯+燃油滤芯更换,2024-02-24 08:05,38338
S3930,奔驰C级,48884,大保养(机油+三滤+变速箱油),2025-12-24 15:02,38884
S3931,丰田凯美瑞,63546,刹车油+冷却液更换,2025-01-30 13:17,53546
S3932,大众帕萨特,122328,机油+机滤+空气滤芯更换,2024-10-30 10:17,117328
S3933,本田CR-V,108500,变速箱油+刹车油更换,2024-01-31 11:49,98500
S3934,比亚迪宋PLUS,30488,全车检查+空调滤芯更换,2024-11-21 10:06,25488
S3935,宝马5系,55495,大保养(机油+三滤+正时皮带),2024-10-11 13:29,45495
S3936,奥迪Q5L,77990,机油+机滤+火花塞更换,2025-09-10 12:29,72990
S3937,福特锐界,124059,刹车油+刹车片+轮胎更换,2024-03-06 08:50,114059
S3938,吉利博越,125775,机油+机滤+燃油滤芯更换,2025-10-22 10:14,120775
S3939,长城魏派VV7,103672,变速箱油+空调滤芯更换,2025-07-31 16:43,93672
S3940,奔驰E级,118586,大保养(机油+三滤+刹车油),2025-10-28 13:10,108586
S3941,丰田卡罗拉,104538,机油+机滤更换,2024-03-25 12:41,99538
S3942,大众朗逸,85930,空调滤芯+空气滤芯更换,2025-03-24 08:38,75930
S3943,本田思域,64413,变速箱油更换,2024-02-21 11:13,54413
S3944,比亚迪汉,67394,全车检查+轮胎换位,2025-11-19 14:07,57394
S3945,宝马3系,65583,大保养(机油+三滤+刹车油),2024-09-28 14:43,55583
S3946,福特蒙迪欧,120769,刹车油+刹车片更换,2024-08-30 09:32,110769
S3947,吉利星越L,59341,机油+机滤+空调滤芯更换,2025-05-20 16:04,54341
S3948,奥迪A4L,48208,变速箱油+火花塞更换,2025-05-06 12:56,38208
S3949,长城哈弗H6,101890,空气滤芯+燃油滤芯更换,2024-10-17 08:10,96890
S3950,奔驰C级,61312,大保养(机油+三滤+变速箱油),2025-03-21 14:22,51312
S3951,丰田凯美瑞,112556,刹车油+冷却液更换,2025-11-15 09:23,102556
S3952,大众帕萨特,30872,机油+机滤+空气滤芯更换,2024-05-10 09:53,25872
S3953,本田CR-V,56933,变速箱油+刹车油更换,2025-11-30 16:03,46933
S3954,比亚迪宋PLUS,116941,全车检查+空调滤芯更换,2025-12-07 16:57,111941
S3955,宝马5系,95789,大保养(机油+三滤+正时皮带),2024-03-10 10:55,85789
S3956,奥迪Q5L,101581,机油+机滤+火花塞更换,2024-12-22 10:08,96581
S3957,福特锐界,113799,刹车油+刹车片+轮胎更换,2025-04-23 10:37,103799
S3958,吉利博越,84283,机油+机滤+燃油滤芯更换,2024-05-22 15:14,79283
S3959,长城魏派VV7,146664,变速箱油+空调滤芯更换,2025-05-20 17:28,136664
S3960,奔驰E级,51187,大保养(机油+三滤+刹车油),2024-04-02 15:38,41187
S3961,丰田卡罗拉,26665,机油+机滤更换,2025-08-15 15:30,21665
S3962,大众朗逸,148111,空调滤芯+空气滤芯更换,2025-03-11 09:57,138111
S3963,本田思域,58759,变速箱油更换,2024-01-22 11:02,48759
S3964,比亚迪汉,75658,全车检查+轮胎换位,2025-10-01 17:14,65658
S3965,宝马3系,76718,大保养(机油+三滤+刹车油),2024-09-17 14:32,66718
S3966,福特蒙迪欧,27289,刹车油+刹车片更换,2024-12-19 13:39,17289
S3967,吉利星越L,61346,机油+机滤+空调滤芯更换,2025-04-13 11:55,56346
S3968,奥迪A4L,65999,变速箱油+火花塞更换,2024-07-31 09:03,55999
S3969,长城哈弗H6,125657,空气滤芯+燃油滤芯更换,2025-12-12 14:56,120657
S3970,奔驰C级,101276,大保养(机油+三滤+变速箱油),2024-10-12 15:54,91276
S3971,丰田凯美瑞,91365,刹车油+冷却液更换,2025-07-23 11:51,81365
S3972,大众帕萨特,113538,机油+机滤+空气滤芯更换,2025-03-17 13:13,108538
S3973,本田CR-V,77954,变速箱油+刹车油更换,2024-11-25 12:16,67954
S3974,比亚迪宋PLUS,67017,全车检查+空调滤芯更换,2024-03-06 15:25,62017
S3975,宝马5系,29795,大保养(机油+三滤+正时皮带),2024-07-16 17:33,19795
S3976,奥迪Q5L,137538,机油+机滤+火花塞更换,2024-05-11 16:17,132538
S3977,福特锐界,90921,刹车油+刹车片+轮胎更换,2025-02-10 10:56,80921
S3978,吉利博越,145950,机油+机滤+燃油滤芯更换,2024-08-16 14:10,140950
S3979,长城魏派VV7,65603,变速箱油+空调滤芯更换,2025-09-18 13:13,55603
S3980,奔驰E级,142606,大保养(机油+三滤+刹车油),2025-09-02 09:02,132606
S3981,丰田卡罗拉,21011,机油+机滤更换,2025-03-28 17:46,16011
S3982,大众朗逸,93791,空调滤芯+空气滤芯更换,2025-11-19 09:50,83791
S3983,本田思域,52704,变速箱油更换,2025-06-11 17:35,42704
S3984,比亚迪汉,126079,全车检查+轮胎换位,2025-09-14 11:20,116079
S3985,宝马3系,97217,大保养(机油+三滤+刹车油),2025-01-14 17:51,87217
S3986,福特蒙迪欧,21157,刹车油+刹车片更换,2025-09-02 15:25,11157
S3987,吉利星越L,50478,机油+机滤+空调滤芯更换,2024-12-29 17:39,45478
S3988,奥迪A4L,113052,变速箱油+火花塞更换,2024-07-26 10:26,103052
S3989,长城哈弗H6,113713,空气滤芯+燃油滤芯更换,2024-08-18 08:43,108713
S3990,奔驰C级,92058,大保养(机油+三滤+变速箱油),2024-09-29 14:00,82058
S3991,丰田凯美瑞,71158,刹车油+冷却液更换,2025-02-20 10:51,61158
S3992,大众帕萨特,68597,机油+机滤+空气滤芯更换,2024-06-22 09:15,63597
S3993,本田CR-V,117313,变速箱油+刹车油更换,2025-07-28 12:40,107313
S3994,比亚迪宋PLUS,78536,全车检查+空调滤芯更换,2024-08-28 08:58,73536
S3995,宝马5系,137884,大保养(机油+三滤+正时皮带),2025-04-21 10:39,127884
S3996,奥迪Q5L,39714,机油+机滤+火花塞更换,2024-02-29 13:12,34714
S3997,福特锐界,118809,刹车油+刹车片+轮胎更换,2024-10-13 09:18,108809
S3998,吉利博越,81875,机油+机滤+燃油滤芯更换,2025-04-12 09:01,76875
S3999,长城魏派VV7,99076,变速箱油+空调滤芯更换,2025-05-24 16:44,89076
S4000,奔驰E级,94063,大保养(机油+三滤+刹车油),2025-12-16 13:50,84063
S4001,丰田卡罗拉,108300,机油+机滤更换,2025-04-23 10:32,103300
S4002,大众朗逸,91397,空调滤芯+空气滤芯更换,2025-11-14 13:51,81397
S4003,本田思域,99594,变速箱油更换,2024-10-04 09:31,89594
S4004,比亚迪汉,90789,全车检查+轮胎换位,2024-04-22 17:22,80789
S4005,宝马3系,44293,大保养(机油+三滤+刹车油),2025-02-09 12:25,34293
S4006,福特蒙迪欧,113658,刹车油+刹车片更换,2024-04-16 11:33,103658
S4007,吉利星越L,142610,机油+机滤+空调滤芯更换,2024-06-04 16:09,137610
S4008,奥迪A4L,36201,变速箱油+火花塞更换,2025-02-13 16:51,26201
S4009,长城哈弗H6,53224,空气滤芯+燃油滤芯更换,2025-02-09 08:10,48224
S4010,奔驰C级,63604,大保养(机油+三滤+变速箱油),2024-11-18 08:59,53604
S4011,丰田凯美瑞,76521,刹车油+冷却液更换,2024-03-20 09:09,66521
S4012,大众帕萨特,36636,机油+机滤+空气滤芯更换,2025-07-02 11:06,31636
S4013,本田CR-V,136895,变速箱油+刹车油更换,2024-01-05 16:51,126895
S4014,比亚迪宋PLUS,138182,全车检查+空调滤芯更换,2025-11-01 12:50,133182
S4015,宝马5系,142868,大保养(机油+三滤+正时皮带),2025-01-25 15:09,132868
S4016,奥迪Q5L,106592,机油+机滤+火花塞更换,2025-09-26 08:31,101592
S4017,福特锐界,88213,刹车油+刹车片+轮胎更换,2025-07-08 10:49,78213
S4018,吉利博越,21512,机油+机滤+燃油滤芯更换,2024-03-12 11:11,16512
S4019,长城魏派VV7,129052,变速箱油+空调滤芯更换,2025-08-01 16:46,119052
S4020,奔驰E级,137307,大保养(机油+三滤+刹车油),2025-03-15 15:56,127307
S4021,丰田卡罗拉,145320,机油+机滤更换,2025-04-04 10:11,140320
S4022,大众朗逸,43603,空调滤芯+空气滤芯更换,2024-09-11 11:54,33603
S4023,本田思域,133716,变速箱油更换,2024-10-19 16:55,123716
S4024,比亚迪汉,29033,全车检查+轮胎换位,2025-02-03 13:36,19033
S4025,宝马3系,41187,大保养(机油+三滤+刹车油),2025-01-14 12:00,31187
S4026,福特蒙迪欧,31623,刹车油+刹车片更换,2025-03-01 13:40,21623
S4027,吉利星越L,33664,机油+机滤+空调滤芯更换,2024-01-21 09:42,28664
S4028,奥迪A4L,86183,变速箱油+火花塞更换,2024-05-05 12:15,76183
S4029,长城哈弗H6,124945,空气滤芯+燃油滤芯更换,2024-07-03 12:04,119945
S4030,奔驰C级,94439,大保养(机油+三滤+变速箱油),2025-06-03 09:51,84439
S4031,丰田凯美瑞,127823,刹车油+冷却液更换,2024-01-07 11:50,117823
S4032,大众帕萨特,121935,机油+机滤+空气滤芯更换,2025-07-18 08:21,116935
S4033,本田CR-V,82252,变速箱油+刹车油更换,2024-03-31 13:10,72252
S4034,比亚迪宋PLUS,58144,全车检查+空调滤芯更换,2025-06-18 16:11,53144
S4035,宝马5系,81883,大保养(机油+三滤+正时皮带),2025-09-24 12:29,71883
S4036,奥迪Q5L,112305,机油+机滤+火花塞更换,2025-01-20 12:47,107305
S4037,福特锐界,32586,刹车油+刹车片+轮胎更换,2024-03-06 08:30,22586
S4038,吉利博越,60553,机油+机滤+燃油滤芯更换,2025-01-04 15:25,55553
S4039,长城魏派VV7,75195,变速箱油+空调滤芯更换,2025-12-24 12:46,65195
S4040,奔驰E级,77695,大保养(机油+三滤+刹车油),2024-12-26 08:48,67695
S4041,丰田卡罗拉,72445,机油+机滤更换,2024-06-18 15:07,67445
S4042,大众朗逸,22422,空调滤芯+空气滤芯更换,2025-08-28 14:35,12422
S4043,本田思域,106614,变速箱油更换,2025-09-12 08:55,96614
S4044,比亚迪汉,95758,全车检查+轮胎换位,2025-04-08 12:42,85758
S4045,宝马3系,146536,大保养(机油+三滤+刹车油),2025-04-27 11:59,136536
S4046,福特蒙迪欧,44420,刹车油+刹车片更换,2024-12-18 08:41,34420
S4047,吉利星越L,99351,机油+机滤+空调滤芯更换,2024-11-06 16:14,94351
S4048,奥迪A4L,93967,变速箱油+火花塞更换,2024-08-14 08:15,83967
S4049,长城哈弗H6,23683,空气滤芯+燃油滤芯更换,2024-04-11 09:10,18683
S4050,奔驰C级,28658,大保养(机油+三滤+变速箱油),2025-01-14 09:35,18658
S4051,丰田凯美瑞,106889,刹车油+冷却液更换,2025-12-10 08:23,96889
S4052,大众帕萨特,75895,机油+机滤+空气滤芯更换,2024-02-23 14:58,70895
S4053,本田CR-V,119760,变速箱油+刹车油更换,2025-12-21 09:52,109760
S4054,比亚迪宋PLUS,137492,全车检查+空调滤芯更换,2025-03-22 10:12,132492
S4055,宝马5系,145272,大保养(机油+三滤+正时皮带),2025-12-22 11:50,135272
S4056,奥迪Q5L,121471,机油+机滤+火花塞更换,2024-06-03 08:15,116471
S4057,福特锐界,135139,刹车油+刹车片+轮胎更换,2024-04-08 12:13,125139
S4058,吉利博越,51496,机油+机滤+燃油滤芯更换,2025-05-20 12:39,46496
S4059,长城魏派VV7,53449,变速箱油+空调滤芯更换,2024-03-08 08:45,43449
S4060,奔驰E级,57885,大保养(机油+三滤+刹车油),2024-10-16 14:00,47885
S4061,丰田卡罗拉,64959,机油+机滤更换,2024-01-01 09:18,59959
S4062,大众朗逸,38793,空调滤芯+空气滤芯更换,2025-05-27 13:53,28793
S4063,本田思域,34739,变速箱油更换,2025-10-29 13:46,24739
S4064,比亚迪汉,89661,全车检查+轮胎换位,2025-02-21 12:23,79661
S4065,宝马3系,125709,大保养(机油+三滤+刹车油),2024-03-19 17:51,115709
S4066,福特蒙迪欧,81883,刹车油+刹车片更换,2025-05-20 10:59,71883
S4067,吉利星越L,108180,机油+机滤+空调滤芯更换,2024-11-15 12:55,103180
S4068,奥迪A4L,37413,变速箱油+火花塞更换,2024-01-02 17:43,27413
S4069,长城哈弗H6,114844,空气滤芯+燃油滤芯更换,2025-12-07 12:57,109844
S4070,奔驰C级,54145,大保养(机油+三滤+变速箱油),2025-02-19 08:44,44145
S4071,丰田凯美瑞,39896,刹车油+冷却液更换,2025-02-23 12:44,29896
S4072,大众帕萨特,91340,机油+机滤+空气滤芯更换,2025-09-05 11:11,86340
S4073,本田CR-V,34017,变速箱油+刹车油更换,2024-11-12 12:48,24017
S4074,比亚迪宋PLUS,92702,全车检查+空调滤芯更换,2025-03-09 10:19,87702
S4075,宝马5系,25302,大保养(机油+三滤+正时皮带),2025-09-10 12:09,15302
S4076,奥迪Q5L,107514,机油+机滤+火花塞更换,2025-01-03 15:14,102514
S4077,福特锐界,124118,刹车油+刹车片+轮胎更换,2025-06-30 10:53,114118
S4078,吉利博越,21752,机油+机滤+燃油滤芯更换,2025-10-26 15:15,16752
S4079,长城魏派VV7,117717,变速箱油+空调滤芯更换,2024-11-18 16:39,107717
S4080,奔驰E级,25687,大保养(机油+三滤+刹车油),2024-04-02 16:26,15687
S4081,丰田卡罗拉,37144,机油+机滤更换,2024-09-13 17:04,32144
S4082,大众朗逸,98226,空调滤芯+空气滤芯更换,2025-12-12 09:55,88226
S4083,本田思域,24732,变速箱油更换,2024-01-23 13:02,14732
S4084,比亚迪汉,92651,全车检查+轮胎换位,2024-12-10 09:16,82651
S4085,宝马3系,54196,大保养(机油+三滤+刹车油),2025-05-31 16:55,44196
S4086,福特蒙迪欧,147112,刹车油+刹车片更换,2025-01-17 14:00,137112
S4087,吉利星越L,127949,机油+机滤+空调滤芯更换,2025-12-22 16:23,122949
S4088,奥迪A4L,30278,变速箱油+火花塞更换,2025-12-06 14:32,20278
S4089,长城哈弗H6,121467,空气滤芯+燃油滤芯更换,2025-04-22 11:27,116467
S4090,奔驰C级,34168,大保养(机油+三滤+变速箱油),2024-02-09 17:40,24168
S4091,丰田凯美瑞,57191,刹车油+冷却液更换,2024-04-12 14:21,47191
S4092,大众帕萨特,62679,机油+机滤+空气滤芯更换,2025-07-28 15:23,57679
S4093,本田CR-V,100211,变速箱油+刹车油更换,2025-06-09 14:58,90211
S4094,比亚迪宋PLUS,28186,全车检查+空调滤芯更换,2025-05-12 15:10,23186
S4095,宝马5系,97256,大保养(机油+三滤+正时皮带),2025-10-24 12:51,87256
S4096,奥迪Q5L,81088,机油+机滤+火花塞更换,2025-12-11 09:25,76088
S4097,福特锐界,121545,刹车油+刹车片+轮胎更换,2025-03-22 11:58,111545
S4098,吉利博越,143946,机油+机滤+燃油滤芯更换,2024-01-17 08:37,138946
S4099,长城魏派VV7,98474,变速箱油+空调滤芯更换,2025-04-10 08:18,88474
S4100,奔驰E级,74115,大保养(机油+三滤+刹车油),2024-03-09 16:58,64115
S4101,丰田卡罗拉,42417,机油+机滤更换,2024-07-30 08:37,37417
S4102,大众朗逸,22564,空调滤芯+空气滤芯更换,2025-03-02 09:47,12564
S4103,本田思域,99869,变速箱油更换,2024-10-04 16:43,89869
S4104,比亚迪汉,87054,全车检查+轮胎换位,2025-06-15 09:38,77054
S4105,宝马3系,82519,大保养(机油+三滤+刹车油),2024-09-14 17:11,72519
S4106,福特蒙迪欧,140398,刹车油+刹车片更换,2025-07-23 12:07,130398
S4107,吉利星越L,72661,机油+机滤+空调滤芯更换,2024-04-15 13:11,67661
S4108,奥迪A4L,48453,变速箱油+火花塞更换,2024-12-03 10:56,38453
S4109,长城哈弗H6,88525,空气滤芯+燃油滤芯更换,2024-10-31 09:21,83525
S4110,奔驰C级,87822,大保养(机油+三滤+变速箱油),2025-03-28 17:01,77822
S4111,丰田凯美瑞,138377,刹车油+冷却液更换,2024-11-19 10:08,128377
S4112,大众帕萨特,77727,机油+机滤+空气滤芯更换,2024-02-15 12:37,72727
S4113,本田CR-V,81460,变速箱油+刹车油更换,2024-12-28 15:17,71460
S4114,比亚迪宋PLUS,138130,全车检查+空调滤芯更换,2025-07-09 14:28,133130
S4115,宝马5系,104821,大保养(机油+三滤+正时皮带),2024-10-06 13:49,94821
S4116,奥迪Q5L,128078,机油+机滤+火花塞更换,2024-05-13 08:58,123078
S4117,福特锐界,52299,刹车油+刹车片+轮胎更换,2025-08-12 17:05,42299
S4118,吉利博越,108969,机油+机滤+燃油滤芯更换,2025-02-16 09:03,103969
S4119,长城魏派VV7,102764,变速箱油+空调滤芯更换,2024-02-04 14:56,92764
S4120,奔驰E级,105186,大保养(机油+三滤+刹车油),2024-03-25 10:39,95186
S4121,丰田卡罗拉,118141,机油+机滤更换,2024-03-10 08:56,113141
S4122,大众朗逸,39365,空调滤芯+空气滤芯更换,2025-08-02 12:53,29365
S4123,本田思域,120950,变速箱油更换,2024-03-13 14:04,110950
S4124,比亚迪汉,47163,全车检查+轮胎换位,2024-04-22 15:55,37163
S4125,宝马3系,108915,大保养(机油+三滤+刹车油),2025-08-06 13:44,98915
S4126,福特蒙迪欧,120477,刹车油+刹车片更换,2024-04-02 10:22,110477
S4127,吉利星越L,75536,机油+机滤+空调滤芯更换,2024-05-15 12:38,70536
S4128,奥迪A4L,51894,变速箱油+火花塞更换,2024-05-07 16:57,41894
S4129,长城哈弗H6,50664,空气滤芯+燃油滤芯更换,2024-04-07 14:56,45664
S4130,奔驰C级,38272,大保养(机油+三滤+变速箱油),2024-08-24 12:55,28272
S4131,丰田凯美瑞,65099,刹车油+冷却液更换,2025-09-17 16:15,55099
S4132,大众帕萨特,72622,机油+机滤+空气滤芯更换,2025-09-08 13:07,67622
S4133,本田CR-V,29133,变速箱油+刹车油更换,2025-04-29 11:10,19133
S4134,比亚迪宋PLUS,91104,全车检查+空调滤芯更换,2024-09-02 10:00,86104
S4135,宝马5系,83972,大保养(机油+三滤+正时皮带),2024-03-28 17:17,73972
S4136,奥迪Q5L,20658,机油+机滤+火花塞更换,2025-01-29 09:50,15658
S4137,福特锐界,123328,刹车油+刹车片+轮胎更换,2024-08-02 11:59,113328
S4138,吉利博越,92518,机油+机滤+燃油滤芯更换,2025-03-30 08:00,87518
S4139,长城魏派VV7,64434,变速箱油+空调滤芯更换,2024-04-12 09:40,54434
S4140,奔驰E级,71622,大保养(机油+三滤+刹车油),2024-06-07 13:40,61622
S4141,丰田卡罗拉,120085,机油+机滤更换,2025-02-25 14:42,115085
S4142,大众朗逸,112599,空调滤芯+空气滤芯更换,2024-12-07 12:52,102599
S4143,本田思域,100013,变速箱油更换,2024-03-25 14:23,90013
S4144,比亚迪汉,48961,全车检查+轮胎换位,2024-11-24 17:27,38961
S4145,宝马3系,67387,大保养(机油+三滤+刹车油),2024-07-01 14:19,57387
S4146,福特蒙迪欧,131407,刹车油+刹车片更换,2024-05-08 16:11,121407
S4147,吉利星越L,71961,机油+机滤+空调滤芯更换,2025-10-24 09:43,66961
S4148,奥迪A4L,35147,变速箱油+火花塞更换,2025-07-27 12:48,25147
S4149,长城哈弗H6,31882,空气滤芯+燃油滤芯更换,2025-08-25 09:18,26882
S4150,奔驰C级,44921,大保养(机油+三滤+变速箱油),2024-12-24 10:42,34921
S4151,丰田凯美瑞,132237,刹车油+冷却液更换,2024-01-24 10:31,122237
S4152,大众帕萨特,146289,机油+机滤+空气滤芯更换,2024-10-01 17:42,141289
S4153,本田CR-V,74673,变速箱油+刹车油更换,2025-02-27 16:42,64673
S4154,比亚迪宋PLUS,125329,全车检查+空调滤芯更换,2024-05-25 10:04,120329
S4155,宝马5系,64985,大保养(机油+三滤+正时皮带),2024-04-06 16:10,54985
S4156,奥迪Q5L,116236,机油+机滤+火花塞更换,2025-09-02 17:24,111236
S4157,福特锐界,58879,刹车油+刹车片+轮胎更换,2025-05-11 16:42,48879
S4158,吉利博越,24260,机油+机滤+燃油滤芯更换,2024-12-18 11:20,19260
S4159,长城魏派VV7,146946,变速箱油+空调滤芯更换,2025-12-23 16:56,136946
S4160,奔驰E级,48609,大保养(机油+三滤+刹车油),2024-01-04 16:36,38609
S4161,丰田卡罗拉,127156,机油+机滤更换,2024-12-07 15:29,122156
S4162,大众朗逸,75944,空调滤芯+空气滤芯更换,2025-10-04 13:32,65944
S4163,本田思域,89429,变速箱油更换,2025-06-27 10:17,79429
S4164,比亚迪汉,21129,全车检查+轮胎换位,2025-01-16 16:22,11129
S4165,宝马3系,113103,大保养(机油+三滤+刹车油),2024-07-10 10:55,103103
S4166,福特蒙迪欧,50317,刹车油+刹车片更换,2025-01-21 16:58,40317
S4167,吉利星越L,25537,机油+机滤+空调滤芯更换,2025-10-27 08:24,20537
S4168,奥迪A4L,122068,变速箱油+火花塞更换,2024-01-27 13:40,112068
S4169,长城哈弗H6,62678,空气滤芯+燃油滤芯更换,2024-03-13 11:16,57678
S4170,奔驰C级,36644,大保养(机油+三滤+变速箱油),2025-10-29 16:38,26644
S4171,丰田凯美瑞,80000,刹车油+冷却液更换,2024-01-18 11:45,70000
S4172,大众帕萨特,71406,机油+机滤+空气滤芯更换,2024-05-14 10:22,66406
S4173,本田CR-V,28158,变速箱油+刹车油更换,2025-06-13 13:11,18158
S4174,比亚迪宋PLUS,32344,全车检查+空调滤芯更换,2025-08-08 08:17,27344
S4175,宝马5系,60662,大保养(机油+三滤+正时皮带),2025-08-09 11:43,50662
S4176,奥迪Q5L,116618,机油+机滤+火花塞更换,2025-02-07 17:00,111618
S4177,福特锐界,149404,刹车油+刹车片+轮胎更换,2025-06-05 10:44,139404
S4178,吉利博越,149727,机油+机滤+燃油滤芯更换,2025-10-28 10:04,144727
S4179,长城魏派VV7,86066,变速箱油+空调滤芯更换,2024-08-22 10:41,76066
S4180,奔驰E级,31857,大保养(机油+三滤+刹车油),2024-02-19 17:03,21857
S4181,丰田卡罗拉,21093,机油+机滤更换,2024-02-23 15:06,16093
S4182,大众朗逸,111429,空调滤芯+空气滤芯更换,2024-09-20 11:19,101429
S4183,本田思域,93237,变速箱油更换,2025-04-10 14:47,83237
S4184,比亚迪汉,86243,全车检查+轮胎换位,2025-09-22 09:49,76243
S4185,宝马3系,55105,大保养(机油+三滤+刹车油),2025-07-29 14:02,45105
S4186,福特蒙迪欧,115129,刹车油+刹车片更换,2025-11-01 17:41,105129
S4187,吉利星越L,139947,机油+机滤+空调滤芯更换,2024-04-25 11:21,134947
S4188,奥迪A4L,21932,变速箱油+火花塞更换,2024-11-11 11:17,11932
S4189,长城哈弗H6,139251,空气滤芯+燃油滤芯更换,2025-03-27 12:19,134251
S4190,奔驰C级,123514,大保养(机油+三滤+变速箱油),2025-10-09 15:09,113514
S4191,丰田凯美瑞,45841,刹车油+冷却液更换,2025-10-02 10:38,35841
S4192,大众帕萨特,119760,机油+机滤+空气滤芯更换,2025-01-08 11:18,114760
S4193,本田CR-V,138696,变速箱油+刹车油更换,2024-04-12 15:20,128696
S4194,比亚迪宋PLUS,116376,全车检查+空调滤芯更换,2024-12-19 12:02,111376
S4195,宝马5系,79052,大保养(机油+三滤+正时皮带),2025-11-12 14:51,69052
S4196,奥迪Q5L,84074,机油+机滤+火花塞更换,2025-11-01 13:15,79074
S4197,福特锐界,115253,刹车油+刹车片+轮胎更换,2025-10-16 14:02,105253
S4198,吉利博越,74461,机油+机滤+燃油滤芯更换,2024-02-25 16:18,69461
S4199,长城魏派VV7,149147,变速箱油+空调滤芯更换,2025-10-23 10:53,139147
S4200,奔驰E级,94211,大保养(机油+三滤+刹车油),2024-12-31 11:57,84211
S4201,丰田卡罗拉,119382,机油+机滤更换,2025-07-28 10:58,114382
S4202,大众朗逸,115956,空调滤芯+空气滤芯更换,2025-11-12 08:51,105956
S4203,本田思域,83729,变速箱油更换,2024-05-05 10:37,73729
S4204,比亚迪汉,87655,全车检查+轮胎换位,2024-11-22 12:39,77655
S4205,宝马3系,48857,大保养(机油+三滤+刹车油),2024-06-21 16:35,38857
S4206,福特蒙迪欧,149674,刹车油+刹车片更换,2024-08-01 09:11,139674
S4207,吉利星越L,49566,机油+机滤+空调滤芯更换,2024-04-15 11:57,44566
S4208,奥迪A4L,139326,变速箱油+火花塞更换,2024-06-12 13:18,129326
S4209,长城哈弗H6,112768,空气滤芯+燃油滤芯更换,2024-10-31 13:36,107768
S4210,奔驰C级,62684,大保养(机油+三滤+变速箱油),2024-01-18 08:03,52684
S4211,丰田凯美瑞,86134,刹车油+冷却液更换,2024-09-08 12:26,76134
S4212,大众帕萨特,126245,机油+机滤+空气滤芯更换,2024-11-30 15:20,121245
S4213,本田CR-V,107083,变速箱油+刹车油更换,2024-12-28 17:13,97083
S4214,比亚迪宋PLUS,143769,全车检查+空调滤芯更换,2024-06-24 08:30,138769
S4215,宝马5系,47821,大保养(机油+三滤+正时皮带),2024-05-11 10:47,37821
S4216,奥迪Q5L,83813,机油+机滤+火花塞更换,2024-03-08 17:29,78813
S4217,福特锐界,87594,刹车油+刹车片+轮胎更换,2025-08-16 17:30,77594
S4218,吉利博越,97712,机油+机滤+燃油滤芯更换,2025-12-14 12:14,92712
S4219,长城魏派VV7,39905,变速箱油+空调滤芯更换,2025-02-27 14:16,29905
S4220,奔驰E级,73250,大保养(机油+三滤+刹车油),2024-09-06 16:43,63250
S4221,丰田卡罗拉,125676,机油+机滤更换,2024-07-22 13:59,120676
S4222,大众朗逸,72365,空调滤芯+空气滤芯更换,2024-01-28 17:41,62365
S4223,本田思域,67254,变速箱油更换,2025-01-29 08:38,57254
S4224,比亚迪汉,96803,全车检查+轮胎换位,2024-03-20 13:12,86803
S4225,宝马3系,90430,大保养(机油+三滤+刹车油),2025-07-19 12:45,80430
S4226,福特蒙迪欧,94557,刹车油+刹车片更换,2024-05-07 11:24,84557
S4227,吉利星越L,47384,机油+机滤+空调滤芯更换,2025-10-10 12:25,42384
S4228,奥迪A4L,60879,变速箱油+火花塞更换,2024-04-17 08:29,50879
S4229,长城哈弗H6,99924,空气滤芯+燃油滤芯更换,2024-12-26 09:06,94924
S4230,奔驰C级,149523,大保养(机油+三滤+变速箱油),2024-04-11 12:06,139523
S4231,丰田凯美瑞,25615,刹车油+冷却液更换,2025-09-27 13:16,15615
S4232,大众帕萨特,42265,机油+机滤+空气滤芯更换,2024-01-21 13:10,37265
S4233,本田CR-V,122109,变速箱油+刹车油更换,2025-09-12 08:10,112109
S4234,比亚迪宋PLUS,20243,全车检查+空调滤芯更换,2025-06-05 15:26,15243
S4235,宝马5系,51155,大保养(机油+三滤+正时皮带),2025-03-16 13:43,41155
S4236,奥迪Q5L,75611,机油+机滤+火花塞更换,2025-11-14 15:03,70611
S4237,福特锐界,100501,刹车油+刹车片+轮胎更换,2024-04-19 08:43,90501
S4238,吉利博越,45990,机油+机滤+燃油滤芯更换,2025-12-22 10:10,40990
S4239,长城魏派VV7,48069,变速箱油+空调滤芯更换,2025-07-05 16:23,38069
S4240,奔驰E级,149358,大保养(机油+三滤+刹车油),2024-03-21 13:56,139358
S4241,丰田卡罗拉,149915,机油+机滤更换,2024-03-31 09:35,144915
S4242,大众朗逸,109540,空调滤芯+空气滤芯更换,2025-05-25 17:05,99540
S4243,本田思域,55215,变速箱油更换,2024-11-05 08:37,45215
S4244,比亚迪汉,42802,全车检查+轮胎换位,2024-01-28 17:48,32802
S4245,宝马3系,108573,大保养(机油+三滤+刹车油),2024-10-31 12:55,98573
S4246,福特蒙迪欧,32394,刹车油+刹车片更换,2024-09-30 09:31,22394
S4247,吉利星越L,44831,机油+机滤+空调滤芯更换,2025-02-13 10:41,39831
S4248,奥迪A4L,103929,变速箱油+火花塞更换,2025-02-01 12:37,93929
S4249,长城哈弗H6,31825,空气滤芯+燃油滤芯更换,2024-05-14 15:46,26825
S4250,奔驰C级,121182,大保养(机油+三滤+变速箱油),2024-08-06 09:50,111182
S4251,丰田凯美瑞,51349,刹车油+冷却液更换,2025-08-19 17:49,41349
S4252,大众帕萨特,86526,机油+机滤+空气滤芯更换,2024-08-17 08:58,81526
S4253,本田CR-V,147105,变速箱油+刹车油更换,2024-04-19 16:10,137105
S4254,比亚迪宋PLUS,64019,全车检查+空调滤芯更换,2024-12-08 11:04,59019
S4255,宝马5系,50203,大保养(机油+三滤+正时皮带),2024-06-09 17:41,40203
S4256,奥迪Q5L,147491,机油+机滤+火花塞更换,2025-05-24 12:43,142491
S4257,福特锐界,99023,刹车油+刹车片+轮胎更换,2025-09-15 13:33,89023
S4258,吉利博越,65311,机油+机滤+燃油滤芯更换,2024-02-21 16:25,60311
S4259,长城魏派VV7,138439,变速箱油+空调滤芯更换,2024-11-10 17:50,128439
S4260,奔驰E级,114562,大保养(机油+三滤+刹车油),2025-03-12 12:57,104562
S4261,丰田卡罗拉,38237,机油+机滤更换,2024-12-18 15:52,33237
S4262,大众朗逸,117206,空调滤芯+空气滤芯更换,2025-04-01 15:07,107206
S4263,本田思域,57147,变速箱油更换,2024-09-30 08:09,47147
S4264,比亚迪汉,138497,全车检查+轮胎换位,2024-02-21 13:05,128497
S4265,宝马3系,136787,大保养(机油+三滤+刹车油),2025-01-08 14:30,126787
S4266,福特蒙迪欧,48483,刹车油+刹车片更换,2025-11-20 08:13,38483
S4267,吉利星越L,25295,机油+机滤+空调滤芯更换,2025-03-25 15:39,20295
S4268,奥迪A4L,118409,变速箱油+火花塞更换,2024-09-29 08:41,108409
S4269,长城哈弗H6,117630,空气滤芯+燃油滤芯更换,2025-04-16 13:46,112630
S4270,奔驰C级,96730,大保养(机油+三滤+变速箱油),2024-12-18 11:15,86730
S4271,丰田凯美瑞,134796,刹车油+冷却液更换,2024-09-09 17:34,124796
S4272,大众帕萨特,47712,机油+机滤+空气滤芯更换,2025-11-05 10:48,42712
S4273,本田CR-V,52621,变速箱油+刹车油更换,2024-01-24 15:22,42621
S4274,比亚迪宋PLUS,136554,全车检查+空调滤芯更换,2024-10-20 08:15,131554
S4275,宝马5系,119865,大保养(机油+三滤+正时皮带),2024-06-25 09:57,109865
S4276,奥迪Q5L,32950,机油+机滤+火花塞更换,2025-12-19 11:17,27950
S4277,福特锐界,36343,刹车油+刹车片+轮胎更换,2025-09-06 08:01,26343
S4278,吉利博越,67445,机油+机滤+燃油滤芯更换,2025-05-20 12:39,62445
S4279,长城魏派VV7,44326,变速箱油+空调滤芯更换,2025-08-24 15:17,34326
S4280,奔驰E级,49645,大保养(机油+三滤+刹车油),2024-08-05 16:09,39645
S4281,丰田卡罗拉,31571,机油+机滤更换,2024-09-24 08:25,26571
S4282,大众朗逸,48432,空调滤芯+空气滤芯更换,2024-06-04 17:22,38432
S4283,本田思域,79912,变速箱油更换,2024-10-11 17:52,69912
S4284,比亚迪汉,58843,全车检查+轮胎换位,2024-03-30 09:39,48843
S4285,宝马3系,146957,大保养(机油+三滤+刹车油),2024-05-27 15:43,136957
S4286,福特蒙迪欧,82115,刹车油+刹车片更换,2024-03-23 10:01,72115
S4287,吉利星越L,67664,机油+机滤+空调滤芯更换,2025-03-24 10:47,62664
S4288,奥迪A4L,29769,变速箱油+火花塞更换,2025-12-18 11:41,19769
S4289,长城哈弗H6,73096,空气滤芯+燃油滤芯更换,2025-04-08 13:28,68096
S4290,奔驰C级,90427,大保养(机油+三滤+变速箱油),2024-08-12 16:37,80427
S4291,丰田凯美瑞,51537,刹车油+冷却液更换,2024-03-18 15:04,41537
S4292,大众帕萨特,31392,机油+机滤+空气滤芯更换,2024-08-02 09:08,26392
S4293,本田CR-V,122794,变速箱油+刹车油更换,2024-07-26 13:02,112794
S4294,比亚迪宋PLUS,142581,全车检查+空调滤芯更换,2025-08-07 08:55,137581
S4295,宝马5系,50942,大保养(机油+三滤+正时皮带),2024-12-18 08:58,40942
S4296,奥迪Q5L,64959,机油+机滤+火花塞更换,2024-07-20 16:20,59959
S4297,福特锐界,125965,刹车油+刹车片+轮胎更换,2024-05-21 16:35,115965
S4298,吉利博越,49864,机油+机滤+燃油滤芯更换,2025-10-10 11:06,44864
S4299,长城魏派VV7,142753,变速箱油+空调滤芯更换,2024-03-27 10:57,132753
S4300,奔驰E级,49984,大保养(机油+三滤+刹车油),2024-03-03 14:43,39984
S4301,丰田卡罗拉,138068,机油+机滤更换,2025-09-16 08:40,133068
S4302,大众朗逸,123844,空调滤芯+空气滤芯更换,2025-07-03 17:57,113844
S4303,本田思域,81239,变速箱油更换,2025-12-08 15:15,71239
S4304,比亚迪汉,143298,全车检查+轮胎换位,2025-08-15 11:19,133298
S4305,宝马3系,144482,大保养(机油+三滤+刹车油),2024-04-13 16:19,134482
S4306,福特蒙迪欧,100856,刹车油+刹车片更换,2024-04-23 13:30,90856
S4307,吉利星越L,38337,机油+机滤+空调滤芯更换,2024-04-15 15:06,33337
S4308,奥迪A4L,30195,变速箱油+火花塞更换,2025-07-02 11:52,20195
S4309,长城哈弗H6,112714,空气滤芯+燃油滤芯更换,2024-10-05 12:40,107714
S4310,奔驰C级,126547,大保养(机油+三滤+变速箱油),2025-02-27 09:57,116547
S4311,丰田凯美瑞,124345,刹车油+冷却液更换,2025-03-12 17:41,114345
S4312,大众帕萨特,93176,机油+机滤+空气滤芯更换,2025-11-15 10:40,88176
S4313,本田CR-V,130721,变速箱油+刹车油更换,2025-01-19 17:51,120721
S4314,比亚迪宋PLUS,110011,全车检查+空调滤芯更换,2024-11-19 14:57,105011
S4315,宝马5系,98308,大保养(机油+三滤+正时皮带),2024-08-27 13:20,88308
S4316,奥迪Q5L,24052,机油+机滤+火花塞更换,2024-09-22 12:23,19052
S4317,福特锐界,34624,刹车油+刹车片+轮胎更换,2025-12-23 12:42,24624
S4318,吉利博越,59591,机油+机滤+燃油滤芯更换,2025-03-01 15:43,54591
S4319,长城魏派VV7,64351,变速箱油+空调滤芯更换,2025-07-29 11:59,54351
S4320,奔驰E级,47165,大保养(机油+三滤+刹车油),2024-07-06 12:59,37165
S4321,丰田卡罗拉,89483,机油+机滤更换,2024-11-17 13:49,84483
S4322,大众朗逸,116484,空调滤芯+空气滤芯更换,2025-05-05 13:44,106484
S4323,本田思域,131092,变速箱油更换,2024-03-15 09:55,121092
S4324,比亚迪汉,141627,全车检查+轮胎换位,2024-03-09 08:36,131627
S4325,宝马3系,80998,大保养(机油+三滤+刹车油),2024-08-24 10:40,70998
S4326,福特蒙迪欧,54697,刹车油+刹车片更换,2024-03-27 11:13,44697
S4327,吉利星越L,123792,机油+机滤+空调滤芯更换,2024-05-23 16:47,118792
S4328,奥迪A4L,113807,变速箱油+火花塞更换,2024-11-20 14:41,103807
S4329,长城哈弗H6,38907,空气滤芯+燃油滤芯更换,2024-12-12 10:52,33907
S4330,奔驰C级,73644,大保养(机油+三滤+变速箱油),2025-08-10 17:54,63644
S4331,丰田凯美瑞,63302,刹车油+冷却液更换,2025-10-21 14:49,53302
S4332,大众帕萨特,66956,机油+机滤+空气滤芯更换,2024-06-13 08:19,61956
S4333,本田CR-V,136756,变速箱油+刹车油更换,2024-02-23 16:11,126756
S4334,比亚迪宋PLUS,58309,全车检查+空调滤芯更换,2024-05-22 08:56,53309
S4335,宝马5系,102378,大保养(机油+三滤+正时皮带),2024-04-05 13:07,92378
S4336,奥迪Q5L,138285,机油+机滤+火花塞更换,2025-11-16 10:23,133285
S4337,福特锐界,40770,刹车油+刹车片+轮胎更换,2025-04-02 10:55,30770
S4338,吉利博越,148207,机油+机滤+燃油滤芯更换,2024-07-09 12:40,143207
S4339,长城魏派VV7,40749,变速箱油+空调滤芯更换,2025-01-23 11:30,30749
S4340,奔驰E级,137076,大保养(机油+三滤+刹车油),2025-07-26 17:41,127076
S4341,丰田卡罗拉,130508,机油+机滤更换,2024-12-22 11:56,125508
S4342,大众朗逸,115851,空调滤芯+空气滤芯更换,2025-10-21 10:13,105851
S4343,本田思域,35231,变速箱油更换,2024-06-15 17:52,25231
S4344,比亚迪汉,130766,全车检查+轮胎换位,2025-03-20 08:09,120766
S4345,宝马3系,138441,大保养(机油+三滤+刹车油),2025-03-08 16:22,128441
S4346,福特蒙迪欧,125832,刹车油+刹车片更换,2024-09-13 15:42,115832
S4347,吉利星越L,85748,机油+机滤+空调滤芯更换,2025-08-01 13:21,80748
S4348,奥迪A4L,111219,变速箱油+火花塞更换,2024-04-10 11:13,101219
S4349,长城哈弗H6,143755,空气滤芯+燃油滤芯更换,2025-12-02 10:09,138755
S4350,奔驰C级,120135,大保养(机油+三滤+变速箱油),2025-10-10 12:22,110135
S4351,丰田凯美瑞,121816,刹车油+冷却液更换,2024-04-26 17:37,111816
S4352,大众帕萨特,126589,机油+机滤+空气滤芯更换,2024-11-10 13:27,121589
S4353,本田CR-V,51900,变速箱油+刹车油更换,2024-06-27 14:17,41900
S4354,比亚迪宋PLUS,115944,全车检查+空调滤芯更换,2024-11-26 16:42,110944
S4355,宝马5系,48471,大保养(机油+三滤+正时皮带),2024-12-17 17:59,38471
S4356,奥迪Q5L,34608,机油+机滤+火花塞更换,2024-01-20 08:30,29608
S4357,福特锐界,35271,刹车油+刹车片+轮胎更换,2024-01-28 15:32,25271
S4358,吉利博越,42284,机油+机滤+燃油滤芯更换,2024-03-16 16:18,37284
S4359,长城魏派VV7,119418,变速箱油+空调滤芯更换,2024-06-11 14:17,109418
S4360,奔驰E级,79520,大保养(机油+三滤+刹车油),2025-03-07 13:13,69520
S4361,丰田卡罗拉,141089,机油+机滤更换,2025-09-16 12:57,136089
S4362,大众朗逸,139335,空调滤芯+空气滤芯更换,2025-07-15 10:30,129335
S4363,本田思域,85977,变速箱油更换,2025-03-30 09:41,75977
S4364,比亚迪汉,104725,全车检查+轮胎换位,2024-01-07 15:35,94725
S4365,宝马3系,46903,大保养(机油+三滤+刹车油),2025-10-24 08:35,36903
S4366,福特蒙迪欧,72216,刹车油+刹车片更换,2024-12-11 15:19,62216
S4367,吉利星越L,148226,机油+机滤+空调滤芯更换,2025-11-20 08:39,143226
S4368,奥迪A4L,135052,变速箱油+火花塞更换,2025-10-11 16:54,125052
S4369,长城哈弗H6,68216,空气滤芯+燃油滤芯更换,2024-11-09 09:03,63216
S4370,奔驰C级,105129,大保养(机油+三滤+变速箱油),2024-08-23 15:12,95129
S4371,丰田凯美瑞,97594,刹车油+冷却液更换,2024-07-02 17:39,87594
S4372,大众帕萨特,104402,机油+机滤+空气滤芯更换,2024-04-20 12:35,99402
S4373,本田CR-V,81539,变速箱油+刹车油更换,2025-10-25 08:48,71539
S4374,比亚迪宋PLUS,124171,全车检查+空调滤芯更换,2025-08-08 15:19,119171
S4375,宝马5系,130186,大保养(机油+三滤+正时皮带),2025-03-30 16:00,120186
S4376,奥迪Q5L,112203,机油+机滤+火花塞更换,2024-04-10 13:11,107203
S4377,福特锐界,148674,刹车油+刹车片+轮胎更换,2024-02-13 15:59,138674
S4378,吉利博越,128213,机油+机滤+燃油滤芯更换,2025-12-28 12:04,123213
S4379,长城魏派VV7,23206,变速箱油+空调滤芯更换,2024-07-30 13:30,13206
S4380,奔驰E级,104624,大保养(机油+三滤+刹车油),2024-06-11 11:06,94624
S4381,丰田卡罗拉,71143,机油+机滤更换,2024-07-14 12:22,66143
S4382,大众朗逸,131390,空调滤芯+空气滤芯更换,2024-01-11 12:40,121390
S4383,本田思域,21131,变速箱油更换,2025-10-14 14:48,11131
S4384,比亚迪汉,35153,全车检查+轮胎换位,2024-12-13 16:30,25153
S4385,宝马3系,26266,大保养(机油+三滤+刹车油),2024-06-04 10:30,16266
S4386,福特蒙迪欧,135687,刹车油+刹车片更换,2025-08-29 12:31,125687
S4387,吉利星越L,34782,机油+机滤+空调滤芯更换,2024-05-08 08:19,29782
S4388,奥迪A4L,38377,变速箱油+火花塞更换,2024-04-13 13:24,28377
S4389,长城哈弗H6,47816,空气滤芯+燃油滤芯更换,2025-02-04 16:21,42816
S4390,奔驰C级,30255,大保养(机油+三滤+变速箱油),2025-02-04 15:39,20255
S4391,丰田凯美瑞,93055,刹车油+冷却液更换,2024-11-27 14:19,83055
S4392,大众帕萨特,54613,机油+机滤+空气滤芯更换,2025-01-21 10:49,49613
S4393,本田CR-V,23547,变速箱油+刹车油更换,2025-07-15 15:38,13547
S4394,比亚迪宋PLUS,60175,全车检查+空调滤芯更换,2025-03-26 09:54,55175
S4395,宝马5系,125396,大保养(机油+三滤+正时皮带),2025-05-24 13:38,115396
S4396,奥迪Q5L,115318,机油+机滤+火花塞更换,2024-11-30 17:18,110318
S4397,福特锐界,32625,刹车油+刹车片+轮胎更换,2024-05-04 17:23,22625
S4398,吉利博越,126985,机油+机滤+燃油滤芯更换,2025-02-03 10:38,121985
S4399,长城魏派VV7,67045,变速箱油+空调滤芯更换,2024-01-03 11:32,57045
S4400,奔驰E级,105960,大保养(机油+三滤+刹车油),2025-09-04 14:14,95960
S4401,丰田卡罗拉,51616,机油+机滤更换,2025-05-16 17:41,46616
S4402,大众朗逸,83094,空调滤芯+空气滤芯更换,2025-05-26 08:18,73094
S4403,本田思域,93695,变速箱油更换,2024-06-25 10:31,83695
S4404,比亚迪汉,58346,全车检查+轮胎换位,2024-10-25 16:24,48346
S4405,宝马3系,48749,大保养(机油+三滤+刹车油),2025-11-03 11:38,38749
S4406,福特蒙迪欧,63824,刹车油+刹车片更换,2025-09-28 16:11,53824
S4407,吉利星越L,26036,机油+机滤+空调滤芯更换,2024-05-13 17:26,21036
S4408,奥迪A4L,69378,变速箱油+火花塞更换,2024-07-02 10:11,59378
S4409,长城哈弗H6,92692,空气滤芯+燃油滤芯更换,2025-04-12 13:50,87692
S4410,奔驰C级,94824,大保养(机油+三滤+变速箱油),2025-04-22 08:14,84824
S4411,丰田凯美瑞,28331,刹车油+冷却液更换,2025-06-18 14:05,18331
S4412,大众帕萨特,89696,机油+机滤+空气滤芯更换,2024-05-16 10:10,84696
S4413,本田CR-V,108920,变速箱油+刹车油更换,2025-07-19 09:17,98920
S4414,比亚迪宋PLUS,20529,全车检查+空调滤芯更换,2024-02-09 09:15,15529
S4415,宝马5系,89785,大保养(机油+三滤+正时皮带),2025-07-15 13:23,79785
S4416,奥迪Q5L,79291,机油+机滤+火花塞更换,2024-05-12 10:58,74291
S4417,福特锐界,97202,刹车油+刹车片+轮胎更换,2025-06-08 08:20,87202
S4418,吉利博越,142920,机油+机滤+燃油滤芯更换,2024-01-04 14:31,137920
S4419,长城魏派VV7,72570,变速箱油+空调滤芯更换,2025-08-16 10:41,62570
S4420,奔驰E级,77225,大保养(机油+三滤+刹车油),2025-04-03 10:43,67225
S4421,丰田卡罗拉,62578,机油+机滤更换,2024-03-05 14:31,57578
S4422,大众朗逸,120176,空调滤芯+空气滤芯更换,2024-03-11 13:08,110176
S4423,本田思域,109542,变速箱油更换,2024-01-29 17:47,99542
S4424,比亚迪汉,140581,全车检查+轮胎换位,2024-05-12 14:22,130581
S4425,宝马3系,85068,大保养(机油+三滤+刹车油),2024-03-05 17:01,75068
S4426,福特蒙迪欧,68834,刹车油+刹车片更换,2025-03-18 17:48,58834
S4427,吉利星越L,40071,机油+机滤+空调滤芯更换,2024-10-12 14:50,35071
S4428,奥迪A4L,46189,变速箱油+火花塞更换,2025-06-22 15:33,36189
S4429,长城哈弗H6,90097,空气滤芯+燃油滤芯更换,2025-02-06 14:20,85097
S4430,奔驰C级,99866,大保养(机油+三滤+变速箱油),2025-01-19 17:12,89866
S4431,丰田凯美瑞,79603,刹车油+冷却液更换,2025-07-30 08:16,69603
S4432,大众帕萨特,140788,机油+机滤+空气滤芯更换,2024-03-03 09:44,135788
S4433,本田CR-V,34804,变速箱油+刹车油更换,2025-11-08 17:34,24804
S4434,比亚迪宋PLUS,61662,全车检查+空调滤芯更换,2025-11-05 17:47,56662
S4435,宝马5系,112878,大保养(机油+三滤+正时皮带),2025-07-14 09:22,102878
S4436,奥迪Q5L,35704,机油+机滤+火花塞更换,2025-03-14 17:46,30704
S4437,福特锐界,113202,刹车油+刹车片+轮胎更换,2025-01-30 08:14,103202
S4438,吉利博越,27084,机油+机滤+燃油滤芯更换,2025-01-16 15:00,22084
S4439,长城魏派VV7,64120,变速箱油+空调滤芯更换,2025-11-29 14:04,54120
S4440,奔驰E级,120861,大保养(机油+三滤+刹车油),2024-11-12 13:25,110861
S4441,丰田卡罗拉,62332,机油+机滤更换,2024-01-05 17:52,57332
S4442,大众朗逸,123064,空调滤芯+空气滤芯更换,2024-11-17 13:31,113064
S4443,本田思域,97950,变速箱油更换,2025-06-28 10:40,87950
S4444,比亚迪汉,69937,全车检查+轮胎换位,2024-02-25 15:04,59937
S4445,宝马3系,37140,大保养(机油+三滤+刹车油),2024-12-14 09:23,27140
S4446,福特蒙迪欧,56916,刹车油+刹车片更换,2024-05-18 08:55,46916
S4447,吉利星越L,119977,机油+机滤+空调滤芯更换,2025-05-31 17:21,114977
S4448,奥迪A4L,68253,变速箱油+火花塞更换,2025-10-08 10:56,58253
S4449,长城哈弗H6,43124,空气滤芯+燃油滤芯更换,2024-05-05 12:10,38124
S4450,奔驰C级,103247,大保养(机油+三滤+变速箱油),2025-12-05 13:29,93247
S4451,丰田凯美瑞,91681,刹车油+冷却液更换,2025-10-19 14:53,81681
S4452,大众帕萨特,56652,机油+机滤+空气滤芯更换,2025-04-07 13:41,51652
S4453,本田CR-V,34159,变速箱油+刹车油更换,2025-12-09 17:01,24159
S4454,比亚迪宋PLUS,59209,全车检查+空调滤芯更换,2024-03-13 14:04,54209
S4455,宝马5系,92100,大保养(机油+三滤+正时皮带),2025-01-30 12:09,82100
S4456,奥迪Q5L,148839,机油+机滤+火花塞更换,2024-12-01 15:53,143839
S4457,福特锐界,25648,刹车油+刹车片+轮胎更换,2024-04-04 08:09,15648
S4458,吉利博越,119151,机油+机滤+燃油滤芯更换,2025-01-17 15:37,114151
S4459,长城魏派VV7,92842,变速箱油+空调滤芯更换,2024-11-29 09:29,82842
S4460,奔驰E级,108437,大保养(机油+三滤+刹车油),2025-10-26 10:06,98437
S4461,丰田卡罗拉,149940,机油+机滤更换,2024-02-03 08:34,144940
S4462,大众朗逸,124977,空调滤芯+空气滤芯更换,2024-08-04 14:39,114977
S4463,本田思域,131582,变速箱油更换,2025-05-11 08:56,121582
S4464,比亚迪汉,78795,全车检查+轮胎换位,2024-07-18 08:18,68795
S4465,宝马3系,33104,大保养(机油+三滤+刹车油),2025-02-05 13:40,23104
S4466,福特蒙迪欧,122035,刹车油+刹车片更换,2025-07-10 17:02,112035
S4467,吉利星越L,79097,机油+机滤+空调滤芯更换,2025-03-26 12:57,74097
S4468,奥迪A4L,66006,变速箱油+火花塞更换,2024-01-25 16:00,56006
S4469,长城哈弗H6,57587,空气滤芯+燃油滤芯更换,2025-03-30 16:21,52587
S4470,奔驰C级,127332,大保养(机油+三滤+变速箱油),2025-05-04 11:57,117332
S4471,丰田凯美瑞,65658,刹车油+冷却液更换,2025-11-19 13:21,55658
S4472,大众帕萨特,114994,机油+机滤+空气滤芯更换,2024-03-11 16:41,109994
S4473,本田CR-V,89210,变速箱油+刹车油更换,2024-04-25 12:12,79210
S4474,比亚迪宋PLUS,102483,全车检查+空调滤芯更换,2024-02-16 12:57,97483
S4475,宝马5系,135491,大保养(机油+三滤+正时皮带),2024-09-11 17:25,125491
S4476,奥迪Q5L,91475,机油+机滤+火花塞更换,2024-06-28 12:48,86475
S4477,福特锐界,63144,刹车油+刹车片+轮胎更换,2025-07-20 08:36,53144
S4478,吉利博越,99295,机油+机滤+燃油滤芯更换,2024-01-19 16:59,94295
S4479,长城魏派VV7,54833,变速箱油+空调滤芯更换,2025-09-13 16:51,44833
S4480,奔驰E级,37984,大保养(机油+三滤+刹车油),2024-03-25 13:14,27984
S4481,丰田卡罗拉,120736,机油+机滤更换,2025-05-21 11:59,115736
S4482,大众朗逸,128576,空调滤芯+空气滤芯更换,2024-05-08 17:01,118576
S4483,本田思域,149776,变速箱油更换,2024-10-03 15:14,139776
S4484,比亚迪汉,62845,全车检查+轮胎换位,2025-12-29 13:55,52845
S4485,宝马3系,23373,大保养(机油+三滤+刹车油),2024-11-15 08:27,13373
S4486,福特蒙迪欧,62633,刹车油+刹车片更换,2024-09-21 12:49,52633
S4487,吉利星越L,66645,机油+机滤+空调滤芯更换,2025-04-17 13:53,61645
S4488,奥迪A4L,100428,变速箱油+火花塞更换,2024-11-27 11:37,90428
S4489,长城哈弗H6,66395,空气滤芯+燃油滤芯更换,2025-01-05 17:17,61395
S4490,奔驰C级,81632,大保养(机油+三滤+变速箱油),2024-07-28 12:19,71632
S4491,丰田凯美瑞,115438,刹车油+冷却液更换,2025-07-26 09:28,105438
S4492,大众帕萨特,77027,机油+机滤+空气滤芯更换,2025-05-14 10:22,72027
S4493,本田CR-V,67253,变速箱油+刹车油更换,2024-04-18 09:09,57253
S4494,比亚迪宋PLUS,54339,全车检查+空调滤芯更换,2025-09-02 11:16,49339
S4495,宝马5系,122214,大保养(机油+三滤+正时皮带),2025-05-08 08:30,112214
S4496,奥迪Q5L,83158,机油+机滤+火花塞更换,2025-12-24 10:47,78158
S4497,福特锐界,48380,刹车油+刹车片+轮胎更换,2024-03-24 13:35,38380
S4498,吉利博越,90924,机油+机滤+燃油滤芯更换,2024-02-19 08:33,85924
S4499,长城魏派VV7,113464,变速箱油+空调滤芯更换,2024-02-01 16:29,103464
S4500,奔驰E级,40217,大保养(机油+三滤+刹车油),2025-01-15 11:59,30217
S4501,丰田卡罗拉,75084,机油+机滤更换,2024-12-17 08:49,70084
S4502,大众朗逸,125108,空调滤芯+空气滤芯更换,2025-12-08 17:52,115108
S4503,本田思域,108420,变速箱油更换,2024-06-20 08:47,98420
S4504,比亚迪汉,135692,全车检查+轮胎换位,2025-12-20 14:47,125692
S4505,宝马3系,55229,大保养(机油+三滤+刹车油),2024-12-26 08:33,45229
S4506,福特蒙迪欧,29965,刹车油+刹车片更换,2025-04-14 11:02,19965
S4507,吉利星越L,41589,机油+机滤+空调滤芯更换,2025-11-03 13:20,36589
S4508,奥迪A4L,72355,变速箱油+火花塞更换,2024-04-07 17:43,62355
S4509,长城哈弗H6,58204,空气滤芯+燃油滤芯更换,2024-04-02 11:18,53204
S4510,奔驰C级,137510,大保养(机油+三滤+变速箱油),2025-08-02 15:06,127510
S4511,丰田凯美瑞,27847,刹车油+冷却液更换,2025-01-22 12:02,17847
S4512,大众帕萨特,147258,机油+机滤+空气滤芯更换,2025-03-16 12:44,142258
S4513,本田CR-V,109818,变速箱油+刹车油更换,2024-04-15 11:49,99818
S4514,比亚迪宋PLUS,21375,全车检查+空调滤芯更换,2025-04-21 14:00,16375
S4515,宝马5系,57506,大保养(机油+三滤+正时皮带),2024-10-07 14:31,47506
S4516,奥迪Q5L,66358,机油+机滤+火花塞更换,2025-01-22 12:39,61358
S4517,福特锐界,97864,刹车油+刹车片+轮胎更换,2024-10-24 09:53,87864
S4518,吉利博越,90055,机油+机滤+燃油滤芯更换,2025-12-11 12:02,85055
S4519,长城魏派VV7,104651,变速箱油+空调滤芯更换,2024-05-17 10:22,94651
S4520,奔驰E级,139406,大保养(机油+三滤+刹车油),2024-02-12 11:25,129406
S4521,丰田卡罗拉,102298,机油+机滤更换,2024-04-12 08:03,97298
S4522,大众朗逸,62866,空调滤芯+空气滤芯更换,2025-06-24 08:37,52866
S4523,本田思域,95295,变速箱油更换,2025-07-20 09:21,85295
S4524,比亚迪汉,43851,全车检查+轮胎换位,2025-04-06 14:12,33851
S4525,宝马3系,69076,大保养(机油+三滤+刹车油),2025-11-05 08:53,59076
S4526,福特蒙迪欧,130836,刹车油+刹车片更换,2025-02-10 11:39,120836
S4527,吉利星越L,67505,机油+机滤+空调滤芯更换,2025-05-15 10:36,62505
S4528,奥迪A4L,100744,变速箱油+火花塞更换,2024-05-17 14:15,90744
S4529,长城哈弗H6,94691,空气滤芯+燃油滤芯更换,2024-02-15 15:10,89691
S4530,奔驰C级,125307,大保养(机油+三滤+变速箱油),2024-07-18 13:04,115307
S4531,丰田凯美瑞,89187,刹车油+冷却液更换,2024-03-03 14:47,79187
S4532,大众帕萨特,74214,机油+机滤+空气滤芯更换,2025-08-30 16:42,69214
S4533,本田CR-V,86455,变速箱油+刹车油更换,2025-12-20 09:33,76455
S4534,比亚迪宋PLUS,140800,全车检查+空调滤芯更换,2025-10-07 10:39,135800
S4535,宝马5系,39849,大保养(机油+三滤+正时皮带),2024-09-11 13:14,29849
S4536,奥迪Q5L,146867,机油+机滤+火花塞更换,2025-02-10 12:50,141867
S4537,福特锐界,46466,刹车油+刹车片+轮胎更换,2024-02-25 15:38,36466
S4538,吉利博越,134699,机油+机滤+燃油滤芯更换,2024-04-04 11:44,129699
S4539,长城魏派VV7,41554,变速箱油+空调滤芯更换,2025-02-04 10:59,31554
S4540,奔驰E级,73357,大保养(机油+三滤+刹车油),2024-02-11 10:33,63357
S4541,丰田卡罗拉,43079,机油+机滤更换,2024-04-06 12:27,38079
S4542,大众朗逸,30432,空调滤芯+空气滤芯更换,2025-08-17 14:19,20432
S4543,本田思域,116915,变速箱油更换,2025-12-30 17:24,106915
S4544,比亚迪汉,29211,全车检查+轮胎换位,2024-04-12 10:05,19211
S4545,宝马3系,130727,大保养(机油+三滤+刹车油),2024-05-31 08:17,120727
S4546,福特蒙迪欧,147305,刹车油+刹车片更换,2025-06-22 08:25,137305
S4547,吉利星越L,73603,机油+机滤+空调滤芯更换,2025-12-12 14:39,68603
S4548,奥迪A4L,101983,变速箱油+火花塞更换,2025-11-12 14:03,91983
S4549,长城哈弗H6,130602,空气滤芯+燃油滤芯更换,2024-12-23 16:50,125602
S4550,奔驰C级,74545,大保养(机油+三滤+变速箱油),2025-04-24 10:34,64545
S4551,丰田凯美瑞,121580,刹车油+冷却液更换,2024-09-24 10:40,111580
S4552,大众帕萨特,95039,机油+机滤+空气滤芯更换,2024-02-12 09:34,90039
S4553,本田CR-V,124812,变速箱油+刹车油更换,2024-03-29 12:42,114812
S4554,比亚迪宋PLUS,126533,全车检查+空调滤芯更换,2024-03-25 16:15,121533
S4555,宝马5系,112269,大保养(机油+三滤+正时皮带),2024-12-18 17:56,102269
S4556,奥迪Q5L,51482,机油+机滤+火花塞更换,2024-01-07 08:25,46482
S4557,福特锐界,36377,刹车油+刹车片+轮胎更换,2025-09-27 09:06,26377
S4558,吉利博越,127967,机油+机滤+燃油滤芯更换,2024-04-22 16:52,122967
S4559,长城魏派VV7,20566,变速箱油+空调滤芯更换,2024-08-26 15:15,10566
S4560,奔驰E级,37575,大保养(机油+三滤+刹车油),2025-12-08 10:27,27575
S4561,丰田卡罗拉,137021,机油+机滤更换,2024-07-08 15:22,132021
S4562,大众朗逸,21464,空调滤芯+空气滤芯更换,2024-07-24 12:36,11464
S4563,本田思域,65256,变速箱油更换,2025-03-25 17:49,55256
S4564,比亚迪汉,82617,全车检查+轮胎换位,2025-01-23 10:38,72617
S4565,宝马3系,64548,大保养(机油+三滤+刹车油),2024-02-21 13:46,54548
S4566,福特蒙迪欧,138304,刹车油+刹车片更换,2024-09-18 12:13,128304
S4567,吉利星越L,61154,机油+机滤+空调滤芯更换,2025-03-18 13:05,56154
S4568,奥迪A4L,125266,变速箱油+火花塞更换,2024-12-17 16:27,115266
S4569,长城哈弗H6,97472,空气滤芯+燃油滤芯更换,2024-09-21 11:22,92472
S4570,奔驰C级,30114,大保养(机油+三滤+变速箱油),2024-04-07 09:44,20114
S4571,丰田凯美瑞,52308,刹车油+冷却液更换,2025-01-10 16:52,42308
S4572,大众帕萨特,137330,机油+机滤+空气滤芯更换,2025-10-19 08:26,132330
S4573,本田CR-V,141059,变速箱油+刹车油更换,2024-09-06 08:28,131059
S4574,比亚迪宋PLUS,64602,全车检查+空调滤芯更换,2025-06-05 13:45,59602
S4575,宝马5系,120605,大保养(机油+三滤+正时皮带),2025-03-16 13:48,110605
S4576,奥迪Q5L,138838,机油+机滤+火花塞更换,2024-11-19 09:30,133838
S4577,福特锐界,39878,刹车油+刹车片+轮胎更换,2024-08-07 12:59,29878
S4578,吉利博越,97970,机油+机滤+燃油滤芯更换,2025-10-20 13:24,92970
S4579,长城魏派VV7,21655,变速箱油+空调滤芯更换,2025-01-12 08:33,11655
S4580,奔驰E级,112786,大保养(机油+三滤+刹车油),2025-09-06 17:59,102786
S4581,丰田卡罗拉,108577,机油+机滤更换,2025-03-07 16:37,103577
S4582,大众朗逸,80561,空调滤芯+空气滤芯更换,2025-09-03 14:27,70561
S4583,本田思域,90794,变速箱油更换,2024-07-01 10:19,80794
S4584,比亚迪汉,22096,全车检查+轮胎换位,2025-12-24 09:24,12096
S4585,宝马3系,52583,大保养(机油+三滤+刹车油),2025-02-28 08:08,42583
S4586,福特蒙迪欧,83065,刹车油+刹车片更换,2024-05-04 08:59,73065
S4587,吉利星越L,57799,机油+机滤+空调滤芯更换,2025-12-19 13:58,52799
S4588,奥迪A4L,30925,变速箱油+火花塞更换,2025-12-17 08:16,20925
S4589,长城哈弗H6,31361,空气滤芯+燃油滤芯更换,2024-12-06 14:13,26361
S4590,奔驰C级,62845,大保养(机油+三滤+变速箱油),2024-06-19 11:33,52845
S4591,丰田凯美瑞,26476,刹车油+冷却液更换,2024-05-18 11:44,16476
S4592,大众帕萨特,74082,机油+机滤+空气滤芯更换,2025-06-08 17:20,69082
S4593,本田CR-V,62013,变速箱油+刹车油更换,2025-09-02 15:45,52013
S4594,比亚迪宋PLUS,101944,全车检查+空调滤芯更换,2024-03-10 08:54,96944
S4595,宝马5系,27337,大保养(机油+三滤+正时皮带),2024-06-03 11:26,17337
S4596,奥迪Q5L,76951,机油+机滤+火花塞更换,2024-07-17 17:08,71951
S4597,福特锐界,49013,刹车油+刹车片+轮胎更换,2024-09-24 12:48,39013
S4598,吉利博越,80492,机油+机滤+燃油滤芯更换,2024-02-29 16:35,75492
S4599,长城魏派VV7,143964,变速箱油+空调滤芯更换,2025-11-19 09:59,133964
S4600,奔驰E级,76581,大保养(机油+三滤+刹车油),2025-04-09 10:17,66581
S4601,丰田卡罗拉,123644,机油+机滤更换,2025-03-30 16:22,118644
S4602,大众朗逸,121153,空调滤芯+空气滤芯更换,2024-07-20 16:31,111153
S4603,本田思域,21060,变速箱油更换,2024-06-04 11:56,11060
S4604,比亚迪汉,79124,全车检查+轮胎换位,2024-12-02 15:30,69124
S4605,宝马3系,90786,大保养(机油+三滤+刹车油),2025-09-05 12:03,80786
S4606,福特蒙迪欧,79706,刹车油+刹车片更换,2025-10-27 10:30,69706
S4607,吉利星越L,26330,机油+机滤+空调滤芯更换,2024-02-25 15:11,21330
S4608,奥迪A4L,68554,变速箱油+火花塞更换,2025-06-20 14:43,58554
S4609,长城哈弗H6,25778,空气滤芯+燃油滤芯更换,2025-12-16 11:21,20778
S4610,奔驰C级,88262,大保养(机油+三滤+变速箱油),2025-11-12 11:30,78262
S4611,丰田凯美瑞,65303,刹车油+冷却液更换,2025-10-31 15:33,55303
S4612,大众帕萨特,90987,机油+机滤+空气滤芯更换,2025-11-07 14:55,85987
S4613,本田CR-V,25223,变速箱油+刹车油更换,2024-10-28 11:17,15223
S4614,比亚迪宋PLUS,71488,全车检查+空调滤芯更换,2025-09-07 10:06,66488
S4615,宝马5系,140656,大保养(机油+三滤+正时皮带),2024-01-21 11:46,130656
S4616,奥迪Q5L,82431,机油+机滤+火花塞更换,2024-11-20 11:59,77431
S4617,福特锐界,68666,刹车油+刹车片+轮胎更换,2024-09-16 16:40,58666
S4618,吉利博越,55651,机油+机滤+燃油滤芯更换,2025-03-01 10:07,50651
S4619,长城魏派VV7,50912,变速箱油+空调滤芯更换,2025-06-27 09:06,40912
S4620,奔驰E级,30814,大保养(机油+三滤+刹车油),2024-08-06 11:45,20814
S4621,丰田卡罗拉,21820,机油+机滤更换,2025-10-11 13:57,16820
S4622,大众朗逸,61155,空调滤芯+空气滤芯更换,2024-09-06 13:52,51155
S4623,本田思域,23785,变速箱油更换,2024-05-21 11:53,13785
S4624,比亚迪汉,34224,全车检查+轮胎换位,2024-04-16 11:22,24224
S4625,宝马3系,130616,大保养(机油+三滤+刹车油),2025-02-24 12:19,120616
S4626,福特蒙迪欧,86049,刹车油+刹车片更换,2024-11-29 09:19,76049
S4627,吉利星越L,42279,机油+机滤+空调滤芯更换,2024-11-25 08:20,37279
S4628,奥迪A4L,68456,变速箱油+火花塞更换,2025-12-11 10:45,58456
S4629,长城哈弗H6,143455,空气滤芯+燃油滤芯更换,2025-11-09 11:38,138455
S4630,奔驰C级,142934,大保养(机油+三滤+变速箱油),2025-08-27 09:15,132934
S4631,丰田凯美瑞,42453,刹车油+冷却液更换,2024-06-13 15:53,32453
S4632,大众帕萨特,103548,机油+机滤+空气滤芯更换,2024-07-27 14:54,98548
S4633,本田CR-V,91177,变速箱油+刹车油更换,2024-06-14 12:33,81177
S4634,比亚迪宋PLUS,103207,全车检查+空调滤芯更换,2025-05-05 13:03,98207
S4635,宝马5系,27956,大保养(机油+三滤+正时皮带),2024-03-14 14:51,17956
S4636,奥迪Q5L,67017,机油+机滤+火花塞更换,2025-05-21 16:51,62017
S4637,福特锐界,111682,刹车油+刹车片+轮胎更换,2024-06-27 16:02,101682
S4638,吉利博越,56944,机油+机滤+燃油滤芯更换,2024-07-12 17:34,51944
S4639,长城魏派VV7,106124,变速箱油+空调滤芯更换,2024-07-23 08:25,96124
S4640,奔驰E级,131090,大保养(机油+三滤+刹车油),2024-06-19 16:50,121090
S4641,丰田卡罗拉,93422,机油+机滤更换,2025-10-25 08:55,88422
S4642,大众朗逸,104553,空调滤芯+空气滤芯更换,2024-01-16 12:13,94553
S4643,本田思域,97372,变速箱油更换,2024-03-19 09:52,87372
S4644,比亚迪汉,53910,全车检查+轮胎换位,2024-01-06 16:13,43910
S4645,宝马3系,109110,大保养(机油+三滤+刹车油),2025-09-25 13:05,99110
S4646,福特蒙迪欧,84316,刹车油+刹车片更换,2025-05-21 15:53,74316
S4647,吉利星越L,89504,机油+机滤+空调滤芯更换,2024-03-28 14:39,84504
S4648,奥迪A4L,31890,变速箱油+火花塞更换,2025-10-23 09:03,21890
S4649,长城哈弗H6,57770,空气滤芯+燃油滤芯更换,2024-03-07 15:35,52770
S4650,奔驰C级,102985,大保养(机油+三滤+变速箱油),2024-09-21 14:16,92985
S4651,丰田凯美瑞,92622,刹车油+冷却液更换,2025-10-07 11:00,82622
S4652,大众帕萨特,119197,机油+机滤+空气滤芯更换,2025-02-10 11:28,114197
S4653,本田CR-V,36485,变速箱油+刹车油更换,2025-01-19 12:27,26485
S4654,比亚迪宋PLUS,111954,全车检查+空调滤芯更换,2025-05-10 10:49,106954
S4655,宝马5系,131443,大保养(机油+三滤+正时皮带),2024-03-15 13:04,121443
S4656,奥迪Q5L,88598,机油+机滤+火花塞更换,2024-09-18 16:57,83598
S4657,福特锐界,83130,刹车油+刹车片+轮胎更换,2024-01-29 16:00,73130
S4658,吉利博越,40493,机油+机滤+燃油滤芯更换,2024-03-27 08:20,35493
S4659,长城魏派VV7,78379,变速箱油+空调滤芯更换,2025-07-06 08:33,68379
S4660,奔驰E级,28749,大保养(机油+三滤+刹车油),2025-06-20 09:00,18749
S4661,丰田卡罗拉,66316,机油+机滤更换,2025-11-10 17:54,61316
S4662,大众朗逸,24551,空调滤芯+空气滤芯更换,2024-04-05 14:28,14551
S4663,本田思域,34608,变速箱油更换,2025-07-09 13:41,24608
S4664,比亚迪汉,78700,全车检查+轮胎换位,2025-11-23 16:21,68700
S4665,宝马3系,61042,大保养(机油+三滤+刹车油),2025-10-09 10:26,51042
S4666,福特蒙迪欧,57042,刹车油+刹车片更换,2025-04-21 08:28,47042
S4667,吉利星越L,108289,机油+机滤+空调滤芯更换,2025-08-30 13:44,103289
S4668,奥迪A4L,39536,变速箱油+火花塞更换,2025-05-03 11:35,29536
S4669,长城哈弗H6,66015,空气滤芯+燃油滤芯更换,2025-09-26 17:41,61015
S4670,奔驰C级,105512,大保养(机油+三滤+变速箱油),2025-01-27 13:40,95512
S4671,丰田凯美瑞,94741,刹车油+冷却液更换,2025-11-14 09:49,84741
S4672,大众帕萨特,36763,机油+机滤+空气滤芯更换,2024-04-06 09:27,31763
S4673,本田CR-V,31050,变速箱油+刹车油更换,2024-04-12 10:27,21050
S4674,比亚迪宋PLUS,25689,全车检查+空调滤芯更换,2025-10-30 12:43,20689
S4675,宝马5系,20939,大保养(机油+三滤+正时皮带),2024-11-26 14:52,10939
S4676,奥迪Q5L,140407,机油+机滤+火花塞更换,2025-11-23 13:58,135407
S4677,福特锐界,149165,刹车油+刹车片+轮胎更换,2024-01-05 09:42,139165
S4678,吉利博越,37698,机油+机滤+燃油滤芯更换,2025-10-24 09:51,32698
S4679,长城魏派VV7,74467,变速箱油+空调滤芯更换,2024-12-17 16:33,64467
S4680,奔驰E级,57310,大保养(机油+三滤+刹车油),2024-11-22 14:34,47310
S4681,丰田卡罗拉,35695,机油+机滤更换,2025-09-14 10:47,30695
S4682,大众朗逸,90291,空调滤芯+空气滤芯更换,2025-09-17 12:09,80291
S4683,本田思域,71820,变速箱油更换,2024-05-22 15:57,61820
S4684,比亚迪汉,72666,全车检查+轮胎换位,2024-02-05 10:45,62666
S4685,宝马3系,101734,大保养(机油+三滤+刹车油),2024-08-02 08:21,91734
S4686,福特蒙迪欧,79749,刹车油+刹车片更换,2025-08-17 16:51,69749
S4687,吉利星越L,59588,机油+机滤+空调滤芯更换,2024-05-07 10:51,54588
S4688,奥迪A4L,32742,变速箱油+火花塞更换,2024-05-24 11:12,22742
S4689,长城哈弗H6,69366,空气滤芯+燃油滤芯更换,2024-06-20 15:41,64366
S4690,奔驰C级,75009,大保养(机油+三滤+变速箱油),2024-09-21 13:51,65009
S4691,丰田凯美瑞,130854,刹车油+冷却液更换,2024-08-02 09:02,120854
S4692,大众帕萨特,98456,机油+机滤+空气滤芯更换,2025-05-24 14:04,93456
S4693,本田CR-V,67427,变速箱油+刹车油更换,2024-11-24 09:11,57427
S4694,比亚迪宋PLUS,116887,全车检查+空调滤芯更换,2025-01-18 08:14,111887
S4695,宝马5系,73922,大保养(机油+三滤+正时皮带),2025-09-16 17:19,63922
S4696,奥迪Q5L,31646,机油+机滤+火花塞更换,2025-11-12 17:21,26646
S4697,福特锐界,93223,刹车油+刹车片+轮胎更换,2025-01-07 08:28,83223
S4698,吉利博越,58215,机油+机滤+燃油滤芯更换,2024-04-25 08:06,53215
S4699,长城魏派VV7,58283,变速箱油+空调滤芯更换,2025-03-31 10:59,48283
S4700,奔驰E级,20466,大保养(机油+三滤+刹车油),2025-03-01 16:54,10466
S4701,丰田卡罗拉,70861,机油+机滤更换,2024-10-16 11:40,65861
S4702,大众朗逸,36445,空调滤芯+空气滤芯更换,2024-06-02 13:34,26445
S4703,本田思域,148318,变速箱油更换,2024-03-11 14:30,138318
S4704,比亚迪汉,51576,全车检查+轮胎换位,2024-12-01 16:20,41576
S4705,宝马3系,98915,大保养(机油+三滤+刹车油),2025-02-08 15:41,88915
S4706,福特蒙迪欧,139998,刹车油+刹车片更换,2024-12-13 14:19,129998
S4707,吉利星越L,126131,机油+机滤+空调滤芯更换,2024-05-18 10:27,121131
S4708,奥迪A4L,64060,变速箱油+火花塞更换,2025-01-26 11:26,54060
S4709,长城哈弗H6,29681,空气滤芯+燃油滤芯更换,2024-01-18 15:41,24681
S4710,奔驰C级,57895,大保养(机油+三滤+变速箱油),2025-05-21 12:35,47895
S4711,丰田凯美瑞,98013,刹车油+冷却液更换,2025-01-29 15:01,88013
S4712,大众帕萨特,50878,机油+机滤+空气滤芯更换,2025-02-15 15:34,45878
S4713,本田CR-V,127887,变速箱油+刹车油更换,2025-05-05 17:24,117887
S4714,比亚迪宋PLUS,137884,全车检查+空调滤芯更换,2024-12-31 11:04,132884
S4715,宝马5系,63614,大保养(机油+三滤+正时皮带),2024-11-15 11:21,53614
S4716,奥迪Q5L,113969,机油+机滤+火花塞更换,2025-09-18 15:02,108969
S4717,福特锐界,70182,刹车油+刹车片+轮胎更换,2025-05-16 10:43,60182
S4718,吉利博越,143195,机油+机滤+燃油滤芯更换,2025-09-18 17:47,138195
S4719,长城魏派VV7,70903,变速箱油+空调滤芯更换,2024-07-05 09:56,60903
S4720,奔驰E级,90378,大保养(机油+三滤+刹车油),2024-11-07 09:45,80378
S4721,丰田卡罗拉,81507,机油+机滤更换,2024-12-14 14:47,76507
S4722,大众朗逸,75181,空调滤芯+空气滤芯更换,2025-03-22 17:21,65181
S4723,本田思域,141447,变速箱油更换,2025-09-03 09:13,131447
S4724,比亚迪汉,76074,全车检查+轮胎换位,2024-05-04 08:03,66074
S4725,宝马3系,73226,大保养(机油+三滤+刹车油),2025-01-05 08:50,63226
S4726,福特蒙迪欧,29895,刹车油+刹车片更换,2025-09-16 15:43,19895
S4727,吉利星越L,126104,机油+机滤+空调滤芯更换,2024-06-09 11:40,121104
S4728,奥迪A4L,119860,变速箱油+火花塞更换,2025-01-30 09:34,109860
S4729,长城哈弗H6,39925,空气滤芯+燃油滤芯更换,2025-03-17 16:39,34925
S4730,奔驰C级,76477,大保养(机油+三滤+变速箱油),2024-08-01 16:48,66477
S4731,丰田凯美瑞,34744,刹车油+冷却液更换,2024-08-21 17:13,24744
S4732,大众帕萨特,131048,机油+机滤+空气滤芯更换,2024-01-30 08:15,126048
S4733,本田CR-V,105327,变速箱油+刹车油更换,2025-11-08 08:34,95327
S4734,比亚迪宋PLUS,111629,全车检查+空调滤芯更换,2024-02-24 11:41,106629
S4735,宝马5系,20613,大保养(机油+三滤+正时皮带),2025-05-25 12:35,10613
S4736,奥迪Q5L,145915,机油+机滤+火花塞更换,2024-05-12 10:08,140915
S4737,福特锐界,44350,刹车油+刹车片+轮胎更换,2024-02-24 11:44,34350
S4738,吉利博越,97944,机油+机滤+燃油滤芯更换,2024-07-22 08:09,92944
S4739,长城魏派VV7,92727,变速箱油+空调滤芯更换,2025-03-28 15:32,82727
S4740,奔驰E级,68578,大保养(机油+三滤+刹车油),2024-10-05 14:57,58578
S4741,丰田卡罗拉,114789,机油+机滤更换,2025-10-27 17:23,109789
S4742,大众朗逸,57393,空调滤芯+空气滤芯更换,2024-04-10 17:19,47393
S4743,本田思域,104431,变速箱油更换,2024-12-04 15:14,94431
S4744,比亚迪汉,34649,全车检查+轮胎换位,2025-08-26 17:21,24649
S4745,宝马3系,51794,大保养(机油+三滤+刹车油),2024-06-17 10:00,41794
S4746,福特蒙迪欧,109957,刹车油+刹车片更换,2025-07-12 16:59,99957
S4747,吉利星越L,85447,机油+机滤+空调滤芯更换,2025-09-20 08:49,80447
S4748,奥迪A4L,148002,变速箱油+火花塞更换,2025-07-17 13:03,138002
S4749,长城哈弗H6,25943,空气滤芯+燃油滤芯更换,2025-10-09 11:38,20943
S4750,奔驰C级,114942,大保养(机油+三滤+变速箱油),2024-10-08 14:55,104942
S4751,丰田凯美瑞,33004,刹车油+冷却液更换,2025-08-18 15:14,23004
S4752,大众帕萨特,21896,机油+机滤+空气滤芯更换,2024-10-17 14:31,16896
S4753,本田CR-V,115383,变速箱油+刹车油更换,2024-11-04 17:25,105383
S4754,比亚迪宋PLUS,141311,全车检查+空调滤芯更换,2025-09-12 16:36,136311
S4755,宝马5系,90893,大保养(机油+三滤+正时皮带),2025-03-30 10:13,80893
S4756,奥迪Q5L,111174,机油+机滤+火花塞更换,2025-10-13 13:47,106174
S4757,福特锐界,128514,刹车油+刹车片+轮胎更换,2024-11-27 15:31,118514
S4758,吉利博越,141282,机油+机滤+燃油滤芯更换,2025-08-31 12:12,136282
S4759,长城魏派VV7,96239,变速箱油+空调滤芯更换,2024-06-03 13:50,86239
S4760,奔驰E级,73542,大保养(机油+三滤+刹车油),2025-05-03 09:56,63542
S4761,丰田卡罗拉,56127,机油+机滤更换,2025-01-09 08:35,51127
S4762,大众朗逸,70720,空调滤芯+空气滤芯更换,2024-03-24 17:08,60720
S4763,本田思域,134744,变速箱油更换,2025-05-01 13:51,124744
S4764,比亚迪汉,96112,全车检查+轮胎换位,2025-04-02 15:05,86112
S4765,宝马3系,20310,大保养(机油+三滤+刹车油),2024-07-31 16:28,10310
S4766,福特蒙迪欧,83511,刹车油+刹车片更换,2024-10-08 13:47,73511
S4767,吉利星越L,25464,机油+机滤+空调滤芯更换,2025-09-23 13:47,20464
S4768,奥迪A4L,117068,变速箱油+火花塞更换,2024-12-15 12:39,107068
S4769,长城哈弗H6,74391,空气滤芯+燃油滤芯更换,2024-12-25 14:16,69391
S4770,奔驰C级,87964,大保养(机油+三滤+变速箱油),2024-03-26 15:41,77964
S4771,丰田凯美瑞,90711,刹车油+冷却液更换,2024-11-19 08:41,80711
S4772,大众帕萨特,108989,机油+机滤+空气滤芯更换,2025-10-10 15:26,103989
S4773,本田CR-V,121566,变速箱油+刹车油更换,2024-12-21 16:39,111566
S4774,比亚迪宋PLUS,95339,全车检查+空调滤芯更换,2025-02-13 11:30,90339
S4775,宝马5系,50312,大保养(机油+三滤+正时皮带),2024-04-11 14:45,40312
S4776,奥迪Q5L,51095,机油+机滤+火花塞更换,2025-07-02 13:39,46095
S4777,福特锐界,100949,刹车油+刹车片+轮胎更换,2025-03-12 17:33,90949
S4778,吉利博越,58227,机油+机滤+燃油滤芯更换,2024-08-04 13:04,53227
S4779,长城魏派VV7,41437,变速箱油+空调滤芯更换,2024-02-09 16:34,31437
S4780,奔驰E级,96380,大保养(机油+三滤+刹车油),2024-06-05 08:35,86380
S4781,丰田卡罗拉,27270,机油+机滤更换,2025-01-07 17:24,22270
S4782,大众朗逸,43844,空调滤芯+空气滤芯更换,2025-02-21 10:52,33844
S4783,本田思域,36520,变速箱油更换,2025-05-29 11:35,26520
S4784,比亚迪汉,126830,全车检查+轮胎换位,2024-09-25 17:43,116830
S4785,宝马3系,35485,大保养(机油+三滤+刹车油),2024-12-27 16:10,25485
S4786,福特蒙迪欧,22139,刹车油+刹车片更换,2025-09-04 12:54,12139
S4787,吉利星越L,29899,机油+机滤+空调滤芯更换,2025-07-01 13:35,24899
S4788,奥迪A4L,85997,变速箱油+火花塞更换,2025-09-18 09:24,75997
S4789,长城哈弗H6,56821,空气滤芯+燃油滤芯更换,2024-12-08 09:17,51821
S4790,奔驰C级,35784,大保养(机油+三滤+变速箱油),2025-02-13 14:01,25784
S4791,丰田凯美瑞,83661,刹车油+冷却液更换,2024-10-01 10:18,73661
S4792,大众帕萨特,47169,机油+机滤+空气滤芯更换,2025-04-04 16:29,42169
S4793,本田CR-V,134641,变速箱油+刹车油更换,2024-08-21 16:17,124641
S4794,比亚迪宋PLUS,73112,全车检查+空调滤芯更换,2024-03-07 10:31,68112
S4795,宝马5系,103361,大保养(机油+三滤+正时皮带),2024-11-11 12:29,93361
S4796,奥迪Q5L,141222,机油+机滤+火花塞更换,2024-12-04 14:39,136222
S4797,福特锐界,59013,刹车油+刹车片+轮胎更换,2025-02-12 11:12,49013
S4798,吉利博越,102237,机油+机滤+燃油滤芯更换,2024-10-12 13:52,97237
S4799,长城魏派VV7,36234,变速箱油+空调滤芯更换,2025-11-29 10:41,26234
S4800,奔驰E级,52219,大保养(机油+三滤+刹车油),2025-08-11 11:37,42219
S4801,丰田卡罗拉,30247,机油+机滤更换,2024-06-15 14:08,25247
S4802,大众朗逸,91819,空调滤芯+空气滤芯更换,2025-01-17 12:09,81819
S4803,本田思域,25342,变速箱油更换,2024-07-30 16:25,15342
S4804,比亚迪汉,69641,全车检查+轮胎换位,2025-09-10 08:21,59641
S4805,宝马3系,136874,大保养(机油+三滤+刹车油),2025-04-11 10:15,126874
S4806,福特蒙迪欧,69220,刹车油+刹车片更换,2024-04-04 14:37,59220
S4807,吉利星越L,30155,机油+机滤+空调滤芯更换,2024-10-23 15:37,25155
S4808,奥迪A4L,86944,变速箱油+火花塞更换,2025-10-28 17:27,76944
S4809,长城哈弗H6,71095,空气滤芯+燃油滤芯更换,2025-01-01 13:31,66095
S4810,奔驰C级,71171,大保养(机油+三滤+变速箱油),2025-12-29 13:24,61171
S4811,丰田凯美瑞,35080,刹车油+冷却液更换,2024-01-25 08:41,25080
S4812,大众帕萨特,138976,机油+机滤+空气滤芯更换,2025-09-14 13:50,133976
S4813,本田CR-V,128874,变速箱油+刹车油更换,2025-07-23 14:38,118874
S4814,比亚迪宋PLUS,120114,全车检查+空调滤芯更换,2025-03-12 13:38,115114
S4815,宝马5系,146337,大保养(机油+三滤+正时皮带),2025-02-25 12:56,136337
S4816,奥迪Q5L,37093,机油+机滤+火花塞更换,2025-07-21 08:21,32093
S4817,福特锐界,24255,刹车油+刹车片+轮胎更换,2024-11-24 13:30,14255
S4818,吉利博越,121703,机油+机滤+燃油滤芯更换,2025-10-25 14:31,116703
S4819,长城魏派VV7,76491,变速箱油+空调滤芯更换,2024-07-30 09:53,66491
S4820,奔驰E级,58933,大保养(机油+三滤+刹车油),2024-06-05 16:14,48933
S4821,丰田卡罗拉,89290,机油+机滤更换,2024-10-21 09:15,84290
S4822,大众朗逸,63917,空调滤芯+空气滤芯更换,2024-08-04 08:06,53917
S4823,本田思域,69747,变速箱油更换,2024-05-02 16:42,59747
S4824,比亚迪汉,55306,全车检查+轮胎换位,2025-01-26 17:09,45306
S4825,宝马3系,75941,大保养(机油+三滤+刹车油),2024-01-02 10:08,65941
S4826,福特蒙迪欧,127401,刹车油+刹车片更换,2025-01-27 09:50,117401
S4827,吉利星越L,89301,机油+机滤+空调滤芯更换,2025-07-29 09:20,84301
S4828,奥迪A4L,118944,变速箱油+火花塞更换,2024-03-16 11:31,108944
S4829,长城哈弗H6,124848,空气滤芯+燃油滤芯更换,2024-05-04 10:45,119848
S4830,奔驰C级,137414,大保养(机油+三滤+变速箱油),2024-12-16 09:04,127414
S4831,丰田凯美瑞,60321,刹车油+冷却液更换,2025-11-25 11:30,50321
S4832,大众帕萨特,92298,机油+机滤+空气滤芯更换,2025-12-16 16:47,87298
S4833,本田CR-V,112489,变速箱油+刹车油更换,2024-08-03 15:27,102489
S4834,比亚迪宋PLUS,87325,全车检查+空调滤芯更换,2025-09-18 10:19,82325
S4835,宝马5系,102815,大保养(机油+三滤+正时皮带),2025-01-14 10:43,92815
S4836,奥迪Q5L,53471,机油+机滤+火花塞更换,2025-10-29 15:47,48471
S4837,福特锐界,71575,刹车油+刹车片+轮胎更换,2025-07-23 12:38,61575
S4838,吉利博越,88583,机油+机滤+燃油滤芯更换,2024-10-15 17:40,83583
S4839,长城魏派VV7,57575,变速箱油+空调滤芯更换,2025-01-29 09:51,47575
S4840,奔驰E级,135095,大保养(机油+三滤+刹车油),2025-07-19 11:39,125095
S4841,丰田卡罗拉,77940,机油+机滤更换,2024-03-02 12:12,72940
S4842,大众朗逸,52704,空调滤芯+空气滤芯更换,2025-05-29 14:51,42704
S4843,本田思域,135110,变速箱油更换,2025-08-02 13:04,125110
S4844,比亚迪汉,59365,全车检查+轮胎换位,2024-10-30 12:31,49365
S4845,宝马3系,66423,大保养(机油+三滤+刹车油),2025-04-19 15:33,56423
S4846,福特蒙迪欧,107186,刹车油+刹车片更换,2024-09-04 08:01,97186
S4847,吉利星越L,43483,机油+机滤+空调滤芯更换,2025-10-12 11:09,38483
S4848,奥迪A4L,69953,变速箱油+火花塞更换,2024-06-19 09:40,59953
S4849,长城哈弗H6,117245,空气滤芯+燃油滤芯更换,2024-10-21 10:51,112245
S4850,奔驰C级,41522,大保养(机油+三滤+变速箱油),2024-12-06 08:08,31522
S4851,丰田凯美瑞,81979,刹车油+冷却液更换,2024-01-06 09:13,71979
S4852,大众帕萨特,106204,机油+机滤+空气滤芯更换,2024-09-28 10:39,101204
S4853,本田CR-V,45885,变速箱油+刹车油更换,2024-05-17 08:54,35885
S4854,比亚迪宋PLUS,100434,全车检查+空调滤芯更换,2024-08-09 16:09,95434
S4855,宝马5系,98633,大保养(机油+三滤+正时皮带),2024-01-10 14:31,88633
S4856,奥迪Q5L,93444,机油+机滤+火花塞更换,2025-01-23 15:12,88444
S4857,福特锐界,64327,刹车油+刹车片+轮胎更换,2024-01-08 11:35,54327
S4858,吉利博越,46248,机油+机滤+燃油滤芯更换,2025-08-06 09:33,41248
S4859,长城魏派VV7,58231,变速箱油+空调滤芯更换,2025-09-15 09:58,48231
S4860,奔驰E级,149318,大保养(机油+三滤+刹车油),2025-12-06 15:05,139318
S4861,丰田卡罗拉,104486,机油+机滤更换,2025-06-06 08:54,99486
S4862,大众朗逸,57828,空调滤芯+空气滤芯更换,2025-12-08 11:50,47828
S4863,本田思域,69156,变速箱油更换,2025-03-23 10:52,59156
S4864,比亚迪汉,140942,全车检查+轮胎换位,2025-11-26 09:27,130942
S4865,宝马3系,39109,大保养(机油+三滤+刹车油),2025-04-17 12:37,29109
S4866,福特蒙迪欧,88696,刹车油+刹车片更换,2024-03-28 17:36,78696
S4867,吉利星越L,133926,机油+机滤+空调滤芯更换,2025-08-01 12:07,128926
S4868,奥迪A4L,66832,变速箱油+火花塞更换,2025-04-27 12:52,56832
S4869,长城哈弗H6,85507,空气滤芯+燃油滤芯更换,2025-04-27 14:14,80507
S4870,奔驰C级,87619,大保养(机油+三滤+变速箱油),2025-10-26 08:13,77619
S4871,丰田凯美瑞,66152,刹车油+冷却液更换,2024-06-15 16:14,56152
S4872,大众帕萨特,64952,机油+机滤+空气滤芯更换,2024-11-29 09:49,59952
S4873,本田CR-V,51248,变速箱油+刹车油更换,2024-02-24 16:04,41248
S4874,比亚迪宋PLUS,97927,全车检查+空调滤芯更换,2025-09-23 09:04,92927
S4875,宝马5系,79158,大保养(机油+三滤+正时皮带),2024-05-30 13:12,69158
S4876,奥迪Q5L,30268,机油+机滤+火花塞更换,2025-04-22 16:09,25268
S4877,福特锐界,104132,刹车油+刹车片+轮胎更换,2025-03-09 16:43,94132
S4878,吉利博越,65356,机油+机滤+燃油滤芯更换,2025-03-24 09:59,60356
S4879,长城魏派VV7,92940,变速箱油+空调滤芯更换,2024-05-21 13:55,82940
S4880,奔驰E级,97782,大保养(机油+三滤+刹车油),2025-12-27 08:03,87782
S4881,丰田卡罗拉,80008,机油+机滤更换,2024-11-10 16:04,75008
S4882,大众朗逸,138470,空调滤芯+空气滤芯更换,2024-08-08 15:50,128470
S4883,本田思域,45964,变速箱油更换,2025-09-28 17:21,35964
S4884,比亚迪汉,80094,全车检查+轮胎换位,2024-07-26 10:20,70094
S4885,宝马3系,127785,大保养(机油+三滤+刹车油),2024-09-27 17:01,117785
S4886,福特蒙迪欧,141819,刹车油+刹车片更换,2025-01-12 15:38,131819
S4887,吉利星越L,82955,机油+机滤+空调滤芯更换,2025-06-22 15:47,77955
S4888,奥迪A4L,114048,变速箱油+火花塞更换,2024-11-17 14:44,104048
S4889,长城哈弗H6,36117,空气滤芯+燃油滤芯更换,2025-03-16 16:23,31117
S4890,奔驰C级,86981,大保养(机油+三滤+变速箱油),2024-05-17 17:00,76981
S4891,丰田凯美瑞,38303,刹车油+冷却液更换,2024-07-26 08:46,28303
S4892,大众帕萨特,43053,机油+机滤+空气滤芯更换,2025-07-13 16:05,38053
S4893,本田CR-V,55628,变速箱油+刹车油更换,2024-05-31 08:25,45628
S4894,比亚迪宋PLUS,123329,全车检查+空调滤芯更换,2025-04-01 09:48,118329
S4895,宝马5系,143948,大保养(机油+三滤+正时皮带),2025-05-07 08:05,133948
S4896,奥迪Q5L,45417,机油+机滤+火花塞更换,2024-08-16 08:56,40417
S4897,福特锐界,139618,刹车油+刹车片+轮胎更换,2025-05-02 15:24,129618
S4898,吉利博越,43289,机油+机滤+燃油滤芯更换,2024-01-04 08:27,38289
S4899,长城魏派VV7,111982,变速箱油+空调滤芯更换,2024-07-17 08:40,101982
S4900,奔驰E级,124044,大保养(机油+三滤+刹车油),2024-03-14 09:12,114044
S4901,丰田卡罗拉,88931,机油+机滤更换,2024-02-23 08:23,83931
S4902,大众朗逸,115744,空调滤芯+空气滤芯更换,2025-01-02 09:38,105744
S4903,本田思域,36817,变速箱油更换,2025-03-06 16:03,26817
S4904,比亚迪汉,127854,全车检查+轮胎换位,2024-08-18 11:22,117854
S4905,宝马3系,118537,大保养(机油+三滤+刹车油),2024-01-05 17:04,108537
S4906,福特蒙迪欧,120564,刹车油+刹车片更换,2025-03-12 13:44,110564
S4907,吉利星越L,34807,机油+机滤+空调滤芯更换,2024-03-05 10:23,29807
S4908,奥迪A4L,103522,变速箱油+火花塞更换,2024-04-03 10:44,93522
S4909,长城哈弗H6,29496,空气滤芯+燃油滤芯更换,2024-11-05 08:54,24496
S4910,奔驰C级,136229,大保养(机油+三滤+变速箱油),2025-06-19 17:15,126229
S4911,丰田凯美瑞,26187,刹车油+冷却液更换,2024-04-11 12:39,16187
S4912,大众帕萨特,48124,机油+机滤+空气滤芯更换,2024-02-29 11:19,43124
S4913,本田CR-V,77823,变速箱油+刹车油更换,2024-10-26 14:12,67823
S4914,比亚迪宋PLUS,42425,全车检查+空调滤芯更换,2024-10-18 17:00,37425
S4915,宝马5系,145034,大保养(机油+三滤+正时皮带),2025-07-13 12:30,135034
S4916,奥迪Q5L,136070,机油+机滤+火花塞更换,2025-03-14 14:00,131070
S4917,福特锐界,44735,刹车油+刹车片+轮胎更换,2025-05-23 09:05,34735
S4918,吉利博越,83760,机油+机滤+燃油滤芯更换,2024-07-28 10:40,78760
S4919,长城魏派VV7,108569,变速箱油+空调滤芯更换,2024-04-16 16:59,98569
S4920,奔驰E级,134586,大保养(机油+三滤+刹车油),2024-03-23 16:19,124586
S4921,丰田卡罗拉,119483,机油+机滤更换,2025-06-15 08:28,114483
S4922,大众朗逸,29935,空调滤芯+空气滤芯更换,2025-08-12 08:34,19935
S4923,本田思域,122561,变速箱油更换,2024-05-29 08:41,112561
S4924,比亚迪汉,99376,全车检查+轮胎换位,2025-01-12 13:52,89376
S4925,宝马3系,74525,大保养(机油+三滤+刹车油),2024-09-21 08:48,64525
S4926,福特蒙迪欧,55601,刹车油+刹车片更换,2024-02-01 09:36,45601
S4927,吉利星越L,33453,机油+机滤+空调滤芯更换,2025-05-03 17:13,28453
S4928,奥迪A4L,57064,变速箱油+火花塞更换,2024-10-02 16:56,47064
S4929,长城哈弗H6,143380,空气滤芯+燃油滤芯更换,2025-02-10 10:24,138380
S4930,奔驰C级,24604,大保养(机油+三滤+变速箱油),2025-11-03 08:06,14604
S4931,丰田凯美瑞,78161,刹车油+冷却液更换,2025-09-24 13:19,68161
S4932,大众帕萨特,55301,机油+机滤+空气滤芯更换,2024-03-23 15:06,50301
S4933,本田CR-V,111154,变速箱油+刹车油更换,2024-07-17 11:27,101154
S4934,比亚迪宋PLUS,76275,全车检查+空调滤芯更换,2025-10-11 10:08,71275
S4935,宝马5系,137315,大保养(机油+三滤+正时皮带),2024-03-11 13:18,127315
S4936,奥迪Q5L,77169,机油+机滤+火花塞更换,2024-06-26 13:32,72169
S4937,福特锐界,23728,刹车油+刹车片+轮胎更换,2024-11-07 13:12,13728
S4938,吉利博越,149213,机油+机滤+燃油滤芯更换,2025-05-21 11:53,144213
S4939,长城魏派VV7,92346,变速箱油+空调滤芯更换,2024-08-09 12:22,82346
S4940,奔驰E级,105748,大保养(机油+三滤+刹车油),2025-02-11 13:11,95748
S4941,丰田卡罗拉,48738,机油+机滤更换,2024-11-10 13:13,43738
S4942,大众朗逸,131250,空调滤芯+空气滤芯更换,2025-11-20 14:35,121250
S4943,本田思域,37799,变速箱油更换,2025-01-14 16:58,27799
S4944,比亚迪汉,44656,全车检查+轮胎换位,2024-01-21 09:03,34656
S4945,宝马3系,61097,大保养(机油+三滤+刹车油),2025-11-04 16:22,51097
S4946,福特蒙迪欧,87445,刹车油+刹车片更换,2024-03-01 12:36,77445
S4947,吉利星越L,117981,机油+机滤+空调滤芯更换,2024-08-14 15:41,112981
S4948,奥迪A4L,120067,变速箱油+火花塞更换,2025-09-08 11:11,110067
S4949,长城哈弗H6,26414,空气滤芯+燃油滤芯更换,2024-05-25 10:03,21414
S4950,奔驰C级,58909,大保养(机油+三滤+变速箱油),2025-05-02 16:33,48909
S4951,丰田凯美瑞,69535,刹车油+冷却液更换,2024-09-27 14:57,59535
S4952,大众帕萨特,41152,机油+机滤+空气滤芯更换,2025-03-17 10:44,36152
S4953,本田CR-V,56870,变速箱油+刹车油更换,2025-12-01 15:56,46870
S4954,比亚迪宋PLUS,39817,全车检查+空调滤芯更换,2024-05-11 11:50,34817
S4955,宝马5系,115453,大保养(机油+三滤+正时皮带),2024-04-13 11:54,105453
S4956,奥迪Q5L,118249,机油+机滤+火花塞更换,2025-01-14 17:19,113249
S4957,福特锐界,55203,刹车油+刹车片+轮胎更换,2025-02-09 13:31,45203
S4958,吉利博越,87252,机油+机滤+燃油滤芯更换,2025-12-04 13:26,82252
S4959,长城魏派VV7,135981,变速箱油+空调滤芯更换,2024-03-03 08:51,125981
S4960,奔驰E级,41473,大保养(机油+三滤+刹车油),2024-11-27 13:37,31473
S4961,丰田卡罗拉,139454,机油+机滤更换,2025-11-24 16:31,134454
S4962,大众朗逸,92708,空调滤芯+空气滤芯更换,2025-01-05 11:58,82708
S4963,本田思域,52613,变速箱油更换,2025-11-07 09:32,42613
S4964,比亚迪汉,71359,全车检查+轮胎换位,2024-09-30 15:51,61359
S4965,宝马3系,32267,大保养(机油+三滤+刹车油),2024-12-15 14:45,22267
S4966,福特蒙迪欧,34909,刹车油+刹车片更换,2024-02-08 09:25,24909
S4967,吉利星越L,109921,机油+机滤+空调滤芯更换,2025-08-14 12:59,104921
S4968,奥迪A4L,130204,变速箱油+火花塞更换,2024-04-06 15:04,120204
S4969,长城哈弗H6,58069,空气滤芯+燃油滤芯更换,2024-06-23 17:16,53069
S4970,奔驰C级,149764,大保养(机油+三滤+变速箱油),2024-01-19 08:01,139764
S4971,丰田凯美瑞,146462,刹车油+冷却液更换,2024-07-22 14:23,136462
S4972,大众帕萨特,72509,机油+机滤+空气滤芯更换,2025-01-11 15:49,67509
S4973,本田CR-V,80951,变速箱油+刹车油更换,2025-05-26 15:40,70951
S4974,比亚迪宋PLUS,83803,全车检查+空调滤芯更换,2025-05-08 14:54,78803
S4975,宝马5系,94066,大保养(机油+三滤+正时皮带),2025-04-22 12:37,84066
S4976,奥迪Q5L,82657,机油+机滤+火花塞更换,2024-12-31 10:58,77657
S4977,福特锐界,148885,刹车油+刹车片+轮胎更换,2024-12-26 11:16,138885
S4978,吉利博越,137380,机油+机滤+燃油滤芯更换,2025-06-23 13:01,132380
S4979,长城魏派VV7,98489,变速箱油+空调滤芯更换,2024-06-10 08:27,88489
S4980,奔驰E级,31505,大保养(机油+三滤+刹车油),2024-06-07 10:21,21505
S4981,丰田卡罗拉,86931,机油+机滤更换,2025-04-15 13:53,81931
S4982,大众朗逸,85526,空调滤芯+空气滤芯更换,2024-06-12 10:34,75526
S4983,本田思域,66682,变速箱油更换,2024-10-19 13:59,56682
S4984,比亚迪汉,91981,全车检查+轮胎换位,2024-06-13 12:07,81981
S4985,宝马3系,114307,大保养(机油+三滤+刹车油),2025-01-13 08:15,104307
S4986,福特蒙迪欧,136875,刹车油+刹车片更换,2024-02-26 11:41,126875
S4987,吉利星越L,62383,机油+机滤+空调滤芯更换,2024-03-08 17:03,57383
S4988,奥迪A4L,45426,变速箱油+火花塞更换,2024-05-03 08:41,35426
S4989,长城哈弗H6,28882,空气滤芯+燃油滤芯更换,2024-02-07 12:01,23882
S4990,奔驰C级,84772,大保养(机油+三滤+变速箱油),2024-03-15 14:42,74772
S4991,丰田凯美瑞,133803,刹车油+冷却液更换,2025-09-07 10:11,123803
S4992,大众帕萨特,149139,机油+机滤+空气滤芯更换,2024-09-22 14:23,144139
S4993,本田CR-V,61856,变速箱油+刹车油更换,2025-01-18 12:03,51856
S4994,比亚迪宋PLUS,77425,全车检查+空调滤芯更换,2025-07-05 17:07,72425
S4995,宝马5系,58904,大保养(机油+三滤+正时皮带),2024-07-01 13:19,48904
S4996,奥迪Q5L,75138,机油+机滤+火花塞更换,2024-12-19 13:46,70138
S4997,福特锐界,48001,刹车油+刹车片+轮胎更换,2025-11-10 10:21,38001
S4998,吉利博越,36657,机油+机滤+燃油滤芯更换,2024-12-08 11:58,31657
S4999,长城魏派VV7,122043,变速箱油+空调滤芯更换,2024-10-01 11:24,112043
S5000,奔驰E级,65024,大保养(机油+三滤+刹车油),2025-08-25 09:59,55024
S5001,丰田卡罗拉,40722,机油+机滤更换,2025-12-08 12:17,35722
S5002,大众朗逸,138811,空调滤芯+空气滤芯更换,2024-07-20 09:45,128811
S5003,本田思域,54620,变速箱油更换,2025-04-24 09:33,44620
S5004,比亚迪汉,30772,全车检查+轮胎换位,2024-07-31 10:45,20772
S5005,宝马3系,25510,大保养(机油+三滤+刹车油),2025-07-04 12:42,15510
S5006,福特蒙迪欧,65007,刹车油+刹车片更换,2024-01-21 14:01,55007
S5007,吉利星越L,51167,机油+机滤+空调滤芯更换,2025-06-20 14:07,46167
S5008,奥迪A4L,99270,变速箱油+火花塞更换,2025-11-18 14:41,89270
S5009,长城哈弗H6,112967,空气滤芯+燃油滤芯更换,2024-05-08 09:14,107967
S5010,奔驰C级,77069,大保养(机油+三滤+变速箱油),2025-08-08 16:21,67069
S5011,丰田凯美瑞,132710,刹车油+冷却液更换,2024-01-17 12:29,122710
S5012,大众帕萨特,115536,机油+机滤+空气滤芯更换,2025-01-10 11:19,110536
S5013,本田CR-V,122452,变速箱油+刹车油更换,2025-02-17 17:12,112452
S5014,比亚迪宋PLUS,38247,全车检查+空调滤芯更换,2025-08-30 08:23,33247
S5015,宝马5系,37167,大保养(机油+三滤+正时皮带),2024-08-09 16:02,27167
S5016,奥迪Q5L,20000,机油+机滤+火花塞更换,2025-11-11 15:40,15000
S5017,福特锐界,63264,刹车油+刹车片+轮胎更换,2024-05-22 17:35,53264
S5018,吉利博越,109441,机油+机滤+燃油滤芯更换,2024-08-26 12:41,104441
S5019,长城魏派VV7,88918,变速箱油+空调滤芯更换,2024-05-03 13:50,78918
S5020,奔驰E级,44396,大保养(机油+三滤+刹车油),2025-06-07 14:22,34396
S5021,丰田卡罗拉,107468,机油+机滤更换,2025-12-23 11:21,102468
S5022,大众朗逸,121472,空调滤芯+空气滤芯更换,2025-04-24 14:11,111472
S5023,本田思域,142138,变速箱油更换,2024-05-28 14:09,132138
S5024,比亚迪汉,91775,全车检查+轮胎换位,2024-10-31 14:15,81775
S5025,宝马3系,133191,大保养(机油+三滤+刹车油),2025-08-31 11:16,123191
S5026,福特蒙迪欧,60295,刹车油+刹车片更换,2024-11-22 15:41,50295
S5027,吉利星越L,121591,机油+机滤+空调滤芯更换,2024-02-11 11:01,116591
S5028,奥迪A4L,96492,变速箱油+火花塞更换,2025-08-15 16:32,86492
S5029,长城哈弗H6,145510,空气滤芯+燃油滤芯更换,2024-03-01 09:26,140510
S5030,奔驰C级,106488,大保养(机油+三滤+变速箱油),2025-12-20 15:13,96488
S5031,丰田凯美瑞,58101,刹车油+冷却液更换,2025-10-25 17:11,48101
S5032,大众帕萨特,62388,机油+机滤+空气滤芯更换,2025-04-23 14:02,57388
S5033,本田CR-V,49780,变速箱油+刹车油更换,2024-03-10 09:07,39780
S5034,比亚迪宋PLUS,132407,全车检查+空调滤芯更换,2025-05-10 11:37,127407
S5035,宝马5系,46472,大保养(机油+三滤+正时皮带),2025-04-13 10:00,36472
S5036,奥迪Q5L,38927,机油+机滤+火花塞更换,2025-10-06 09:27,33927
S5037,福特锐界,119683,刹车油+刹车片+轮胎更换,2024-08-12 12:02,109683
S5038,吉利博越,34526,机油+机滤+燃油滤芯更换,2024-05-10 13:50,29526
S5039,长城魏派VV7,137163,变速箱油+空调滤芯更换,2025-11-19 12:46,127163
S5040,奔驰E级,140037,大保养(机油+三滤+刹车油),2025-02-10 12:19,130037
S5041,丰田卡罗拉,101132,机油+机滤更换,2024-05-30 16:53,96132
S5042,大众朗逸,32982,空调滤芯+空气滤芯更换,2024-07-29 08:18,22982
S5043,本田思域,106543,变速箱油更换,2024-10-14 16:25,96543
S5044,比亚迪汉,45495,全车检查+轮胎换位,2025-06-01 10:39,35495
S5045,宝马3系,52300,大保养(机油+三滤+刹车油),2025-08-16 15:31,42300
S5046,福特蒙迪欧,29051,刹车油+刹车片更换,2025-10-04 13:08,19051
S5047,吉利星越L,24230,机油+机滤+空调滤芯更换,2025-08-31 16:54,19230
S5048,奥迪A4L,108359,变速箱油+火花塞更换,2025-11-20 11:48,98359
S5049,长城哈弗H6,107229,空气滤芯+燃油滤芯更换,2025-03-01 10:39,102229
S5050,奔驰C级,136009,大保养(机油+三滤+变速箱油),2024-11-21 14:30,126009
S5051,丰田凯美瑞,142628,刹车油+冷却液更换,2025-09-02 09:16,132628
S5052,大众帕萨特,138108,机油+机滤+空气滤芯更换,2024-11-16 14:20,133108
S5053,本田CR-V,119335,变速箱油+刹车油更换,2024-11-18 08:38,109335
S5054,比亚迪宋PLUS,25113,全车检查+空调滤芯更换,2024-04-05 11:30,20113
S5055,宝马5系,42639,大保养(机油+三滤+正时皮带),2024-09-11 17:44,32639
S5056,奥迪Q5L,82556,机油+机滤+火花塞更换,2024-08-22 17:15,77556
S5057,福特锐界,115771,刹车油+刹车片+轮胎更换,2024-02-28 09:46,105771
S5058,吉利博越,90460,机油+机滤+燃油滤芯更换,2025-11-02 08:25,85460
S5059,长城魏派VV7,98005,变速箱油+空调滤芯更换,2024-11-29 14:10,88005
S5060,奔驰E级,99425,大保养(机油+三滤+刹车油),2024-09-10 09:46,89425
S5061,丰田卡罗拉,117472,机油+机滤更换,2024-06-28 11:59,112472
S5062,大众朗逸,123221,空调滤芯+空气滤芯更换,2024-09-24 12:37,113221
S5063,本田思域,64724,变速箱油更换,2025-09-14 11:55,54724
S5064,比亚迪汉,60792,全车检查+轮胎换位,2025-02-25 17:43,50792
S5065,宝马3系,57746,大保养(机油+三滤+刹车油),2024-01-08 16:57,47746
S5066,福特蒙迪欧,117673,刹车油+刹车片更换,2024-02-01 15:13,107673
S5067,吉利星越L,137220,机油+机滤+空调滤芯更换,2025-03-09 10:25,132220
S5068,奥迪A4L,70528,变速箱油+火花塞更换,2025-02-10 12:35,60528
S5069,长城哈弗H6,40501,空气滤芯+燃油滤芯更换,2025-06-01 15:12,35501
S5070,奔驰C级,126027,大保养(机油+三滤+变速箱油),2025-09-27 11:27,116027
S5071,丰田凯美瑞,142395,刹车油+冷却液更换,2025-04-22 15:40,132395
S5072,大众帕萨特,70565,机油+机滤+空气滤芯更换,2025-06-20 08:34,65565
S5073,本田CR-V,33467,变速箱油+刹车油更换,2025-12-25 15:06,23467
S5074,比亚迪宋PLUS,79726,全车检查+空调滤芯更换,2024-12-27 12:34,74726
S5075,宝马5系,36389,大保养(机油+三滤+正时皮带),2025-09-19 10:50,26389
S5076,奥迪Q5L,97242,机油+机滤+火花塞更换,2025-12-24 09:04,92242
S5077,福特锐界,102191,刹车油+刹车片+轮胎更换,2024-09-29 12:42,92191
S5078,吉利博越,28713,机油+机滤+燃油滤芯更换,2025-02-26 09:27,23713
S5079,长城魏派VV7,43916,变速箱油+空调滤芯更换,2025-03-20 12:39,33916
S5080,奔驰E级,84865,大保养(机油+三滤+刹车油),2024-02-09 15:23,74865
S5081,丰田卡罗拉,126444,机油+机滤更换,2025-12-17 10:09,121444
S5082,大众朗逸,54118,空调滤芯+空气滤芯更换,2024-03-22 12:54,44118
S5083,本田思域,130200,变速箱油更换,2024-09-30 13:06,120200
S5084,比亚迪汉,98648,全车检查+轮胎换位,2024-05-02 13:15,88648
S5085,宝马3系,121646,大保养(机油+三滤+刹车油),2025-12-09 10:31,111646
S5086,福特蒙迪欧,72081,刹车油+刹车片更换,2024-03-09 14:59,62081
S5087,吉利星越L,47244,机油+机滤+空调滤芯更换,2024-10-10 13:48,42244
S5088,奥迪A4L,121462,变速箱油+火花塞更换,2024-08-30 09:37,111462
S5089,长城哈弗H6,106493,空气滤芯+燃油滤芯更换,2024-06-15 16:43,101493
S5090,奔驰C级,141074,大保养(机油+三滤+变速箱油),2024-04-25 11:58,131074
S5091,丰田凯美瑞,101584,刹车油+冷却液更换,2025-11-19 17:35,91584
S5092,大众帕萨特,147389,机油+机滤+空气滤芯更换,2024-08-18 14:02,142389
S5093,本田CR-V,139150,变速箱油+刹车油更换,2024-11-10 14:02,129150
S5094,比亚迪宋PLUS,67749,全车检查+空调滤芯更换,2024-06-12 12:56,62749
S5095,宝马5系,103509,大保养(机油+三滤+正时皮带),2025-11-22 12:39,93509
S5096,奥迪Q5L,69774,机油+机滤+火花塞更换,2025-02-21 15:36,64774
S5097,福特锐界,61160,刹车油+刹车片+轮胎更换,2025-11-29 08:01,51160
S5098,吉利博越,21663,机油+机滤+燃油滤芯更换,2024-05-22 09:10,16663
S5099,长城魏派VV7,118959,变速箱油+空调滤芯更换,2024-08-07 12:53,108959
S5100,奔驰E级,113832,大保养(机油+三滤+刹车油),2024-09-21 16:53,103832
S5101,丰田卡罗拉,74543,机油+机滤更换,2025-09-22 13:14,69543
S5102,大众朗逸,24413,空调滤芯+空气滤芯更换,2024-05-17 13:28,14413
S5103,本田思域,76806,变速箱油更换,2025-07-11 12:19,66806
S5104,比亚迪汉,26155,全车检查+轮胎换位,2024-05-08 09:00,16155
S5105,宝马3系,77861,大保养(机油+三滤+刹车油),2025-07-26 13:34,67861
S5106,福特蒙迪欧,70947,刹车油+刹车片更换,2024-06-29 16:21,60947
S5107,吉利星越L,131685,机油+机滤+空调滤芯更换,2024-07-26 12:33,126685
S5108,奥迪A4L,136008,变速箱油+火花塞更换,2024-07-31 13:05,126008
S5109,长城哈弗H6,61075,空气滤芯+燃油滤芯更换,2025-02-22 09:49,56075
S5110,奔驰C级,141628,大保养(机油+三滤+变速箱油),2025-01-01 16:21,131628
S5111,丰田凯美瑞,126311,刹车油+冷却液更换,2025-10-25 11:27,116311
S5112,大众帕萨特,80686,机油+机滤+空气滤芯更换,2025-08-19 12:20,75686
S5113,本田CR-V,59850,变速箱油+刹车油更换,2024-04-27 17:32,49850
S5114,比亚迪宋PLUS,37466,全车检查+空调滤芯更换,2024-07-21 11:34,32466
S5115,宝马5系,64338,大保养(机油+三滤+正时皮带),2025-12-03 12:06,54338
S5116,奥迪Q5L,48149,机油+机滤+火花塞更换,2025-03-25 17:10,43149
S5117,福特锐界,37595,刹车油+刹车片+轮胎更换,2025-02-09 13:17,27595
S5118,吉利博越,124122,机油+机滤+燃油滤芯更换,2025-01-30 12:38,119122
S5119,长城魏派VV7,128815,变速箱油+空调滤芯更换,2025-05-26 08:49,118815
S5120,奔驰E级,95117,大保养(机油+三滤+刹车油),2024-01-09 12:56,85117
S5121,丰田卡罗拉,53692,机油+机滤更换,2025-03-03 09:04,48692
S5122,大众朗逸,52184,空调滤芯+空气滤芯更换,2024-04-14 13:50,42184
S5123,本田思域,92550,变速箱油更换,2024-12-12 13:23,82550
S5124,比亚迪汉,73660,全车检查+轮胎换位,2024-06-07 10:41,63660
S5125,宝马3系,136339,大保养(机油+三滤+刹车油),2025-08-14 11:56,126339
S5126,福特蒙迪欧,104580,刹车油+刹车片更换,2025-06-29 17:26,94580
S5127,吉利星越L,20889,机油+机滤+空调滤芯更换,2025-05-01 16:27,15889
S5128,奥迪A4L,32742,变速箱油+火花塞更换,2024-11-14 12:02,22742
S5129,长城哈弗H6,129576,空气滤芯+燃油滤芯更换,2024-07-12 08:56,124576
S5130,奔驰C级,24559,大保养(机油+三滤+变速箱油),2024-10-08 16:07,14559
S5131,丰田凯美瑞,49858,刹车油+冷却液更换,2025-04-24 08:08,39858
S5132,大众帕萨特,81577,机油+机滤+空气滤芯更换,2024-01-10 14:18,76577
S5133,本田CR-V,123028,变速箱油+刹车油更换,2025-05-14 10:59,113028
S5134,比亚迪宋PLUS,67233,全车检查+空调滤芯更换,2024-11-12 09:29,62233
S5135,宝马5系,139165,大保养(机油+三滤+正时皮带),2024-01-20 16:40,129165
S5136,奥迪Q5L,72624,机油+机滤+火花塞更换,2025-05-10 17:09,67624
S5137,福特锐界,32610,刹车油+刹车片+轮胎更换,2025-06-08 14:03,22610
S5138,吉利博越,67355,机油+机滤+燃油滤芯更换,2024-05-07 10:26,62355
S5139,长城魏派VV7,141633,变速箱油+空调滤芯更换,2025-02-28 16:09,131633
S5140,奔驰E级,98155,大保养(机油+三滤+刹车油),2025-04-21 16:39,88155
S5141,丰田卡罗拉,86436,机油+机滤更换,2025-12-27 14:41,81436
S5142,大众朗逸,47759,空调滤芯+空气滤芯更换,2024-08-27 10:09,37759
S5143,本田思域,106010,变速箱油更换,2024-04-09 10:35,96010
S5144,比亚迪汉,50000,全车检查+轮胎换位,2025-03-20 08:56,40000
S5145,宝马3系,80624,大保养(机油+三滤+刹车油),2024-08-13 08:39,70624
S5146,福特蒙迪欧,82417,刹车油+刹车片更换,2025-06-30 13:02,72417
S5147,吉利星越L,23395,机油+机滤+空调滤芯更换,2024-11-17 11:34,18395
S5148,奥迪A4L,27087,变速箱油+火花塞更换,2025-03-17 14:07,17087
S5149,长城哈弗H6,53130,空气滤芯+燃油滤芯更换,2025-02-16 12:44,48130
S5150,奔驰C级,62767,大保养(机油+三滤+变速箱油),2024-08-14 09:18,52767
S5151,丰田凯美瑞,133805,刹车油+冷却液更换,2024-01-05 17:59,123805
S5152,大众帕萨特,134017,机油+机滤+空气滤芯更换,2024-10-01 09:36,129017
S5153,本田CR-V,108310,变速箱油+刹车油更换,2025-09-12 10:56,98310
S5154,比亚迪宋PLUS,92821,全车检查+空调滤芯更换,2024-04-23 14:46,87821
S5155,宝马5系,67509,大保养(机油+三滤+正时皮带),2025-07-26 15:26,57509
S5156,奥迪Q5L,118623,机油+机滤+火花塞更换,2025-10-17 13:59,113623
S5157,福特锐界,23940,刹车油+刹车片+轮胎更换,2025-10-11 12:47,13940
S5158,吉利博越,60638,机油+机滤+燃油滤芯更换,2024-05-19 17:59,55638
S5159,长城魏派VV7,127738,变速箱油+空调滤芯更换,2025-11-20 11:05,117738
S5160,奔驰E级,101742,大保养(机油+三滤+刹车油),2024-09-16 15:59,91742
S5161,丰田卡罗拉,34432,机油+机滤更换,2025-06-28 15:40,29432
S5162,大众朗逸,103184,空调滤芯+空气滤芯更换,2025-01-26 10:16,93184
S5163,本田思域,31101,变速箱油更换,2025-01-07 14:41,21101
S5164,比亚迪汉,147957,全车检查+轮胎换位,2024-09-17 14:52,137957
S5165,宝马3系,84329,大保养(机油+三滤+刹车油),2024-04-04 15:10,74329
S5166,福特蒙迪欧,116620,刹车油+刹车片更换,2024-01-13 12:34,106620
S5167,吉利星越L,87463,机油+机滤+空调滤芯更换,2024-03-25 09:06,82463
S5168,奥迪A4L,117078,变速箱油+火花塞更换,2025-07-21 17:55,107078
S5169,长城哈弗H6,44957,空气滤芯+燃油滤芯更换,2025-10-19 10:47,39957
S5170,奔驰C级,89662,大保养(机油+三滤+变速箱油),2025-11-22 15:02,79662
S5171,丰田凯美瑞,113153,刹车油+冷却液更换,2024-09-20 13:09,103153
S5172,大众帕萨特,123122,机油+机滤+空气滤芯更换,2025-06-23 14:05,118122
S5173,本田CR-V,94217,变速箱油+刹车油更换,2024-01-05 16:20,84217
S5174,比亚迪宋PLUS,22353,全车检查+空调滤芯更换,2025-01-21 09:02,17353
S5175,宝马5系,140753,大保养(机油+三滤+正时皮带),2024-05-08 10:57,130753
S5176,奥迪Q5L,115075,机油+机滤+火花塞更换,2025-02-26 09:13,110075
S5177,福特锐界,134316,刹车油+刹车片+轮胎更换,2025-08-12 12:32,124316
S5178,吉利博越,87925,机油+机滤+燃油滤芯更换,2024-09-02 11:35,82925
S5179,长城魏派VV7,69707,变速箱油+空调滤芯更换,2025-11-29 10:57,59707
S5180,奔驰E级,133208,大保养(机油+三滤+刹车油),2025-06-09 08:28,123208
S5181,丰田卡罗拉,41978,机油+机滤更换,2024-07-28 16:52,36978
S5182,大众朗逸,35207,空调滤芯+空气滤芯更换,2024-06-23 10:50,25207
S5183,本田思域,84674,变速箱油更换,2024-11-27 16:24,74674
S5184,比亚迪汉,142864,全车检查+轮胎换位,2024-11-28 14:48,132864
S5185,宝马3系,59889,大保养(机油+三滤+刹车油),2024-08-29 14:10,49889
S5186,福特蒙迪欧,149964,刹车油+刹车片更换,2025-03-28 11:13,139964
S5187,吉利星越L,102582,机油+机滤+空调滤芯更换,2025-02-27 11:03,97582
S5188,奥迪A4L,85398,变速箱油+火花塞更换,2025-11-17 15:19,75398
S5189,长城哈弗H6,139022,空气滤芯+燃油滤芯更换,2025-12-14 16:20,134022
S5190,奔驰C级,140395,大保养(机油+三滤+变速箱油),2024-05-09 10:30,130395
S5191,丰田凯美瑞,86900,刹车油+冷却液更换,2025-05-28 13:40,76900
S5192,大众帕萨特,42742,机油+机滤+空气滤芯更换,2024-11-29 12:50,37742
S5193,本田CR-V,43701,变速箱油+刹车油更换,2025-12-11 13:33,33701
S5194,比亚迪宋PLUS,54747,全车检查+空调滤芯更换,2024-06-14 14:12,49747
S5195,宝马5系,43593,大保养(机油+三滤+正时皮带),2025-02-07 08:43,33593
S5196,奥迪Q5L,71293,机油+机滤+火花塞更换,2024-02-17 12:38,66293
S5197,福特锐界,114954,刹车油+刹车片+轮胎更换,2025-05-18 14:11,104954
S5198,吉利博越,43832,机油+机滤+燃油滤芯更换,2024-07-05 08:35,38832
S5199,长城魏派VV7,37464,变速箱油+空调滤芯更换,2024-01-03 11:49,27464
S5200,奔驰E级,147919,大保养(机油+三滤+刹车油),2025-08-18 13:44,137919
S5201,丰田卡罗拉,48027,机油+机滤更换,2025-10-13 12:27,43027
S5202,大众朗逸,147955,空调滤芯+空气滤芯更换,2025-07-12 09:06,137955
S5203,本田思域,139819,变速箱油更换,2024-04-17 15:00,129819
S5204,比亚迪汉,29467,全车检查+轮胎换位,2025-04-21 08:07,19467
S5205,宝马3系,124846,大保养(机油+三滤+刹车油),2025-05-04 08:00,114846
S5206,福特蒙迪欧,80851,刹车油+刹车片更换,2025-01-24 11:30,70851
S5207,吉利星越L,64651,机油+机滤+空调滤芯更换,2024-07-16 14:26,59651
S5208,奥迪A4L,36964,变速箱油+火花塞更换,2025-12-24 16:42,26964
S5209,长城哈弗H6,83945,空气滤芯+燃油滤芯更换,2025-11-01 08:44,78945
S5210,奔驰C级,94277,大保养(机油+三滤+变速箱油),2025-01-18 13:43,84277
S5211,丰田凯美瑞,53463,刹车油+冷却液更换,2025-05-22 16:43,43463
S5212,大众帕萨特,31815,机油+机滤+空气滤芯更换,2025-08-12 08:28,26815
S5213,本田CR-V,69120,变速箱油+刹车油更换,2025-02-17 15:03,59120
S5214,比亚迪宋PLUS,46698,全车检查+空调滤芯更换,2024-06-14 10:55,41698
S5215,宝马5系,102151,大保养(机油+三滤+正时皮带),2024-09-23 13:59,92151
S5216,奥迪Q5L,141969,机油+机滤+火花塞更换,2025-06-27 15:26,136969
S5217,福特锐界,92136,刹车油+刹车片+轮胎更换,2024-06-13 17:44,82136
S5218,吉利博越,43507,机油+机滤+燃油滤芯更换,2025-09-23 08:39,38507
S5219,长城魏派VV7,33190,变速箱油+空调滤芯更换,2025-07-20 16:26,23190
S5220,奔驰E级,74428,大保养(机油+三滤+刹车油),2025-08-28 11:10,64428
S5221,丰田卡罗拉,51551,机油+机滤更换,2024-08-04 15:08,46551
S5222,大众朗逸,47169,空调滤芯+空气滤芯更换,2025-01-03 17:24,37169
S5223,本田思域,107773,变速箱油更换,2025-03-12 13:02,97773
S5224,比亚迪汉,46037,全车检查+轮胎换位,2025-07-29 15:53,36037
S5225,宝马3系,132560,大保养(机油+三滤+刹车油),2024-03-08 13:39,122560
S5226,福特蒙迪欧,121106,刹车油+刹车片更换,2024-06-23 17:55,111106
S5227,吉利星越L,146876,机油+机滤+空调滤芯更换,2024-11-04 13:23,141876
S5228,奥迪A4L,109771,变速箱油+火花塞更换,2025-07-29 11:43,99771
S5229,长城哈弗H6,80296,空气滤芯+燃油滤芯更换,2024-07-18 10:08,75296
S5230,奔驰C级,46089,大保养(机油+三滤+变速箱油),2025-01-16 12:50,36089
S5231,丰田凯美瑞,40733,刹车油+冷却液更换,2024-09-08 15:04,30733
S5232,大众帕萨特,66637,机油+机滤+空气滤芯更换,2024-10-06 08:24,61637
S5233,本田CR-V,27625,变速箱油+刹车油更换,2025-08-07 10:21,17625
S5234,比亚迪宋PLUS,72232,全车检查+空调滤芯更换,2024-10-23 11:47,67232
S5235,宝马5系,132646,大保养(机油+三滤+正时皮带),2024-06-14 12:50,122646
S5236,奥迪Q5L,77800,机油+机滤+火花塞更换,2025-11-27 13:36,72800
S5237,福特锐界,84947,刹车油+刹车片+轮胎更换,2025-02-21 15:07,74947
S5238,吉利博越,136925,机油+机滤+燃油滤芯更换,2025-02-01 12:01,131925
S5239,长城魏派VV7,146273,变速箱油+空调滤芯更换,2024-10-17 10:46,136273
S5240,奔驰E级,119269,大保养(机油+三滤+刹车油),2024-10-09 13:12,109269
S5241,丰田卡罗拉,89888,机油+机滤更换,2024-02-20 17:24,84888
S5242,大众朗逸,144897,空调滤芯+空气滤芯更换,2025-11-13 14:15,134897
S5243,本田思域,67661,变速箱油更换,2024-03-14 10:18,57661
S5244,比亚迪汉,104582,全车检查+轮胎换位,2025-12-08 12:24,94582
S5245,宝马3系,52032,大保养(机油+三滤+刹车油),2025-02-28 10:49,42032
S5246,福特蒙迪欧,35865,刹车油+刹车片更换,2025-08-14 11:31,25865
S5247,吉利星越L,25315,机油+机滤+空调滤芯更换,2024-03-04 08:47,20315
S5248,奥迪A4L,144234,变速箱油+火花塞更换,2025-07-07 08:08,134234
S5249,长城哈弗H6,65185,空气滤芯+燃油滤芯更换,2024-08-29 09:38,60185
S5250,奔驰C级,21457,大保养(机油+三滤+变速箱油),2024-05-21 16:49,11457
S5251,丰田凯美瑞,63469,刹车油+冷却液更换,2024-05-20 09:35,53469
S5252,大众帕萨特,120284,机油+机滤+空气滤芯更换,2024-03-16 13:19,115284
S5253,本田CR-V,124768,变速箱油+刹车油更换,2024-11-10 16:13,114768
S5254,比亚迪宋PLUS,35819,全车检查+空调滤芯更换,2024-04-09 17:23,30819
S5255,宝马5系,66021,大保养(机油+三滤+正时皮带),2025-06-09 16:52,56021
S5256,奥迪Q5L,60263,机油+机滤+火花塞更换,2025-09-20 08:02,55263
S5257,福特锐界,125862,刹车油+刹车片+轮胎更换,2024-02-10 11:29,115862
S5258,吉利博越,118585,机油+机滤+燃油滤芯更换,2025-03-15 09:29,113585
S5259,长城魏派VV7,131223,变速箱油+空调滤芯更换,2025-12-25 13:10,121223
S5260,奔驰E级,110329,大保养(机油+三滤+刹车油),2025-10-18 17:23,100329
S5261,丰田卡罗拉,116666,机油+机滤更换,2024-08-22 16:03,111666
S5262,大众朗逸,36774,空调滤芯+空气滤芯更换,2025-05-01 08:33,26774
S5263,本田思域,23158,变速箱油更换,2024-04-04 10:00,13158
S5264,比亚迪汉,105480,全车检查+轮胎换位,2024-12-24 12:30,95480
S5265,宝马3系,60571,大保养(机油+三滤+刹车油),2024-10-22 08:47,50571
S5266,福特蒙迪欧,138593,刹车油+刹车片更换,2024-09-30 12:32,128593
S5267,吉利星越L,47389,机油+机滤+空调滤芯更换,2025-11-26 11:55,42389
S5268,奥迪A4L,146897,变速箱油+火花塞更换,2025-09-04 14:08,136897
S5269,长城哈弗H6,63969,空气滤芯+燃油滤芯更换,2025-12-11 17:00,58969
S5270,奔驰C级,143955,大保养(机油+三滤+变速箱油),2024-10-21 16:48,133955
S5271,丰田凯美瑞,56058,刹车油+冷却液更换,2025-11-17 09:16,46058
S5272,大众帕萨特,82982,机油+机滤+空气滤芯更换,2025-11-30 17:58,77982
S5273,本田CR-V,95377,变速箱油+刹车油更换,2025-05-19 12:05,85377
S5274,比亚迪宋PLUS,124701,全车检查+空调滤芯更换,2024-04-22 14:13,119701
S5275,宝马5系,42251,大保养(机油+三滤+正时皮带),2024-10-23 12:44,32251
S5276,奥迪Q5L,136021,机油+机滤+火花塞更换,2025-09-08 15:41,131021
S5277,福特锐界,20642,刹车油+刹车片+轮胎更换,2025-05-07 12:58,10642
S5278,吉利博越,79230,机油+机滤+燃油滤芯更换,2025-05-08 09:14,74230
S5279,长城魏派VV7,119501,变速箱油+空调滤芯更换,2025-04-29 12:11,109501
S5280,奔驰E级,96518,大保养(机油+三滤+刹车油),2024-03-02 16:28,86518
S5281,丰田卡罗拉,102192,机油+机滤更换,2024-08-06 12:09,97192
S5282,大众朗逸,50579,空调滤芯+空气滤芯更换,2025-08-06 08:07,40579
S5283,本田思域,46539,变速箱油更换,2024-04-12 17:03,36539
S5284,比亚迪汉,36769,全车检查+轮胎换位,2024-07-04 08:43,26769
S5285,宝马3系,38371,大保养(机油+三滤+刹车油),2024-05-13 11:49,28371
S5286,福特蒙迪欧,77789,刹车油+刹车片更换,2025-07-17 08:42,67789
S5287,吉利星越L,145733,机油+机滤+空调滤芯更换,2025-04-25 13:18,140733
S5288,奥迪A4L,133939,变速箱油+火花塞更换,2025-11-26 10:29,123939
S5289,长城哈弗H6,68374,空气滤芯+燃油滤芯更换,2025-05-20 10:14,63374
S5290,奔驰C级,112166,大保养(机油+三滤+变速箱油),2025-06-03 15:36,102166
S5291,丰田凯美瑞,104056,刹车油+冷却液更换,2024-03-05 14:54,94056
S5292,大众帕萨特,139507,机油+机滤+空气滤芯更换,2025-10-06 09:20,134507
S5293,本田CR-V,23639,变速箱油+刹车油更换,2024-10-26 09:51,13639
S5294,比亚迪宋PLUS,101656,全车检查+空调滤芯更换,2024-04-27 17:31,96656
S5295,宝马5系,141386,大保养(机油+三滤+正时皮带),2025-09-03 17:22,131386
S5296,奥迪Q5L,37812,机油+机滤+火花塞更换,2025-04-02 10:33,32812
S5297,福特锐界,64579,刹车油+刹车片+轮胎更换,2024-08-07 15:44,54579
S5298,吉利博越,24791,机油+机滤+燃油滤芯更换,2024-11-25 16:24,19791
S5299,长城魏派VV7,37238,变速箱油+空调滤芯更换,2024-10-05 14:17,27238
S5300,奔驰E级,25412,大保养(机油+三滤+刹车油),2025-04-02 10:45,15412
S5301,丰田卡罗拉,74916,机油+机滤更换,2024-10-07 13:54,69916
S5302,大众朗逸,98628,空调滤芯+空气滤芯更换,2025-03-15 08:40,88628
S5303,本田思域,81875,变速箱油更换,2024-04-16 09:52,71875
S5304,比亚迪汉,115792,全车检查+轮胎换位,2024-06-11 09:48,105792
S5305,宝马3系,88820,大保养(机油+三滤+刹车油),2024-12-13 17:11,78820
S5306,福特蒙迪欧,29432,刹车油+刹车片更换,2025-02-26 17:59,19432
S5307,吉利星越L,127778,机油+机滤+空调滤芯更换,2024-02-09 11:03,122778
S5308,奥迪A4L,101713,变速箱油+火花塞更换,2024-11-02 10:15,91713
S5309,长城哈弗H6,61345,空气滤芯+燃油滤芯更换,2025-06-19 10:51,56345
S5310,奔驰C级,147204,大保养(机油+三滤+变速箱油),2024-05-16 10:09,137204
S5311,丰田凯美瑞,135562,刹车油+冷却液更换,2025-03-22 13:30,125562
S5312,大众帕萨特,52859,机油+机滤+空气滤芯更换,2025-10-05 17:31,47859
S5313,本田CR-V,79792,变速箱油+刹车油更换,2024-04-27 10:10,69792
S5314,比亚迪宋PLUS,95023,全车检查+空调滤芯更换,2025-01-14 09:17,90023
S5315,宝马5系,46916,大保养(机油+三滤+正时皮带),2024-07-13 12:10,36916
S5316,奥迪Q5L,124752,机油+机滤+火花塞更换,2024-10-14 15:11,119752
S5317,福特锐界,112825,刹车油+刹车片+轮胎更换,2024-05-26 08:44,102825
S5318,吉利博越,144776,机油+机滤+燃油滤芯更换,2024-07-18 14:31,139776
S5319,长城魏派VV7,103335,变速箱油+空调滤芯更换,2025-02-12 08:47,93335
S5320,奔驰E级,33328,大保养(机油+三滤+刹车油),2025-09-30 15:05,23328
S5321,丰田卡罗拉,69350,机油+机滤更换,2025-02-04 10:56,64350
S5322,大众朗逸,99911,空调滤芯+空气滤芯更换,2025-01-10 17:26,89911
S5323,本田思域,77164,变速箱油更换,2024-04-12 10:35,67164
S5324,比亚迪汉,143538,全车检查+轮胎换位,2024-02-18 15:34,133538
S5325,宝马3系,72828,大保养(机油+三滤+刹车油),2025-07-16 10:11,62828
S5326,福特蒙迪欧,71046,刹车油+刹车片更换,2025-05-23 10:04,61046
S5327,吉利星越L,41088,机油+机滤+空调滤芯更换,2024-07-18 16:21,36088
S5328,奥迪A4L,131032,变速箱油+火花塞更换,2024-12-13 12:03,121032
S5329,长城哈弗H6,94089,空气滤芯+燃油滤芯更换,2024-05-29 11:37,89089
S5330,奔驰C级,124906,大保养(机油+三滤+变速箱油),2025-06-13 14:46,114906
S5331,丰田凯美瑞,48294,刹车油+冷却液更换,2025-04-22 14:34,38294
S5332,大众帕萨特,147167,机油+机滤+空气滤芯更换,2024-04-10 14:27,142167
S5333,本田CR-V,69150,变速箱油+刹车油更换,2024-07-10 11:56,59150
S5334,比亚迪宋PLUS,69159,全车检查+空调滤芯更换,2024-03-20 15:18,64159
S5335,宝马5系,25367,大保养(机油+三滤+正时皮带),2025-11-08 17:10,15367
S5336,奥迪Q5L,22249,机油+机滤+火花塞更换,2024-01-28 13:58,17249
S5337,福特锐界,83477,刹车油+刹车片+轮胎更换,2025-05-12 17:41,73477
S5338,吉利博越,30103,机油+机滤+燃油滤芯更换,2024-06-15 08:21,25103
S5339,长城魏派VV7,76401,变速箱油+空调滤芯更换,2025-10-30 16:56,66401
S5340,奔驰E级,137753,大保养(机油+三滤+刹车油),2024-07-07 08:52,127753
S5341,丰田卡罗拉,99737,机油+机滤更换,2024-01-02 16:29,94737
S5342,大众朗逸,138141,空调滤芯+空气滤芯更换,2025-06-16 08:24,128141
S5343,本田思域,148916,变速箱油更换,2025-08-30 14:05,138916
S5344,比亚迪汉,32405,全车检查+轮胎换位,2024-08-13 12:46,22405
S5345,宝马3系,124214,大保养(机油+三滤+刹车油),2025-01-13 13:01,114214
S5346,福特蒙迪欧,58419,刹车油+刹车片更换,2025-03-08 10:04,48419
S5347,吉利星越L,40758,机油+机滤+空调滤芯更换,2024-10-27 11:43,35758
S5348,奥迪A4L,59993,变速箱油+火花塞更换,2024-04-30 12:09,49993
S5349,长城哈弗H6,147883,空气滤芯+燃油滤芯更换,2025-06-27 16:28,142883
S5350,奔驰C级,148361,大保养(机油+三滤+变速箱油),2024-08-12 08:55,138361
S5351,丰田凯美瑞,103758,刹车油+冷却液更换,2024-08-22 15:23,93758
S5352,大众帕萨特,66094,机油+机滤+空气滤芯更换,2025-11-21 11:35,61094
S5353,本田CR-V,123616,变速箱油+刹车油更换,2025-09-26 10:55,113616
S5354,比亚迪宋PLUS,67480,全车检查+空调滤芯更换,2025-08-28 16:15,62480
S5355,宝马5系,54620,大保养(机油+三滤+正时皮带),2025-08-04 16:05,44620
S5356,奥迪Q5L,99709,机油+机滤+火花塞更换,2025-09-20 12:09,94709
S5357,福特锐界,29127,刹车油+刹车片+轮胎更换,2025-06-12 16:34,19127
S5358,吉利博越,137833,机油+机滤+燃油滤芯更换,2025-09-21 09:18,132833
S5359,长城魏派VV7,30715,变速箱油+空调滤芯更换,2024-12-21 08:17,20715
S5360,奔驰E级,137285,大保养(机油+三滤+刹车油),2024-05-29 11:43,127285
S5361,丰田卡罗拉,126470,机油+机滤更换,2024-12-02 11:17,121470
S5362,大众朗逸,149169,空调滤芯+空气滤芯更换,2024-12-27 09:30,139169
S5363,本田思域,66651,变速箱油更换,2025-08-28 09:38,56651
S5364,比亚迪汉,51206,全车检查+轮胎换位,2024-02-19 15:03,41206
S5365,宝马3系,55521,大保养(机油+三滤+刹车油),2024-03-04 10:05,45521
S5366,福特蒙迪欧,125482,刹车油+刹车片更换,2025-04-30 09:24,115482
S5367,吉利星越L,90246,机油+机滤+空调滤芯更换,2024-08-29 13:28,85246
S5368,奥迪A4L,116411,变速箱油+火花塞更换,2025-11-14 08:40,106411
S5369,长城哈弗H6,147283,空气滤芯+燃油滤芯更换,2024-11-05 11:39,142283
S5370,奔驰C级,115815,大保养(机油+三滤+变速箱油),2024-06-20 16:57,105815
S5371,丰田凯美瑞,69926,刹车油+冷却液更换,2024-11-08 13:54,59926
S5372,大众帕萨特,132560,机油+机滤+空气滤芯更换,2025-06-17 11:33,127560
S5373,本田CR-V,46148,变速箱油+刹车油更换,2024-11-02 12:28,36148
S5374,比亚迪宋PLUS,29742,全车检查+空调滤芯更换,2024-08-30 09:13,24742
S5375,宝马5系,44134,大保养(机油+三滤+正时皮带),2025-09-13 08:01,34134
S5376,奥迪Q5L,144321,机油+机滤+火花塞更换,2025-03-01 13:00,139321
S5377,福特锐界,21020,刹车油+刹车片+轮胎更换,2024-05-08 14:33,11020
S5378,吉利博越,128591,机油+机滤+燃油滤芯更换,2025-04-19 15:02,123591
S5379,长城魏派VV7,118436,变速箱油+空调滤芯更换,2024-05-13 12:41,108436
S5380,奔驰E级,89760,大保养(机油+三滤+刹车油),2024-05-16 13:11,79760
S5381,丰田卡罗拉,135569,机油+机滤更换,2024-06-17 12:39,130569
S5382,大众朗逸,139119,空调滤芯+空气滤芯更换,2024-01-05 12:55,129119
S5383,本田思域,114005,变速箱油更换,2025-01-29 10:33,104005
S5384,比亚迪汉,117878,全车检查+轮胎换位,2025-01-14 08:15,107878
S5385,宝马3系,23858,大保养(机油+三滤+刹车油),2024-12-22 08:21,13858
S5386,福特蒙迪欧,125060,刹车油+刹车片更换,2024-05-09 15:17,115060
S5387,吉利星越L,75034,机油+机滤+空调滤芯更换,2024-02-29 12:35,70034
S5388,奥迪A4L,136717,变速箱油+火花塞更换,2025-01-06 14:39,126717
S5389,长城哈弗H6,73433,空气滤芯+燃油滤芯更换,2025-11-01 13:57,68433
S5390,奔驰C级,56898,大保养(机油+三滤+变速箱油),2024-04-27 14:03,46898
S5391,丰田凯美瑞,133886,刹车油+冷却液更换,2025-12-02 17:50,123886
S5392,大众帕萨特,108056,机油+机滤+空气滤芯更换,2024-01-31 16:28,103056
S5393,本田CR-V,147647,变速箱油+刹车油更换,2024-02-02 13:26,137647
S5394,比亚迪宋PLUS,145774,全车检查+空调滤芯更换,2025-10-16 12:55,140774
S5395,宝马5系,129832,大保养(机油+三滤+正时皮带),2024-08-23 08:16,119832
S5396,奥迪Q5L,46037,机油+机滤+火花塞更换,2024-01-21 14:21,41037
S5397,福特锐界,54575,刹车油+刹车片+轮胎更换,2024-08-15 15:55,44575
S5398,吉利博越,39001,机油+机滤+燃油滤芯更换,2024-11-12 13:51,34001
S5399,长城魏派VV7,58342,变速箱油+空调滤芯更换,2024-10-27 14:36,48342
S5400,奔驰E级,136046,大保养(机油+三滤+刹车油),2025-06-07 11:28,126046
S5401,丰田卡罗拉,141137,机油+机滤更换,2024-12-28 10:54,136137
S5402,大众朗逸,119076,空调滤芯+空气滤芯更换,2024-11-28 08:56,109076
S5403,本田思域,31956,变速箱油更换,2024-12-01 10:56,21956
S5404,比亚迪汉,100733,全车检查+轮胎换位,2024-09-08 14:22,90733
S5405,宝马3系,95604,大保养(机油+三滤+刹车油),2024-11-06 09:43,85604
S5406,福特蒙迪欧,91316,刹车油+刹车片更换,2024-02-10 10:02,81316
S5407,吉利星越L,46448,机油+机滤+空调滤芯更换,2024-08-28 13:09,41448
S5408,奥迪A4L,137864,变速箱油+火花塞更换,2025-12-05 12:36,127864
S5409,长城哈弗H6,76438,空气滤芯+燃油滤芯更换,2025-10-10 12:50,71438
S5410,奔驰C级,20621,大保养(机油+三滤+变速箱油),2025-09-26 17:23,10621
S5411,丰田凯美瑞,115733,刹车油+冷却液更换,2024-05-04 08:38,105733
S5412,大众帕萨特,50036,机油+机滤+空气滤芯更换,2024-09-14 13:25,45036
S5413,本田CR-V,55453,变速箱油+刹车油更换,2024-10-01 08:04,45453
S5414,比亚迪宋PLUS,30942,全车检查+空调滤芯更换,2025-01-23 10:34,25942
S5415,宝马5系,147584,大保养(机油+三滤+正时皮带),2025-11-06 08:32,137584
S5416,奥迪Q5L,40547,机油+机滤+火花塞更换,2025-03-04 13:24,35547
S5417,福特锐界,72501,刹车油+刹车片+轮胎更换,2025-03-11 09:48,62501
S5418,吉利博越,121940,机油+机滤+燃油滤芯更换,2024-09-27 14:59,116940
S5419,长城魏派VV7,26886,变速箱油+空调滤芯更换,2025-03-23 09:27,16886
S5420,奔驰E级,31227,大保养(机油+三滤+刹车油),2025-06-05 08:15,21227
S5421,丰田卡罗拉,25812,机油+机滤更换,2025-09-09 12:03,20812
S5422,大众朗逸,92733,空调滤芯+空气滤芯更换,2025-10-11 14:57,82733
S5423,本田思域,82205,变速箱油更换,2024-03-23 16:34,72205
S5424,比亚迪汉,59377,全车检查+轮胎换位,2025-08-19 13:45,49377
S5425,宝马3系,68565,大保养(机油+三滤+刹车油),2025-03-28 14:58,58565
S5426,福特蒙迪欧,89048,刹车油+刹车片更换,2024-12-23 17:22,79048
S5427,吉利星越L,46129,机油+机滤+空调滤芯更换,2024-12-11 14:13,41129
S5428,奥迪A4L,54483,变速箱油+火花塞更换,2025-09-28 16:50,44483
S5429,长城哈弗H6,89337,空气滤芯+燃油滤芯更换,2024-10-11 11:54,84337
S5430,奔驰C级,86408,大保养(机油+三滤+变速箱油),2025-05-24 12:04,76408
S5431,丰田凯美瑞,36192,刹车油+冷却液更换,2024-08-18 17:30,26192
S5432,大众帕萨特,71151,机油+机滤+空气滤芯更换,2024-11-05 16:08,66151
S5433,本田CR-V,133008,变速箱油+刹车油更换,2024-12-18 10:22,123008
S5434,比亚迪宋PLUS,84845,全车检查+空调滤芯更换,2024-03-03 08:01,79845
S5435,宝马5系,138112,大保养(机油+三滤+正时皮带),2025-11-28 17:29,128112
S5436,奥迪Q5L,39849,机油+机滤+火花塞更换,2024-06-09 13:47,34849
S5437,福特锐界,56009,刹车油+刹车片+轮胎更换,2025-06-23 17:42,46009
S5438,吉利博越,39823,机油+机滤+燃油滤芯更换,2025-11-16 12:33,34823
S5439,长城魏派VV7,63537,变速箱油+空调滤芯更换,2024-07-23 10:03,53537
S5440,奔驰E级,73794,大保养(机油+三滤+刹车油),2025-02-09 16:28,63794
S5441,丰田卡罗拉,52189,机油+机滤更换,2024-05-17 12:46,47189
S5442,大众朗逸,113278,空调滤芯+空气滤芯更换,2025-09-22 08:44,103278
S5443,本田思域,144898,变速箱油更换,2024-03-25 15:42,134898
S5444,比亚迪汉,88637,全车检查+轮胎换位,2024-08-01 11:34,78637
S5445,宝马3系,63509,大保养(机油+三滤+刹车油),2025-06-08 10:07,53509
S5446,福特蒙迪欧,49342,刹车油+刹车片更换,2025-10-20 09:12,39342
S5447,吉利星越L,37100,机油+机滤+空调滤芯更换,2025-10-31 12:23,32100
S5448,奥迪A4L,29873,变速箱油+火花塞更换,2024-08-26 11:54,19873
S5449,长城哈弗H6,146769,空气滤芯+燃油滤芯更换,2025-05-20 10:43,141769
S5450,奔驰C级,92335,大保养(机油+三滤+变速箱油),2024-04-01 12:56,82335
S5451,丰田凯美瑞,124014,刹车油+冷却液更换,2024-08-30 14:17,114014
S5452,大众帕萨特,81266,机油+机滤+空气滤芯更换,2025-12-30 11:23,76266
S5453,本田CR-V,114424,变速箱油+刹车油更换,2024-06-15 13:23,104424
S5454,比亚迪宋PLUS,137841,全车检查+空调滤芯更换,2024-10-10 10:15,132841
S5455,宝马5系,104440,大保养(机油+三滤+正时皮带),2025-03-18 13:23,94440
S5456,奥迪Q5L,36438,机油+机滤+火花塞更换,2024-06-24 08:14,31438
S5457,福特锐界,69700,刹车油+刹车片+轮胎更换,2025-06-27 14:44,59700
S5458,吉利博越,20766,机油+机滤+燃油滤芯更换,2025-07-09 17:22,15766
S5459,长城魏派VV7,124539,变速箱油+空调滤芯更换,2025-03-23 12:51,114539
S5460,奔驰E级,72836,大保养(机油+三滤+刹车油),2024-10-14 15:59,62836
S5461,丰田卡罗拉,53811,机油+机滤更换,2024-07-04 15:07,48811
S5462,大众朗逸,139387,空调滤芯+空气滤芯更换,2025-03-12 13:34,129387
S5463,本田思域,31840,变速箱油更换,2024-02-22 10:12,21840
S5464,比亚迪汉,65048,全车检查+轮胎换位,2025-11-13 17:59,55048
S5465,宝马3系,64450,大保养(机油+三滤+刹车油),2024-03-16 15:45,54450
S5466,福特蒙迪欧,112278,刹车油+刹车片更换,2024-04-20 12:38,102278
S5467,吉利星越L,112699,机油+机滤+空调滤芯更换,2025-06-30 16:48,107699
S5468,奥迪A4L,132654,变速箱油+火花塞更换,2025-08-06 12:13,122654
S5469,长城哈弗H6,75673,空气滤芯+燃油滤芯更换,2025-10-03 15:42,70673
S5470,奔驰C级,74586,大保养(机油+三滤+变速箱油),2024-08-16 08:02,64586
S5471,丰田凯美瑞,23433,刹车油+冷却液更换,2024-09-12 09:16,13433
S5472,大众帕萨特,40244,机油+机滤+空气滤芯更换,2025-10-03 10:12,35244
S5473,本田CR-V,53934,变速箱油+刹车油更换,2024-06-25 17:25,43934
S5474,比亚迪宋PLUS,133718,全车检查+空调滤芯更换,2024-01-05 13:18,128718
S5475,宝马5系,131298,大保养(机油+三滤+正时皮带),2024-10-12 10:53,121298
S5476,奥迪Q5L,95636,机油+机滤+火花塞更换,2025-11-10 12:38,90636
S5477,福特锐界,82073,刹车油+刹车片+轮胎更换,2024-12-08 13:45,72073
S5478,吉利博越,95076,机油+机滤+燃油滤芯更换,2024-05-04 10:43,90076
S5479,长城魏派VV7,36013,变速箱油+空调滤芯更换,2025-06-24 11:08,26013
S5480,奔驰E级,72965,大保养(机油+三滤+刹车油),2024-04-04 16:49,62965
S5481,丰田卡罗拉,33643,机油+机滤更换,2025-12-15 08:32,28643
S5482,大众朗逸,128031,空调滤芯+空气滤芯更换,2024-06-25 16:41,118031
S5483,本田思域,131419,变速箱油更换,2024-04-28 13:50,121419
S5484,比亚迪汉,74428,全车检查+轮胎换位,2025-09-07 08:01,64428
S5485,宝马3系,32427,大保养(机油+三滤+刹车油),2024-03-20 13:06,22427
S5486,福特蒙迪欧,58369,刹车油+刹车片更换,2024-01-18 12:19,48369
S5487,吉利星越L,131320,机油+机滤+空调滤芯更换,2025-12-01 17:06,126320
S5488,奥迪A4L,46008,变速箱油+火花塞更换,2025-08-13 11:19,36008
S5489,长城哈弗H6,137066,空气滤芯+燃油滤芯更换,2024-11-18 12:11,132066
S5490,奔驰C级,127006,大保养(机油+三滤+变速箱油),2024-03-18 16:14,117006
S5491,丰田凯美瑞,71152,刹车油+冷却液更换,2024-11-14 12:15,61152
S5492,大众帕萨特,137199,机油+机滤+空气滤芯更换,2024-01-19 16:51,132199
S5493,本田CR-V,76000,变速箱油+刹车油更换,2024-05-19 14:58,66000
S5494,比亚迪宋PLUS,120153,全车检查+空调滤芯更换,2025-02-15 16:17,115153
S5495,宝马5系,87114,大保养(机油+三滤+正时皮带),2025-05-21 09:54,77114
S5496,奥迪Q5L,99501,机油+机滤+火花塞更换,2025-03-07 13:56,94501
S5497,福特锐界,106922,刹车油+刹车片+轮胎更换,2025-05-22 15:26,96922
S5498,吉利博越,21639,机油+机滤+燃油滤芯更换,2025-06-09 16:21,16639
S5499,长城魏派VV7,143086,变速箱油+空调滤芯更换,2024-05-31 12:10,133086
S5500,奔驰E级,59494,大保养(机油+三滤+刹车油),2025-06-18 08:07,49494
S5501,丰田卡罗拉,93660,机油+机滤更换,2024-01-19 14:47,88660
S5502,大众朗逸,75138,空调滤芯+空气滤芯更换,2024-06-30 08:44,65138
S5503,本田思域,136906,变速箱油更换,2025-11-16 12:09,126906
S5504,比亚迪汉,40755,全车检查+轮胎换位,2024-12-12 17:21,30755
S5505,宝马3系,89247,大保养(机油+三滤+刹车油),2025-03-12 13:40,79247
S5506,福特蒙迪欧,147426,刹车油+刹车片更换,2025-03-02 11:39,137426
S5507,吉利星越L,81493,机油+机滤+空调滤芯更换,2024-07-30 16:18,76493
S5508,奥迪A4L,145433,变速箱油+火花塞更换,2024-04-27 17:25,135433
S5509,长城哈弗H6,117718,空气滤芯+燃油滤芯更换,2024-12-09 15:01,112718
S5510,奔驰C级,80343,大保养(机油+三滤+变速箱油),2025-07-21 11:31,70343
S5511,丰田凯美瑞,62285,刹车油+冷却液更换,2024-05-18 12:19,52285
S5512,大众帕萨特,41352,机油+机滤+空气滤芯更换,2024-07-26 17:00,36352
S5513,本田CR-V,118306,变速箱油+刹车油更换,2025-01-18 15:35,108306
S5514,比亚迪宋PLUS,92676,全车检查+空调滤芯更换,2025-02-01 12:28,87676
S5515,宝马5系,93082,大保养(机油+三滤+正时皮带),2025-06-15 17:35,83082
S5516,奥迪Q5L,69128,机油+机滤+火花塞更换,2025-10-10 11:06,64128
S5517,福特锐界,115497,刹车油+刹车片+轮胎更换,2025-04-14 11:35,105497
S5518,吉利博越,107911,机油+机滤+燃油滤芯更换,2024-08-25 16:01,102911
S5519,长城魏派VV7,23548,变速箱油+空调滤芯更换,2025-10-19 14:44,13548
S5520,奔驰E级,86388,大保养(机油+三滤+刹车油),2025-08-01 10:28,76388
S5521,丰田卡罗拉,97765,机油+机滤更换,2024-11-27 17:38,92765
S5522,大众朗逸,109082,空调滤芯+空气滤芯更换,2024-09-21 16:52,99082
S5523,本田思域,49864,变速箱油更换,2025-07-11 12:58,39864
S5524,比亚迪汉,95160,全车检查+轮胎换位,2024-05-17 10:16,85160
S5525,宝马3系,40255,大保养(机油+三滤+刹车油),2024-06-09 15:37,30255
S5526,福特蒙迪欧,122700,刹车油+刹车片更换,2025-03-30 09:21,112700
S5527,吉利星越L,124053,机油+机滤+空调滤芯更换,2025-10-01 14:42,119053
S5528,奥迪A4L,149675,变速箱油+火花塞更换,2024-05-03 15:20,139675
S5529,长城哈弗H6,141396,空气滤芯+燃油滤芯更换,2024-03-17 10:51,136396
S5530,奔驰C级,78969,大保养(机油+三滤+变速箱油),2025-01-05 11:22,68969
S5531,丰田凯美瑞,92527,刹车油+冷却液更换,2025-07-18 14:55,82527
S5532,大众帕萨特,91365,机油+机滤+空气滤芯更换,2025-10-19 15:05,86365
S5533,本田CR-V,52279,变速箱油+刹车油更换,2025-01-21 12:04,42279
S5534,比亚迪宋PLUS,84946,全车检查+空调滤芯更换,2024-07-04 10:18,79946
S5535,宝马5系,80497,大保养(机油+三滤+正时皮带),2025-05-24 16:24,70497
S5536,奥迪Q5L,37915,机油+机滤+火花塞更换,2025-11-30 11:19,32915
S5537,福特锐界,115640,刹车油+刹车片+轮胎更换,2025-12-03 16:30,105640
S5538,吉利博越,22190,机油+机滤+燃油滤芯更换,2024-08-03 11:54,17190
S5539,长城魏派VV7,57491,变速箱油+空调滤芯更换,2025-11-12 14:45,47491
S5540,奔驰E级,126094,大保养(机油+三滤+刹车油),2024-01-10 10:50,116094
S5541,丰田卡罗拉,26842,机油+机滤更换,2025-01-20 09:01,21842
S5542,大众朗逸,75132,空调滤芯+空气滤芯更换,2024-07-25 08:26,65132
S5543,本田思域,26502,变速箱油更换,2025-08-15 15:23,16502
S5544,比亚迪汉,21067,全车检查+轮胎换位,2025-04-08 15:32,11067
S5545,宝马3系,106448,大保养(机油+三滤+刹车油),2025-10-29 15:50,96448
S5546,福特蒙迪欧,133159,刹车油+刹车片更换,2024-01-05 15:59,123159
S5547,吉利星越L,91110,机油+机滤+空调滤芯更换,2025-11-22 08:37,86110
S5548,奥迪A4L,104595,变速箱油+火花塞更换,2024-12-07 16:35,94595
S5549,长城哈弗H6,85992,空气滤芯+燃油滤芯更换,2024-02-06 14:25,80992
S5550,奔驰C级,69984,大保养(机油+三滤+变速箱油),2024-08-26 10:54,59984
S5551,丰田凯美瑞,38758,刹车油+冷却液更换,2025-05-07 09:54,28758
S5552,大众帕萨特,141737,机油+机滤+空气滤芯更换,2025-08-28 08:27,136737
S5553,本田CR-V,124707,变速箱油+刹车油更换,2025-04-25 09:06,114707
S5554,比亚迪宋PLUS,101577,全车检查+空调滤芯更换,2024-01-29 08:59,96577
S5555,宝马5系,133223,大保养(机油+三滤+正时皮带),2024-08-06 17:04,123223
S5556,奥迪Q5L,66782,机油+机滤+火花塞更换,2025-02-23 10:31,61782
S5557,福特锐界,76446,刹车油+刹车片+轮胎更换,2025-11-15 09:17,66446
S5558,吉利博越,130561,机油+机滤+燃油滤芯更换,2025-07-22 10:43,125561
S5559,长城魏派VV7,34002,变速箱油+空调滤芯更换,2024-06-11 10:43,24002
S5560,奔驰E级,66351,大保养(机油+三滤+刹车油),2024-08-23 11:01,56351
S5561,丰田卡罗拉,98429,机油+机滤更换,2025-06-26 11:57,93429
S5562,大众朗逸,54136,空调滤芯+空气滤芯更换,2025-08-04 12:45,44136
S5563,本田思域,109241,变速箱油更换,2025-11-02 10:53,99241
S5564,比亚迪汉,78301,全车检查+轮胎换位,2024-09-21 09:08,68301
S5565,宝马3系,137271,大保养(机油+三滤+刹车油),2024-06-07 10:05,127271
S5566,福特蒙迪欧,91444,刹车油+刹车片更换,2025-10-30 15:15,81444
S5567,吉利星越L,116225,机油+机滤+空调滤芯更换,2025-12-23 12:16,111225
S5568,奥迪A4L,105383,变速箱油+火花塞更换,2025-09-24 09:19,95383
S5569,长城哈弗H6,91341,空气滤芯+燃油滤芯更换,2025-03-17 08:22,86341
S5570,奔驰C级,32318,大保养(机油+三滤+变速箱油),2025-04-27 16:42,22318
S5571,丰田凯美瑞,84071,刹车油+冷却液更换,2025-01-03 12:10,74071
S5572,大众帕萨特,68593,机油+机滤+空气滤芯更换,2025-10-17 09:37,63593
S5573,本田CR-V,32592,变速箱油+刹车油更换,2025-10-21 09:41,22592
S5574,比亚迪宋PLUS,76371,全车检查+空调滤芯更换,2025-11-30 13:58,71371
S5575,宝马5系,96827,大保养(机油+三滤+正时皮带),2024-04-01 17:02,86827
S5576,奥迪Q5L,120984,机油+机滤+火花塞更换,2025-06-11 17:32,115984
S5577,福特锐界,111354,刹车油+刹车片+轮胎更换,2025-08-06 12:34,101354
S5578,吉利博越,113152,机油+机滤+燃油滤芯更换,2025-06-17 10:33,108152
S5579,长城魏派VV7,35179,变速箱油+空调滤芯更换,2025-01-03 15:30,25179
S5580,奔驰E级,73743,大保养(机油+三滤+刹车油),2024-02-18 08:10,63743
S5581,丰田卡罗拉,63666,机油+机滤更换,2025-05-10 09:11,58666
S5582,大众朗逸,35869,空调滤芯+空气滤芯更换,2024-11-01 08:09,25869
S5583,本田思域,147189,变速箱油更换,2025-01-30 13:27,137189
S5584,比亚迪汉,46776,全车检查+轮胎换位,2025-07-11 14:05,36776
S5585,宝马3系,119461,大保养(机油+三滤+刹车油),2025-02-02 14:47,109461
S5586,福特蒙迪欧,144034,刹车油+刹车片更换,2024-11-06 13:14,134034
S5587,吉利星越L,41259,机油+机滤+空调滤芯更换,2025-02-23 12:37,36259
S5588,奥迪A4L,56576,变速箱油+火花塞更换,2024-07-01 08:51,46576
S5589,长城哈弗H6,41707,空气滤芯+燃油滤芯更换,2024-09-06 09:04,36707
S5590,奔驰C级,87015,大保养(机油+三滤+变速箱油),2024-06-12 15:32,77015
S5591,丰田凯美瑞,25482,刹车油+冷却液更换,2024-03-28 13:03,15482
S5592,大众帕萨特,47154,机油+机滤+空气滤芯更换,2024-02-12 11:02,42154
S5593,本田CR-V,62064,变速箱油+刹车油更换,2024-04-07 11:02,52064
S5594,比亚迪宋PLUS,147183,全车检查+空调滤芯更换,2025-08-23 09:29,142183
S5595,宝马5系,97518,大保养(机油+三滤+正时皮带),2024-09-11 16:32,87518
S5596,奥迪Q5L,131420,机油+机滤+火花塞更换,2025-06-08 16:33,126420
S5597,福特锐界,96671,刹车油+刹车片+轮胎更换,2025-06-29 12:55,86671
S5598,吉利博越,30262,机油+机滤+燃油滤芯更换,2024-12-13 14:09,25262
S5599,长城魏派VV7,52537,变速箱油+空调滤芯更换,2024-01-17 13:05,42537
S5600,奔驰E级,99524,大保养(机油+三滤+刹车油),2024-08-30 12:43,89524
S5601,丰田卡罗拉,125018,机油+机滤更换,2024-03-09 12:57,120018
S5602,大众朗逸,133537,空调滤芯+空气滤芯更换,2024-05-27 08:14,123537
S5603,本田思域,105776,变速箱油更换,2025-06-20 15:05,95776
S5604,比亚迪汉,123146,全车检查+轮胎换位,2024-12-01 09:21,113146
S5605,宝马3系,47002,大保养(机油+三滤+刹车油),2024-06-23 08:56,37002
S5606,福特蒙迪欧,137968,刹车油+刹车片更换,2025-09-17 14:47,127968
S5607,吉利星越L,28772,机油+机滤+空调滤芯更换,2025-12-26 12:55,23772
S5608,奥迪A4L,123352,变速箱油+火花塞更换,2025-03-24 12:42,113352
S5609,长城哈弗H6,38592,空气滤芯+燃油滤芯更换,2024-12-15 11:16,33592
S5610,奔驰C级,66805,大保养(机油+三滤+变速箱油),2025-04-01 11:33,56805
S5611,丰田凯美瑞,21019,刹车油+冷却液更换,2025-09-07 15:18,11019
S5612,大众帕萨特,103312,机油+机滤+空气滤芯更换,2024-05-23 13:42,98312
S5613,本田CR-V,76725,变速箱油+刹车油更换,2024-03-31 10:26,66725
S5614,比亚迪宋PLUS,59266,全车检查+空调滤芯更换,2025-12-22 17:55,54266
S5615,宝马5系,146683,大保养(机油+三滤+正时皮带),2024-04-15 14:21,136683
S5616,奥迪Q5L,42402,机油+机滤+火花塞更换,2025-04-24 13:39,37402
S5617,福特锐界,121107,刹车油+刹车片+轮胎更换,2025-03-19 11:01,111107
S5618,吉利博越,39544,机油+机滤+燃油滤芯更换,2025-01-09 09:04,34544
S5619,长城魏派VV7,86490,变速箱油+空调滤芯更换,2024-03-10 16:45,76490
S5620,奔驰E级,106030,大保养(机油+三滤+刹车油),2025-10-11 17:52,96030
S5621,丰田卡罗拉,78576,机油+机滤更换,2025-06-17 17:06,73576
S5622,大众朗逸,37987,空调滤芯+空气滤芯更换,2025-11-24 17:14,27987
S5623,本田思域,52562,变速箱油更换,2025-08-20 15:45,42562
S5624,比亚迪汉,28343,全车检查+轮胎换位,2025-05-03 17:23,18343
S5625,宝马3系,30538,大保养(机油+三滤+刹车油),2025-08-22 11:50,20538
S5626,福特蒙迪欧,83689,刹车油+刹车片更换,2025-11-05 16:08,73689
S5627,吉利星越L,94839,机油+机滤+空调滤芯更换,2024-01-28 11:11,89839
S5628,奥迪A4L,54355,变速箱油+火花塞更换,2025-05-10 12:40,44355
S5629,长城哈弗H6,83653,空气滤芯+燃油滤芯更换,2024-03-30 10:05,78653
S5630,奔驰C级,112849,大保养(机油+三滤+变速箱油),2025-03-27 12:49,102849
S5631,丰田凯美瑞,59991,刹车油+冷却液更换,2025-02-02 11:03,49991
S5632,大众帕萨特,36505,机油+机滤+空气滤芯更换,2024-10-22 10:50,31505
S5633,本田CR-V,46312,变速箱油+刹车油更换,2025-10-10 09:19,36312
S5634,比亚迪宋PLUS,93465,全车检查+空调滤芯更换,2024-09-10 12:48,88465
S5635,宝马5系,136378,大保养(机油+三滤+正时皮带),2025-11-16 12:15,126378
S5636,奥迪Q5L,95669,机油+机滤+火花塞更换,2024-05-01 17:13,90669
S5637,福特锐界,119729,刹车油+刹车片+轮胎更换,2024-05-09 08:07,109729
S5638,吉利博越,103788,机油+机滤+燃油滤芯更换,2024-11-15 15:41,98788
S5639,长城魏派VV7,65327,变速箱油+空调滤芯更换,2024-02-22 15:40,55327
S5640,奔驰E级,49396,大保养(机油+三滤+刹车油),2025-05-10 15:13,39396
S5641,丰田卡罗拉,62611,机油+机滤更换,2025-02-15 17:40,57611
S5642,大众朗逸,78946,空调滤芯+空气滤芯更换,2024-07-24 12:59,68946
S5643,本田思域,107245,变速箱油更换,2024-05-29 11:30,97245
S5644,比亚迪汉,148849,全车检查+轮胎换位,2024-07-27 12:40,138849
S5645,宝马3系,126720,大保养(机油+三滤+刹车油),2024-12-21 14:38,116720
S5646,福特蒙迪欧,128793,刹车油+刹车片更换,2024-09-05 08:03,118793
S5647,吉利星越L,149643,机油+机滤+空调滤芯更换,2024-04-09 13:23,144643
S5648,奥迪A4L,53737,变速箱油+火花塞更换,2025-10-29 11:27,43737
S5649,长城哈弗H6,61912,空气滤芯+燃油滤芯更换,2024-10-06 08:38,56912
S5650,奔驰C级,123828,大保养(机油+三滤+变速箱油),2025-05-27 12:58,113828
S5651,丰田凯美瑞,109902,刹车油+冷却液更换,2025-03-23 08:29,99902
S5652,大众帕萨特,34485,机油+机滤+空气滤芯更换,2025-04-01 08:38,29485
S5653,本田CR-V,53080,变速箱油+刹车油更换,2025-10-04 12:06,43080
S5654,比亚迪宋PLUS,74789,全车检查+空调滤芯更换,2024-11-10 17:45,69789
S5655,宝马5系,142426,大保养(机油+三滤+正时皮带),2024-07-30 10:27,132426
S5656,奥迪Q5L,31318,机油+机滤+火花塞更换,2024-01-27 09:55,26318
S5657,福特锐界,126221,刹车油+刹车片+轮胎更换,2025-02-03 11:08,116221
S5658,吉利博越,84253,机油+机滤+燃油滤芯更换,2025-10-23 14:16,79253
S5659,长城魏派VV7,90498,变速箱油+空调滤芯更换,2024-06-09 17:15,80498
S5660,奔驰E级,96954,大保养(机油+三滤+刹车油),2025-03-12 11:23,86954
S5661,丰田卡罗拉,51299,机油+机滤更换,2025-11-19 09:34,46299
S5662,大众朗逸,47253,空调滤芯+空气滤芯更换,2024-07-06 08:40,37253
S5663,本田思域,130433,变速箱油更换,2024-02-25 10:45,120433
S5664,比亚迪汉,137991,全车检查+轮胎换位,2025-08-18 17:48,127991
S5665,宝马3系,90857,大保养(机油+三滤+刹车油),2025-06-18 10:35,80857
S5666,福特蒙迪欧,90252,刹车油+刹车片更换,2025-06-17 09:21,80252
S5667,吉利星越L,77638,机油+机滤+空调滤芯更换,2024-05-29 11:29,72638
S5668,奥迪A4L,96817,变速箱油+火花塞更换,2025-08-10 17:57,86817
S5669,长城哈弗H6,52765,空气滤芯+燃油滤芯更换,2025-04-11 09:21,47765
S5670,奔驰C级,145424,大保养(机油+三滤+变速箱油),2024-02-13 17:17,135424
S5671,丰田凯美瑞,70588,刹车油+冷却液更换,2024-07-14 17:43,60588
S5672,大众帕萨特,64986,机油+机滤+空气滤芯更换,2024-05-02 16:34,59986
S5673,本田CR-V,131666,变速箱油+刹车油更换,2024-11-14 17:18,121666
S5674,比亚迪宋PLUS,34531,全车检查+空调滤芯更换,2025-06-22 17:27,29531
S5675,宝马5系,72353,大保养(机油+三滤+正时皮带),2024-08-03 12:37,62353
S5676,奥迪Q5L,146869,机油+机滤+火花塞更换,2024-08-17 09:59,141869
S5677,福特锐界,100057,刹车油+刹车片+轮胎更换,2025-09-08 08:14,90057
S5678,吉利博越,38293,机油+机滤+燃油滤芯更换,2024-02-02 15:45,33293
S5679,长城魏派VV7,38048,变速箱油+空调滤芯更换,2025-08-22 12:23,28048
S5680,奔驰E级,149271,大保养(机油+三滤+刹车油),2025-06-23 09:10,139271
S5681,丰田卡罗拉,138375,机油+机滤更换,2025-04-21 10:29,133375
S5682,大众朗逸,128667,空调滤芯+空气滤芯更换,2024-02-12 12:14,118667
S5683,本田思域,34938,变速箱油更换,2024-06-14 15:15,24938
S5684,比亚迪汉,126097,全车检查+轮胎换位,2024-11-13 14:55,116097
S5685,宝马3系,133584,大保养(机油+三滤+刹车油),2025-09-16 14:09,123584
S5686,福特蒙迪欧,25283,刹车油+刹车片更换,2025-07-16 11:21,15283
S5687,吉利星越L,134590,机油+机滤+空调滤芯更换,2025-06-15 17:40,129590
S5688,奥迪A4L,141839,变速箱油+火花塞更换,2025-06-24 17:13,131839
S5689,长城哈弗H6,31136,空气滤芯+燃油滤芯更换,2025-12-26 15:11,26136
S5690,奔驰C级,128382,大保养(机油+三滤+变速箱油),2025-07-15 09:50,118382
S5691,丰田凯美瑞,145105,刹车油+冷却液更换,2024-02-25 13:09,135105
S5692,大众帕萨特,101402,机油+机滤+空气滤芯更换,2024-10-28 14:47,96402
S5693,本田CR-V,98659,变速箱油+刹车油更换,2025-03-29 10:11,88659
S5694,比亚迪宋PLUS,124842,全车检查+空调滤芯更换,2025-01-22 17:10,119842
S5695,宝马5系,148936,大保养(机油+三滤+正时皮带),2024-10-30 09:06,138936
S5696,奥迪Q5L,129656,机油+机滤+火花塞更换,2025-05-31 13:52,124656
S5697,福特锐界,46724,刹车油+刹车片+轮胎更换,2025-12-28 11:25,36724
S5698,吉利博越,119125,机油+机滤+燃油滤芯更换,2025-10-09 11:22,114125
S5699,长城魏派VV7,95322,变速箱油+空调滤芯更换,2024-06-28 11:23,85322
S5700,奔驰E级,64761,大保养(机油+三滤+刹车油),2025-01-17 12:54,54761
S5701,丰田卡罗拉,137982,机油+机滤更换,2024-07-18 13:36,132982
S5702,大众朗逸,39627,空调滤芯+空气滤芯更换,2025-06-14 17:15,29627
S5703,本田思域,29000,变速箱油更换,2024-01-04 09:24,19000
S5704,比亚迪汉,140344,全车检查+轮胎换位,2024-09-12 16:02,130344
S5705,宝马3系,44397,大保养(机油+三滤+刹车油),2025-03-22 15:29,34397
S5706,福特蒙迪欧,69260,刹车油+刹车片更换,2024-12-05 14:23,59260
S5707,吉利星越L,106724,机油+机滤+空调滤芯更换,2025-11-25 13:53,101724
S5708,奥迪A4L,103344,变速箱油+火花塞更换,2024-02-06 14:29,93344
S5709,长城哈弗H6,131448,空气滤芯+燃油滤芯更换,2025-07-31 14:50,126448
S5710,奔驰C级,130985,大保养(机油+三滤+变速箱油),2024-02-22 09:33,120985
S5711,丰田凯美瑞,128091,刹车油+冷却液更换,2025-03-25 17:36,118091
S5712,大众帕萨特,112444,机油+机滤+空气滤芯更换,2025-03-30 11:45,107444
S5713,本田CR-V,128497,变速箱油+刹车油更换,2025-10-22 17:28,118497
S5714,比亚迪宋PLUS,56143,全车检查+空调滤芯更换,2025-01-06 17:42,51143
S5715,宝马5系,117118,大保养(机油+三滤+正时皮带),2024-10-04 14:11,107118
S5716,奥迪Q5L,31704,机油+机滤+火花塞更换,2025-11-14 09:09,26704
S5717,福特锐界,149371,刹车油+刹车片+轮胎更换,2025-08-26 15:20,139371
S5718,吉利博越,138145,机油+机滤+燃油滤芯更换,2025-01-26 11:47,133145
S5719,长城魏派VV7,144677,变速箱油+空调滤芯更换,2025-04-22 14:52,134677
S5720,奔驰E级,101538,大保养(机油+三滤+刹车油),2025-07-15 08:09,91538
S5721,丰田卡罗拉,32731,机油+机滤更换,2025-07-26 10:19,27731
S5722,大众朗逸,107600,空调滤芯+空气滤芯更换,2024-04-28 13:16,97600
S5723,本田思域,97855,变速箱油更换,2025-01-30 10:39,87855
S5724,比亚迪汉,144132,全车检查+轮胎换位,2024-12-09 12:35,134132
S5725,宝马3系,28228,大保养(机油+三滤+刹车油),2024-02-09 13:34,18228
S5726,福特蒙迪欧,33119,刹车油+刹车片更换,2024-12-10 12:02,23119
S5727,吉利星越L,84250,机油+机滤+空调滤芯更换,2025-01-18 13:33,79250
S5728,奥迪A4L,121187,变速箱油+火花塞更换,2024-04-18 13:34,111187
S5729,长城哈弗H6,65995,空气滤芯+燃油滤芯更换,2024-06-28 16:50,60995
S5730,奔驰C级,126080,大保养(机油+三滤+变速箱油),2025-06-07 13:12,116080
S5731,丰田凯美瑞,30151,刹车油+冷却液更换,2025-02-10 12:37,20151
S5732,大众帕萨特,89349,机油+机滤+空气滤芯更换,2025-09-10 10:12,84349
S5733,本田CR-V,36036,变速箱油+刹车油更换,2025-09-07 13:23,26036
S5734,比亚迪宋PLUS,81717,全车检查+空调滤芯更换,2025-05-05 17:19,76717
S5735,宝马5系,113460,大保养(机油+三滤+正时皮带),2025-09-14 09:08,103460
S5736,奥迪Q5L,147909,机油+机滤+火花塞更换,2024-04-24 16:17,142909
S5737,福特锐界,80006,刹车油+刹车片+轮胎更换,2025-02-05 15:25,70006
S5738,吉利博越,43781,机油+机滤+燃油滤芯更换,2024-11-30 16:03,38781
S5739,长城魏派VV7,142358,变速箱油+空调滤芯更换,2025-01-12 10:42,132358
S5740,奔驰E级,110432,大保养(机油+三滤+刹车油),2025-11-26 10:27,100432
S5741,丰田卡罗拉,104388,机油+机滤更换,2024-03-19 17:04,99388
S5742,大众朗逸,59296,空调滤芯+空气滤芯更换,2024-10-24 11:21,49296
S5743,本田思域,114764,变速箱油更换,2025-06-18 15:31,104764
S5744,比亚迪汉,24110,全车检查+轮胎换位,2025-01-20 12:26,14110
S5745,宝马3系,128474,大保养(机油+三滤+刹车油),2024-07-22 10:02,118474
S5746,福特蒙迪欧,75011,刹车油+刹车片更换,2025-09-09 08:52,65011
S5747,吉利星越L,104247,机油+机滤+空调滤芯更换,2025-03-10 13:31,99247
S5748,奥迪A4L,85889,变速箱油+火花塞更换,2025-05-16 14:53,75889
S5749,长城哈弗H6,25842,空气滤芯+燃油滤芯更换,2025-06-13 10:18,20842
S5750,奔驰C级,64001,大保养(机油+三滤+变速箱油),2024-05-09 12:01,54001
S5751,丰田凯美瑞,134856,刹车油+冷却液更换,2025-09-30 10:44,124856
S5752,大众帕萨特,54226,机油+机滤+空气滤芯更换,2024-07-23 08:00,49226
S5753,本田CR-V,91489,变速箱油+刹车油更换,2025-09-21 14:36,81489
S5754,比亚迪宋PLUS,123142,全车检查+空调滤芯更换,2024-02-12 15:07,118142
S5755,宝马5系,58152,大保养(机油+三滤+正时皮带),2025-03-26 15:04,48152
S5756,奥迪Q5L,43157,机油+机滤+火花塞更换,2025-12-18 12:14,38157
S5757,福特锐界,65136,刹车油+刹车片+轮胎更换,2024-07-28 14:13,55136
S5758,吉利博越,77473,机油+机滤+燃油滤芯更换,2024-12-11 08:48,72473
S5759,长城魏派VV7,43226,变速箱油+空调滤芯更换,2025-05-03 12:39,33226
S5760,奔驰E级,29883,大保养(机油+三滤+刹车油),2024-09-01 15:46,19883
S5761,丰田卡罗拉,78262,机油+机滤更换,2024-09-17 10:44,73262
S5762,大众朗逸,50095,空调滤芯+空气滤芯更换,2025-03-30 15:18,40095
S5763,本田思域,119322,变速箱油更换,2025-08-25 10:13,109322
S5764,比亚迪汉,82775,全车检查+轮胎换位,2025-09-29 09:19,72775
S5765,宝马3系,25821,大保养(机油+三滤+刹车油),2025-08-06 16:18,15821
S5766,福特蒙迪欧,20318,刹车油+刹车片更换,2024-07-04 09:24,10318
S5767,吉利星越L,127879,机油+机滤+空调滤芯更换,2024-03-09 17:52,122879
S5768,奥迪A4L,55792,变速箱油+火花塞更换,2024-07-23 17:53,45792
S5769,长城哈弗H6,127164,空气滤芯+燃油滤芯更换,2025-05-08 16:23,122164
S5770,奔驰C级,54356,大保养(机油+三滤+变速箱油),2024-03-07 16:14,44356
S5771,丰田凯美瑞,74550,刹车油+冷却液更换,2024-04-01 08:59,64550
S5772,大众帕萨特,65218,机油+机滤+空气滤芯更换,2024-06-28 17:00,60218
S5773,本田CR-V,78174,变速箱油+刹车油更换,2025-07-22 14:57,68174
S5774,比亚迪宋PLUS,20114,全车检查+空调滤芯更换,2024-01-11 16:12,15114
S5775,宝马5系,134225,大保养(机油+三滤+正时皮带),2024-10-23 15:40,124225
S5776,奥迪Q5L,83432,机油+机滤+火花塞更换,2024-02-18 09:30,78432
S5777,福特锐界,124687,刹车油+刹车片+轮胎更换,2025-10-13 16:14,114687
S5778,吉利博越,24165,机油+机滤+燃油滤芯更换,2024-01-12 14:56,19165
S5779,长城魏派VV7,39143,变速箱油+空调滤芯更换,2024-01-20 12:17,29143
S5780,奔驰E级,69744,大保养(机油+三滤+刹车油),2024-08-11 10:22,59744
S5781,丰田卡罗拉,116602,机油+机滤更换,2025-06-19 12:27,111602
S5782,大众朗逸,139085,空调滤芯+空气滤芯更换,2025-04-22 10:56,129085
S5783,本田思域,76820,变速箱油更换,2025-04-04 08:03,66820
S5784,比亚迪汉,110923,全车检查+轮胎换位,2024-11-28 09:34,100923
S5785,宝马3系,73233,大保养(机油+三滤+刹车油),2024-12-28 14:55,63233
S5786,福特蒙迪欧,110306,刹车油+刹车片更换,2025-07-23 09:06,100306
S5787,吉利星越L,35010,机油+机滤+空调滤芯更换,2025-06-26 09:55,30010
S5788,奥迪A4L,36469,变速箱油+火花塞更换,2024-11-02 08:27,26469
S5789,长城哈弗H6,104873,空气滤芯+燃油滤芯更换,2025-06-06 13:11,99873
S5790,奔驰C级,107261,大保养(机油+三滤+变速箱油),2024-07-20 13:25,97261
S5791,丰田凯美瑞,42091,刹车油+冷却液更换,2025-08-16 13:15,32091
S5792,大众帕萨特,36308,机油+机滤+空气滤芯更换,2025-12-03 12:24,31308
S5793,本田CR-V,86900,变速箱油+刹车油更换,2024-04-27 15:18,76900
S5794,比亚迪宋PLUS,90160,全车检查+空调滤芯更换,2024-08-04 15:53,85160
S5795,宝马5系,142442,大保养(机油+三滤+正时皮带),2025-03-30 09:14,132442
S5796,奥迪Q5L,28070,机油+机滤+火花塞更换,2025-09-08 12:58,23070
S5797,福特锐界,146135,刹车油+刹车片+轮胎更换,2024-10-06 15:12,136135
S5798,吉利博越,147797,机油+机滤+燃油滤芯更换,2025-08-18 16:50,142797
S5799,长城魏派VV7,62990,变速箱油+空调滤芯更换,2025-09-06 09:19,52990
S5800,奔驰E级,51165,大保养(机油+三滤+刹车油),2025-08-09 16:40,41165
S5801,丰田卡罗拉,83110,机油+机滤更换,2025-12-13 12:35,78110
S5802,大众朗逸,36561,空调滤芯+空气滤芯更换,2025-03-26 12:54,26561
S5803,本田思域,133858,变速箱油更换,2025-09-22 15:17,123858
S5804,比亚迪汉,55950,全车检查+轮胎换位,2025-11-12 13:45,45950
S5805,宝马3系,131378,大保养(机油+三滤+刹车油),2024-06-21 10:24,121378
S5806,福特蒙迪欧,142961,刹车油+刹车片更换,2025-05-31 15:16,132961
S5807,吉利星越L,92494,机油+机滤+空调滤芯更换,2025-06-17 09:56,87494
S5808,奥迪A4L,94704,变速箱油+火花塞更换,2025-08-13 17:39,84704
S5809,长城哈弗H6,47931,空气滤芯+燃油滤芯更换,2024-07-17 11:55,42931
S5810,奔驰C级,28665,大保养(机油+三滤+变速箱油),2024-08-13 10:36,18665
S5811,丰田凯美瑞,61988,刹车油+冷却液更换,2025-12-09 12:06,51988
S5812,大众帕萨特,84475,机油+机滤+空气滤芯更换,2025-03-06 14:29,79475
S5813,本田CR-V,113852,变速箱油+刹车油更换,2025-01-24 08:11,103852
S5814,比亚迪宋PLUS,49855,全车检查+空调滤芯更换,2024-12-31 14:34,44855
S5815,宝马5系,90012,大保养(机油+三滤+正时皮带),2025-12-09 14:26,80012
S5816,奥迪Q5L,20588,机油+机滤+火花塞更换,2024-09-23 17:07,15588
S5817,福特锐界,123466,刹车油+刹车片+轮胎更换,2024-06-14 08:37,113466
S5818,吉利博越,25954,机油+机滤+燃油滤芯更换,2025-06-17 10:37,20954
S5819,长城魏派VV7,102019,变速箱油+空调滤芯更换,2024-07-31 13:47,92019
S5820,奔驰E级,121025,大保养(机油+三滤+刹车油),2025-04-02 11:06,111025
S5821,丰田卡罗拉,122747,机油+机滤更换,2024-06-02 08:34,117747
S5822,大众朗逸,56744,空调滤芯+空气滤芯更换,2024-06-25 17:25,46744
S5823,本田思域,48081,变速箱油更换,2025-08-30 12:36,38081
S5824,比亚迪汉,23170,全车检查+轮胎换位,2025-03-20 12:38,13170
S5825,宝马3系,117364,大保养(机油+三滤+刹车油),2024-09-09 09:38,107364
S5826,福特蒙迪欧,103981,刹车油+刹车片更换,2024-05-12 10:31,93981
S5827,吉利星越L,42514,机油+机滤+空调滤芯更换,2025-06-24 11:35,37514
S5828,奥迪A4L,69165,变速箱油+火花塞更换,2025-07-24 15:53,59165
S5829,长城哈弗H6,84428,空气滤芯+燃油滤芯更换,2024-08-19 11:03,79428
S5830,奔驰C级,23901,大保养(机油+三滤+变速箱油),2024-01-22 10:33,13901
S5831,丰田凯美瑞,57510,刹车油+冷却液更换,2025-03-07 11:31,47510
S5832,大众帕萨特,45431,机油+机滤+空气滤芯更换,2025-09-05 14:19,40431
S5833,本田CR-V,37033,变速箱油+刹车油更换,2025-09-13 12:14,27033
S5834,比亚迪宋PLUS,131078,全车检查+空调滤芯更换,2024-04-27 11:44,126078
S5835,宝马5系,65319,大保养(机油+三滤+正时皮带),2025-01-21 16:26,55319
S5836,奥迪Q5L,57230,机油+机滤+火花塞更换,2025-02-11 15:32,52230
S5837,福特锐界,33751,刹车油+刹车片+轮胎更换,2024-03-12 15:22,23751
S5838,吉利博越,110763,机油+机滤+燃油滤芯更换,2025-01-19 14:11,105763
S5839,长城魏派VV7,80270,变速箱油+空调滤芯更换,2025-10-20 10:10,70270
S5840,奔驰E级,91987,大保养(机油+三滤+刹车油),2024-12-17 14:34,81987
S5841,丰田卡罗拉,54066,机油+机滤更换,2024-09-06 08:33,49066
S5842,大众朗逸,120220,空调滤芯+空气滤芯更换,2024-07-09 17:24,110220
S5843,本田思域,39283,变速箱油更换,2025-09-19 09:35,29283
S5844,比亚迪汉,90143,全车检查+轮胎换位,2024-06-12 17:19,80143
S5845,宝马3系,135811,大保养(机油+三滤+刹车油),2024-07-24 15:29,125811
S5846,福特蒙迪欧,135109,刹车油+刹车片更换,2025-06-17 08:59,125109
S5847,吉利星越L,126177,机油+机滤+空调滤芯更换,2025-08-25 14:21,121177
S5848,奥迪A4L,72149,变速箱油+火花塞更换,2024-03-03 11:55,62149
S5849,长城哈弗H6,84308,空气滤芯+燃油滤芯更换,2025-11-03 17:42,79308
S5850,奔驰C级,88947,大保养(机油+三滤+变速箱油),2024-07-20 11:00,78947
S5851,丰田凯美瑞,102302,刹车油+冷却液更换,2025-10-08 08:57,92302
S5852,大众帕萨特,149091,机油+机滤+空气滤芯更换,2025-08-28 13:24,144091
S5853,本田CR-V,54239,变速箱油+刹车油更换,2024-10-18 08:23,44239
S5854,比亚迪宋PLUS,75561,全车检查+空调滤芯更换,2025-01-22 12:02,70561
S5855,宝马5系,99094,大保养(机油+三滤+正时皮带),2024-07-08 12:14,89094
S5856,奥迪Q5L,148229,机油+机滤+火花塞更换,2025-08-25 09:14,143229
S5857,福特锐界,95241,刹车油+刹车片+轮胎更换,2025-08-16 08:16,85241
S5858,吉利博越,80721,机油+机滤+燃油滤芯更换,2024-05-31 17:19,75721
S5859,长城魏派VV7,129812,变速箱油+空调滤芯更换,2025-03-12 15:14,119812
S5860,奔驰E级,137720,大保养(机油+三滤+刹车油),2024-08-07 08:25,127720
S5861,丰田卡罗拉,26618,机油+机滤更换,2025-04-22 09:11,21618
S5862,大众朗逸,147868,空调滤芯+空气滤芯更换,2024-06-20 15:02,137868
S5863,本田思域,41366,变速箱油更换,2025-09-24 13:51,31366
S5864,比亚迪汉,44962,全车检查+轮胎换位,2025-03-27 10:09,34962
S5865,宝马3系,119475,大保养(机油+三滤+刹车油),2024-11-24 15:49,109475
S5866,福特蒙迪欧,48242,刹车油+刹车片更换,2025-04-04 09:25,38242
S5867,吉利星越L,56422,机油+机滤+空调滤芯更换,2024-12-19 08:19,51422
S5868,奥迪A4L,55233,变速箱油+火花塞更换,2025-07-28 13:38,45233
S5869,长城哈弗H6,93167,空气滤芯+燃油滤芯更换,2025-04-09 15:32,88167
S5870,奔驰C级,29415,大保养(机油+三滤+变速箱油),2025-05-12 17:03,19415
S5871,丰田凯美瑞,111616,刹车油+冷却液更换,2025-01-03 14:35,101616
S5872,大众帕萨特,47807,机油+机滤+空气滤芯更换,2024-03-24 16:20,42807
S5873,本田CR-V,99749,变速箱油+刹车油更换,2025-09-30 17:34,89749
S5874,比亚迪宋PLUS,72983,全车检查+空调滤芯更换,2025-10-22 16:37,67983
S5875,宝马5系,39928,大保养(机油+三滤+正时皮带),2024-12-17 09:39,29928
S5876,奥迪Q5L,29588,机油+机滤+火花塞更换,2025-02-25 14:30,24588
S5877,福特锐界,22344,刹车油+刹车片+轮胎更换,2024-09-25 12:10,12344
S5878,吉利博越,79691,机油+机滤+燃油滤芯更换,2024-07-09 11:12,74691
S5879,长城魏派VV7,93708,变速箱油+空调滤芯更换,2025-03-03 15:58,83708
S5880,奔驰E级,69193,大保养(机油+三滤+刹车油),2025-10-01 14:45,59193
S5881,丰田卡罗拉,101866,机油+机滤更换,2025-08-21 11:47,96866
S5882,大众朗逸,136861,空调滤芯+空气滤芯更换,2024-04-19 10:27,126861
S5883,本田思域,21823,变速箱油更换,2025-06-22 12:57,11823
S5884,比亚迪汉,45081,全车检查+轮胎换位,2024-03-12 13:33,35081
S5885,宝马3系,23045,大保养(机油+三滤+刹车油),2025-01-27 16:57,13045
S5886,福特蒙迪欧,146906,刹车油+刹车片更换,2024-03-06 10:06,136906
S5887,吉利星越L,69368,机油+机滤+空调滤芯更换,2025-07-28 12:57,64368
S5888,奥迪A4L,139259,变速箱油+火花塞更换,2024-06-03 08:36,129259
S5889,长城哈弗H6,81005,空气滤芯+燃油滤芯更换,2024-09-18 10:45,76005
S5890,奔驰C级,133462,大保养(机油+三滤+变速箱油),2025-05-10 16:37,123462
S5891,丰田凯美瑞,133289,刹车油+冷却液更换,2024-07-01 12:12,123289
S5892,大众帕萨特,124119,机油+机滤+空气滤芯更换,2025-02-25 12:08,119119
S5893,本田CR-V,131016,变速箱油+刹车油更换,2024-07-28 10:23,121016
S5894,比亚迪宋PLUS,55146,全车检查+空调滤芯更换,2025-03-22 15:13,50146
S5895,宝马5系,32863,大保养(机油+三滤+正时皮带),2025-10-18 13:48,22863
S5896,奥迪Q5L,111510,机油+机滤+火花塞更换,2024-01-24 14:33,106510
S5897,福特锐界,118289,刹车油+刹车片+轮胎更换,2025-10-10 15:21,108289
S5898,吉利博越,86537,机油+机滤+燃油滤芯更换,2025-10-19 12:01,81537
S5899,长城魏派VV7,118466,变速箱油+空调滤芯更换,2024-04-02 10:17,108466
S5900,奔驰E级,120012,大保养(机油+三滤+刹车油),2024-02-25 12:41,110012
S5901,丰田卡罗拉,95408,机油+机滤更换,2024-12-05 11:22,90408
S5902,大众朗逸,40317,空调滤芯+空气滤芯更换,2025-12-26 08:55,30317
S5903,本田思域,34175,变速箱油更换,2024-12-19 12:49,24175
S5904,比亚迪汉,30042,全车检查+轮胎换位,2024-08-07 09:52,20042
S5905,宝马3系,56268,大保养(机油+三滤+刹车油),2025-04-02 15:30,46268
S5906,福特蒙迪欧,41729,刹车油+刹车片更换,2024-08-18 13:42,31729
S5907,吉利星越L,49030,机油+机滤+空调滤芯更换,2025-06-25 16:29,44030
S5908,奥迪A4L,88539,变速箱油+火花塞更换,2024-06-28 10:11,78539
S5909,长城哈弗H6,93990,空气滤芯+燃油滤芯更换,2025-12-21 12:22,88990
S5910,奔驰C级,61795,大保养(机油+三滤+变速箱油),2025-03-12 14:54,51795
S5911,丰田凯美瑞,22532,刹车油+冷却液更换,2024-09-08 15:05,12532
S5912,大众帕萨特,30256,机油+机滤+空气滤芯更换,2025-06-12 12:04,25256
S5913,本田CR-V,132126,变速箱油+刹车油更换,2025-08-11 17:14,122126
S5914,比亚迪宋PLUS,31810,全车检查+空调滤芯更换,2025-05-08 15:53,26810
S5915,宝马5系,107611,大保养(机油+三滤+正时皮带),2024-08-28 16:09,97611
S5916,奥迪Q5L,22851,机油+机滤+火花塞更换,2025-04-11 15:51,17851
S5917,福特锐界,126921,刹车油+刹车片+轮胎更换,2025-07-23 09:47,116921
S5918,吉利博越,134351,机油+机滤+燃油滤芯更换,2024-05-10 17:20,129351
S5919,长城魏派VV7,25499,变速箱油+空调滤芯更换,2025-10-07 16:38,15499
S5920,奔驰E级,62765,大保养(机油+三滤+刹车油),2024-09-16 09:13,52765
S5921,丰田卡罗拉,76041,机油+机滤更换,2024-02-13 10:33,71041
S5922,大众朗逸,148101,空调滤芯+空气滤芯更换,2024-04-03 16:03,138101
S5923,本田思域,88703,变速箱油更换,2025-07-02 08:57,78703
S5924,比亚迪汉,139021,全车检查+轮胎换位,2025-08-15 15:41,129021
S5925,宝马3系,100532,大保养(机油+三滤+刹车油),2024-12-28 10:41,90532
S5926,福特蒙迪欧,21867,刹车油+刹车片更换,2024-01-13 12:58,11867
S5927,吉利星越L,56586,机油+机滤+空调滤芯更换,2025-11-10 10:27,51586
S5928,奥迪A4L,77549,变速箱油+火花塞更换,2025-11-14 09:45,67549
S5929,长城哈弗H6,99279,空气滤芯+燃油滤芯更换,2024-11-06 10:53,94279
S5930,奔驰C级,32207,大保养(机油+三滤+变速箱油),2024-12-09 13:32,22207
S5931,丰田凯美瑞,134978,刹车油+冷却液更换,2025-03-28 08:09,124978
S5932,大众帕萨特,98368,机油+机滤+空气滤芯更换,2024-10-15 10:10,93368
S5933,本田CR-V,56229,变速箱油+刹车油更换,2024-10-08 08:17,46229
S5934,比亚迪宋PLUS,53293,全车检查+空调滤芯更换,2025-05-21 10:46,48293
S5935,宝马5系,54498,大保养(机油+三滤+正时皮带),2024-09-29 09:36,44498
S5936,奥迪Q5L,55328,机油+机滤+火花塞更换,2024-04-21 09:20,50328
S5937,福特锐界,59520,刹车油+刹车片+轮胎更换,2024-03-13 17:16,49520
S5938,吉利博越,37075,机油+机滤+燃油滤芯更换,2025-01-02 11:37,32075
S5939,长城魏派VV7,91081,变速箱油+空调滤芯更换,2025-10-30 17:05,81081
S5940,奔驰E级,23649,大保养(机油+三滤+刹车油),2025-07-29 10:15,13649
S5941,丰田卡罗拉,116447,机油+机滤更换,2025-10-07 12:17,111447
S5942,大众朗逸,20670,空调滤芯+空气滤芯更换,2025-08-18 11:32,10670
S5943,本田思域,75572,变速箱油更换,2024-10-10 08:16,65572
S5944,比亚迪汉,33074,全车检查+轮胎换位,2024-12-28 12:53,23074
S5945,宝马3系,40031,大保养(机油+三滤+刹车油),2024-06-16 11:06,30031
S5946,福特蒙迪欧,33754,刹车油+刹车片更换,2025-12-27 16:17,23754
S5947,吉利星越L,141511,机油+机滤+空调滤芯更换,2024-07-10 08:37,136511
S5948,奥迪A4L,128268,变速箱油+火花塞更换,2025-01-17 12:37,118268
S5949,长城哈弗H6,92906,空气滤芯+燃油滤芯更换,2025-05-01 12:19,87906
S5950,奔驰C级,133177,大保养(机油+三滤+变速箱油),2025-10-18 10:45,123177
S5951,丰田凯美瑞,127747,刹车油+冷却液更换,2025-09-02 10:49,117747
S5952,大众帕萨特,71659,机油+机滤+空气滤芯更换,2024-02-24 14:49,66659
S5953,本田CR-V,35997,变速箱油+刹车油更换,2024-01-03 16:21,25997
S5954,比亚迪宋PLUS,100554,全车检查+空调滤芯更换,2025-01-06 14:16,95554
S5955,宝马5系,51598,大保养(机油+三滤+正时皮带),2025-05-15 16:25,41598
S5956,奥迪Q5L,108779,机油+机滤+火花塞更换,2025-11-19 08:26,103779
S5957,福特锐界,21709,刹车油+刹车片+轮胎更换,2024-05-17 12:19,11709
S5958,吉利博越,145344,机油+机滤+燃油滤芯更换,2025-07-29 08:01,140344
S5959,长城魏派VV7,48735,变速箱油+空调滤芯更换,2025-02-25 12:28,38735
S5960,奔驰E级,70787,大保养(机油+三滤+刹车油),2024-12-06 08:32,60787
S5961,丰田卡罗拉,88037,机油+机滤更换,2025-01-20 17:30,83037
S5962,大众朗逸,50080,空调滤芯+空气滤芯更换,2025-02-13 14:14,40080
S5963,本田思域,85708,变速箱油更换,2025-05-19 09:46,75708
S5964,比亚迪汉,76493,全车检查+轮胎换位,2024-06-13 10:03,66493
S5965,宝马3系,53204,大保养(机油+三滤+刹车油),2025-04-25 14:32,43204
S5966,福特蒙迪欧,134778,刹车油+刹车片更换,2025-11-12 08:24,124778
S5967,吉利星越L,72721,机油+机滤+空调滤芯更换,2024-05-15 11:56,67721
S5968,奥迪A4L,99108,变速箱油+火花塞更换,2024-01-17 11:29,89108
S5969,长城哈弗H6,101938,空气滤芯+燃油滤芯更换,2025-02-26 10:57,96938
S5970,奔驰C级,90541,大保养(机油+三滤+变速箱油),2025-12-09 16:28,80541
S5971,丰田凯美瑞,40635,刹车油+冷却液更换,2024-01-27 17:52,30635
S5972,大众帕萨特,113468,机油+机滤+空气滤芯更换,2025-02-02 10:18,108468
S5973,本田CR-V,32195,变速箱油+刹车油更换,2024-12-03 15:14,22195
S5974,比亚迪宋PLUS,128486,全车检查+空调滤芯更换,2024-10-01 10:26,123486
S5975,宝马5系,67266,大保养(机油+三滤+正时皮带),2024-05-22 17:52,57266
S5976,奥迪Q5L,134235,机油+机滤+火花塞更换,2025-11-22 09:21,129235
S5977,福特锐界,101148,刹车油+刹车片+轮胎更换,2025-07-17 10:34,91148
S5978,吉利博越,76318,机油+机滤+燃油滤芯更换,2025-12-15 08:33,71318
S5979,长城魏派VV7,147991,变速箱油+空调滤芯更换,2025-08-02 14:27,137991
S5980,奔驰E级,90600,大保养(机油+三滤+刹车油),2025-10-24 10:22,80600
S5981,丰田卡罗拉,84998,机油+机滤更换,2024-08-07 17:56,79998
S5982,大众朗逸,60540,空调滤芯+空气滤芯更换,2024-04-25 11:50,50540
S5983,本田思域,99059,变速箱油更换,2025-11-16 09:54,89059
S5984,比亚迪汉,125545,全车检查+轮胎换位,2025-04-12 08:46,115545
S5985,宝马3系,46993,大保养(机油+三滤+刹车油),2024-09-27 09:11,36993
S5986,福特蒙迪欧,138974,刹车油+刹车片更换,2024-11-07 10:40,128974
S5987,吉利星越L,72715,机油+机滤+空调滤芯更换,2025-07-20 11:29,67715
S5988,奥迪A4L,140309,变速箱油+火花塞更换,2025-11-09 12:07,130309
S5989,长城哈弗H6,58048,空气滤芯+燃油滤芯更换,2024-12-15 12:02,53048
S5990,奔驰C级,100856,大保养(机油+三滤+变速箱油),2025-04-27 11:02,90856
S5991,丰田凯美瑞,78482,刹车油+冷却液更换,2024-05-13 15:18,68482
S5992,大众帕萨特,130932,机油+机滤+空气滤芯更换,2024-08-31 11:25,125932
S5993,本田CR-V,57702,变速箱油+刹车油更换,2025-09-06 14:21,47702
S5994,比亚迪宋PLUS,94446,全车检查+空调滤芯更换,2025-02-20 10:42,89446
S5995,宝马5系,68806,大保养(机油+三滤+正时皮带),2025-04-05 09:36,58806
S5996,奥迪Q5L,121070,机油+机滤+火花塞更换,2025-10-09 10:24,116070
S5997,福特锐界,81233,刹车油+刹车片+轮胎更换,2025-01-21 10:37,71233
S5998,吉利博越,90949,机油+机滤+燃油滤芯更换,2024-03-17 15:32,85949
S5999,长城魏派VV7,119095,变速箱油+空调滤芯更换,2025-09-06 08:52,109095
S6000,奔驰E级,123193,大保养(机油+三滤+刹车油),2025-02-05 15:17,113193
S6001,丰田卡罗拉,109072,机油+机滤更换,2024-07-28 16:57,104072
S6002,大众朗逸,31298,空调滤芯+空气滤芯更换,2024-01-07 08:03,21298
S6003,本田思域,51124,变速箱油更换,2024-06-15 09:42,41124
S6004,比亚迪汉,126169,全车检查+轮胎换位,2025-09-30 13:38,116169
S6005,宝马3系,106362,大保养(机油+三滤+刹车油),2025-09-23 10:16,96362
S6006,福特蒙迪欧,149205,刹车油+刹车片更换,2025-02-16 17:49,139205
S6007,吉利星越L,30245,机油+机滤+空调滤芯更换,2024-01-11 15:17,25245
S6008,奥迪A4L,75082,变速箱油+火花塞更换,2025-01-31 11:06,65082
S6009,长城哈弗H6,70473,空气滤芯+燃油滤芯更换,2025-04-23 10:03,65473
S6010,奔驰C级,116547,大保养(机油+三滤+变速箱油),2024-06-30 17:38,106547
S6011,丰田凯美瑞,58251,刹车油+冷却液更换,2024-07-23 16:05,48251
S6012,大众帕萨特,21396,机油+机滤+空气滤芯更换,2025-06-23 15:17,16396
S6013,本田CR-V,125829,变速箱油+刹车油更换,2024-10-20 11:28,115829
S6014,比亚迪宋PLUS,83806,全车检查+空调滤芯更换,2024-07-09 16:50,78806
S6015,宝马5系,100417,大保养(机油+三滤+正时皮带),2025-04-01 09:19,90417
S6016,奥迪Q5L,27024,机油+机滤+火花塞更换,2024-06-08 11:46,22024
S6017,福特锐界,49612,刹车油+刹车片+轮胎更换,2024-10-14 08:35,39612
S6018,吉利博越,119210,机油+机滤+燃油滤芯更换,2024-07-30 12:10,114210
S6019,长城魏派VV7,144977,变速箱油+空调滤芯更换,2024-08-29 12:03,134977
S6020,奔驰E级,109205,大保养(机油+三滤+刹车油),2025-10-07 13:32,99205
S6021,丰田卡罗拉,41106,机油+机滤更换,2024-10-07 15:06,36106
S6022,大众朗逸,73092,空调滤芯+空气滤芯更换,2024-12-23 15:53,63092
S6023,本田思域,100216,变速箱油更换,2025-01-01 08:35,90216
S6024,比亚迪汉,141861,全车检查+轮胎换位,2024-05-24 15:45,131861
S6025,宝马3系,47046,大保养(机油+三滤+刹车油),2025-10-06 12:08,37046
S6026,福特蒙迪欧,107387,刹车油+刹车片更换,2025-07-30 14:44,97387
S6027,吉利星越L,78965,机油+机滤+空调滤芯更换,2025-01-25 10:15,73965
S6028,奥迪A4L,90599,变速箱油+火花塞更换,2025-03-22 16:03,80599
S6029,长城哈弗H6,43089,空气滤芯+燃油滤芯更换,2025-04-02 14:17,38089
S6030,奔驰C级,81817,大保养(机油+三滤+变速箱油),2024-11-06 10:06,71817
S6031,丰田凯美瑞,52044,刹车油+冷却液更换,2024-12-06 14:49,42044
S6032,大众帕萨特,109212,机油+机滤+空气滤芯更换,2025-07-01 15:20,104212
S6033,本田CR-V,25621,变速箱油+刹车油更换,2024-07-12 09:38,15621
S6034,比亚迪宋PLUS,31518,全车检查+空调滤芯更换,2025-04-28 13:41,26518
S6035,宝马5系,55200,大保养(机油+三滤+正时皮带),2025-06-13 16:28,45200
S6036,奥迪Q5L,110798,机油+机滤+火花塞更换,2024-01-13 14:59,105798
S6037,福特锐界,119406,刹车油+刹车片+轮胎更换,2024-01-11 09:27,109406
S6038,吉利博越,70416,机油+机滤+燃油滤芯更换,2024-07-10 08:21,65416
S6039,长城魏派VV7,91965,变速箱油+空调滤芯更换,2024-05-08 11:19,81965
S6040,奔驰E级,90922,大保养(机油+三滤+刹车油),2025-04-28 16:40,80922
S6041,丰田卡罗拉,133689,机油+机滤更换,2025-09-24 12:41,128689
S6042,大众朗逸,23962,空调滤芯+空气滤芯更换,2025-10-10 14:16,13962
S6043,本田思域,75361,变速箱油更换,2024-01-29 11:41,65361
S6044,比亚迪汉,81067,全车检查+轮胎换位,2025-05-22 10:38,71067
S6045,宝马3系,55239,大保养(机油+三滤+刹车油),2024-05-07 14:09,45239
S6046,福特蒙迪欧,78295,刹车油+刹车片更换,2025-12-18 13:36,68295
S6047,吉利星越L,80325,机油+机滤+空调滤芯更换,2025-08-04 14:43,75325
S6048,奥迪A4L,94566,变速箱油+火花塞更换,2025-03-20 17:11,84566
S6049,长城哈弗H6,42775,空气滤芯+燃油滤芯更换,2024-08-07 10:23,37775
S6050,奔驰C级,93047,大保养(机油+三滤+变速箱油),2024-10-02 08:47,83047
S6051,丰田凯美瑞,68059,刹车油+冷却液更换,2025-06-11 11:40,58059
S6052,大众帕萨特,100556,机油+机滤+空气滤芯更换,2025-07-06 13:23,95556
S6053,本田CR-V,62075,变速箱油+刹车油更换,2024-03-13 17:04,52075
S6054,比亚迪宋PLUS,104532,全车检查+空调滤芯更换,2024-07-30 15:37,99532
S6055,宝马5系,114650,大保养(机油+三滤+正时皮带),2024-09-16 16:38,104650
S6056,奥迪Q5L,68818,机油+机滤+火花塞更换,2024-03-27 17:03,63818
S6057,福特锐界,50549,刹车油+刹车片+轮胎更换,2024-10-27 11:37,40549
S6058,吉利博越,76380,机油+机滤+燃油滤芯更换,2024-12-16 10:06,71380
S6059,长城魏派VV7,30169,变速箱油+空调滤芯更换,2025-04-08 12:38,20169
S6060,奔驰E级,66887,大保养(机油+三滤+刹车油),2025-11-03 11:15,56887
S6061,丰田卡罗拉,136304,机油+机滤更换,2024-03-03 11:24,131304
S6062,大众朗逸,108699,空调滤芯+空气滤芯更换,2024-03-27 11:46,98699
S6063,本田思域,20765,变速箱油更换,2024-05-07 13:04,10765
S6064,比亚迪汉,49781,全车检查+轮胎换位,2024-04-23 13:40,39781
S6065,宝马3系,38378,大保养(机油+三滤+刹车油),2024-03-13 17:47,28378
S6066,福特蒙迪欧,113994,刹车油+刹车片更换,2024-11-24 14:15,103994
S6067,吉利星越L,84131,机油+机滤+空调滤芯更换,2024-03-27 08:16,79131
S6068,奥迪A4L,70778,变速箱油+火花塞更换,2025-06-09 17:27,60778
S6069,长城哈弗H6,40823,空气滤芯+燃油滤芯更换,2024-06-26 16:46,35823
S6070,奔驰C级,21352,大保养(机油+三滤+变速箱油),2024-07-10 17:06,11352
S6071,丰田凯美瑞,137185,刹车油+冷却液更换,2025-07-20 12:46,127185
S6072,大众帕萨特,115442,机油+机滤+空气滤芯更换,2025-09-15 08:22,110442
S6073,本田CR-V,123105,变速箱油+刹车油更换,2025-03-11 17:40,113105
S6074,比亚迪宋PLUS,87159,全车检查+空调滤芯更换,2024-04-19 15:58,82159
S6075,宝马5系,95042,大保养(机油+三滤+正时皮带),2024-04-09 15:04,85042
S6076,奥迪Q5L,109867,机油+机滤+火花塞更换,2025-08-05 08:01,104867
S6077,福特锐界,123688,刹车油+刹车片+轮胎更换,2024-11-18 16:13,113688
S6078,吉利博越,139688,机油+机滤+燃油滤芯更换,2024-11-24 09:45,134688
S6079,长城魏派VV7,143399,变速箱油+空调滤芯更换,2025-11-11 12:50,133399
S6080,奔驰E级,39228,大保养(机油+三滤+刹车油),2024-08-15 11:16,29228
S6081,丰田卡罗拉,46479,机油+机滤更换,2025-09-01 13:07,41479
S6082,大众朗逸,39730,空调滤芯+空气滤芯更换,2024-03-16 17:39,29730
S6083,本田思域,77444,变速箱油更换,2025-07-14 15:15,67444
S6084,比亚迪汉,64723,全车检查+轮胎换位,2024-08-22 13:17,54723
S6085,宝马3系,77536,大保养(机油+三滤+刹车油),2025-09-05 11:14,67536
S6086,福特蒙迪欧,130057,刹车油+刹车片更换,2025-09-13 16:59,120057
S6087,吉利星越L,101205,机油+机滤+空调滤芯更换,2024-07-27 12:49,96205
S6088,奥迪A4L,102346,变速箱油+火花塞更换,2025-10-08 08:19,92346
S6089,长城哈弗H6,104230,空气滤芯+燃油滤芯更换,2024-02-14 08:51,99230
S6090,奔驰C级,97234,大保养(机油+三滤+变速箱油),2025-07-10 11:00,87234
S6091,丰田凯美瑞,130232,刹车油+冷却液更换,2024-12-25 09:35,120232
S6092,大众帕萨特,133917,机油+机滤+空气滤芯更换,2024-02-24 10:35,128917
S6093,本田CR-V,40961,变速箱油+刹车油更换,2024-06-10 13:32,30961
S6094,比亚迪宋PLUS,121425,全车检查+空调滤芯更换,2024-09-28 15:34,116425
S6095,宝马5系,45171,大保养(机油+三滤+正时皮带),2025-11-01 08:22,35171
S6096,奥迪Q5L,98080,机油+机滤+火花塞更换,2024-01-26 15:00,93080
S6097,福特锐界,92475,刹车油+刹车片+轮胎更换,2024-04-20 11:54,82475
S6098,吉利博越,105865,机油+机滤+燃油滤芯更换,2025-12-15 10:01,100865
S6099,长城魏派VV7,145733,变速箱油+空调滤芯更换,2024-01-04 09:32,135733
S6100,奔驰E级,30861,大保养(机油+三滤+刹车油),2024-04-28 08:51,20861
S6101,丰田卡罗拉,112209,机油+机滤更换,2025-06-10 14:56,107209
S6102,大众朗逸,37053,空调滤芯+空气滤芯更换,2024-07-18 08:40,27053
S6103,本田思域,75856,变速箱油更换,2025-03-28 10:19,65856
S6104,比亚迪汉,89721,全车检查+轮胎换位,2025-05-29 15:34,79721
S6105,宝马3系,118809,大保养(机油+三滤+刹车油),2025-06-15 10:41,108809
S6106,福特蒙迪欧,91821,刹车油+刹车片更换,2025-08-16 17:45,81821
S6107,吉利星越L,89947,机油+机滤+空调滤芯更换,2025-06-22 10:36,84947
S6108,奥迪A4L,79694,变速箱油+火花塞更换,2025-11-10 15:30,69694
S6109,长城哈弗H6,102560,空气滤芯+燃油滤芯更换,2024-08-25 15:16,97560
S6110,奔驰C级,95661,大保养(机油+三滤+变速箱油),2025-10-02 14:34,85661
S6111,丰田凯美瑞,47079,刹车油+冷却液更换,2025-05-07 17:21,37079
S6112,大众帕萨特,73025,机油+机滤+空气滤芯更换,2024-05-16 14:39,68025
S6113,本田CR-V,131110,变速箱油+刹车油更换,2025-02-27 16:51,121110
S6114,比亚迪宋PLUS,106106,全车检查+空调滤芯更换,2025-06-18 08:38,101106
S6115,宝马5系,24396,大保养(机油+三滤+正时皮带),2024-07-23 13:35,14396
S6116,奥迪Q5L,42720,机油+机滤+火花塞更换,2025-06-27 10:20,37720
S6117,福特锐界,61991,刹车油+刹车片+轮胎更换,2025-08-01 15:17,51991
S6118,吉利博越,39740,机油+机滤+燃油滤芯更换,2024-08-15 16:25,34740
S6119,长城魏派VV7,130964,变速箱油+空调滤芯更换,2024-08-19 10:29,120964
S6120,奔驰E级,26768,大保养(机油+三滤+刹车油),2025-08-07 15:42,16768
S6121,丰田卡罗拉,91526,机油+机滤更换,2024-08-25 14:21,86526
S6122,大众朗逸,43163,空调滤芯+空气滤芯更换,2024-12-08 13:48,33163
S6123,本田思域,107430,变速箱油更换,2024-06-16 08:03,97430
S6124,比亚迪汉,128932,全车检查+轮胎换位,2025-10-31 10:36,118932
S6125,宝马3系,24361,大保养(机油+三滤+刹车油),2025-06-03 17:45,14361
S6126,福特蒙迪欧,116197,刹车油+刹车片更换,2024-04-03 09:25,106197
S6127,吉利星越L,22243,机油+机滤+空调滤芯更换,2025-12-01 12:27,17243
S6128,奥迪A4L,67619,变速箱油+火花塞更换,2025-01-08 16:50,57619
S6129,长城哈弗H6,101626,空气滤芯+燃油滤芯更换,2024-07-08 17:20,96626
S6130,奔驰C级,69127,大保养(机油+三滤+变速箱油),2024-01-01 15:03,59127
S6131,丰田凯美瑞,45193,刹车油+冷却液更换,2025-10-01 16:32,35193
S6132,大众帕萨特,108254,机油+机滤+空气滤芯更换,2025-06-27 14:13,103254
S6133,本田CR-V,66644,变速箱油+刹车油更换,2025-03-14 10:35,56644
S6134,比亚迪宋PLUS,33213,全车检查+空调滤芯更换,2024-01-24 15:22,28213
S6135,宝马5系,62137,大保养(机油+三滤+正时皮带),2025-06-30 11:50,52137
S6136,奥迪Q5L,50768,机油+机滤+火花塞更换,2024-11-20 15:06,45768
S6137,福特锐界,48893,刹车油+刹车片+轮胎更换,2024-02-13 11:31,38893
S6138,吉利博越,144334,机油+机滤+燃油滤芯更换,2024-08-07 10:42,139334
S6139,长城魏派VV7,111026,变速箱油+空调滤芯更换,2025-06-09 12:55,101026
S6140,奔驰E级,111684,大保养(机油+三滤+刹车油),2024-04-23 15:13,101684
S6141,丰田卡罗拉,100732,机油+机滤更换,2025-03-02 10:50,95732
S6142,大众朗逸,138376,空调滤芯+空气滤芯更换,2025-02-12 14:08,128376
S6143,本田思域,98849,变速箱油更换,2025-01-09 16:04,88849
S6144,比亚迪汉,62639,全车检查+轮胎换位,2024-11-02 14:13,52639
S6145,宝马3系,69030,大保养(机油+三滤+刹车油),2024-01-08 17:01,59030
S6146,福特蒙迪欧,133190,刹车油+刹车片更换,2024-01-22 12:37,123190
S6147,吉利星越L,71185,机油+机滤+空调滤芯更换,2025-10-22 17:51,66185
S6148,奥迪A4L,101112,变速箱油+火花塞更换,2024-07-13 08:51,91112
S6149,长城哈弗H6,118063,空气滤芯+燃油滤芯更换,2025-10-28 12:27,113063
S6150,奔驰C级,95973,大保养(机油+三滤+变速箱油),2024-02-15 14:24,85973
S6151,丰田凯美瑞,67803,刹车油+冷却液更换,2024-08-10 09:43,57803
S6152,大众帕萨特,106868,机油+机滤+空气滤芯更换,2025-09-12 11:04,101868
S6153,本田CR-V,110693,变速箱油+刹车油更换,2025-09-14 11:09,100693
S6154,比亚迪宋PLUS,69013,全车检查+空调滤芯更换,2025-02-28 09:17,64013
S6155,宝马5系,120869,大保养(机油+三滤+正时皮带),2024-04-28 15:11,110869
S6156,奥迪Q5L,93036,机油+机滤+火花塞更换,2024-02-26 17:38,88036
S6157,福特锐界,105341,刹车油+刹车片+轮胎更换,2024-09-02 14:34,95341
S6158,吉利博越,58799,机油+机滤+燃油滤芯更换,2024-04-06 15:25,53799
S6159,长城魏派VV7,71032,变速箱油+空调滤芯更换,2024-03-11 10:57,61032
S6160,奔驰E级,80343,大保养(机油+三滤+刹车油),2025-05-16 08:22,70343
S6161,丰田卡罗拉,58927,机油+机滤更换,2025-12-09 09:25,53927
S6162,大众朗逸,72686,空调滤芯+空气滤芯更换,2025-10-28 09:10,62686
S6163,本田思域,132370,变速箱油更换,2025-07-11 15:49,122370
S6164,比亚迪汉,39529,全车检查+轮胎换位,2024-11-28 11:27,29529
S6165,宝马3系,114533,大保养(机油+三滤+刹车油),2024-12-03 09:45,104533
S6166,福特蒙迪欧,133452,刹车油+刹车片更换,2024-02-20 12:13,123452
S6167,吉利星越L,97467,机油+机滤+空调滤芯更换,2025-12-30 16:39,92467
S6168,奥迪A4L,114543,变速箱油+火花塞更换,2025-06-25 08:19,104543
S6169,长城哈弗H6,30289,空气滤芯+燃油滤芯更换,2025-05-13 12:09,25289
S6170,奔驰C级,47913,大保养(机油+三滤+变速箱油),2024-09-03 16:19,37913
S6171,丰田凯美瑞,103071,刹车油+冷却液更换,2025-06-05 17:42,93071
S6172,大众帕萨特,54929,机油+机滤+空气滤芯更换,2024-12-29 11:11,49929
S6173,本田CR-V,29603,变速箱油+刹车油更换,2024-02-01 13:28,19603
S6174,比亚迪宋PLUS,44646,全车检查+空调滤芯更换,2025-06-20 14:41,39646
S6175,宝马5系,149065,大保养(机油+三滤+正时皮带),2024-02-14 09:52,139065
S6176,奥迪Q5L,144771,机油+机滤+火花塞更换,2024-06-24 10:55,139771
S6177,福特锐界,79533,刹车油+刹车片+轮胎更换,2024-03-31 14:00,69533
S6178,吉利博越,70100,机油+机滤+燃油滤芯更换,2024-02-15 12:10,65100
S6179,长城魏派VV7,67135,变速箱油+空调滤芯更换,2024-11-27 17:54,57135
S6180,奔驰E级,55623,大保养(机油+三滤+刹车油),2024-08-31 12:47,45623
S6181,丰田卡罗拉,147520,机油+机滤更换,2025-05-15 16:48,142520
S6182,大众朗逸,22780,空调滤芯+空气滤芯更换,2025-01-06 15:26,12780
S6183,本田思域,20353,变速箱油更换,2024-12-24 09:38,10353
S6184,比亚迪汉,72809,全车检查+轮胎换位,2025-08-11 14:37,62809
S6185,宝马3系,71995,大保养(机油+三滤+刹车油),2025-09-22 16:35,61995
S6186,福特蒙迪欧,61033,刹车油+刹车片更换,2024-05-10 12:57,51033
S6187,吉利星越L,23406,机油+机滤+空调滤芯更换,2025-12-05 15:54,18406
S6188,奥迪A4L,148763,变速箱油+火花塞更换,2025-02-13 16:25,138763
S6189,长城哈弗H6,70368,空气滤芯+燃油滤芯更换,2025-04-07 14:01,65368
S6190,奔驰C级,46862,大保养(机油+三滤+变速箱油),2024-01-20 15:20,36862
S6191,丰田凯美瑞,32500,刹车油+冷却液更换,2025-09-15 10:18,22500
S6192,大众帕萨特,146657,机油+机滤+空气滤芯更换,2025-11-14 08:31,141657
S6193,本田CR-V,114023,变速箱油+刹车油更换,2025-05-27 10:36,104023
S6194,比亚迪宋PLUS,118449,全车检查+空调滤芯更换,2025-01-19 11:44,113449
S6195,宝马5系,83539,大保养(机油+三滤+正时皮带),2024-05-24 14:59,73539
S6196,奥迪Q5L,61675,机油+机滤+火花塞更换,2025-03-26 10:04,56675
S6197,福特锐界,23459,刹车油+刹车片+轮胎更换,2025-01-16 14:07,13459
S6198,吉利博越,80147,机油+机滤+燃油滤芯更换,2025-11-13 15:44,75147
S6199,长城魏派VV7,116951,变速箱油+空调滤芯更换,2025-10-19 11:36,106951
S6200,奔驰E级,101635,大保养(机油+三滤+刹车油),2024-09-29 12:40,91635
S6201,丰田卡罗拉,58090,机油+机滤更换,2024-08-13 10:42,53090
S6202,大众朗逸,61373,空调滤芯+空气滤芯更换,2025-03-10 12:46,51373
S6203,本田思域,135417,变速箱油更换,2024-12-31 11:19,125417
S6204,比亚迪汉,51301,全车检查+轮胎换位,2024-10-29 13:13,41301
S6205,宝马3系,83702,大保养(机油+三滤+刹车油),2024-07-08 13:03,73702
S6206,福特蒙迪欧,89309,刹车油+刹车片更换,2024-09-07 09:54,79309
S6207,吉利星越L,79022,机油+机滤+空调滤芯更换,2024-04-15 16:46,74022
S6208,奥迪A4L,89292,变速箱油+火花塞更换,2024-03-01 13:06,79292
S6209,长城哈弗H6,78969,空气滤芯+燃油滤芯更换,2024-06-17 13:25,73969
S6210,奔驰C级,134946,大保养(机油+三滤+变速箱油),2024-05-21 15:39,124946
S6211,丰田凯美瑞,148000,刹车油+冷却液更换,2024-12-03 15:52,138000
S6212,大众帕萨特,118210,机油+机滤+空气滤芯更换,2025-02-28 15:47,113210
S6213,本田CR-V,47310,变速箱油+刹车油更换,2025-07-12 13:35,37310
S6214,比亚迪宋PLUS,43818,全车检查+空调滤芯更换,2025-10-10 16:38,38818
S6215,宝马5系,25744,大保养(机油+三滤+正时皮带),2024-06-03 15:43,15744
S6216,奥迪Q5L,70917,机油+机滤+火花塞更换,2024-02-18 14:15,65917
S6217,福特锐界,47372,刹车油+刹车片+轮胎更换,2024-11-05 08:53,37372
S6218,吉利博越,133996,机油+机滤+燃油滤芯更换,2024-12-19 09:09,128996
S6219,长城魏派VV7,54771,变速箱油+空调滤芯更换,2025-03-31 13:13,44771
S6220,奔驰E级,132516,大保养(机油+三滤+刹车油),2025-06-11 17:54,122516
S6221,丰田卡罗拉,134127,机油+机滤更换,2024-09-22 14:23,129127
S6222,大众朗逸,44463,空调滤芯+空气滤芯更换,2025-01-16 12:41,34463
S6223,本田思域,140913,变速箱油更换,2024-03-01 12:45,130913
S6224,比亚迪汉,24869,全车检查+轮胎换位,2025-08-16 08:50,14869
S6225,宝马3系,44081,大保养(机油+三滤+刹车油),2025-12-17 17:06,34081
S6226,福特蒙迪欧,46909,刹车油+刹车片更换,2024-10-21 13:34,36909
S6227,吉利星越L,65052,机油+机滤+空调滤芯更换,2024-12-16 14:26,60052
S6228,奥迪A4L,112670,变速箱油+火花塞更换,2025-03-13 13:40,102670
S6229,长城哈弗H6,98278,空气滤芯+燃油滤芯更换,2025-05-09 17:36,93278
S6230,奔驰C级,134985,大保养(机油+三滤+变速箱油),2025-07-16 12:46,124985
S6231,丰田凯美瑞,117520,刹车油+冷却液更换,2025-10-21 15:36,107520
S6232,大众帕萨特,59790,机油+机滤+空气滤芯更换,2025-11-12 10:41,54790
S6233,本田CR-V,20658,变速箱油+刹车油更换,2024-06-16 16:16,10658
S6234,比亚迪宋PLUS,26395,全车检查+空调滤芯更换,2025-07-19 15:45,21395
S6235,宝马5系,84487,大保养(机油+三滤+正时皮带),2024-04-17 17:29,74487
S6236,奥迪Q5L,69180,机油+机滤+火花塞更换,2025-08-17 11:45,64180
S6237,福特锐界,67283,刹车油+刹车片+轮胎更换,2024-09-19 13:51,57283
S6238,吉利博越,123977,机油+机滤+燃油滤芯更换,2024-04-12 15:52,118977
S6239,长城魏派VV7,34353,变速箱油+空调滤芯更换,2025-04-01 08:33,24353
S6240,奔驰E级,132136,大保养(机油+三滤+刹车油),2024-01-20 17:19,122136
S6241,丰田卡罗拉,46991,机油+机滤更换,2025-09-21 17:36,41991
S6242,大众朗逸,71713,空调滤芯+空气滤芯更换,2024-08-07 10:42,61713
S6243,本田思域,96131,变速箱油更换,2025-08-06 08:46,86131
S6244,比亚迪汉,96454,全车检查+轮胎换位,2025-04-23 09:14,86454
S6245,宝马3系,143396,大保养(机油+三滤+刹车油),2025-06-27 12:59,133396
S6246,福特蒙迪欧,127368,刹车油+刹车片更换,2025-03-31 13:06,117368
S6247,吉利星越L,23129,机油+机滤+空调滤芯更换,2025-08-16 16:36,18129
S6248,奥迪A4L,103963,变速箱油+火花塞更换,2025-04-13 17:09,93963
S6249,长城哈弗H6,49446,空气滤芯+燃油滤芯更换,2024-11-23 09:49,44446
S6250,奔驰C级,147056,大保养(机油+三滤+变速箱油),2025-04-14 16:18,137056
S6251,丰田凯美瑞,39894,刹车油+冷却液更换,2024-03-11 12:36,29894
S6252,大众帕萨特,146724,机油+机滤+空气滤芯更换,2024-05-07 17:02,141724
S6253,本田CR-V,20214,变速箱油+刹车油更换,2024-10-01 15:58,10214
S6254,比亚迪宋PLUS,92552,全车检查+空调滤芯更换,2025-06-08 10:21,87552
S6255,宝马5系,90792,大保养(机油+三滤+正时皮带),2025-11-02 17:49,80792
S6256,奥迪Q5L,51294,机油+机滤+火花塞更换,2025-07-25 15:31,46294
S6257,福特锐界,42325,刹车油+刹车片+轮胎更换,2025-01-02 08:11,32325
S6258,吉利博越,59896,机油+机滤+燃油滤芯更换,2024-11-21 09:57,54896
S6259,长城魏派VV7,79546,变速箱油+空调滤芯更换,2024-02-11 13:24,69546
S6260,奔驰E级,35650,大保养(机油+三滤+刹车油),2025-05-11 13:21,25650
S6261,丰田卡罗拉,48479,机油+机滤更换,2025-03-20 15:03,43479
S6262,大众朗逸,125819,空调滤芯+空气滤芯更换,2025-07-14 09:19,115819
S6263,本田思域,54903,变速箱油更换,2025-10-11 10:40,44903
S6264,比亚迪汉,103006,全车检查+轮胎换位,2025-10-17 16:35,93006
S6265,宝马3系,42142,大保养(机油+三滤+刹车油),2025-06-18 15:27,32142
S6266,福特蒙迪欧,68124,刹车油+刹车片更换,2024-12-07 12:22,58124
S6267,吉利星越L,40090,机油+机滤+空调滤芯更换,2025-02-23 14:03,35090
S6268,奥迪A4L,20409,变速箱油+火花塞更换,2024-12-17 10:15,10409
S6269,长城哈弗H6,61994,空气滤芯+燃油滤芯更换,2025-05-30 14:17,56994
S6270,奔驰C级,83634,大保养(机油+三滤+变速箱油),2024-01-26 08:57,73634
S6271,丰田凯美瑞,112584,刹车油+冷却液更换,2024-03-24 11:50,102584
S6272,大众帕萨特,101944,机油+机滤+空气滤芯更换,2025-05-20 16:34,96944
S6273,本田CR-V,90574,变速箱油+刹车油更换,2024-02-11 13:43,80574
S6274,比亚迪宋PLUS,43702,全车检查+空调滤芯更换,2025-06-17 08:59,38702
S6275,宝马5系,111424,大保养(机油+三滤+正时皮带),2025-06-12 13:48,101424
S6276,奥迪Q5L,88347,机油+机滤+火花塞更换,2024-07-03 08:37,83347
S6277,福特锐界,87026,刹车油+刹车片+轮胎更换,2025-10-23 17:45,77026
S6278,吉利博越,66600,机油+机滤+燃油滤芯更换,2025-05-11 11:18,61600
S6279,长城魏派VV7,23430,变速箱油+空调滤芯更换,2024-02-02 17:11,13430
S6280,奔驰E级,42803,大保养(机油+三滤+刹车油),2025-08-11 10:05,32803
S6281,丰田卡罗拉,138871,机油+机滤更换,2024-10-31 15:18,133871
S6282,大众朗逸,32060,空调滤芯+空气滤芯更换,2024-11-02 16:32,22060
S6283,本田思域,83636,变速箱油更换,2025-01-13 15:05,73636
S6284,比亚迪汉,33687,全车检查+轮胎换位,2025-12-23 10:23,23687
S6285,宝马3系,25740,大保养(机油+三滤+刹车油),2024-03-15 12:52,15740
S6286,福特蒙迪欧,47065,刹车油+刹车片更换,2024-09-26 11:12,37065
S6287,吉利星越L,126927,机油+机滤+空调滤芯更换,2024-11-18 14:47,121927
S6288,奥迪A4L,62129,变速箱油+火花塞更换,2025-11-27 15:11,52129
S6289,长城哈弗H6,133343,空气滤芯+燃油滤芯更换,2024-08-14 11:05,128343
S6290,奔驰C级,112160,大保养(机油+三滤+变速箱油),2025-01-05 14:37,102160
S6291,丰田凯美瑞,21794,刹车油+冷却液更换,2025-03-25 14:13,11794
S6292,大众帕萨特,40824,机油+机滤+空气滤芯更换,2025-08-21 16:23,35824
S6293,本田CR-V,122467,变速箱油+刹车油更换,2024-10-06 17:24,112467
S6294,比亚迪宋PLUS,134008,全车检查+空调滤芯更换,2024-11-16 08:18,129008
S6295,宝马5系,119044,大保养(机油+三滤+正时皮带),2024-08-26 15:37,109044
S6296,奥迪Q5L,104518,机油+机滤+火花塞更换,2024-02-25 09:29,99518
S6297,福特锐界,54550,刹车油+刹车片+轮胎更换,2025-02-14 13:58,44550
S6298,吉利博越,84946,机油+机滤+燃油滤芯更换,2025-10-17 13:29,79946
S6299,长城魏派VV7,115014,变速箱油+空调滤芯更换,2024-02-20 15:22,105014
S6300,奔驰E级,22234,大保养(机油+三滤+刹车油),2025-07-03 09:12,12234
S6301,丰田卡罗拉,84560,机油+机滤更换,2024-12-25 14:00,79560
S6302,大众朗逸,105952,空调滤芯+空气滤芯更换,2024-06-21 08:13,95952
S6303,本田思域,116999,变速箱油更换,2024-05-07 10:18,106999
S6304,比亚迪汉,94332,全车检查+轮胎换位,2025-06-26 16:00,84332
S6305,宝马3系,147942,大保养(机油+三滤+刹车油),2025-09-23 08:26,137942
S6306,福特蒙迪欧,26851,刹车油+刹车片更换,2024-08-21 17:56,16851
S6307,吉利星越L,35992,机油+机滤+空调滤芯更换,2024-03-12 11:52,30992
S6308,奥迪A4L,73871,变速箱油+火花塞更换,2024-12-16 16:18,63871
S6309,长城哈弗H6,78613,空气滤芯+燃油滤芯更换,2024-05-09 12:41,73613
S6310,奔驰C级,84162,大保养(机油+三滤+变速箱油),2025-10-18 09:30,74162
S6311,丰田凯美瑞,28646,刹车油+冷却液更换,2025-04-03 08:40,18646
S6312,大众帕萨特,25554,机油+机滤+空气滤芯更换,2025-10-11 10:42,20554
S6313,本田CR-V,20700,变速箱油+刹车油更换,2024-08-29 16:10,10700
S6314,比亚迪宋PLUS,124496,全车检查+空调滤芯更换,2025-05-09 10:49,119496
S6315,宝马5系,111058,大保养(机油+三滤+正时皮带),2025-11-10 09:21,101058
S6316,奥迪Q5L,51202,机油+机滤+火花塞更换,2025-06-17 08:47,46202
S6317,福特锐界,113451,刹车油+刹车片+轮胎更换,2024-01-10 17:21,103451
S6318,吉利博越,145427,机油+机滤+燃油滤芯更换,2025-04-18 12:19,140427
S6319,长城魏派VV7,59626,变速箱油+空调滤芯更换,2025-05-14 14:45,49626
S6320,奔驰E级,141741,大保养(机油+三滤+刹车油),2025-08-26 14:35,131741
S6321,丰田卡罗拉,103880,机油+机滤更换,2024-09-12 16:26,98880
S6322,大众朗逸,47029,空调滤芯+空气滤芯更换,2025-05-29 08:31,37029
S6323,本田思域,50186,变速箱油更换,2025-06-29 11:08,40186
S6324,比亚迪汉,144566,全车检查+轮胎换位,2025-08-17 17:35,134566
S6325,宝马3系,23966,大保养(机油+三滤+刹车油),2024-06-25 14:25,13966
S6326,福特蒙迪欧,71369,刹车油+刹车片更换,2024-07-10 15:19,61369
S6327,吉利星越L,61282,机油+机滤+空调滤芯更换,2025-08-06 11:15,56282
S6328,奥迪A4L,98270,变速箱油+火花塞更换,2024-12-17 17:34,88270
S6329,长城哈弗H6,102954,空气滤芯+燃油滤芯更换,2025-01-21 09:59,97954
S6330,奔驰C级,140179,大保养(机油+三滤+变速箱油),2025-10-28 13:20,130179
S6331,丰田凯美瑞,91135,刹车油+冷却液更换,2025-01-15 11:31,81135
S6332,大众帕萨特,98988,机油+机滤+空气滤芯更换,2025-12-26 08:33,93988
S6333,本田CR-V,59455,变速箱油+刹车油更换,2024-12-20 09:09,49455
S6334,比亚迪宋PLUS,61353,全车检查+空调滤芯更换,2024-05-30 15:22,56353
S6335,宝马5系,90072,大保养(机油+三滤+正时皮带),2024-12-13 12:48,80072
S6336,奥迪Q5L,65267,机油+机滤+火花塞更换,2025-10-22 11:55,60267
S6337,福特锐界,59109,刹车油+刹车片+轮胎更换,2025-05-05 14:52,49109
S6338,吉利博越,142733,机油+机滤+燃油滤芯更换,2024-03-14 17:40,137733
S6339,长城魏派VV7,87404,变速箱油+空调滤芯更换,2025-06-11 15:38,77404
S6340,奔驰E级,136757,大保养(机油+三滤+刹车油),2025-05-22 13:40,126757
S6341,丰田卡罗拉,21022,机油+机滤更换,2025-08-03 17:57,16022
S6342,大众朗逸,106748,空调滤芯+空气滤芯更换,2025-12-28 08:45,96748
S6343,本田思域,66545,变速箱油更换,2024-04-18 14:38,56545
S6344,比亚迪汉,27372,全车检查+轮胎换位,2024-09-07 13:02,17372
S6345,宝马3系,108572,大保养(机油+三滤+刹车油),2024-04-08 17:44,98572
S6346,福特蒙迪欧,63029,刹车油+刹车片更换,2025-01-07 17:00,53029
S6347,吉利星越L,135295,机油+机滤+空调滤芯更换,2024-05-15 14:03,130295
S6348,奥迪A4L,66405,变速箱油+火花塞更换,2025-08-12 13:43,56405
S6349,长城哈弗H6,92778,空气滤芯+燃油滤芯更换,2024-06-02 15:42,87778
S6350,奔驰C级,73975,大保养(机油+三滤+变速箱油),2024-07-11 13:39,63975
S6351,丰田凯美瑞,68120,刹车油+冷却液更换,2025-10-05 08:58,58120
S6352,大众帕萨特,83855,机油+机滤+空气滤芯更换,2024-06-16 11:15,78855
S6353,本田CR-V,57063,变速箱油+刹车油更换,2025-02-18 11:31,47063
S6354,比亚迪宋PLUS,125176,全车检查+空调滤芯更换,2025-09-13 15:54,120176
S6355,宝马5系,50116,大保养(机油+三滤+正时皮带),2024-08-23 14:43,40116
S6356,奥迪Q5L,106365,机油+机滤+火花塞更换,2025-12-28 17:39,101365
S6357,福特锐界,28899,刹车油+刹车片+轮胎更换,2025-11-06 17:04,18899
S6358,吉利博越,38553,机油+机滤+燃油滤芯更换,2024-06-28 16:35,33553
S6359,长城魏派VV7,71616,变速箱油+空调滤芯更换,2025-04-12 09:52,61616
S6360,奔驰E级,61054,大保养(机油+三滤+刹车油),2024-01-03 16:29,51054
S6361,丰田卡罗拉,45214,机油+机滤更换,2025-09-12 13:49,40214
S6362,大众朗逸,143937,空调滤芯+空气滤芯更换,2025-10-02 09:46,133937
S6363,本田思域,56889,变速箱油更换,2024-04-24 11:35,46889
S6364,比亚迪汉,142781,全车检查+轮胎换位,2025-06-25 16:05,132781
S6365,宝马3系,60041,大保养(机油+三滤+刹车油),2025-09-21 15:43,50041
S6366,福特蒙迪欧,129026,刹车油+刹车片更换,2025-12-21 09:21,119026
S6367,吉利星越L,78911,机油+机滤+空调滤芯更换,2024-08-29 15:55,73911
S6368,奥迪A4L,42175,变速箱油+火花塞更换,2025-12-25 12:25,32175
S6369,长城哈弗H6,35314,空气滤芯+燃油滤芯更换,2024-08-11 08:05,30314
S6370,奔驰C级,71058,大保养(机油+三滤+变速箱油),2024-11-09 16:30,61058
S6371,丰田凯美瑞,135151,刹车油+冷却液更换,2024-01-05 09:09,125151
S6372,大众帕萨特,82848,机油+机滤+空气滤芯更换,2024-04-15 13:08,77848
S6373,本田CR-V,20653,变速箱油+刹车油更换,2025-01-11 14:00,10653
S6374,比亚迪宋PLUS,129423,全车检查+空调滤芯更换,2025-08-24 12:44,124423
S6375,宝马5系,80515,大保养(机油+三滤+正时皮带),2025-12-12 17:43,70515
S6376,奥迪Q5L,143228,机油+机滤+火花塞更换,2025-04-13 15:13,138228
S6377,福特锐界,89902,刹车油+刹车片+轮胎更换,2024-10-24 14:19,79902
S6378,吉利博越,99969,机油+机滤+燃油滤芯更换,2025-12-30 13:45,94969
S6379,长城魏派VV7,95824,变速箱油+空调滤芯更换,2024-04-18 13:11,85824
S6380,奔驰E级,21368,大保养(机油+三滤+刹车油),2025-06-18 14:47,11368
S6381,丰田卡罗拉,79581,机油+机滤更换,2025-11-07 12:01,74581
S6382,大众朗逸,92870,空调滤芯+空气滤芯更换,2024-02-01 13:57,82870
S6383,本田思域,75575,变速箱油更换,2024-09-17 16:44,65575
S6384,比亚迪汉,41210,全车检查+轮胎换位,2025-12-20 16:52,31210
S6385,宝马3系,64519,大保养(机油+三滤+刹车油),2025-03-29 11:40,54519
S6386,福特蒙迪欧,38206,刹车油+刹车片更换,2025-02-01 11:14,28206
S6387,吉利星越L,114251,机油+机滤+空调滤芯更换,2025-06-21 13:44,109251
S6388,奥迪A4L,113884,变速箱油+火花塞更换,2025-09-24 13:46,103884
S6389,长城哈弗H6,119310,空气滤芯+燃油滤芯更换,2024-04-19 13:50,114310
S6390,奔驰C级,108850,大保养(机油+三滤+变速箱油),2025-05-09 09:15,98850
S6391,丰田凯美瑞,88643,刹车油+冷却液更换,2025-10-21 13:34,78643
S6392,大众帕萨特,104174,机油+机滤+空气滤芯更换,2025-07-29 14:17,99174
S6393,本田CR-V,144278,变速箱油+刹车油更换,2025-01-02 16:44,134278
S6394,比亚迪宋PLUS,67120,全车检查+空调滤芯更换,2024-02-01 08:31,62120
S6395,宝马5系,35499,大保养(机油+三滤+正时皮带),2024-12-09 10:36,25499
S6396,奥迪Q5L,100759,机油+机滤+火花塞更换,2025-01-10 15:09,95759
S6397,福特锐界,126584,刹车油+刹车片+轮胎更换,2025-05-20 13:07,116584
S6398,吉利博越,128855,机油+机滤+燃油滤芯更换,2024-04-14 16:13,123855
S6399,长城魏派VV7,138113,变速箱油+空调滤芯更换,2025-12-21 14:33,128113
S6400,奔驰E级,83858,大保养(机油+三滤+刹车油),2024-09-12 12:40,73858
S6401,丰田卡罗拉,145453,机油+机滤更换,2024-03-06 16:42,140453
S6402,大众朗逸,33716,空调滤芯+空气滤芯更换,2025-04-24 10:50,23716
S6403,本田思域,115823,变速箱油更换,2024-06-05 12:08,105823
S6404,比亚迪汉,114647,全车检查+轮胎换位,2025-03-02 16:06,104647
S6405,宝马3系,32485,大保养(机油+三滤+刹车油),2024-02-19 15:12,22485
S6406,福特蒙迪欧,97489,刹车油+刹车片更换,2024-06-21 10:50,87489
S6407,吉利星越L,48724,机油+机滤+空调滤芯更换,2025-04-30 16:47,43724
S6408,奥迪A4L,126053,变速箱油+火花塞更换,2025-01-19 14:43,116053
S6409,长城哈弗H6,110509,空气滤芯+燃油滤芯更换,2024-01-31 13:01,105509
S6410,奔驰C级,115645,大保养(机油+三滤+变速箱油),2024-11-27 10:16,105645
S6411,丰田凯美瑞,92710,刹车油+冷却液更换,2024-10-20 14:31,82710
S6412,大众帕萨特,94658,机油+机滤+空气滤芯更换,2025-10-23 08:25,89658
S6413,本田CR-V,99834,变速箱油+刹车油更换,2024-11-11 11:49,89834
S6414,比亚迪宋PLUS,66451,全车检查+空调滤芯更换,2025-05-27 10:53,61451
S6415,宝马5系,43133,大保养(机油+三滤+正时皮带),2024-04-21 13:36,33133
S6416,奥迪Q5L,78966,机油+机滤+火花塞更换,2025-10-07 11:01,73966
S6417,福特锐界,30306,刹车油+刹车片+轮胎更换,2025-01-23 08:53,20306
S6418,吉利博越,142511,机油+机滤+燃油滤芯更换,2025-08-16 11:13,137511
S6419,长城魏派VV7,101852,变速箱油+空调滤芯更换,2024-12-22 11:51,91852
S6420,奔驰E级,129057,大保养(机油+三滤+刹车油),2024-08-28 11:33,119057
S6421,丰田卡罗拉,148981,机油+机滤更换,2025-04-28 11:28,143981
S6422,大众朗逸,88405,空调滤芯+空气滤芯更换,2024-09-20 10:12,78405
S6423,本田思域,105855,变速箱油更换,2025-05-12 12:33,95855
S6424,比亚迪汉,137058,全车检查+轮胎换位,2025-12-16 13:57,127058
S6425,宝马3系,98451,大保养(机油+三滤+刹车油),2025-11-01 10:17,88451
S6426,福特蒙迪欧,117110,刹车油+刹车片更换,2025-10-03 14:10,107110
S6427,吉利星越L,78881,机油+机滤+空调滤芯更换,2024-10-10 17:56,73881
S6428,奥迪A4L,24890,变速箱油+火花塞更换,2025-07-11 12:50,14890
S6429,长城哈弗H6,66816,空气滤芯+燃油滤芯更换,2024-11-16 09:18,61816
S6430,奔驰C级,49380,大保养(机油+三滤+变速箱油),2025-04-01 09:31,39380
S6431,丰田凯美瑞,103793,刹车油+冷却液更换,2024-10-15 17:44,93793
S6432,大众帕萨特,33398,机油+机滤+空气滤芯更换,2024-12-30 13:40,28398
S6433,本田CR-V,79398,变速箱油+刹车油更换,2025-12-21 08:21,69398
S6434,比亚迪宋PLUS,103078,全车检查+空调滤芯更换,2025-01-27 15:02,98078
S6435,宝马5系,147239,大保养(机油+三滤+正时皮带),2024-02-21 14:57,137239
S6436,奥迪Q5L,71537,机油+机滤+火花塞更换,2025-01-09 14:40,66537
S6437,福特锐界,110086,刹车油+刹车片+轮胎更换,2024-02-13 11:50,100086
S6438,吉利博越,48239,机油+机滤+燃油滤芯更换,2025-03-29 10:49,43239
S6439,长城魏派VV7,102689,变速箱油+空调滤芯更换,2024-01-18 14:38,92689
S6440,奔驰E级,32575,大保养(机油+三滤+刹车油),2025-02-19 16:05,22575
S6441,丰田卡罗拉,21700,机油+机滤更换,2024-10-24 16:03,16700
S6442,大众朗逸,44603,空调滤芯+空气滤芯更换,2025-08-20 08:35,34603
S6443,本田思域,73946,变速箱油更换,2024-07-22 16:48,63946
S6444,比亚迪汉,46504,全车检查+轮胎换位,2025-09-11 16:13,36504
S6445,宝马3系,121840,大保养(机油+三滤+刹车油),2024-11-11 09:10,111840
S6446,福特蒙迪欧,98126,刹车油+刹车片更换,2025-03-23 15:43,88126
S6447,吉利星越L,85923,机油+机滤+空调滤芯更换,2025-05-08 08:03,80923
S6448,奥迪A4L,81015,变速箱油+火花塞更换,2024-01-16 12:22,71015
S6449,长城哈弗H6,39926,空气滤芯+燃油滤芯更换,2025-11-20 15:32,34926
S6450,奔驰C级,131176,大保养(机油+三滤+变速箱油),2025-05-24 11:55,121176
S6451,丰田凯美瑞,119727,刹车油+冷却液更换,2024-08-27 17:39,109727
S6452,大众帕萨特,24581,机油+机滤+空气滤芯更换,2024-09-11 09:25,19581
S6453,本田CR-V,91607,变速箱油+刹车油更换,2025-09-01 10:44,81607
S6454,比亚迪宋PLUS,145456,全车检查+空调滤芯更换,2025-02-23 17:12,140456
S6455,宝马5系,139991,大保养(机油+三滤+正时皮带),2025-10-18 09:51,129991
S6456,奥迪Q5L,52809,机油+机滤+火花塞更换,2025-08-29 12:55,47809
S6457,福特锐界,88414,刹车油+刹车片+轮胎更换,2024-07-02 14:49,78414
S6458,吉利博越,49506,机油+机滤+燃油滤芯更换,2025-08-13 10:54,44506
S6459,长城魏派VV7,146336,变速箱油+空调滤芯更换,2024-06-14 15:25,136336
S6460,奔驰E级,104550,大保养(机油+三滤+刹车油),2025-11-04 10:23,94550
S6461,丰田卡罗拉,98525,机油+机滤更换,2025-10-22 10:31,93525
S6462,大众朗逸,114420,空调滤芯+空气滤芯更换,2024-05-09 09:15,104420
S6463,本田思域,43908,变速箱油更换,2025-08-29 09:46,33908
S6464,比亚迪汉,65078,全车检查+轮胎换位,2025-05-11 15:19,55078
S6465,宝马3系,52806,大保养(机油+三滤+刹车油),2025-03-27 09:56,42806
S6466,福特蒙迪欧,28361,刹车油+刹车片更换,2024-04-16 17:25,18361
S6467,吉利星越L,89836,机油+机滤+空调滤芯更换,2024-05-11 13:36,84836
S6468,奥迪A4L,22917,变速箱油+火花塞更换,2025-05-21 12:14,12917
S6469,长城哈弗H6,140574,空气滤芯+燃油滤芯更换,2025-12-29 10:10,135574
S6470,奔驰C级,121629,大保养(机油+三滤+变速箱油),2025-09-29 15:06,111629
S6471,丰田凯美瑞,75781,刹车油+冷却液更换,2024-01-29 13:40,65781
S6472,大众帕萨特,26349,机油+机滤+空气滤芯更换,2024-03-19 14:42,21349
S6473,本田CR-V,69491,变速箱油+刹车油更换,2025-09-24 09:59,59491
S6474,比亚迪宋PLUS,79765,全车检查+空调滤芯更换,2024-10-15 09:27,74765
S6475,宝马5系,106669,大保养(机油+三滤+正时皮带),2025-04-01 17:47,96669
S6476,奥迪Q5L,115617,机油+机滤+火花塞更换,2025-03-08 16:59,110617
S6477,福特锐界,33194,刹车油+刹车片+轮胎更换,2025-06-24 16:48,23194
S6478,吉利博越,65474,机油+机滤+燃油滤芯更换,2025-10-30 09:08,60474
S6479,长城魏派VV7,74965,变速箱油+空调滤芯更换,2024-03-18 14:16,64965
S6480,奔驰E级,27646,大保养(机油+三滤+刹车油),2025-02-27 13:09,17646
S6481,丰田卡罗拉,138235,机油+机滤更换,2025-06-30 14:38,133235
S6482,大众朗逸,136665,空调滤芯+空气滤芯更换,2024-09-26 10:50,126665
S6483,本田思域,71651,变速箱油更换,2025-10-15 10:55,61651
S6484,比亚迪汉,102613,全车检查+轮胎换位,2025-11-18 10:19,92613
S6485,宝马3系,112168,大保养(机油+三滤+刹车油),2025-07-28 14:44,102168
S6486,福特蒙迪欧,45604,刹车油+刹车片更换,2024-02-04 12:58,35604
S6487,吉利星越L,55233,机油+机滤+空调滤芯更换,2025-02-22 16:39,50233
S6488,奥迪A4L,103401,变速箱油+火花塞更换,2024-02-29 17:06,93401
S6489,长城哈弗H6,61131,空气滤芯+燃油滤芯更换,2024-09-09 16:38,56131
S6490,奔驰C级,121668,大保养(机油+三滤+变速箱油),2024-09-05 15:14,111668
S6491,丰田凯美瑞,101411,刹车油+冷却液更换,2025-08-31 09:22,91411
S6492,大众帕萨特,118592,机油+机滤+空气滤芯更换,2025-10-24 11:18,113592
S6493,本田CR-V,124924,变速箱油+刹车油更换,2024-07-26 17:30,114924
S6494,比亚迪宋PLUS,93007,全车检查+空调滤芯更换,2024-09-26 14:50,88007
S6495,宝马5系,121369,大保养(机油+三滤+正时皮带),2024-07-27 15:26,111369
S6496,奥迪Q5L,70467,机油+机滤+火花塞更换,2024-10-02 11:15,65467
S6497,福特锐界,83224,刹车油+刹车片+轮胎更换,2025-12-11 16:51,73224
S6498,吉利博越,81272,机油+机滤+燃油滤芯更换,2025-03-20 10:32,76272
S6499,长城魏派VV7,64015,变速箱油+空调滤芯更换,2025-12-14 13:18,54015
S6500,奔驰E级,62147,大保养(机油+三滤+刹车油),2024-05-05 15:06,52147
S6501,丰田卡罗拉,23383,机油+机滤更换,2025-01-13 14:39,18383
S6502,大众朗逸,67300,空调滤芯+空气滤芯更换,2024-10-27 10:33,57300
S6503,本田思域,122336,变速箱油更换,2024-05-20 15:17,112336
S6504,比亚迪汉,145219,全车检查+轮胎换位,2024-10-09 08:50,135219
S6505,宝马3系,49498,大保养(机油+三滤+刹车油),2025-06-14 11:46,39498
S6506,福特蒙迪欧,99933,刹车油+刹车片更换,2025-02-21 15:31,89933
S6507,吉利星越L,142118,机油+机滤+空调滤芯更换,2024-09-09 15:27,137118
S6508,奥迪A4L,72029,变速箱油+火花塞更换,2025-06-16 11:02,62029
S6509,长城哈弗H6,39435,空气滤芯+燃油滤芯更换,2025-04-12 14:44,34435
S6510,奔驰C级,64221,大保养(机油+三滤+变速箱油),2025-01-25 15:12,54221
S6511,丰田凯美瑞,85961,刹车油+冷却液更换,2025-03-08 17:27,75961
S6512,大众帕萨特,141839,机油+机滤+空气滤芯更换,2024-12-01 10:39,136839
S6513,本田CR-V,72837,变速箱油+刹车油更换,2024-03-23 09:11,62837
S6514,比亚迪宋PLUS,139446,全车检查+空调滤芯更换,2024-12-09 09:12,134446
S6515,宝马5系,41284,大保养(机油+三滤+正时皮带),2024-08-03 10:59,31284
S6516,奥迪Q5L,125360,机油+机滤+火花塞更换,2025-12-09 17:24,120360
S6517,福特锐界,94035,刹车油+刹车片+轮胎更换,2024-05-14 17:33,84035
S6518,吉利博越,69475,机油+机滤+燃油滤芯更换,2024-11-02 10:48,64475
S6519,长城魏派VV7,48539,变速箱油+空调滤芯更换,2025-09-19 09:41,38539
S6520,奔驰E级,132342,大保养(机油+三滤+刹车油),2025-09-17 08:25,122342
S6521,丰田卡罗拉,35297,机油+机滤更换,2025-03-02 14:23,30297
S6522,大众朗逸,30739,空调滤芯+空气滤芯更换,2025-06-23 12:51,20739
S6523,本田思域,26060,变速箱油更换,2024-10-28 17:40,16060
S6524,比亚迪汉,146152,全车检查+轮胎换位,2025-03-28 13:07,136152
S6525,宝马3系,132702,大保养(机油+三滤+刹车油),2025-03-01 10:55,122702
S6526,福特蒙迪欧,46474,刹车油+刹车片更换,2024-06-16 15:43,36474
S6527,吉利星越L,147751,机油+机滤+空调滤芯更换,2025-12-01 16:47,142751
S6528,奥迪A4L,23491,变速箱油+火花塞更换,2024-05-04 12:15,13491
S6529,长城哈弗H6,143362,空气滤芯+燃油滤芯更换,2025-02-11 13:33,138362
S6530,奔驰C级,101314,大保养(机油+三滤+变速箱油),2024-10-03 16:22,91314
S6531,丰田凯美瑞,93178,刹车油+冷却液更换,2024-06-04 09:56,83178
S6532,大众帕萨特,104432,机油+机滤+空气滤芯更换,2025-03-10 14:55,99432
S6533,本田CR-V,90647,变速箱油+刹车油更换,2024-05-07 12:11,80647
S6534,比亚迪宋PLUS,124826,全车检查+空调滤芯更换,2025-02-21 12:35,119826
S6535,宝马5系,121850,大保养(机油+三滤+正时皮带),2024-04-27 11:55,111850
S6536,奥迪Q5L,21068,机油+机滤+火花塞更换,2024-07-18 14:22,16068
S6537,福特锐界,93021,刹车油+刹车片+轮胎更换,2024-01-12 17:24,83021
S6538,吉利博越,108791,机油+机滤+燃油滤芯更换,2024-09-11 11:28,103791
S6539,长城魏派VV7,102676,变速箱油+空调滤芯更换,2024-10-12 14:08,92676
S6540,奔驰E级,128496,大保养(机油+三滤+刹车油),2025-08-13 13:29,118496
S6541,丰田卡罗拉,132424,机油+机滤更换,2024-08-30 16:52,127424
S6542,大众朗逸,52003,空调滤芯+空气滤芯更换,2025-09-01 10:35,42003
S6543,本田思域,61685,变速箱油更换,2025-11-13 11:32,51685
S6544,比亚迪汉,109401,全车检查+轮胎换位,2024-02-04 12:33,99401
S6545,宝马3系,29010,大保养(机油+三滤+刹车油),2025-05-02 11:56,19010
S6546,福特蒙迪欧,30771,刹车油+刹车片更换,2025-10-20 13:03,20771
S6547,吉利星越L,131223,机油+机滤+空调滤芯更换,2024-01-11 09:54,126223
S6548,奥迪A4L,80984,变速箱油+火花塞更换,2024-03-22 16:17,70984
S6549,长城哈弗H6,81507,空气滤芯+燃油滤芯更换,2024-02-11 10:05,76507
S6550,奔驰C级,139353,大保养(机油+三滤+变速箱油),2024-11-04 17:48,129353
S6551,丰田凯美瑞,111434,刹车油+冷却液更换,2025-04-22 08:01,101434
S6552,大众帕萨特,118755,机油+机滤+空气滤芯更换,2025-05-19 12:35,113755
S6553,本田CR-V,147817,变速箱油+刹车油更换,2024-05-23 14:50,137817
S6554,比亚迪宋PLUS,86906,全车检查+空调滤芯更换,2025-11-16 11:40,81906
S6555,宝马5系,76483,大保养(机油+三滤+正时皮带),2025-09-11 13:51,66483
S6556,奥迪Q5L,80092,机油+机滤+火花塞更换,2025-07-23 15:42,75092
S6557,福特锐界,138834,刹车油+刹车片+轮胎更换,2025-08-23 11:24,128834
S6558,吉利博越,75329,机油+机滤+燃油滤芯更换,2025-12-17 15:16,70329
S6559,长城魏派VV7,67011,变速箱油+空调滤芯更换,2024-05-23 16:55,57011
S6560,奔驰E级,38220,大保养(机油+三滤+刹车油),2024-06-20 14:18,28220
S6561,丰田卡罗拉,58994,机油+机滤更换,2024-02-02 15:36,53994
S6562,大众朗逸,120242,空调滤芯+空气滤芯更换,2025-09-29 13:41,110242
S6563,本田思域,146342,变速箱油更换,2024-02-08 12:54,136342
S6564,比亚迪汉,59775,全车检查+轮胎换位,2025-10-26 13:40,49775
S6565,宝马3系,134039,大保养(机油+三滤+刹车油),2024-09-07 17:37,124039
S6566,福特蒙迪欧,54966,刹车油+刹车片更换,2024-08-11 10:36,44966
S6567,吉利星越L,43978,机油+机滤+空调滤芯更换,2025-04-29 10:14,38978
S6568,奥迪A4L,69107,变速箱油+火花塞更换,2025-06-18 16:15,59107
S6569,长城哈弗H6,119679,空气滤芯+燃油滤芯更换,2024-10-20 17:23,114679
S6570,奔驰C级,119855,大保养(机油+三滤+变速箱油),2024-08-11 15:42,109855
S6571,丰田凯美瑞,124122,刹车油+冷却液更换,2025-01-25 17:22,114122
S6572,大众帕萨特,55500,机油+机滤+空气滤芯更换,2024-07-11 12:37,50500
S6573,本田CR-V,72938,变速箱油+刹车油更换,2024-07-06 11:46,62938
S6574,比亚迪宋PLUS,90505,全车检查+空调滤芯更换,2025-08-18 14:08,85505
S6575,宝马5系,109277,大保养(机油+三滤+正时皮带),2025-03-12 17:53,99277
S6576,奥迪Q5L,114420,机油+机滤+火花塞更换,2024-01-18 15:25,109420
S6577,福特锐界,108411,刹车油+刹车片+轮胎更换,2025-09-06 11:16,98411
S6578,吉利博越,70703,机油+机滤+燃油滤芯更换,2025-10-01 14:39,65703
S6579,长城魏派VV7,117827,变速箱油+空调滤芯更换,2025-02-23 15:05,107827
S6580,奔驰E级,138907,大保养(机油+三滤+刹车油),2024-07-12 12:12,128907
S6581,丰田卡罗拉,86005,机油+机滤更换,2024-02-06 12:54,81005
S6582,大众朗逸,64358,空调滤芯+空气滤芯更换,2025-05-14 15:53,54358
S6583,本田思域,83232,变速箱油更换,2024-01-13 17:47,73232
S6584,比亚迪汉,102341,全车检查+轮胎换位,2024-09-11 15:15,92341
S6585,宝马3系,140331,大保养(机油+三滤+刹车油),2025-05-29 08:13,130331
S6586,福特蒙迪欧,63928,刹车油+刹车片更换,2025-03-31 09:11,53928
S6587,吉利星越L,24199,机油+机滤+空调滤芯更换,2025-09-10 14:50,19199
S6588,奥迪A4L,26834,变速箱油+火花塞更换,2024-10-05 11:43,16834
S6589,长城哈弗H6,95579,空气滤芯+燃油滤芯更换,2024-12-03 17:52,90579
S6590,奔驰C级,24418,大保养(机油+三滤+变速箱油),2024-11-16 12:57,14418
S6591,丰田凯美瑞,63910,刹车油+冷却液更换,2024-10-09 12:23,53910
S6592,大众帕萨特,130817,机油+机滤+空气滤芯更换,2025-06-02 16:56,125817
S6593,本田CR-V,113557,变速箱油+刹车油更换,2025-10-01 16:52,103557
S6594,比亚迪宋PLUS,120236,全车检查+空调滤芯更换,2025-06-24 17:43,115236
S6595,宝马5系,64783,大保养(机油+三滤+正时皮带),2025-01-22 16:07,54783
S6596,奥迪Q5L,32734,机油+机滤+火花塞更换,2024-06-30 13:01,27734
S6597,福特锐界,140463,刹车油+刹车片+轮胎更换,2025-07-09 17:38,130463
S6598,吉利博越,34601,机油+机滤+燃油滤芯更换,2025-06-13 09:26,29601
S6599,长城魏派VV7,56124,变速箱油+空调滤芯更换,2024-09-27 16:24,46124
S6600,奔驰E级,117388,大保养(机油+三滤+刹车油),2024-05-08 13:12,107388
S6601,丰田卡罗拉,32161,机油+机滤更换,2024-11-18 11:42,27161
S6602,大众朗逸,80306,空调滤芯+空气滤芯更换,2024-12-04 17:38,70306
S6603,本田思域,44159,变速箱油更换,2025-03-01 15:46,34159
S6604,比亚迪汉,74670,全车检查+轮胎换位,2024-04-01 17:34,64670
S6605,宝马3系,110576,大保养(机油+三滤+刹车油),2025-12-01 09:08,100576
S6606,福特蒙迪欧,22121,刹车油+刹车片更换,2025-07-24 17:37,12121
S6607,吉利星越L,117295,机油+机滤+空调滤芯更换,2024-10-16 09:29,112295
S6608,奥迪A4L,49897,变速箱油+火花塞更换,2025-12-20 09:51,39897
S6609,长城哈弗H6,135781,空气滤芯+燃油滤芯更换,2025-10-30 17:22,130781
S6610,奔驰C级,141770,大保养(机油+三滤+变速箱油),2025-10-16 16:07,131770
S6611,丰田凯美瑞,148864,刹车油+冷却液更换,2024-05-11 12:59,138864
S6612,大众帕萨特,43631,机油+机滤+空气滤芯更换,2025-07-02 12:47,38631
S6613,本田CR-V,149964,变速箱油+刹车油更换,2025-10-12 11:43,139964
S6614,比亚迪宋PLUS,108145,全车检查+空调滤芯更换,2024-11-29 09:54,103145
S6615,宝马5系,143422,大保养(机油+三滤+正时皮带),2025-08-15 08:34,133422
S6616,奥迪Q5L,75304,机油+机滤+火花塞更换,2024-03-06 15:26,70304
S6617,福特锐界,20316,刹车油+刹车片+轮胎更换,2025-08-24 11:07,10316
S6618,吉利博越,126453,机油+机滤+燃油滤芯更换,2024-10-29 17:20,121453
S6619,长城魏派VV7,72199,变速箱油+空调滤芯更换,2024-11-13 10:26,62199
S6620,奔驰E级,102177,大保养(机油+三滤+刹车油),2025-06-19 17:53,92177
S6621,丰田卡罗拉,67572,机油+机滤更换,2024-03-07 11:57,62572
S6622,大众朗逸,114156,空调滤芯+空气滤芯更换,2025-02-02 17:27,104156
S6623,本田思域,118164,变速箱油更换,2024-08-02 08:50,108164
S6624,比亚迪汉,143691,全车检查+轮胎换位,2025-04-04 12:40,133691
S6625,宝马3系,53651,大保养(机油+三滤+刹车油),2024-04-23 17:41,43651
S6626,福特蒙迪欧,135091,刹车油+刹车片更换,2025-06-26 15:25,125091
S6627,吉利星越L,120970,机油+机滤+空调滤芯更换,2024-01-10 13:23,115970
S6628,奥迪A4L,113851,变速箱油+火花塞更换,2025-07-21 13:17,103851
S6629,长城哈弗H6,112113,空气滤芯+燃油滤芯更换,2025-12-13 16:40,107113
S6630,奔驰C级,22939,大保养(机油+三滤+变速箱油),2025-12-11 13:46,12939
S6631,丰田凯美瑞,120473,刹车油+冷却液更换,2024-10-27 16:43,110473
S6632,大众帕萨特,129276,机油+机滤+空气滤芯更换,2024-04-05 08:45,124276
S6633,本田CR-V,81285,变速箱油+刹车油更换,2025-12-29 14:02,71285
S6634,比亚迪宋PLUS,146494,全车检查+空调滤芯更换,2024-10-29 08:38,141494
S6635,宝马5系,44575,大保养(机油+三滤+正时皮带),2024-11-04 13:27,34575
S6636,奥迪Q5L,33585,机油+机滤+火花塞更换,2024-11-02 14:19,28585
S6637,福特锐界,85059,刹车油+刹车片+轮胎更换,2025-01-19 09:21,75059
S6638,吉利博越,24871,机油+机滤+燃油滤芯更换,2025-10-28 08:06,19871
S6639,长城魏派VV7,88231,变速箱油+空调滤芯更换,2024-04-14 14:48,78231
S6640,奔驰E级,143288,大保养(机油+三滤+刹车油),2025-10-12 11:11,133288
S6641,丰田卡罗拉,87028,机油+机滤更换,2025-09-04 14:52,82028
S6642,大众朗逸,146730,空调滤芯+空气滤芯更换,2025-08-15 10:35,136730
S6643,本田思域,53351,变速箱油更换,2024-08-30 15:43,43351
S6644,比亚迪汉,49759,全车检查+轮胎换位,2024-05-19 09:34,39759
S6645,宝马3系,95660,大保养(机油+三滤+刹车油),2025-02-08 09:33,85660
S6646,福特蒙迪欧,124930,刹车油+刹车片更换,2025-09-05 09:09,114930
S6647,吉利星越L,76520,机油+机滤+空调滤芯更换,2025-04-01 17:05,71520
S6648,奥迪A4L,65184,变速箱油+火花塞更换,2025-03-31 17:46,55184
S6649,长城哈弗H6,62230,空气滤芯+燃油滤芯更换,2024-07-23 14:44,57230
S6650,奔驰C级,93693,大保养(机油+三滤+变速箱油),2024-04-09 17:14,83693
S6651,丰田凯美瑞,28421,刹车油+冷却液更换,2024-12-30 10:31,18421
S6652,大众帕萨特,93400,机油+机滤+空气滤芯更换,2025-07-18 10:11,88400
S6653,本田CR-V,69469,变速箱油+刹车油更换,2025-07-12 10:52,59469
S6654,比亚迪宋PLUS,56901,全车检查+空调滤芯更换,2025-12-24 12:28,51901
S6655,宝马5系,85385,大保养(机油+三滤+正时皮带),2024-05-22 15:16,75385
S6656,奥迪Q5L,127680,机油+机滤+火花塞更换,2025-07-08 08:57,122680
S6657,福特锐界,27369,刹车油+刹车片+轮胎更换,2024-08-16 14:08,17369
S6658,吉利博越,126034,机油+机滤+燃油滤芯更换,2024-07-04 10:27,121034
S6659,长城魏派VV7,84819,变速箱油+空调滤芯更换,2025-08-16 12:17,74819
S6660,奔驰E级,139219,大保养(机油+三滤+刹车油),2024-02-21 15:59,129219
S6661,丰田卡罗拉,63354,机油+机滤更换,2025-11-21 08:55,58354
S6662,大众朗逸,114922,空调滤芯+空气滤芯更换,2025-09-14 10:02,104922
S6663,本田思域,24734,变速箱油更换,2024-12-25 08:54,14734
S6664,比亚迪汉,147823,全车检查+轮胎换位,2024-09-22 09:29,137823
S6665,宝马3系,139316,大保养(机油+三滤+刹车油),2025-10-24 10:23,129316
S6666,福特蒙迪欧,77072,刹车油+刹车片更换,2024-03-28 15:21,67072
S6667,吉利星越L,131889,机油+机滤+空调滤芯更换,2025-05-19 10:58,126889
S6668,奥迪A4L,35712,变速箱油+火花塞更换,2024-06-08 12:15,25712
S6669,长城哈弗H6,81002,空气滤芯+燃油滤芯更换,2025-01-22 15:58,76002
S6670,奔驰C级,106841,大保养(机油+三滤+变速箱油),2025-05-23 14:43,96841
S6671,丰田凯美瑞,143283,刹车油+冷却液更换,2025-08-13 13:23,133283
S6672,大众帕萨特,70759,机油+机滤+空气滤芯更换,2025-04-03 09:09,65759
S6673,本田CR-V,148804,变速箱油+刹车油更换,2025-12-26 12:04,138804
S6674,比亚迪宋PLUS,109392,全车检查+空调滤芯更换,2025-09-21 17:19,104392
S6675,宝马5系,136610,大保养(机油+三滤+正时皮带),2024-01-16 13:51,126610
S6676,奥迪Q5L,119037,机油+机滤+火花塞更换,2024-06-02 11:32,114037
S6677,福特锐界,68915,刹车油+刹车片+轮胎更换,2025-05-16 10:01,58915
S6678,吉利博越,141379,机油+机滤+燃油滤芯更换,2025-12-03 15:22,136379
S6679,长城魏派VV7,76989,变速箱油+空调滤芯更换,2024-01-30 16:45,66989
S6680,奔驰E级,24901,大保养(机油+三滤+刹车油),2024-07-12 17:05,14901
S6681,丰田卡罗拉,36419,机油+机滤更换,2024-10-19 15:28,31419
S6682,大众朗逸,22815,空调滤芯+空气滤芯更换,2024-05-05 10:00,12815
S6683,本田思域,26903,变速箱油更换,2025-08-03 16:19,16903
S6684,比亚迪汉,33869,全车检查+轮胎换位,2025-03-18 08:03,23869
S6685,宝马3系,114223,大保养(机油+三滤+刹车油),2025-03-30 12:14,104223
S6686,福特蒙迪欧,37080,刹车油+刹车片更换,2025-04-06 09:00,27080
S6687,吉利星越L,118214,机油+机滤+空调滤芯更换,2024-04-08 13:09,113214
S6688,奥迪A4L,113807,变速箱油+火花塞更换,2025-08-03 14:48,103807
S6689,长城哈弗H6,113569,空气滤芯+燃油滤芯更换,2024-03-07 14:04,108569
S6690,奔驰C级,32411,大保养(机油+三滤+变速箱油),2024-10-01 14:55,22411
S6691,丰田凯美瑞,127679,刹车油+冷却液更换,2024-05-10 09:06,117679
S6692,大众帕萨特,28545,机油+机滤+空气滤芯更换,2025-10-21 14:06,23545
S6693,本田CR-V,97569,变速箱油+刹车油更换,2024-10-12 16:44,87569
S6694,比亚迪宋PLUS,70377,全车检查+空调滤芯更换,2024-11-01 14:50,65377
S6695,宝马5系,27631,大保养(机油+三滤+正时皮带),2024-02-20 15:15,17631
S6696,奥迪Q5L,120005,机油+机滤+火花塞更换,2024-12-04 16:03,115005
S6697,福特锐界,93331,刹车油+刹车片+轮胎更换,2024-03-31 12:23,83331
S6698,吉利博越,133285,机油+机滤+燃油滤芯更换,2025-12-06 16:13,128285
S6699,长城魏派VV7,57093,变速箱油+空调滤芯更换,2025-09-25 16:25,47093
S6700,奔驰E级,27960,大保养(机油+三滤+刹车油),2025-06-25 09:36,17960
S6701,丰田卡罗拉,133800,机油+机滤更换,2025-05-29 11:55,128800
S6702,大众朗逸,134335,空调滤芯+空气滤芯更换,2024-08-16 14:44,124335
S6703,本田思域,136375,变速箱油更换,2024-02-05 15:30,126375
S6704,比亚迪汉,22657,全车检查+轮胎换位,2024-08-14 08:58,12657
S6705,宝马3系,50739,大保养(机油+三滤+刹车油),2024-10-10 10:52,40739
S6706,福特蒙迪欧,61437,刹车油+刹车片更换,2025-08-03 17:26,51437
S6707,吉利星越L,111512,机油+机滤+空调滤芯更换,2025-01-01 17:57,106512
S6708,奥迪A4L,86903,变速箱油+火花塞更换,2024-05-18 08:05,76903
S6709,长城哈弗H6,42296,空气滤芯+燃油滤芯更换,2024-06-14 15:28,37296
S6710,奔驰C级,49889,大保养(机油+三滤+变速箱油),2024-10-03 09:26,39889
S6711,丰田凯美瑞,40235,刹车油+冷却液更换,2025-09-14 12:32,30235
S6712,大众帕萨特,41911,机油+机滤+空气滤芯更换,2025-02-06 10:15,36911
S6713,本田CR-V,101179,变速箱油+刹车油更换,2025-02-12 13:35,91179
S6714,比亚迪宋PLUS,71995,全车检查+空调滤芯更换,2024-01-05 14:02,66995
S6715,宝马5系,30165,大保养(机油+三滤+正时皮带),2025-04-02 09:29,20165
S6716,奥迪Q5L,75213,机油+机滤+火花塞更换,2025-09-17 13:03,70213
S6717,福特锐界,126104,刹车油+刹车片+轮胎更换,2024-05-13 11:34,116104
S6718,吉利博越,45476,机油+机滤+燃油滤芯更换,2024-10-24 16:44,40476
S6719,长城魏派VV7,81988,变速箱油+空调滤芯更换,2025-11-07 13:55,71988
S6720,奔驰E级,146100,大保养(机油+三滤+刹车油),2025-11-22 16:11,136100
S6721,丰田卡罗拉,30087,机油+机滤更换,2025-05-17 14:58,25087
S6722,大众朗逸,26911,空调滤芯+空气滤芯更换,2025-11-08 17:48,16911
S6723,本田思域,131837,变速箱油更换,2024-09-27 15:41,121837
S6724,比亚迪汉,78764,全车检查+轮胎换位,2024-02-10 17:29,68764
S6725,宝马3系,84132,大保养(机油+三滤+刹车油),2025-02-25 15:11,74132
S6726,福特蒙迪欧,149070,刹车油+刹车片更换,2024-10-06 11:10,139070
S6727,吉利星越L,104295,机油+机滤+空调滤芯更换,2024-05-30 12:20,99295
S6728,奥迪A4L,68027,变速箱油+火花塞更换,2024-07-19 09:31,58027
S6729,长城哈弗H6,57815,空气滤芯+燃油滤芯更换,2024-09-26 15:21,52815
S6730,奔驰C级,71841,大保养(机油+三滤+变速箱油),2024-09-05 09:40,61841
S6731,丰田凯美瑞,66369,刹车油+冷却液更换,2024-01-20 15:44,56369
S6732,大众帕萨特,65949,机油+机滤+空气滤芯更换,2025-07-31 08:32,60949
S6733,本田CR-V,95581,变速箱油+刹车油更换,2025-02-18 10:36,85581
S6734,比亚迪宋PLUS,109183,全车检查+空调滤芯更换,2025-05-26 17:03,104183
S6735,宝马5系,117326,大保养(机油+三滤+正时皮带),2025-08-06 14:39,107326
S6736,奥迪Q5L,80953,机油+机滤+火花塞更换,2025-04-20 09:01,75953
S6737,福特锐界,124606,刹车油+刹车片+轮胎更换,2024-04-28 08:11,114606
S6738,吉利博越,95371,机油+机滤+燃油滤芯更换,2024-02-17 12:52,90371
S6739,长城魏派VV7,70303,变速箱油+空调滤芯更换,2024-10-30 14:45,60303
S6740,奔驰E级,114558,大保养(机油+三滤+刹车油),2024-02-22 14:03,104558
S6741,丰田卡罗拉,42880,机油+机滤更换,2025-03-05 15:04,37880
S6742,大众朗逸,54918,空调滤芯+空气滤芯更换,2024-07-26 15:01,44918
S6743,本田思域,51533,变速箱油更换,2024-11-15 10:53,41533
S6744,比亚迪汉,52026,全车检查+轮胎换位,2025-10-30 13:42,42026
S6745,宝马3系,63053,大保养(机油+三滤+刹车油),2024-03-02 09:24,53053
S6746,福特蒙迪欧,139132,刹车油+刹车片更换,2025-01-05 11:33,129132
S6747,吉利星越L,135366,机油+机滤+空调滤芯更换,2025-05-09 16:37,130366
S6748,奥迪A4L,122609,变速箱油+火花塞更换,2025-08-16 11:39,112609
S6749,长城哈弗H6,123216,空气滤芯+燃油滤芯更换,2025-10-14 16:20,118216
S6750,奔驰C级,26349,大保养(机油+三滤+变速箱油),2025-02-02 14:50,16349
S6751,丰田凯美瑞,42805,刹车油+冷却液更换,2025-09-04 12:42,32805
S6752,大众帕萨特,45145,机油+机滤+空气滤芯更换,2024-11-04 15:34,40145
S6753,本田CR-V,70681,变速箱油+刹车油更换,2024-11-22 14:57,60681
S6754,比亚迪宋PLUS,63151,全车检查+空调滤芯更换,2024-12-28 14:17,58151
S6755,宝马5系,108207,大保养(机油+三滤+正时皮带),2024-02-13 12:29,98207
S6756,奥迪Q5L,77638,机油+机滤+火花塞更换,2025-04-06 17:23,72638
S6757,福特锐界,49616,刹车油+刹车片+轮胎更换,2024-10-04 11:01,39616
S6758,吉利博越,62330,机油+机滤+燃油滤芯更换,2024-02-06 11:54,57330
S6759,长城魏派VV7,22705,变速箱油+空调滤芯更换,2024-05-29 16:00,12705
S6760,奔驰E级,97358,大保养(机油+三滤+刹车油),2025-04-03 12:54,87358
S6761,丰田卡罗拉,52865,机油+机滤更换,2024-10-22 17:55,47865
S6762,大众朗逸,95266,空调滤芯+空气滤芯更换,2024-09-10 14:18,85266
S6763,本田思域,68440,变速箱油更换,2025-04-03 12:06,58440
S6764,比亚迪汉,83306,全车检查+轮胎换位,2024-09-04 09:59,73306
S6765,宝马3系,142977,大保养(机油+三滤+刹车油),2025-02-21 08:45,132977
S6766,福特蒙迪欧,78492,刹车油+刹车片更换,2025-06-27 17:07,68492
S6767,吉利星越L,121017,机油+机滤+空调滤芯更换,2025-02-04 15:31,116017
S6768,奥迪A4L,118656,变速箱油+火花塞更换,2024-02-03 13:49,108656
S6769,长城哈弗H6,63842,空气滤芯+燃油滤芯更换,2024-11-21 09:43,58842
S6770,奔驰C级,31824,大保养(机油+三滤+变速箱油),2024-09-29 11:46,21824
S6771,丰田凯美瑞,102310,刹车油+冷却液更换,2024-02-07 09:18,92310
S6772,大众帕萨特,149033,机油+机滤+空气滤芯更换,2025-08-17 14:40,144033
S6773,本田CR-V,148130,变速箱油+刹车油更换,2025-08-24 09:09,138130
S6774,比亚迪宋PLUS,30892,全车检查+空调滤芯更换,2025-06-16 09:11,25892
S6775,宝马5系,120991,大保养(机油+三滤+正时皮带),2024-12-03 10:25,110991
S6776,奥迪Q5L,53352,机油+机滤+火花塞更换,2024-09-17 17:54,48352
S6777,福特锐界,56357,刹车油+刹车片+轮胎更换,2024-08-04 09:32,46357
S6778,吉利博越,84960,机油+机滤+燃油滤芯更换,2024-01-11 10:10,79960
S6779,长城魏派VV7,71286,变速箱油+空调滤芯更换,2025-12-18 11:26,61286
S6780,奔驰E级,86941,大保养(机油+三滤+刹车油),2025-06-24 12:47,76941
S6781,丰田卡罗拉,93174,机油+机滤更换,2025-10-29 12:52,88174
S6782,大众朗逸,94868,空调滤芯+空气滤芯更换,2024-01-10 11:04,84868
S6783,本田思域,87421,变速箱油更换,2024-11-11 14:56,77421
S6784,比亚迪汉,111687,全车检查+轮胎换位,2025-10-17 14:11,101687
S6785,宝马3系,105960,大保养(机油+三滤+刹车油),2025-02-22 13:04,95960
S6786,福特蒙迪欧,22146,刹车油+刹车片更换,2024-05-14 13:11,12146
S6787,吉利星越L,139566,机油+机滤+空调滤芯更换,2025-06-09 17:53,134566
S6788,奥迪A4L,121138,变速箱油+火花塞更换,2025-01-07 17:00,111138
S6789,长城哈弗H6,140645,空气滤芯+燃油滤芯更换,2025-07-10 10:52,135645
S6790,奔驰C级,103488,大保养(机油+三滤+变速箱油),2025-11-06 09:58,93488
S6791,丰田凯美瑞,49869,刹车油+冷却液更换,2025-01-29 10:03,39869
S6792,大众帕萨特,34103,机油+机滤+空气滤芯更换,2025-12-01 15:23,29103
S6793,本田CR-V,26201,变速箱油+刹车油更换,2025-04-11 15:21,16201
S6794,比亚迪宋PLUS,44424,全车检查+空调滤芯更换,2024-07-16 17:03,39424
S6795,宝马5系,62211,大保养(机油+三滤+正时皮带),2025-05-26 17:40,52211
S6796,奥迪Q5L,146077,机油+机滤+火花塞更换,2024-07-05 12:31,141077
S6797,福特锐界,140281,刹车油+刹车片+轮胎更换,2024-08-24 16:52,130281
S6798,吉利博越,85319,机油+机滤+燃油滤芯更换,2025-02-13 17:35,80319
S6799,长城魏派VV7,119347,变速箱油+空调滤芯更换,2024-07-13 13:32,109347
S6800,奔驰E级,144322,大保养(机油+三滤+刹车油),2025-05-20 16:49,134322
S6801,丰田卡罗拉,99765,机油+机滤更换,2024-09-15 08:26,94765
S6802,大众朗逸,137155,空调滤芯+空气滤芯更换,2024-11-13 12:58,127155
S6803,本田思域,49634,变速箱油更换,2024-08-30 13:57,39634
S6804,比亚迪汉,138464,全车检查+轮胎换位,2024-08-16 09:21,128464
S6805,宝马3系,146410,大保养(机油+三滤+刹车油),2024-04-20 14:21,136410
S6806,福特蒙迪欧,86414,刹车油+刹车片更换,2025-12-30 08:06,76414
S6807,吉利星越L,94113,机油+机滤+空调滤芯更换,2025-09-02 13:05,89113
S6808,奥迪A4L,124506,变速箱油+火花塞更换,2025-12-17 10:29,114506
S6809,长城哈弗H6,72447,空气滤芯+燃油滤芯更换,2024-07-02 08:43,67447
S6810,奔驰C级,125890,大保养(机油+三滤+变速箱油),2025-10-22 08:27,115890
S6811,丰田凯美瑞,79710,刹车油+冷却液更换,2025-03-01 13:50,69710
S6812,大众帕萨特,144640,机油+机滤+空气滤芯更换,2025-12-24 17:35,139640
S6813,本田CR-V,124538,变速箱油+刹车油更换,2024-02-09 17:41,114538
S6814,比亚迪宋PLUS,28622,全车检查+空调滤芯更换,2024-01-10 15:28,23622
S6815,宝马5系,28646,大保养(机油+三滤+正时皮带),2025-03-31 08:03,18646
S6816,奥迪Q5L,85233,机油+机滤+火花塞更换,2024-01-21 17:14,80233
S6817,福特锐界,72806,刹车油+刹车片+轮胎更换,2025-02-09 13:09,62806
S6818,吉利博越,115214,机油+机滤+燃油滤芯更换,2025-09-19 11:19,110214
S6819,长城魏派VV7,22905,变速箱油+空调滤芯更换,2024-04-22 11:16,12905
S6820,奔驰E级,124072,大保养(机油+三滤+刹车油),2024-09-22 14:22,114072
S6821,丰田卡罗拉,70277,机油+机滤更换,2025-05-09 09:23,65277
S6822,大众朗逸,89222,空调滤芯+空气滤芯更换,2025-03-23 08:23,79222
S6823,本田思域,73730,变速箱油更换,2024-05-27 15:41,63730
S6824,比亚迪汉,67247,全车检查+轮胎换位,2024-09-05 13:51,57247
S6825,宝马3系,125881,大保养(机油+三滤+刹车油),2024-11-22 16:46,115881
S6826,福特蒙迪欧,20810,刹车油+刹车片更换,2024-03-20 09:27,10810
S6827,吉利星越L,79608,机油+机滤+空调滤芯更换,2025-03-14 14:16,74608
S6828,奥迪A4L,60077,变速箱油+火花塞更换,2024-10-08 15:23,50077
S6829,长城哈弗H6,42733,空气滤芯+燃油滤芯更换,2025-02-26 11:10,37733
S6830,奔驰C级,52493,大保养(机油+三滤+变速箱油),2024-02-12 15:24,42493
S6831,丰田凯美瑞,54391,刹车油+冷却液更换,2024-09-15 14:48,44391
S6832,大众帕萨特,111894,机油+机滤+空气滤芯更换,2024-06-20 10:22,106894
S6833,本田CR-V,92775,变速箱油+刹车油更换,2024-11-18 14:18,82775
S6834,比亚迪宋PLUS,146835,全车检查+空调滤芯更换,2025-11-07 15:20,141835
S6835,宝马5系,149922,大保养(机油+三滤+正时皮带),2025-11-22 11:14,139922
S6836,奥迪Q5L,136688,机油+机滤+火花塞更换,2024-03-25 08:55,131688
S6837,福特锐界,149908,刹车油+刹车片+轮胎更换,2024-11-19 17:18,139908
S6838,吉利博越,145638,机油+机滤+燃油滤芯更换,2024-11-06 10:46,140638
S6839,长城魏派VV7,120784,变速箱油+空调滤芯更换,2025-12-24 12:35,110784
S6840,奔驰E级,95392,大保养(机油+三滤+刹车油),2025-03-29 12:59,85392
S6841,丰田卡罗拉,47780,机油+机滤更换,2024-03-22 09:09,42780
S6842,大众朗逸,131933,空调滤芯+空气滤芯更换,2025-07-25 15:31,121933
S6843,本田思域,117475,变速箱油更换,2025-02-12 15:04,107475
S6844,比亚迪汉,97096,全车检查+轮胎换位,2024-11-14 09:21,87096
S6845,宝马3系,131422,大保养(机油+三滤+刹车油),2024-03-06 11:36,121422
S6846,福特蒙迪欧,122365,刹车油+刹车片更换,2024-07-15 13:38,112365
S6847,吉利星越L,136169,机油+机滤+空调滤芯更换,2025-05-23 10:50,131169
S6848,奥迪A4L,59376,变速箱油+火花塞更换,2025-02-21 15:51,49376
S6849,长城哈弗H6,96990,空气滤芯+燃油滤芯更换,2025-07-11 14:50,91990
S6850,奔驰C级,73555,大保养(机油+三滤+变速箱油),2024-11-25 11:38,63555
S6851,丰田凯美瑞,49136,刹车油+冷却液更换,2025-06-30 13:40,39136
S6852,大众帕萨特,26608,机油+机滤+空气滤芯更换,2025-03-28 09:51,21608
S6853,本田CR-V,147563,变速箱油+刹车油更换,2025-03-15 09:45,137563
S6854,比亚迪宋PLUS,136141,全车检查+空调滤芯更换,2025-12-06 15:37,131141
S6855,宝马5系,94547,大保养(机油+三滤+正时皮带),2025-01-01 11:23,84547
S6856,奥迪Q5L,42983,机油+机滤+火花塞更换,2025-02-21 10:02,37983
S6857,福特锐界,87178,刹车油+刹车片+轮胎更换,2024-07-24 08:47,77178
S6858,吉利博越,108165,机油+机滤+燃油滤芯更换,2024-06-08 14:41,103165
S6859,长城魏派VV7,69981,变速箱油+空调滤芯更换,2025-07-26 15:51,59981
S6860,奔驰E级,90361,大保养(机油+三滤+刹车油),2024-03-26 09:06,80361
S6861,丰田卡罗拉,130724,机油+机滤更换,2024-04-08 13:44,125724
S6862,大众朗逸,41864,空调滤芯+空气滤芯更换,2024-04-23 14:22,31864
S6863,本田思域,50621,变速箱油更换,2025-04-28 10:42,40621
S6864,比亚迪汉,44429,全车检查+轮胎换位,2024-10-19 16:56,34429
S6865,宝马3系,108726,大保养(机油+三滤+刹车油),2024-04-16 09:37,98726
S6866,福特蒙迪欧,102336,刹车油+刹车片更换,2025-07-27 16:26,92336
S6867,吉利星越L,137938,机油+机滤+空调滤芯更换,2025-06-25 12:20,132938
S6868,奥迪A4L,123174,变速箱油+火花塞更换,2025-04-04 12:26,113174
S6869,长城哈弗H6,132161,空气滤芯+燃油滤芯更换,2024-05-18 08:10,127161
S6870,奔驰C级,129924,大保养(机油+三滤+变速箱油),2025-03-16 09:48,119924
S6871,丰田凯美瑞,127309,刹车油+冷却液更换,2024-09-22 09:34,117309
S6872,大众帕萨特,130527,机油+机滤+空气滤芯更换,2024-06-11 10:10,125527
S6873,本田CR-V,57654,变速箱油+刹车油更换,2025-05-10 09:42,47654
S6874,比亚迪宋PLUS,110605,全车检查+空调滤芯更换,2025-05-24 14:07,105605
S6875,宝马5系,93755,大保养(机油+三滤+正时皮带),2024-05-19 15:35,83755
S6876,奥迪Q5L,111299,机油+机滤+火花塞更换,2025-05-24 16:27,106299
S6877,福特锐界,44979,刹车油+刹车片+轮胎更换,2025-08-14 08:32,34979
S6878,吉利博越,51503,机油+机滤+燃油滤芯更换,2025-04-18 10:23,46503
S6879,长城魏派VV7,109916,变速箱油+空调滤芯更换,2024-02-08 17:23,99916
S6880,奔驰E级,85530,大保养(机油+三滤+刹车油),2024-01-01 11:13,75530
S6881,丰田卡罗拉,113995,机油+机滤更换,2025-03-13 11:07,108995
S6882,大众朗逸,80052,空调滤芯+空气滤芯更换,2024-07-02 12:41,70052
S6883,本田思域,94036,变速箱油更换,2024-11-01 12:06,84036
S6884,比亚迪汉,21037,全车检查+轮胎换位,2024-12-30 08:29,11037
S6885,宝马3系,144812,大保养(机油+三滤+刹车油),2024-05-04 15:44,134812
S6886,福特蒙迪欧,146282,刹车油+刹车片更换,2025-07-07 11:59,136282
S6887,吉利星越L,105873,机油+机滤+空调滤芯更换,2025-06-01 10:55,100873
S6888,奥迪A4L,125668,变速箱油+火花塞更换,2024-04-14 17:26,115668
S6889,长城哈弗H6,25588,空气滤芯+燃油滤芯更换,2025-11-05 16:55,20588
S6890,奔驰C级,102565,大保养(机油+三滤+变速箱油),2024-09-14 11:46,92565
S6891,丰田凯美瑞,25186,刹车油+冷却液更换,2025-09-11 09:10,15186
S6892,大众帕萨特,84745,机油+机滤+空气滤芯更换,2025-06-07 10:15,79745
S6893,本田CR-V,61429,变速箱油+刹车油更换,2025-01-19 10:15,51429
S6894,比亚迪宋PLUS,116143,全车检查+空调滤芯更换,2024-01-08 16:16,111143
S6895,宝马5系,141591,大保养(机油+三滤+正时皮带),2025-06-30 11:08,131591
S6896,奥迪Q5L,141151,机油+机滤+火花塞更换,2025-11-16 08:13,136151
S6897,福特锐界,56069,刹车油+刹车片+轮胎更换,2025-01-13 09:29,46069
S6898,吉利博越,100093,机油+机滤+燃油滤芯更换,2025-10-18 08:34,95093
S6899,长城魏派VV7,102848,变速箱油+空调滤芯更换,2025-10-10 10:12,92848
S6900,奔驰E级,38618,大保养(机油+三滤+刹车油),2024-12-19 15:18,28618
S6901,丰田卡罗拉,101405,机油+机滤更换,2025-01-27 13:07,96405
S6902,大众朗逸,107487,空调滤芯+空气滤芯更换,2025-08-05 16:02,97487
S6903,本田思域,91545,变速箱油更换,2024-06-19 08:22,81545
S6904,比亚迪汉,102645,全车检查+轮胎换位,2025-06-08 14:24,92645
S6905,宝马3系,43432,大保养(机油+三滤+刹车油),2025-01-07 09:24,33432
S6906,福特蒙迪欧,42314,刹车油+刹车片更换,2024-05-22 15:07,32314
S6907,吉利星越L,133222,机油+机滤+空调滤芯更换,2024-09-24 08:24,128222
S6908,奥迪A4L,132260,变速箱油+火花塞更换,2025-11-05 14:22,122260
S6909,长城哈弗H6,20628,空气滤芯+燃油滤芯更换,2024-10-12 11:50,15628
S6910,奔驰C级,123067,大保养(机油+三滤+变速箱油),2025-02-09 11:51,113067
S6911,丰田凯美瑞,137957,刹车油+冷却液更换,2024-12-26 08:58,127957
S6912,大众帕萨特,104511,机油+机滤+空气滤芯更换,2024-12-17 12:01,99511
S6913,本田CR-V,107330,变速箱油+刹车油更换,2024-04-18 11:49,97330
S6914,比亚迪宋PLUS,104709,全车检查+空调滤芯更换,2025-04-22 12:46,99709
S6915,宝马5系,40668,大保养(机油+三滤+正时皮带),2025-12-19 08:19,30668
S6916,奥迪Q5L,46435,机油+机滤+火花塞更换,2024-06-22 14:08,41435
S6917,福特锐界,35114,刹车油+刹车片+轮胎更换,2025-04-04 17:01,25114
S6918,吉利博越,26060,机油+机滤+燃油滤芯更换,2024-02-11 08:57,21060
S6919,长城魏派VV7,148121,变速箱油+空调滤芯更换,2024-07-16 09:52,138121
S6920,奔驰E级,107324,大保养(机油+三滤+刹车油),2025-06-22 13:58,97324
S6921,丰田卡罗拉,141805,机油+机滤更换,2024-01-24 09:14,136805
S6922,大众朗逸,108332,空调滤芯+空气滤芯更换,2025-12-10 09:25,98332
S6923,本田思域,105003,变速箱油更换,2025-01-05 16:41,95003
S6924,比亚迪汉,128797,全车检查+轮胎换位,2025-01-20 12:08,118797
S6925,宝马3系,35943,大保养(机油+三滤+刹车油),2024-02-26 16:23,25943
S6926,福特蒙迪欧,61115,刹车油+刹车片更换,2024-08-17 13:06,51115
S6927,吉利星越L,82729,机油+机滤+空调滤芯更换,2025-04-09 13:43,77729
S6928,奥迪A4L,83738,变速箱油+火花塞更换,2025-06-20 16:04,73738
S6929,长城哈弗H6,108626,空气滤芯+燃油滤芯更换,2025-12-18 17:21,103626
S6930,奔驰C级,50348,大保养(机油+三滤+变速箱油),2024-03-21 09:36,40348
S6931,丰田凯美瑞,86882,刹车油+冷却液更换,2025-07-17 17:58,76882
S6932,大众帕萨特,112306,机油+机滤+空气滤芯更换,2024-11-26 13:08,107306
S6933,本田CR-V,135309,变速箱油+刹车油更换,2025-12-12 13:28,125309
S6934,比亚迪宋PLUS,117740,全车检查+空调滤芯更换,2025-10-18 09:30,112740
S6935,宝马5系,51354,大保养(机油+三滤+正时皮带),2025-05-18 16:53,41354
S6936,奥迪Q5L,56016,机油+机滤+火花塞更换,2025-01-11 12:37,51016
S6937,福特锐界,133080,刹车油+刹车片+轮胎更换,2024-05-13 10:40,123080
S6938,吉利博越,99557,机油+机滤+燃油滤芯更换,2025-06-29 11:05,94557
S6939,长城魏派VV7,120898,变速箱油+空调滤芯更换,2025-08-08 16:09,110898
S6940,奔驰E级,80269,大保养(机油+三滤+刹车油),2024-10-06 09:58,70269
S6941,丰田卡罗拉,63484,机油+机滤更换,2024-12-07 09:34,58484
S6942,大众朗逸,43741,空调滤芯+空气滤芯更换,2025-05-19 10:16,33741
S6943,本田思域,77928,变速箱油更换,2024-07-08 17:13,67928
S6944,比亚迪汉,33335,全车检查+轮胎换位,2024-11-07 10:00,23335
S6945,宝马3系,78671,大保养(机油+三滤+刹车油),2024-10-08 13:49,68671
S6946,福特蒙迪欧,98307,刹车油+刹车片更换,2025-08-22 13:10,88307
S6947,吉利星越L,24476,机油+机滤+空调滤芯更换,2024-09-03 13:34,19476
S6948,奥迪A4L,33655,变速箱油+火花塞更换,2024-07-11 15:26,23655
S6949,长城哈弗H6,42535,空气滤芯+燃油滤芯更换,2025-08-16 10:09,37535
S6950,奔驰C级,79413,大保养(机油+三滤+变速箱油),2025-03-05 12:54,69413
S6951,丰田凯美瑞,101367,刹车油+冷却液更换,2024-12-23 08:42,91367
S6952,大众帕萨特,90814,机油+机滤+空气滤芯更换,2025-01-07 14:08,85814
S6953,本田CR-V,111254,变速箱油+刹车油更换,2024-06-06 11:21,101254
S6954,比亚迪宋PLUS,48193,全车检查+空调滤芯更换,2025-12-16 16:22,43193
S6955,宝马5系,40184,大保养(机油+三滤+正时皮带),2025-09-02 10:06,30184
S6956,奥迪Q5L,64026,机油+机滤+火花塞更换,2025-05-22 15:46,59026
S6957,福特锐界,49384,刹车油+刹车片+轮胎更换,2024-04-14 12:36,39384
S6958,吉利博越,48726,机油+机滤+燃油滤芯更换,2025-08-10 15:26,43726
S6959,长城魏派VV7,65701,变速箱油+空调滤芯更换,2024-11-18 08:37,55701
S6960,奔驰E级,145447,大保养(机油+三滤+刹车油),2024-10-06 15:21,135447
S6961,丰田卡罗拉,96310,机油+机滤更换,2024-07-17 14:32,91310
S6962,大众朗逸,41268,空调滤芯+空气滤芯更换,2024-08-18 15:07,31268
S6963,本田思域,44252,变速箱油更换,2025-12-22 16:44,34252
S6964,比亚迪汉,76028,全车检查+轮胎换位,2025-02-08 17:27,66028
S6965,宝马3系,90057,大保养(机油+三滤+刹车油),2024-06-26 12:06,80057
S6966,福特蒙迪欧,86273,刹车油+刹车片更换,2025-06-30 14:23,76273
S6967,吉利星越L,77681,机油+机滤+空调滤芯更换,2025-10-14 10:18,72681
S6968,奥迪A4L,35710,变速箱油+火花塞更换,2025-03-16 13:18,25710
S6969,长城哈弗H6,133998,空气滤芯+燃油滤芯更换,2025-08-15 10:12,128998
S6970,奔驰C级,58780,大保养(机油+三滤+变速箱油),2024-11-16 13:49,48780
S6971,丰田凯美瑞,84282,刹车油+冷却液更换,2024-12-29 09:09,74282
S6972,大众帕萨特,57304,机油+机滤+空气滤芯更换,2025-11-24 13:04,52304
S6973,本田CR-V,62948,变速箱油+刹车油更换,2024-10-07 13:32,52948
S6974,比亚迪宋PLUS,75492,全车检查+空调滤芯更换,2024-09-29 11:14,70492
S6975,宝马5系,75547,大保养(机油+三滤+正时皮带),2025-06-09 12:11,65547
S6976,奥迪Q5L,103476,机油+机滤+火花塞更换,2024-12-13 08:25,98476
S6977,福特锐界,37983,刹车油+刹车片+轮胎更换,2025-08-10 13:42,27983
S6978,吉利博越,123355,机油+机滤+燃油滤芯更换,2024-03-07 13:41,118355
S6979,长城魏派VV7,83140,变速箱油+空调滤芯更换,2024-05-31 12:28,73140
S6980,奔驰E级,57506,大保养(机油+三滤+刹车油),2024-01-10 08:02,47506
S6981,丰田卡罗拉,136945,机油+机滤更换,2024-04-13 17:47,131945
S6982,大众朗逸,49136,空调滤芯+空气滤芯更换,2025-11-12 17:01,39136
S6983,本田思域,67193,变速箱油更换,2024-10-29 14:49,57193
S6984,比亚迪汉,77597,全车检查+轮胎换位,2025-11-12 17:35,67597
S6985,宝马3系,137930,大保养(机油+三滤+刹车油),2025-02-19 08:41,127930
S6986,福特蒙迪欧,82340,刹车油+刹车片更换,2024-03-22 17:29,72340
S6987,吉利星越L,55254,机油+机滤+空调滤芯更换,2025-06-22 09:04,50254
S6988,奥迪A4L,119369,变速箱油+火花塞更换,2025-03-28 10:59,109369
S6989,长城哈弗H6,80989,空气滤芯+燃油滤芯更换,2024-09-10 14:32,75989
S6990,奔驰C级,77510,大保养(机油+三滤+变速箱油),2025-09-07 09:18,67510
S6991,丰田凯美瑞,82847,刹车油+冷却液更换,2024-09-27 15:41,72847
S6992,大众帕萨特,54164,机油+机滤+空气滤芯更换,2025-02-09 10:52,49164
S6993,本田CR-V,42850,变速箱油+刹车油更换,2024-07-30 14:26,32850
S6994,比亚迪宋PLUS,81739,全车检查+空调滤芯更换,2024-11-24 16:26,76739
S6995,宝马5系,83369,大保养(机油+三滤+正时皮带),2024-09-28 14:35,73369
S6996,奥迪Q5L,22266,机油+机滤+火花塞更换,2025-08-01 15:55,17266
S6997,福特锐界,128092,刹车油+刹车片+轮胎更换,2025-02-05 15:50,118092
S6998,吉利博越,57095,机油+机滤+燃油滤芯更换,2024-05-30 10:15,52095
S6999,长城魏派VV7,52238,变速箱油+空调滤芯更换,2024-01-09 13:52,42238
S7000,奔驰E级,140803,大保养(机油+三滤+刹车油),2025-06-11 16:32,130803
S7001,丰田卡罗拉,112279,机油+机滤更换,2024-01-12 11:12,107279
S7002,大众朗逸,145363,空调滤芯+空气滤芯更换,2024-03-31 13:44,135363
S7003,本田思域,103609,变速箱油更换,2024-09-07 17:43,93609
S7004,比亚迪汉,61489,全车检查+轮胎换位,2024-12-19 17:27,51489
S7005,宝马3系,126322,大保养(机油+三滤+刹车油),2025-09-24 15:39,116322
S7006,福特蒙迪欧,115456,刹车油+刹车片更换,2025-07-25 08:39,105456
S7007,吉利星越L,25699,机油+机滤+空调滤芯更换,2024-07-12 09:50,20699
S7008,奥迪A4L,84675,变速箱油+火花塞更换,2025-03-02 15:26,74675
S7009,长城哈弗H6,140206,空气滤芯+燃油滤芯更换,2025-04-21 14:30,135206
S7010,奔驰C级,101902,大保养(机油+三滤+变速箱油),2025-04-27 11:20,91902
S7011,丰田凯美瑞,144425,刹车油+冷却液更换,2025-04-19 09:22,134425
S7012,大众帕萨特,56333,机油+机滤+空气滤芯更换,2024-02-04 10:56,51333
S7013,本田CR-V,96442,变速箱油+刹车油更换,2025-08-14 08:02,86442
S7014,比亚迪宋PLUS,52420,全车检查+空调滤芯更换,2024-04-04 16:26,47420
S7015,宝马5系,140614,大保养(机油+三滤+正时皮带),2024-07-11 10:36,130614
S7016,奥迪Q5L,98035,机油+机滤+火花塞更换,2024-02-07 17:34,93035
S7017,福特锐界,123285,刹车油+刹车片+轮胎更换,2025-11-26 15:45,113285
S7018,吉利博越,59508,机油+机滤+燃油滤芯更换,2024-06-17 15:52,54508
S7019,长城魏派VV7,140334,变速箱油+空调滤芯更换,2025-09-25 11:46,130334
S7020,奔驰E级,67687,大保养(机油+三滤+刹车油),2025-06-27 08:16,57687
S7021,丰田卡罗拉,106371,机油+机滤更换,2025-06-17 10:34,101371
S7022,大众朗逸,42024,空调滤芯+空气滤芯更换,2024-07-13 08:01,32024
S7023,本田思域,145142,变速箱油更换,2025-09-01 17:09,135142
S7024,比亚迪汉,72989,全车检查+轮胎换位,2024-04-01 11:49,62989
S7025,宝马3系,94370,大保养(机油+三滤+刹车油),2024-09-01 14:09,84370
S7026,福特蒙迪欧,84836,刹车油+刹车片更换,2024-01-05 17:31,74836
S7027,吉利星越L,84532,机油+机滤+空调滤芯更换,2025-04-07 09:03,79532
S7028,奥迪A4L,79840,变速箱油+火花塞更换,2024-11-13 10:12,69840
S7029,长城哈弗H6,52492,空气滤芯+燃油滤芯更换,2025-08-26 14:29,47492
S7030,奔驰C级,43795,大保养(机油+三滤+变速箱油),2025-03-03 10:31,33795
S7031,丰田凯美瑞,58840,刹车油+冷却液更换,2024-08-02 14:38,48840
S7032,大众帕萨特,58915,机油+机滤+空气滤芯更换,2025-03-30 08:24,53915
S7033,本田CR-V,65389,变速箱油+刹车油更换,2024-02-11 15:22,55389
S7034,比亚迪宋PLUS,31098,全车检查+空调滤芯更换,2025-12-20 08:39,26098
S7035,宝马5系,94077,大保养(机油+三滤+正时皮带),2025-12-08 17:31,84077
S7036,奥迪Q5L,87111,机油+机滤+火花塞更换,2024-07-26 14:12,82111
S7037,福特锐界,87178,刹车油+刹车片+轮胎更换,2025-09-09 12:50,77178
S7038,吉利博越,106387,机油+机滤+燃油滤芯更换,2025-06-07 14:52,101387
S7039,长城魏派VV7,38130,变速箱油+空调滤芯更换,2025-07-30 09:02,28130
S7040,奔驰E级,73414,大保养(机油+三滤+刹车油),2025-07-15 08:22,63414
S7041,丰田卡罗拉,72555,机油+机滤更换,2024-01-03 14:12,67555
S7042,大众朗逸,37004,空调滤芯+空气滤芯更换,2025-11-21 15:13,27004
S7043,本田思域,133830,变速箱油更换,2024-03-08 10:37,123830
S7044,比亚迪汉,148323,全车检查+轮胎换位,2024-10-14 14:42,138323
S7045,宝马3系,144043,大保养(机油+三滤+刹车油),2024-07-26 17:24,134043
S7046,福特蒙迪欧,74927,刹车油+刹车片更换,2025-05-05 15:06,64927
S7047,吉利星越L,86662,机油+机滤+空调滤芯更换,2024-01-28 17:17,81662
S7048,奥迪A4L,101536,变速箱油+火花塞更换,2025-07-10 16:25,91536
S7049,长城哈弗H6,143781,空气滤芯+燃油滤芯更换,2025-11-06 10:16,138781
S7050,奔驰C级,57487,大保养(机油+三滤+变速箱油),2025-08-28 13:10,47487
S7051,丰田凯美瑞,36407,刹车油+冷却液更换,2024-11-14 08:46,26407
S7052,大众帕萨特,58994,机油+机滤+空气滤芯更换,2024-04-19 08:09,53994
S7053,本田CR-V,137081,变速箱油+刹车油更换,2024-04-16 13:23,127081
S7054,比亚迪宋PLUS,142344,全车检查+空调滤芯更换,2024-05-04 09:08,137344
S7055,宝马5系,108857,大保养(机油+三滤+正时皮带),2024-11-21 16:32,98857
S7056,奥迪Q5L,106442,机油+机滤+火花塞更换,2024-02-26 10:59,101442
S7057,福特锐界,145849,刹车油+刹车片+轮胎更换,2024-05-09 12:50,135849
S7058,吉利博越,69038,机油+机滤+燃油滤芯更换,2025-06-14 13:14,64038
S7059,长城魏派VV7,113425,变速箱油+空调滤芯更换,2024-08-10 09:13,103425
S7060,奔驰E级,63101,大保养(机油+三滤+刹车油),2024-12-24 14:06,53101
S7061,丰田卡罗拉,60217,机油+机滤更换,2025-04-28 16:28,55217
S7062,大众朗逸,46755,空调滤芯+空气滤芯更换,2025-10-11 17:05,36755
S7063,本田思域,52595,变速箱油更换,2025-12-28 16:51,42595
S7064,比亚迪汉,100711,全车检查+轮胎换位,2025-11-11 10:27,90711
S7065,宝马3系,80551,大保养(机油+三滤+刹车油),2024-10-08 08:22,70551
S7066,福特蒙迪欧,114357,刹车油+刹车片更换,2024-05-12 15:16,104357
S7067,吉利星越L,136403,机油+机滤+空调滤芯更换,2025-01-19 14:10,131403
S7068,奥迪A4L,57246,变速箱油+火花塞更换,2025-11-15 08:02,47246
S7069,长城哈弗H6,69167,空气滤芯+燃油滤芯更换,2024-01-04 13:05,64167
S7070,奔驰C级,106181,大保养(机油+三滤+变速箱油),2024-03-06 08:46,96181
S7071,丰田凯美瑞,75213,刹车油+冷却液更换,2025-09-14 15:58,65213
S7072,大众帕萨特,76840,机油+机滤+空气滤芯更换,2025-08-28 13:10,71840
S7073,本田CR-V,76646,变速箱油+刹车油更换,2025-11-14 13:55,66646
S7074,比亚迪宋PLUS,54862,全车检查+空调滤芯更换,2024-09-02 11:14,49862
S7075,宝马5系,59014,大保养(机油+三滤+正时皮带),2024-10-03 09:23,49014
S7076,奥迪Q5L,68732,机油+机滤+火花塞更换,2025-09-03 14:21,63732
S7077,福特锐界,115364,刹车油+刹车片+轮胎更换,2024-06-08 15:32,105364
S7078,吉利博越,106177,机油+机滤+燃油滤芯更换,2024-06-11 15:53,101177
S7079,长城魏派VV7,118783,变速箱油+空调滤芯更换,2025-10-16 14:59,108783
S7080,奔驰E级,93295,大保养(机油+三滤+刹车油),2025-01-21 12:40,83295
S7081,丰田卡罗拉,136234,机油+机滤更换,2025-05-29 16:23,131234
S7082,大众朗逸,61483,空调滤芯+空气滤芯更换,2025-11-30 16:49,51483
S7083,本田思域,83299,变速箱油更换,2025-09-04 10:45,73299
S7084,比亚迪汉,52212,全车检查+轮胎换位,2025-12-07 16:58,42212
S7085,宝马3系,59670,大保养(机油+三滤+刹车油),2024-03-06 17:54,49670
S7086,福特蒙迪欧,109820,刹车油+刹车片更换,2024-12-05 10:08,99820
S7087,吉利星越L,137820,机油+机滤+空调滤芯更换,2025-10-11 08:47,132820
S7088,奥迪A4L,149954,变速箱油+火花塞更换,2024-11-27 11:07,139954
S7089,长城哈弗H6,65757,空气滤芯+燃油滤芯更换,2024-06-27 09:53,60757
S7090,奔驰C级,63416,大保养(机油+三滤+变速箱油),2024-10-03 17:10,53416
S7091,丰田凯美瑞,88951,刹车油+冷却液更换,2024-08-26 14:34,78951
S7092,大众帕萨特,109640,机油+机滤+空气滤芯更换,2025-01-07 12:45,104640
S7093,本田CR-V,35467,变速箱油+刹车油更换,2025-11-26 12:58,25467
S7094,比亚迪宋PLUS,28465,全车检查+空调滤芯更换,2025-09-29 12:40,23465
S7095,宝马5系,99539,大保养(机油+三滤+正时皮带),2024-10-29 08:39,89539
S7096,奥迪Q5L,76227,机油+机滤+火花塞更换,2025-10-29 13:07,71227
S7097,福特锐界,128059,刹车油+刹车片+轮胎更换,2025-11-04 11:52,118059
S7098,吉利博越,79976,机油+机滤+燃油滤芯更换,2024-09-30 10:25,74976
S7099,长城魏派VV7,84372,变速箱油+空调滤芯更换,2024-08-21 10:44,74372
S7100,奔驰E级,42891,大保养(机油+三滤+刹车油),2024-07-15 11:22,32891
S7101,丰田卡罗拉,133366,机油+机滤更换,2025-09-23 14:23,128366
S7102,大众朗逸,46528,空调滤芯+空气滤芯更换,2024-02-20 16:06,36528
S7103,本田思域,114587,变速箱油更换,2025-02-02 12:36,104587
S7104,比亚迪汉,114612,全车检查+轮胎换位,2024-03-07 12:23,104612
S7105,宝马3系,92960,大保养(机油+三滤+刹车油),2025-06-11 12:02,82960
S7106,福特蒙迪欧,29958,刹车油+刹车片更换,2024-06-12 12:56,19958
S7107,吉利星越L,117994,机油+机滤+空调滤芯更换,2024-02-28 17:21,112994
S7108,奥迪A4L,40612,变速箱油+火花塞更换,2025-11-11 12:42,30612
S7109,长城哈弗H6,86847,空气滤芯+燃油滤芯更换,2025-02-16 11:00,81847
S7110,奔驰C级,141948,大保养(机油+三滤+变速箱油),2025-10-21 08:14,131948
S7111,丰田凯美瑞,41490,刹车油+冷却液更换,2025-07-06 13:04,31490
S7112,大众帕萨特,95452,机油+机滤+空气滤芯更换,2025-02-26 09:58,90452
S7113,本田CR-V,91809,变速箱油+刹车油更换,2025-05-13 08:47,81809
S7114,比亚迪宋PLUS,74821,全车检查+空调滤芯更换,2024-03-21 09:40,69821
S7115,宝马5系,27116,大保养(机油+三滤+正时皮带),2024-03-24 12:55,17116
S7116,奥迪Q5L,91651,机油+机滤+火花塞更换,2024-04-19 15:31,86651
S7117,福特锐界,144467,刹车油+刹车片+轮胎更换,2025-01-01 10:26,134467
S7118,吉利博越,70948,机油+机滤+燃油滤芯更换,2025-05-10 16:47,65948
S7119,长城魏派VV7,103617,变速箱油+空调滤芯更换,2025-10-17 16:37,93617
S7120,奔驰E级,50432,大保养(机油+三滤+刹车油),2024-06-19 09:04,40432
S7121,丰田卡罗拉,77985,机油+机滤更换,2025-01-19 10:57,72985
S7122,大众朗逸,120878,空调滤芯+空气滤芯更换,2024-03-23 11:16,110878
S7123,本田思域,76207,变速箱油更换,2024-08-05 12:21,66207
S7124,比亚迪汉,105898,全车检查+轮胎换位,2025-01-06 11:01,95898
S7125,宝马3系,90478,大保养(机油+三滤+刹车油),2024-02-19 12:09,80478
S7126,福特蒙迪欧,80795,刹车油+刹车片更换,2024-07-21 15:55,70795
S7127,吉利星越L,138434,机油+机滤+空调滤芯更换,2024-07-09 09:24,133434
S7128,奥迪A4L,24752,变速箱油+火花塞更换,2025-07-28 16:23,14752
S7129,长城哈弗H6,133639,空气滤芯+燃油滤芯更换,2025-04-21 16:59,128639
S7130,奔驰C级,60149,大保养(机油+三滤+变速箱油),2024-07-23 09:35,50149
S7131,丰田凯美瑞,54884,刹车油+冷却液更换,2024-02-03 10:20,44884
S7132,大众帕萨特,147884,机油+机滤+空气滤芯更换,2025-03-18 14:27,142884
S7133,本田CR-V,46742,变速箱油+刹车油更换,2024-11-23 12:43,36742
S7134,比亚迪宋PLUS,42555,全车检查+空调滤芯更换,2024-09-04 16:39,37555
S7135,宝马5系,131652,大保养(机油+三滤+正时皮带),2025-12-02 10:10,121652
S7136,奥迪Q5L,121085,机油+机滤+火花塞更换,2025-10-30 14:25,116085
S7137,福特锐界,90779,刹车油+刹车片+轮胎更换,2025-02-10 11:45,80779
S7138,吉利博越,137363,机油+机滤+燃油滤芯更换,2024-04-06 08:29,132363
S7139,长城魏派VV7,114206,变速箱油+空调滤芯更换,2024-10-08 09:19,104206
S7140,奔驰E级,71388,大保养(机油+三滤+刹车油),2024-11-15 10:09,61388
S7141,丰田卡罗拉,54744,机油+机滤更换,2025-06-26 12:17,49744
S7142,大众朗逸,76180,空调滤芯+空气滤芯更换,2024-05-15 08:35,66180
S7143,本田思域,63275,变速箱油更换,2024-12-10 17:12,53275
S7144,比亚迪汉,104143,全车检查+轮胎换位,2025-01-21 09:19,94143
S7145,宝马3系,93870,大保养(机油+三滤+刹车油),2024-11-12 10:08,83870
S7146,福特蒙迪欧,61762,刹车油+刹车片更换,2024-05-17 15:32,51762
S7147,吉利星越L,124944,机油+机滤+空调滤芯更换,2024-06-04 16:36,119944
S7148,奥迪A4L,139587,变速箱油+火花塞更换,2025-01-11 08:50,129587
S7149,长城哈弗H6,26838,空气滤芯+燃油滤芯更换,2024-09-17 08:06,21838
S7150,奔驰C级,94590,大保养(机油+三滤+变速箱油),2024-01-02 16:41,84590
S7151,丰田凯美瑞,81074,刹车油+冷却液更换,2024-08-31 15:59,71074
S7152,大众帕萨特,57580,机油+机滤+空气滤芯更换,2025-06-28 17:26,52580
S7153,本田CR-V,112314,变速箱油+刹车油更换,2025-03-29 10:58,102314
S7154,比亚迪宋PLUS,124859,全车检查+空调滤芯更换,2025-04-30 11:15,119859
S7155,宝马5系,106761,大保养(机油+三滤+正时皮带),2025-07-18 13:48,96761
S7156,奥迪Q5L,55053,机油+机滤+火花塞更换,2024-12-03 11:30,50053
S7157,福特锐界,33473,刹车油+刹车片+轮胎更换,2024-05-17 09:28,23473
S7158,吉利博越,94360,机油+机滤+燃油滤芯更换,2024-06-19 08:55,89360
S7159,长城魏派VV7,122311,变速箱油+空调滤芯更换,2024-06-23 16:28,112311
S7160,奔驰E级,91032,大保养(机油+三滤+刹车油),2025-06-09 16:18,81032
S7161,丰田卡罗拉,92348,机油+机滤更换,2025-09-30 12:37,87348
S7162,大众朗逸,113458,空调滤芯+空气滤芯更换,2024-03-01 13:58,103458
S7163,本田思域,98379,变速箱油更换,2025-11-11 13:34,88379
S7164,比亚迪汉,105181,全车检查+轮胎换位,2024-11-16 17:55,95181
S7165,宝马3系,73769,大保养(机油+三滤+刹车油),2024-06-24 16:37,63769
S7166,福特蒙迪欧,90863,刹车油+刹车片更换,2025-06-16 17:35,80863
S7167,吉利星越L,108910,机油+机滤+空调滤芯更换,2025-08-25 14:33,103910
S7168,奥迪A4L,122776,变速箱油+火花塞更换,2025-12-12 08:06,112776
S7169,长城哈弗H6,51203,空气滤芯+燃油滤芯更换,2025-11-27 12:55,46203
S7170,奔驰C级,24458,大保养(机油+三滤+变速箱油),2024-07-22 11:25,14458
S7171,丰田凯美瑞,137568,刹车油+冷却液更换,2024-11-15 11:35,127568
S7172,大众帕萨特,86333,机油+机滤+空气滤芯更换,2025-08-09 16:51,81333
S7173,本田CR-V,49991,变速箱油+刹车油更换,2025-08-05 10:50,39991
S7174,比亚迪宋PLUS,47216,全车检查+空调滤芯更换,2025-01-15 12:46,42216
S7175,宝马5系,142603,大保养(机油+三滤+正时皮带),2025-03-26 09:35,132603
S7176,奥迪Q5L,90274,机油+机滤+火花塞更换,2025-12-04 08:46,85274
S7177,福特锐界,110521,刹车油+刹车片+轮胎更换,2024-12-19 09:01,100521
S7178,吉利博越,118935,机油+机滤+燃油滤芯更换,2025-11-14 08:39,113935
S7179,长城魏派VV7,78674,变速箱油+空调滤芯更换,2024-12-08 15:52,68674
S7180,奔驰E级,76752,大保养(机油+三滤+刹车油),2025-12-17 15:15,66752
S7181,丰田卡罗拉,73960,机油+机滤更换,2025-11-20 10:37,68960
S7182,大众朗逸,116054,空调滤芯+空气滤芯更换,2024-11-26 09:52,106054
S7183,本田思域,113225,变速箱油更换,2024-06-19 14:10,103225
S7184,比亚迪汉,30363,全车检查+轮胎换位,2025-06-19 15:15,20363
S7185,宝马3系,77865,大保养(机油+三滤+刹车油),2025-11-28 14:45,67865
S7186,福特蒙迪欧,140109,刹车油+刹车片更换,2025-03-13 12:12,130109
S7187,吉利星越L,84789,机油+机滤+空调滤芯更换,2024-07-23 17:11,79789
S7188,奥迪A4L,54954,变速箱油+火花塞更换,2024-07-03 16:36,44954
S7189,长城哈弗H6,124662,空气滤芯+燃油滤芯更换,2024-05-26 14:22,119662
S7190,奔驰C级,63857,大保养(机油+三滤+变速箱油),2024-04-19 10:59,53857
S7191,丰田凯美瑞,36569,刹车油+冷却液更换,2024-05-19 12:15,26569
S7192,大众帕萨特,45343,机油+机滤+空气滤芯更换,2024-06-05 11:21,40343
S7193,本田CR-V,36824,变速箱油+刹车油更换,2025-10-06 14:38,26824
S7194,比亚迪宋PLUS,24117,全车检查+空调滤芯更换,2025-05-30 10:03,19117
S7195,宝马5系,105294,大保养(机油+三滤+正时皮带),2025-08-12 13:38,95294
S7196,奥迪Q5L,102889,机油+机滤+火花塞更换,2024-07-01 09:33,97889
S7197,福特锐界,91179,刹车油+刹车片+轮胎更换,2024-01-22 14:11,81179
S7198,吉利博越,81278,机油+机滤+燃油滤芯更换,2024-12-11 14:54,76278
S7199,长城魏派VV7,35990,变速箱油+空调滤芯更换,2025-09-05 14:06,25990
S7200,奔驰E级,70620,大保养(机油+三滤+刹车油),2025-04-17 17:15,60620
S7201,丰田卡罗拉,82834,机油+机滤更换,2024-10-02 09:29,77834
S7202,大众朗逸,83026,空调滤芯+空气滤芯更换,2024-07-30 09:44,73026
S7203,本田思域,69956,变速箱油更换,2025-08-17 11:27,59956
S7204,比亚迪汉,112376,全车检查+轮胎换位,2024-04-19 16:52,102376
S7205,宝马3系,42652,大保养(机油+三滤+刹车油),2024-07-11 17:25,32652
S7206,福特蒙迪欧,141083,刹车油+刹车片更换,2025-03-20 11:21,131083
S7207,吉利星越L,82933,机油+机滤+空调滤芯更换,2025-12-27 10:38,77933
S7208,奥迪A4L,82844,变速箱油+火花塞更换,2025-12-07 16:42,72844
S7209,长城哈弗H6,132099,空气滤芯+燃油滤芯更换,2025-09-15 12:56,127099
S7210,奔驰C级,92460,大保养(机油+三滤+变速箱油),2025-03-06 10:20,82460
S7211,丰田凯美瑞,111179,刹车油+冷却液更换,2024-02-29 17:45,101179
S7212,大众帕萨特,67556,机油+机滤+空气滤芯更换,2025-08-01 16:40,62556
S7213,本田CR-V,112002,变速箱油+刹车油更换,2025-06-19 09:11,102002
S7214,比亚迪宋PLUS,127748,全车检查+空调滤芯更换,2024-02-25 16:29,122748
S7215,宝马5系,73968,大保养(机油+三滤+正时皮带),2024-04-07 12:10,63968
S7216,奥迪Q5L,38048,机油+机滤+火花塞更换,2025-09-09 14:33,33048
S7217,福特锐界,140483,刹车油+刹车片+轮胎更换,2024-12-09 09:11,130483
S7218,吉利博越,130695,机油+机滤+燃油滤芯更换,2024-03-28 13:20,125695
S7219,长城魏派VV7,96787,变速箱油+空调滤芯更换,2024-05-22 17:50,86787
S7220,奔驰E级,99238,大保养(机油+三滤+刹车油),2024-02-05 17:43,89238
S7221,丰田卡罗拉,103659,机油+机滤更换,2025-06-30 13:23,98659
S7222,大众朗逸,144173,空调滤芯+空气滤芯更换,2024-01-26 13:35,134173
S7223,本田思域,82311,变速箱油更换,2025-08-26 17:56,72311
S7224,比亚迪汉,70644,全车检查+轮胎换位,2025-10-28 16:20,60644
S7225,宝马3系,36894,大保养(机油+三滤+刹车油),2025-02-23 15:02,26894
S7226,福特蒙迪欧,124934,刹车油+刹车片更换,2025-07-20 17:50,114934
S7227,吉利星越L,50602,机油+机滤+空调滤芯更换,2025-03-06 15:32,45602
S7228,奥迪A4L,122680,变速箱油+火花塞更换,2025-01-21 12:25,112680
S7229,长城哈弗H6,97793,空气滤芯+燃油滤芯更换,2024-10-19 17:30,92793
S7230,奔驰C级,98194,大保养(机油+三滤+变速箱油),2024-01-30 10:12,88194
S7231,丰田凯美瑞,57204,刹车油+冷却液更换,2025-05-08 08:18,47204
S7232,大众帕萨特,129356,机油+机滤+空气滤芯更换,2024-08-07 16:38,124356
S7233,本田CR-V,79828,变速箱油+刹车油更换,2025-07-19 08:33,69828
S7234,比亚迪宋PLUS,36123,全车检查+空调滤芯更换,2025-08-23 11:19,31123
S7235,宝马5系,28762,大保养(机油+三滤+正时皮带),2024-01-08 11:17,18762
S7236,奥迪Q5L,82841,机油+机滤+火花塞更换,2025-10-30 09:59,77841
S7237,福特锐界,32236,刹车油+刹车片+轮胎更换,2024-01-21 09:04,22236
S7238,吉利博越,59319,机油+机滤+燃油滤芯更换,2024-02-23 08:33,54319
S7239,长城魏派VV7,139536,变速箱油+空调滤芯更换,2025-04-02 16:46,129536
S7240,奔驰E级,30136,大保养(机油+三滤+刹车油),2025-02-26 17:01,20136
S7241,丰田卡罗拉,149886,机油+机滤更换,2024-03-21 13:06,144886
S7242,大众朗逸,42108,空调滤芯+空气滤芯更换,2024-01-08 15:24,32108
S7243,本田思域,61238,变速箱油更换,2024-01-25 17:09,51238
S7244,比亚迪汉,112466,全车检查+轮胎换位,2025-01-16 09:56,102466
S7245,宝马3系,43662,大保养(机油+三滤+刹车油),2025-06-09 10:38,33662
S7246,福特蒙迪欧,143519,刹车油+刹车片更换,2024-12-28 14:41,133519
S7247,吉利星越L,77384,机油+机滤+空调滤芯更换,2024-07-27 10:46,72384
S7248,奥迪A4L,47726,变速箱油+火花塞更换,2025-07-26 17:58,37726
S7249,长城哈弗H6,141688,空气滤芯+燃油滤芯更换,2025-06-28 10:00,136688
S7250,奔驰C级,28329,大保养(机油+三滤+变速箱油),2024-04-01 11:26,18329
S7251,丰田凯美瑞,28927,刹车油+冷却液更换,2024-03-12 10:16,18927
S7252,大众帕萨特,49770,机油+机滤+空气滤芯更换,2024-03-09 13:11,44770
S7253,本田CR-V,34656,变速箱油+刹车油更换,2024-01-10 11:58,24656
S7254,比亚迪宋PLUS,64352,全车检查+空调滤芯更换,2025-08-14 14:45,59352
S7255,宝马5系,102589,大保养(机油+三滤+正时皮带),2024-07-14 14:16,92589
S7256,奥迪Q5L,37517,机油+机滤+火花塞更换,2024-01-19 08:13,32517
S7257,福特锐界,26760,刹车油+刹车片+轮胎更换,2025-05-08 11:48,16760
S7258,吉利博越,141653,机油+机滤+燃油滤芯更换,2025-03-07 13:18,136653
S7259,长城魏派VV7,35629,变速箱油+空调滤芯更换,2024-07-23 10:06,25629
S7260,奔驰E级,57551,大保养(机油+三滤+刹车油),2024-02-28 13:36,47551
S7261,丰田卡罗拉,71589,机油+机滤更换,2024-11-09 17:19,66589
S7262,大众朗逸,61383,空调滤芯+空气滤芯更换,2025-10-08 11:25,51383
S7263,本田思域,113205,变速箱油更换,2025-07-12 09:24,103205
S7264,比亚迪汉,46793,全车检查+轮胎换位,2024-07-05 08:11,36793
S7265,宝马3系,53698,大保养(机油+三滤+刹车油),2024-05-31 09:26,43698
S7266,福特蒙迪欧,93803,刹车油+刹车片更换,2024-03-04 08:02,83803
S7267,吉利星越L,59560,机油+机滤+空调滤芯更换,2025-10-17 17:20,54560
S7268,奥迪A4L,144947,变速箱油+火花塞更换,2024-05-11 17:32,134947
S7269,长城哈弗H6,117658,空气滤芯+燃油滤芯更换,2025-04-17 17:47,112658
S7270,奔驰C级,67011,大保养(机油+三滤+变速箱油),2024-11-26 17:18,57011
S7271,丰田凯美瑞,85160,刹车油+冷却液更换,2025-07-15 10:31,75160
S7272,大众帕萨特,116390,机油+机滤+空气滤芯更换,2025-10-15 10:04,111390
S7273,本田CR-V,105611,变速箱油+刹车油更换,2025-10-09 13:58,95611
S7274,比亚迪宋PLUS,21681,全车检查+空调滤芯更换,2024-05-10 12:21,16681
S7275,宝马5系,145178,大保养(机油+三滤+正时皮带),2025-08-23 11:16,135178
S7276,奥迪Q5L,87212,机油+机滤+火花塞更换,2025-09-28 09:21,82212
S7277,福特锐界,128966,刹车油+刹车片+轮胎更换,2024-10-14 14:18,118966
S7278,吉利博越,100280,机油+机滤+燃油滤芯更换,2024-02-23 08:10,95280
S7279,长城魏派VV7,48855,变速箱油+空调滤芯更换,2024-09-30 16:27,38855
S7280,奔驰E级,60707,大保养(机油+三滤+刹车油),2025-11-01 14:51,50707
S7281,丰田卡罗拉,145351,机油+机滤更换,2025-07-11 12:34,140351
S7282,大众朗逸,57218,空调滤芯+空气滤芯更换,2024-08-03 09:28,47218
S7283,本田思域,77536,变速箱油更换,2024-02-21 08:03,67536
S7284,比亚迪汉,59422,全车检查+轮胎换位,2025-11-28 17:23,49422
S7285,宝马3系,30331,大保养(机油+三滤+刹车油),2025-06-13 08:39,20331
S7286,福特蒙迪欧,126501,刹车油+刹车片更换,2024-09-21 17:36,116501
S7287,吉利星越L,132036,机油+机滤+空调滤芯更换,2025-12-18 10:16,127036
S7288,奥迪A4L,85108,变速箱油+火花塞更换,2025-01-31 12:57,75108
S7289,长城哈弗H6,74355,空气滤芯+燃油滤芯更换,2024-06-29 08:33,69355
S7290,奔驰C级,57561,大保养(机油+三滤+变速箱油),2024-01-17 09:01,47561
S7291,丰田凯美瑞,86466,刹车油+冷却液更换,2025-07-21 12:55,76466
S7292,大众帕萨特,66982,机油+机滤+空气滤芯更换,2025-06-14 16:46,61982
S7293,本田CR-V,97082,变速箱油+刹车油更换,2024-07-11 12:52,87082
S7294,比亚迪宋PLUS,73255,全车检查+空调滤芯更换,2025-11-28 12:15,68255
S7295,宝马5系,53047,大保养(机油+三滤+正时皮带),2025-09-17 16:46,43047
S7296,奥迪Q5L,72258,机油+机滤+火花塞更换,2025-11-19 10:38,67258
S7297,福特锐界,138208,刹车油+刹车片+轮胎更换,2024-03-16 11:24,128208
S7298,吉利博越,79759,机油+机滤+燃油滤芯更换,2024-12-15 14:34,74759
S7299,长城魏派VV7,83603,变速箱油+空调滤芯更换,2025-08-11 12:43,73603
S7300,奔驰E级,63325,大保养(机油+三滤+刹车油),2025-03-15 11:02,53325
S7301,丰田卡罗拉,53001,机油+机滤更换,2024-11-01 17:41,48001
S7302,大众朗逸,140437,空调滤芯+空气滤芯更换,2024-07-31 13:35,130437
S7303,本田思域,135734,变速箱油更换,2025-04-28 15:48,125734
S7304,比亚迪汉,44934,全车检查+轮胎换位,2025-06-10 17:01,34934
S7305,宝马3系,126568,大保养(机油+三滤+刹车油),2024-04-30 17:20,116568
S7306,福特蒙迪欧,110232,刹车油+刹车片更换,2025-11-29 10:04,100232
S7307,吉利星越L,118385,机油+机滤+空调滤芯更换,2025-06-17 11:56,113385
S7308,奥迪A4L,74019,变速箱油+火花塞更换,2025-11-04 16:58,64019
S7309,长城哈弗H6,105263,空气滤芯+燃油滤芯更换,2025-12-25 08:56,100263
S7310,奔驰C级,38110,大保养(机油+三滤+变速箱油),2025-11-23 15:54,28110
S7311,丰田凯美瑞,20787,刹车油+冷却液更换,2025-09-29 09:54,10787
S7312,大众帕萨特,27942,机油+机滤+空气滤芯更换,2025-01-16 13:08,22942
S7313,本田CR-V,76920,变速箱油+刹车油更换,2025-09-10 16:52,66920
S7314,比亚迪宋PLUS,62296,全车检查+空调滤芯更换,2025-12-29 16:44,57296
S7315,宝马5系,23345,大保养(机油+三滤+正时皮带),2024-04-03 12:25,13345
S7316,奥迪Q5L,139565,机油+机滤+火花塞更换,2025-03-31 08:39,134565
S7317,福特锐界,62065,刹车油+刹车片+轮胎更换,2024-01-01 13:28,52065
S7318,吉利博越,84134,机油+机滤+燃油滤芯更换,2024-02-07 10:55,79134
S7319,长城魏派VV7,121722,变速箱油+空调滤芯更换,2025-11-23 15:09,111722
S7320,奔驰E级,33400,大保养(机油+三滤+刹车油),2025-10-01 13:32,23400
S7321,丰田卡罗拉,78119,机油+机滤更换,2025-04-05 11:22,73119
S7322,大众朗逸,116782,空调滤芯+空气滤芯更换,2024-01-31 08:30,106782
S7323,本田思域,88367,变速箱油更换,2024-01-23 14:32,78367
S7324,比亚迪汉,142943,全车检查+轮胎换位,2025-10-04 12:28,132943
S7325,宝马3系,80103,大保养(机油+三滤+刹车油),2025-10-13 08:38,70103
S7326,福特蒙迪欧,41120,刹车油+刹车片更换,2024-07-23 16:08,31120
S7327,吉利星越L,46070,机油+机滤+空调滤芯更换,2024-11-30 08:27,41070
S7328,奥迪A4L,106786,变速箱油+火花塞更换,2025-10-08 10:43,96786
S7329,长城哈弗H6,125392,空气滤芯+燃油滤芯更换,2024-12-18 11:25,120392
S7330,奔驰C级,147361,大保养(机油+三滤+变速箱油),2024-04-22 11:46,137361
S7331,丰田凯美瑞,134799,刹车油+冷却液更换,2025-08-20 11:27,124799
S7332,大众帕萨特,83506,机油+机滤+空气滤芯更换,2025-09-14 12:14,78506
S7333,本田CR-V,53000,变速箱油+刹车油更换,2025-04-22 08:56,43000
S7334,比亚迪宋PLUS,138247,全车检查+空调滤芯更换,2025-06-23 17:27,133247
S7335,宝马5系,102261,大保养(机油+三滤+正时皮带),2024-03-19 11:31,92261
S7336,奥迪Q5L,45920,机油+机滤+火花塞更换,2024-01-05 14:00,40920
S7337,福特锐界,124653,刹车油+刹车片+轮胎更换,2024-02-21 14:04,114653
S7338,吉利博越,58380,机油+机滤+燃油滤芯更换,2025-06-28 11:45,53380
S7339,长城魏派VV7,109168,变速箱油+空调滤芯更换,2024-07-06 08:27,99168
S7340,奔驰E级,41901,大保养(机油+三滤+刹车油),2025-08-17 16:31,31901
S7341,丰田卡罗拉,21419,机油+机滤更换,2025-01-09 08:04,16419
S7342,大众朗逸,34687,空调滤芯+空气滤芯更换,2024-01-06 12:38,24687
S7343,本田思域,115542,变速箱油更换,2024-11-12 14:38,105542
S7344,比亚迪汉,59800,全车检查+轮胎换位,2025-10-01 13:50,49800
S7345,宝马3系,100159,大保养(机油+三滤+刹车油),2024-01-14 08:53,90159
S7346,福特蒙迪欧,77429,刹车油+刹车片更换,2025-06-13 12:27,67429
S7347,吉利星越L,100407,机油+机滤+空调滤芯更换,2024-02-17 13:45,95407
S7348,奥迪A4L,66811,变速箱油+火花塞更换,2024-08-02 10:17,56811
S7349,长城哈弗H6,64405,空气滤芯+燃油滤芯更换,2025-03-31 08:45,59405
S7350,奔驰C级,67696,大保养(机油+三滤+变速箱油),2025-12-05 17:49,57696
S7351,丰田凯美瑞,78602,刹车油+冷却液更换,2025-06-07 09:06,68602
S7352,大众帕萨特,98042,机油+机滤+空气滤芯更换,2024-07-31 12:08,93042
S7353,本田CR-V,58626,变速箱油+刹车油更换,2024-07-23 12:57,48626
S7354,比亚迪宋PLUS,74710,全车检查+空调滤芯更换,2025-10-17 09:36,69710
S7355,宝马5系,78609,大保养(机油+三滤+正时皮带),2025-07-25 11:52,68609
S7356,奥迪Q5L,80118,机油+机滤+火花塞更换,2025-07-13 09:52,75118
S7357,福特锐界,88738,刹车油+刹车片+轮胎更换,2024-05-14 15:26,78738
S7358,吉利博越,39824,机油+机滤+燃油滤芯更换,2025-01-22 13:19,34824
S7359,长城魏派VV7,85068,变速箱油+空调滤芯更换,2025-01-19 08:51,75068
S7360,奔驰E级,60445,大保养(机油+三滤+刹车油),2025-02-06 09:19,50445
S7361,丰田卡罗拉,44638,机油+机滤更换,2025-02-07 14:29,39638
S7362,大众朗逸,35778,空调滤芯+空气滤芯更换,2025-03-19 13:24,25778
S7363,本田思域,22858,变速箱油更换,2024-04-22 12:40,12858
S7364,比亚迪汉,37149,全车检查+轮胎换位,2025-01-27 16:45,27149
S7365,宝马3系,112467,大保养(机油+三滤+刹车油),2025-01-07 10:29,102467
S7366,福特蒙迪欧,30422,刹车油+刹车片更换,2024-01-21 11:07,20422
S7367,吉利星越L,112332,机油+机滤+空调滤芯更换,2024-11-30 08:03,107332
S7368,奥迪A4L,113657,变速箱油+火花塞更换,2024-10-23 14:09,103657
S7369,长城哈弗H6,110387,空气滤芯+燃油滤芯更换,2024-01-13 11:53,105387
S7370,奔驰C级,69220,大保养(机油+三滤+变速箱油),2024-12-13 12:14,59220
S7371,丰田凯美瑞,97314,刹车油+冷却液更换,2024-06-21 14:09,87314
S7372,大众帕萨特,101450,机油+机滤+空气滤芯更换,2025-01-22 15:41,96450
S7373,本田CR-V,128806,变速箱油+刹车油更换,2025-08-10 14:50,118806
S7374,比亚迪宋PLUS,99177,全车检查+空调滤芯更换,2024-06-26 17:10,94177
S7375,宝马5系,32459,大保养(机油+三滤+正时皮带),2024-01-23 16:57,22459
S7376,奥迪Q5L,76864,机油+机滤+火花塞更换,2025-11-07 10:37,71864
S7377,福特锐界,85845,刹车油+刹车片+轮胎更换,2024-10-30 08:55,75845
S7378,吉利博越,61516,机油+机滤+燃油滤芯更换,2024-09-11 14:42,56516
S7379,长城魏派VV7,122259,变速箱油+空调滤芯更换,2025-08-22 09:51,112259
S7380,奔驰E级,113355,大保养(机油+三滤+刹车油),2024-12-31 09:31,103355
S7381,丰田卡罗拉,54067,机油+机滤更换,2024-12-31 17:09,49067
S7382,大众朗逸,80720,空调滤芯+空气滤芯更换,2025-07-30 13:49,70720
S7383,本田思域,38104,变速箱油更换,2025-01-01 09:11,28104
S7384,比亚迪汉,67738,全车检查+轮胎换位,2025-12-22 15:18,57738
S7385,宝马3系,126170,大保养(机油+三滤+刹车油),2024-05-13 17:59,116170
S7386,福特蒙迪欧,92327,刹车油+刹车片更换,2025-08-24 14:17,82327
S7387,吉利星越L,149092,机油+机滤+空调滤芯更换,2025-09-03 15:53,144092
S7388,奥迪A4L,54249,变速箱油+火花塞更换,2025-03-10 16:47,44249
S7389,长城哈弗H6,139103,空气滤芯+燃油滤芯更换,2024-02-15 08:14,134103
S7390,奔驰C级,104350,大保养(机油+三滤+变速箱油),2025-02-20 11:57,94350
S7391,丰田凯美瑞,93379,刹车油+冷却液更换,2024-06-20 08:37,83379
S7392,大众帕萨特,38742,机油+机滤+空气滤芯更换,2024-01-04 10:00,33742
S7393,本田CR-V,139800,变速箱油+刹车油更换,2024-06-25 11:20,129800
S7394,比亚迪宋PLUS,48651,全车检查+空调滤芯更换,2024-06-28 14:00,43651
S7395,宝马5系,86916,大保养(机油+三滤+正时皮带),2024-06-26 09:52,76916
S7396,奥迪Q5L,28208,机油+机滤+火花塞更换,2024-07-17 09:01,23208
S7397,福特锐界,74528,刹车油+刹车片+轮胎更换,2025-03-24 15:56,64528
S7398,吉利博越,64825,机油+机滤+燃油滤芯更换,2025-08-16 08:02,59825
S7399,长城魏派VV7,113147,变速箱油+空调滤芯更换,2025-04-18 09:40,103147
S7400,奔驰E级,38217,大保养(机油+三滤+刹车油),2024-09-28 15:39,28217
S7401,丰田卡罗拉,105158,机油+机滤更换,2025-04-22 12:09,100158
S7402,大众朗逸,73088,空调滤芯+空气滤芯更换,2024-11-18 09:25,63088
S7403,本田思域,113716,变速箱油更换,2025-02-16 13:40,103716
S7404,比亚迪汉,115860,全车检查+轮胎换位,2024-02-18 09:02,105860
S7405,宝马3系,105236,大保养(机油+三滤+刹车油),2024-02-05 16:43,95236
S7406,福特蒙迪欧,46423,刹车油+刹车片更换,2024-06-20 17:31,36423
S7407,吉利星越L,45088,机油+机滤+空调滤芯更换,2025-07-18 14:10,40088
S7408,奥迪A4L,97161,变速箱油+火花塞更换,2024-04-17 10:50,87161
S7409,长城哈弗H6,81940,空气滤芯+燃油滤芯更换,2024-06-29 10:16,76940
S7410,奔驰C级,130472,大保养(机油+三滤+变速箱油),2025-03-14 08:16,120472
S7411,丰田凯美瑞,91840,刹车油+冷却液更换,2024-07-09 11:17,81840
S7412,大众帕萨特,113516,机油+机滤+空气滤芯更换,2025-01-30 16:36,108516
S7413,本田CR-V,117845,变速箱油+刹车油更换,2024-03-08 08:24,107845
S7414,比亚迪宋PLUS,61807,全车检查+空调滤芯更换,2025-10-11 09:18,56807
S7415,宝马5系,116571,大保养(机油+三滤+正时皮带),2025-08-27 09:41,106571
S7416,奥迪Q5L,67058,机油+机滤+火花塞更换,2025-08-29 17:28,62058
S7417,福特锐界,79693,刹车油+刹车片+轮胎更换,2025-12-25 12:39,69693
S7418,吉利博越,58248,机油+机滤+燃油滤芯更换,2025-04-12 09:01,53248
S7419,长城魏派VV7,41201,变速箱油+空调滤芯更换,2025-02-19 17:37,31201
S7420,奔驰E级,84900,大保养(机油+三滤+刹车油),2024-01-16 14:30,74900
S7421,丰田卡罗拉,35120,机油+机滤更换,2024-06-21 08:27,30120
S7422,大众朗逸,86564,空调滤芯+空气滤芯更换,2025-05-26 13:48,76564
S7423,本田思域,49988,变速箱油更换,2025-01-04 08:08,39988
S7424,比亚迪汉,136838,全车检查+轮胎换位,2024-02-14 12:09,126838
S7425,宝马3系,114019,大保养(机油+三滤+刹车油),2025-01-04 16:10,104019
S7426,福特蒙迪欧,65371,刹车油+刹车片更换,2024-04-11 09:15,55371
S7427,吉利星越L,85518,机油+机滤+空调滤芯更换,2024-01-31 12:58,80518
S7428,奥迪A4L,39745,变速箱油+火花塞更换,2024-08-11 11:32,29745
S7429,长城哈弗H6,51198,空气滤芯+燃油滤芯更换,2024-02-21 13:21,46198
S7430,奔驰C级,125108,大保养(机油+三滤+变速箱油),2025-06-18 11:56,115108
S7431,丰田凯美瑞,43138,刹车油+冷却液更换,2024-07-18 11:32,33138
S7432,大众帕萨特,106584,机油+机滤+空气滤芯更换,2024-01-27 10:25,101584
S7433,本田CR-V,84116,变速箱油+刹车油更换,2025-08-30 14:25,74116
S7434,比亚迪宋PLUS,21157,全车检查+空调滤芯更换,2024-08-02 08:06,16157
S7435,宝马5系,46661,大保养(机油+三滤+正时皮带),2025-11-02 15:30,36661
S7436,奥迪Q5L,115019,机油+机滤+火花塞更换,2024-11-05 17:45,110019
S7437,福特锐界,117801,刹车油+刹车片+轮胎更换,2024-06-08 17:38,107801
S7438,吉利博越,35280,机油+机滤+燃油滤芯更换,2025-07-17 17:16,30280
S7439,长城魏派VV7,73506,变速箱油+空调滤芯更换,2024-11-14 17:35,63506
S7440,奔驰E级,129288,大保养(机油+三滤+刹车油),2025-02-19 11:28,119288
S7441,丰田卡罗拉,124900,机油+机滤更换,2024-04-28 16:27,119900
S7442,大众朗逸,71217,空调滤芯+空气滤芯更换,2024-03-10 10:06,61217
S7443,本田思域,20654,变速箱油更换,2024-05-19 12:05,10654
S7444,比亚迪汉,99199,全车检查+轮胎换位,2025-06-26 12:34,89199
S7445,宝马3系,102504,大保养(机油+三滤+刹车油),2024-03-22 17:19,92504
S7446,福特蒙迪欧,139237,刹车油+刹车片更换,2025-05-02 12:07,129237
S7447,吉利星越L,50002,机油+机滤+空调滤芯更换,2024-08-04 14:59,45002
S7448,奥迪A4L,54266,变速箱油+火花塞更换,2025-02-06 17:13,44266
S7449,长城哈弗H6,32685,空气滤芯+燃油滤芯更换,2025-06-01 13:09,27685
S7450,奔驰C级,82605,大保养(机油+三滤+变速箱油),2025-05-01 16:10,72605
S7451,丰田凯美瑞,119621,刹车油+冷却液更换,2025-04-05 12:44,109621
S7452,大众帕萨特,77289,机油+机滤+空气滤芯更换,2024-04-29 15:59,72289
S7453,本田CR-V,118807,变速箱油+刹车油更换,2025-09-12 09:24,108807
S7454,比亚迪宋PLUS,44454,全车检查+空调滤芯更换,2025-03-30 11:12,39454
S7455,宝马5系,129525,大保养(机油+三滤+正时皮带),2025-01-13 16:06,119525
S7456,奥迪Q5L,133517,机油+机滤+火花塞更换,2024-01-27 09:41,128517
S7457,福特锐界,148227,刹车油+刹车片+轮胎更换,2025-11-18 16:49,138227
S7458,吉利博越,100697,机油+机滤+燃油滤芯更换,2024-11-09 12:15,95697
S7459,长城魏派VV7,129365,变速箱油+空调滤芯更换,2024-01-14 17:32,119365
S7460,奔驰E级,113866,大保养(机油+三滤+刹车油),2025-04-09 15:58,103866
S7461,丰田卡罗拉,133575,机油+机滤更换,2024-05-14 10:34,128575
S7462,大众朗逸,119399,空调滤芯+空气滤芯更换,2025-11-30 12:32,109399
S7463,本田思域,50052,变速箱油更换,2025-01-10 14:01,40052
S7464,比亚迪汉,70035,全车检查+轮胎换位,2025-11-02 08:53,60035
S7465,宝马3系,100362,大保养(机油+三滤+刹车油),2025-01-18 12:17,90362
S7466,福特蒙迪欧,138330,刹车油+刹车片更换,2025-05-22 12:47,128330
S7467,吉利星越L,131267,机油+机滤+空调滤芯更换,2024-10-11 10:01,126267
S7468,奥迪A4L,69590,变速箱油+火花塞更换,2025-09-21 14:58,59590
S7469,长城哈弗H6,75828,空气滤芯+燃油滤芯更换,2024-12-25 13:30,70828
S7470,奔驰C级,67852,大保养(机油+三滤+变速箱油),2024-03-12 16:59,57852
S7471,丰田凯美瑞,76958,刹车油+冷却液更换,2025-04-05 15:39,66958
S7472,大众帕萨特,114748,机油+机滤+空气滤芯更换,2024-04-24 10:46,109748
S7473,本田CR-V,147196,变速箱油+刹车油更换,2025-11-26 16:45,137196
S7474,比亚迪宋PLUS,85234,全车检查+空调滤芯更换,2025-02-11 14:42,80234
S7475,宝马5系,50914,大保养(机油+三滤+正时皮带),2025-06-21 13:43,40914
S7476,奥迪Q5L,110163,机油+机滤+火花塞更换,2025-12-03 14:23,105163
S7477,福特锐界,114660,刹车油+刹车片+轮胎更换,2024-05-27 12:51,104660
S7478,吉利博越,44782,机油+机滤+燃油滤芯更换,2024-02-20 15:05,39782
S7479,长城魏派VV7,56838,变速箱油+空调滤芯更换,2024-12-19 08:07,46838
S7480,奔驰E级,98857,大保养(机油+三滤+刹车油),2024-12-24 15:30,88857
S7481,丰田卡罗拉,91276,机油+机滤更换,2024-12-18 10:36,86276
S7482,大众朗逸,130770,空调滤芯+空气滤芯更换,2024-04-18 08:48,120770
S7483,本田思域,24555,变速箱油更换,2024-11-23 17:44,14555
S7484,比亚迪汉,66081,全车检查+轮胎换位,2024-01-29 10:24,56081
S7485,宝马3系,144577,大保养(机油+三滤+刹车油),2024-05-28 14:04,134577
S7486,福特蒙迪欧,113520,刹车油+刹车片更换,2025-01-22 12:53,103520
S7487,吉利星越L,53042,机油+机滤+空调滤芯更换,2024-06-08 10:26,48042
S7488,奥迪A4L,50323,变速箱油+火花塞更换,2025-01-03 09:05,40323
S7489,长城哈弗H6,90657,空气滤芯+燃油滤芯更换,2024-03-11 11:08,85657
S7490,奔驰C级,52754,大保养(机油+三滤+变速箱油),2024-05-18 15:07,42754
S7491,丰田凯美瑞,28408,刹车油+冷却液更换,2024-04-23 11:21,18408
S7492,大众帕萨特,115439,机油+机滤+空气滤芯更换,2024-07-24 09:06,110439
S7493,本田CR-V,144079,变速箱油+刹车油更换,2025-07-09 13:58,134079
S7494,比亚迪宋PLUS,51729,全车检查+空调滤芯更换,2025-11-08 14:23,46729
S7495,宝马5系,145067,大保养(机油+三滤+正时皮带),2024-07-22 12:12,135067
S7496,奥迪Q5L,133977,机油+机滤+火花塞更换,2025-03-03 11:04,128977
S7497,福特锐界,92280,刹车油+刹车片+轮胎更换,2024-04-27 14:34,82280
S7498,吉利博越,83905,机油+机滤+燃油滤芯更换,2025-03-17 13:32,78905
S7499,长城魏派VV7,97880,变速箱油+空调滤芯更换,2024-08-26 08:03,87880
S7500,奔驰E级,69605,大保养(机油+三滤+刹车油),2024-12-04 16:34,59605
S7501,丰田卡罗拉,132926,机油+机滤更换,2025-05-19 10:39,127926
S7502,大众朗逸,100074,空调滤芯+空气滤芯更换,2024-05-20 15:42,90074
S7503,本田思域,130749,变速箱油更换,2024-04-26 13:27,120749
S7504,比亚迪汉,101737,全车检查+轮胎换位,2024-12-23 15:30,91737
S7505,宝马3系,95806,大保养(机油+三滤+刹车油),2025-06-05 14:16,85806
S7506,福特蒙迪欧,121464,刹车油+刹车片更换,2024-07-04 15:44,111464
S7507,吉利星越L,20194,机油+机滤+空调滤芯更换,2025-03-24 16:56,15194
S7508,奥迪A4L,21288,变速箱油+火花塞更换,2025-09-18 10:48,11288
S7509,长城哈弗H6,108045,空气滤芯+燃油滤芯更换,2025-06-05 15:04,103045
S7510,奔驰C级,23738,大保养(机油+三滤+变速箱油),2024-04-12 08:27,13738
S7511,丰田凯美瑞,85822,刹车油+冷却液更换,2024-10-23 11:22,75822
S7512,大众帕萨特,45304,机油+机滤+空气滤芯更换,2025-08-06 13:08,40304
S7513,本田CR-V,22120,变速箱油+刹车油更换,2024-12-11 08:33,12120
S7514,比亚迪宋PLUS,21340,全车检查+空调滤芯更换,2024-03-01 14:12,16340
S7515,宝马5系,42333,大保养(机油+三滤+正时皮带),2025-11-30 15:25,32333
S7516,奥迪Q5L,65555,机油+机滤+火花塞更换,2025-05-13 11:26,60555
S7517,福特锐界,114641,刹车油+刹车片+轮胎更换,2024-10-20 17:26,104641
S7518,吉利博越,113522,机油+机滤+燃油滤芯更换,2025-05-06 09:06,108522
S7519,长城魏派VV7,32419,变速箱油+空调滤芯更换,2025-08-21 17:27,22419
S7520,奔驰E级,50702,大保养(机油+三滤+刹车油),2025-12-08 12:42,40702
S7521,丰田卡罗拉,79425,机油+机滤更换,2024-08-21 16:26,74425
S7522,大众朗逸,74038,空调滤芯+空气滤芯更换,2025-08-14 13:56,64038
S7523,本田思域,78250,变速箱油更换,2025-06-23 15:24,68250
S7524,比亚迪汉,73227,全车检查+轮胎换位,2024-08-12 13:53,63227
S7525,宝马3系,95151,大保养(机油+三滤+刹车油),2025-11-19 10:28,85151
S7526,福特蒙迪欧,24817,刹车油+刹车片更换,2025-10-07 10:01,14817
S7527,吉利星越L,39074,机油+机滤+空调滤芯更换,2025-09-23 16:14,34074
S7528,奥迪A4L,72205,变速箱油+火花塞更换,2024-07-04 14:48,62205
S7529,长城哈弗H6,122259,空气滤芯+燃油滤芯更换,2025-03-10 10:38,117259
S7530,奔驰C级,27746,大保养(机油+三滤+变速箱油),2024-07-31 11:16,17746
S7531,丰田凯美瑞,147884,刹车油+冷却液更换,2024-03-22 14:05,137884
S7532,大众帕萨特,79991,机油+机滤+空气滤芯更换,2024-11-17 10:28,74991
S7533,本田CR-V,54649,变速箱油+刹车油更换,2024-02-08 10:07,44649
S7534,比亚迪宋PLUS,48900,全车检查+空调滤芯更换,2024-06-09 16:01,43900
S7535,宝马5系,111108,大保养(机油+三滤+正时皮带),2024-09-30 09:50,101108
S7536,奥迪Q5L,146262,机油+机滤+火花塞更换,2024-05-05 17:32,141262
S7537,福特锐界,147157,刹车油+刹车片+轮胎更换,2024-10-09 16:05,137157
S7538,吉利博越,30846,机油+机滤+燃油滤芯更换,2024-10-16 15:09,25846
S7539,长城魏派VV7,86891,变速箱油+空调滤芯更换,2024-07-30 13:31,76891
S7540,奔驰E级,64059,大保养(机油+三滤+刹车油),2024-06-25 11:10,54059
S7541,丰田卡罗拉,27614,机油+机滤更换,2024-02-19 09:55,22614
S7542,大众朗逸,113132,空调滤芯+空气滤芯更换,2025-07-27 11:26,103132
S7543,本田思域,44902,变速箱油更换,2024-07-01 10:27,34902
S7544,比亚迪汉,105583,全车检查+轮胎换位,2025-05-27 12:19,95583
S7545,宝马3系,90064,大保养(机油+三滤+刹车油),2024-04-10 12:19,80064
S7546,福特蒙迪欧,21751,刹车油+刹车片更换,2025-08-13 13:46,11751
S7547,吉利星越L,51592,机油+机滤+空调滤芯更换,2024-04-26 14:21,46592
S7548,奥迪A4L,135627,变速箱油+火花塞更换,2025-06-18 14:47,125627
S7549,长城哈弗H6,138450,空气滤芯+燃油滤芯更换,2024-04-22 08:12,133450
S7550,奔驰C级,64113,大保养(机油+三滤+变速箱油),2024-02-16 14:44,54113
S7551,丰田凯美瑞,56582,刹车油+冷却液更换,2025-10-23 13:07,46582
S7552,大众帕萨特,142540,机油+机滤+空气滤芯更换,2024-05-13 14:05,137540
S7553,本田CR-V,65737,变速箱油+刹车油更换,2024-11-22 17:49,55737
S7554,比亚迪宋PLUS,110776,全车检查+空调滤芯更换,2025-09-24 10:47,105776
S7555,宝马5系,118459,大保养(机油+三滤+正时皮带),2025-12-01 11:47,108459
S7556,奥迪Q5L,27823,机油+机滤+火花塞更换,2025-05-14 12:48,22823
S7557,福特锐界,80897,刹车油+刹车片+轮胎更换,2025-04-10 12:21,70897
S7558,吉利博越,81583,机油+机滤+燃油滤芯更换,2024-01-11 13:57,76583
S7559,长城魏派VV7,124148,变速箱油+空调滤芯更换,2024-10-26 09:46,114148
S7560,奔驰E级,21192,大保养(机油+三滤+刹车油),2025-06-23 12:11,11192
S7561,丰田卡罗拉,130364,机油+机滤更换,2024-03-29 16:05,125364
S7562,大众朗逸,41473,空调滤芯+空气滤芯更换,2024-12-13 09:05,31473
S7563,本田思域,48974,变速箱油更换,2024-02-28 12:39,38974
S7564,比亚迪汉,126003,全车检查+轮胎换位,2025-01-17 10:08,116003
S7565,宝马3系,40374,大保养(机油+三滤+刹车油),2024-07-04 13:33,30374
S7566,福特蒙迪欧,77290,刹车油+刹车片更换,2024-05-15 13:04,67290
S7567,吉利星越L,116038,机油+机滤+空调滤芯更换,2024-04-04 08:20,111038
S7568,奥迪A4L,101019,变速箱油+火花塞更换,2024-08-29 11:11,91019
S7569,长城哈弗H6,29514,空气滤芯+燃油滤芯更换,2024-12-11 11:57,24514
S7570,奔驰C级,72600,大保养(机油+三滤+变速箱油),2024-09-25 15:17,62600
S7571,丰田凯美瑞,70337,刹车油+冷却液更换,2025-11-29 14:59,60337
S7572,大众帕萨特,28868,机油+机滤+空气滤芯更换,2025-10-17 11:32,23868
S7573,本田CR-V,88581,变速箱油+刹车油更换,2024-08-22 16:53,78581
S7574,比亚迪宋PLUS,135477,全车检查+空调滤芯更换,2024-09-16 17:35,130477
S7575,宝马5系,41324,大保养(机油+三滤+正时皮带),2025-09-12 12:17,31324
S7576,奥迪Q5L,112629,机油+机滤+火花塞更换,2025-05-17 09:29,107629
S7577,福特锐界,106778,刹车油+刹车片+轮胎更换,2024-09-08 15:58,96778
S7578,吉利博越,44516,机油+机滤+燃油滤芯更换,2025-10-20 17:10,39516
S7579,长城魏派VV7,22964,变速箱油+空调滤芯更换,2024-11-29 09:10,12964
S7580,奔驰E级,21439,大保养(机油+三滤+刹车油),2024-06-16 16:36,11439
S7581,丰田卡罗拉,73545,机油+机滤更换,2025-11-09 15:31,68545
S7582,大众朗逸,69735,空调滤芯+空气滤芯更换,2025-08-06 17:13,59735
S7583,本田思域,67389,变速箱油更换,2025-04-24 13:24,57389
S7584,比亚迪汉,106420,全车检查+轮胎换位,2025-11-12 15:40,96420
S7585,宝马3系,138935,大保养(机油+三滤+刹车油),2024-10-25 09:49,128935
S7586,福特蒙迪欧,66447,刹车油+刹车片更换,2025-07-02 14:19,56447
S7587,吉利星越L,71147,机油+机滤+空调滤芯更换,2024-03-17 16:02,66147
S7588,奥迪A4L,134820,变速箱油+火花塞更换,2024-10-31 09:10,124820
S7589,长城哈弗H6,74135,空气滤芯+燃油滤芯更换,2025-01-20 17:17,69135
S7590,奔驰C级,76882,大保养(机油+三滤+变速箱油),2024-04-15 15:41,66882
S7591,丰田凯美瑞,90035,刹车油+冷却液更换,2024-12-02 08:04,80035
S7592,大众帕萨特,115813,机油+机滤+空气滤芯更换,2024-07-18 12:21,110813
S7593,本田CR-V,123104,变速箱油+刹车油更换,2024-01-20 13:09,113104
S7594,比亚迪宋PLUS,71800,全车检查+空调滤芯更换,2024-07-14 15:54,66800
S7595,宝马5系,86787,大保养(机油+三滤+正时皮带),2025-04-28 13:47,76787
S7596,奥迪Q5L,64533,机油+机滤+火花塞更换,2024-10-26 10:05,59533
S7597,福特锐界,58969,刹车油+刹车片+轮胎更换,2025-08-19 14:05,48969
S7598,吉利博越,86608,机油+机滤+燃油滤芯更换,2024-05-07 11:13,81608
S7599,长城魏派VV7,94347,变速箱油+空调滤芯更换,2025-04-05 09:48,84347
S7600,奔驰E级,101893,大保养(机油+三滤+刹车油),2025-08-16 10:18,91893
S7601,丰田卡罗拉,142143,机油+机滤更换,2025-01-29 13:11,137143
S7602,大众朗逸,51247,空调滤芯+空气滤芯更换,2025-10-30 12:08,41247
S7603,本田思域,139830,变速箱油更换,2024-01-16 13:23,129830
S7604,比亚迪汉,119550,全车检查+轮胎换位,2025-10-10 17:15,109550
S7605,宝马3系,34543,大保养(机油+三滤+刹车油),2024-11-26 09:31,24543
S7606,福特蒙迪欧,57964,刹车油+刹车片更换,2025-11-29 16:10,47964
S7607,吉利星越L,73399,机油+机滤+空调滤芯更换,2024-12-02 11:13,68399
S7608,奥迪A4L,149647,变速箱油+火花塞更换,2024-12-25 09:41,139647
S7609,长城哈弗H6,142546,空气滤芯+燃油滤芯更换,2024-10-25 15:24,137546
S7610,奔驰C级,87385,大保养(机油+三滤+变速箱油),2024-06-10 14:27,77385
S7611,丰田凯美瑞,88525,刹车油+冷却液更换,2025-02-19 12:27,78525
S7612,大众帕萨特,80821,机油+机滤+空气滤芯更换,2025-09-25 09:15,75821
S7613,本田CR-V,137970,变速箱油+刹车油更换,2024-06-06 10:08,127970
S7614,比亚迪宋PLUS,81460,全车检查+空调滤芯更换,2025-02-07 09:06,76460
S7615,宝马5系,22375,大保养(机油+三滤+正时皮带),2024-04-11 14:51,12375
S7616,奥迪Q5L,70141,机油+机滤+火花塞更换,2024-05-14 08:45,65141
S7617,福特锐界,36862,刹车油+刹车片+轮胎更换,2025-05-04 17:06,26862
S7618,吉利博越,129985,机油+机滤+燃油滤芯更换,2025-12-23 12:00,124985
S7619,长城魏派VV7,32795,变速箱油+空调滤芯更换,2024-07-23 15:39,22795
S7620,奔驰E级,134666,大保养(机油+三滤+刹车油),2025-08-14 12:14,124666
S7621,丰田卡罗拉,105225,机油+机滤更换,2025-10-09 08:27,100225
S7622,大众朗逸,142782,空调滤芯+空气滤芯更换,2024-07-28 10:27,132782
S7623,本田思域,107421,变速箱油更换,2024-06-24 10:30,97421
S7624,比亚迪汉,35235,全车检查+轮胎换位,2025-05-24 10:27,25235
S7625,宝马3系,115371,大保养(机油+三滤+刹车油),2025-11-02 11:26,105371
S7626,福特蒙迪欧,40330,刹车油+刹车片更换,2024-03-09 14:30,30330
S7627,吉利星越L,69860,机油+机滤+空调滤芯更换,2024-08-28 09:13,64860
S7628,奥迪A4L,108993,变速箱油+火花塞更换,2024-04-26 10:44,98993
S7629,长城哈弗H6,112209,空气滤芯+燃油滤芯更换,2024-09-04 08:18,107209
S7630,奔驰C级,48570,大保养(机油+三滤+变速箱油),2025-11-28 11:12,38570
S7631,丰田凯美瑞,103195,刹车油+冷却液更换,2024-08-22 10:49,93195
S7632,大众帕萨特,30442,机油+机滤+空气滤芯更换,2024-12-18 09:09,25442
S7633,本田CR-V,108664,变速箱油+刹车油更换,2024-03-01 15:14,98664
S7634,比亚迪宋PLUS,23087,全车检查+空调滤芯更换,2025-01-15 12:27,18087
S7635,宝马5系,125655,大保养(机油+三滤+正时皮带),2024-10-18 15:10,115655
S7636,奥迪Q5L,103773,机油+机滤+火花塞更换,2025-03-05 14:23,98773
S7637,福特锐界,134804,刹车油+刹车片+轮胎更换,2024-02-09 11:26,124804
S7638,吉利博越,46785,机油+机滤+燃油滤芯更换,2025-09-05 17:47,41785
S7639,长城魏派VV7,41514,变速箱油+空调滤芯更换,2024-10-25 13:28,31514
S7640,奔驰E级,107014,大保养(机油+三滤+刹车油),2025-10-19 12:27,97014
S7641,丰田卡罗拉,111344,机油+机滤更换,2025-06-02 10:17,106344
S7642,大众朗逸,144482,空调滤芯+空气滤芯更换,2024-08-19 14:36,134482
S7643,本田思域,41095,变速箱油更换,2025-03-28 17:53,31095
S7644,比亚迪汉,110760,全车检查+轮胎换位,2024-08-22 15:56,100760
S7645,宝马3系,34816,大保养(机油+三滤+刹车油),2024-05-21 17:22,24816
S7646,福特蒙迪欧,96280,刹车油+刹车片更换,2024-09-24 13:21,86280
S7647,吉利星越L,117472,机油+机滤+空调滤芯更换,2024-04-08 17:09,112472
S7648,奥迪A4L,84966,变速箱油+火花塞更换,2025-10-25 08:24,74966
S7649,长城哈弗H6,116161,空气滤芯+燃油滤芯更换,2025-07-27 13:42,111161
S7650,奔驰C级,45706,大保养(机油+三滤+变速箱油),2024-12-30 13:43,35706
S7651,丰田凯美瑞,56542,刹车油+冷却液更换,2025-11-16 14:48,46542
S7652,大众帕萨特,141705,机油+机滤+空气滤芯更换,2025-10-10 11:31,136705
S7653,本田CR-V,147649,变速箱油+刹车油更换,2025-08-29 11:12,137649
S7654,比亚迪宋PLUS,80905,全车检查+空调滤芯更换,2025-05-09 15:35,75905
S7655,宝马5系,20768,大保养(机油+三滤+正时皮带),2025-11-02 15:16,10768
S7656,奥迪Q5L,59852,机油+机滤+火花塞更换,2024-09-05 14:18,54852
S7657,福特锐界,87760,刹车油+刹车片+轮胎更换,2024-03-20 11:44,77760
S7658,吉利博越,101007,机油+机滤+燃油滤芯更换,2025-06-05 08:07,96007
S7659,长城魏派VV7,85991,变速箱油+空调滤芯更换,2024-01-14 17:59,75991
S7660,奔驰E级,52723,大保养(机油+三滤+刹车油),2024-12-09 11:02,42723
S7661,丰田卡罗拉,22732,机油+机滤更换,2024-11-23 15:55,17732
S7662,大众朗逸,140977,空调滤芯+空气滤芯更换,2024-04-25 14:35,130977
S7663,本田思域,52989,变速箱油更换,2024-10-03 11:23,42989
S7664,比亚迪汉,77875,全车检查+轮胎换位,2025-06-29 12:35,67875
S7665,宝马3系,92622,大保养(机油+三滤+刹车油),2024-05-18 13:26,82622
S7666,福特蒙迪欧,96177,刹车油+刹车片更换,2024-04-18 16:59,86177
S7667,吉利星越L,57080,机油+机滤+空调滤芯更换,2025-06-19 08:30,52080
S7668,奥迪A4L,133327,变速箱油+火花塞更换,2024-05-21 08:08,123327
S7669,长城哈弗H6,28794,空气滤芯+燃油滤芯更换,2024-11-23 15:17,23794
S7670,奔驰C级,23418,大保养(机油+三滤+变速箱油),2024-10-13 15:42,13418
S7671,丰田凯美瑞,125625,刹车油+冷却液更换,2024-11-27 14:48,115625
S7672,大众帕萨特,87235,机油+机滤+空气滤芯更换,2025-06-01 12:39,82235
S7673,本田CR-V,119081,变速箱油+刹车油更换,2024-04-19 15:30,109081
S7674,比亚迪宋PLUS,65161,全车检查+空调滤芯更换,2025-04-21 16:39,60161
S7675,宝马5系,89570,大保养(机油+三滤+正时皮带),2025-08-31 12:16,79570
S7676,奥迪Q5L,51470,机油+机滤+火花塞更换,2024-07-26 09:13,46470
S7677,福特锐界,143508,刹车油+刹车片+轮胎更换,2024-12-26 12:42,133508
S7678,吉利博越,25115,机油+机滤+燃油滤芯更换,2025-02-18 11:28,20115
S7679,长城魏派VV7,132428,变速箱油+空调滤芯更换,2025-01-01 11:05,122428
S7680,奔驰E级,25623,大保养(机油+三滤+刹车油),2025-01-16 16:59,15623
S7681,丰田卡罗拉,97422,机油+机滤更换,2024-10-05 09:28,92422
S7682,大众朗逸,127277,空调滤芯+空气滤芯更换,2024-07-22 14:17,117277
S7683,本田思域,128476,变速箱油更换,2024-10-19 14:24,118476
S7684,比亚迪汉,120310,全车检查+轮胎换位,2025-06-06 11:40,110310
S7685,宝马3系,27433,大保养(机油+三滤+刹车油),2025-06-24 10:04,17433
S7686,福特蒙迪欧,138985,刹车油+刹车片更换,2025-04-30 12:08,128985
S7687,吉利星越L,57339,机油+机滤+空调滤芯更换,2024-06-14 11:57,52339
S7688,奥迪A4L,71277,变速箱油+火花塞更换,2025-12-18 14:06,61277
S7689,长城哈弗H6,147558,空气滤芯+燃油滤芯更换,2025-03-14 16:27,142558
S7690,奔驰C级,30357,大保养(机油+三滤+变速箱油),2024-06-13 10:34,20357
S7691,丰田凯美瑞,54896,刹车油+冷却液更换,2024-06-21 17:01,44896
S7692,大众帕萨特,31066,机油+机滤+空气滤芯更换,2025-07-16 13:38,26066
S7693,本田CR-V,72599,变速箱油+刹车油更换,2024-04-28 09:33,62599
S7694,比亚迪宋PLUS,111726,全车检查+空调滤芯更换,2024-08-24 08:32,106726
S7695,宝马5系,45719,大保养(机油+三滤+正时皮带),2025-07-07 16:42,35719
S7696,奥迪Q5L,66257,机油+机滤+火花塞更换,2024-07-03 17:53,61257
S7697,福特锐界,128035,刹车油+刹车片+轮胎更换,2025-06-05 14:21,118035
S7698,吉利博越,122104,机油+机滤+燃油滤芯更换,2025-12-25 08:16,117104
S7699,长城魏派VV7,127153,变速箱油+空调滤芯更换,2024-03-17 12:48,117153
S7700,奔驰E级,88785,大保养(机油+三滤+刹车油),2024-05-31 09:22,78785
S7701,丰田卡罗拉,76661,机油+机滤更换,2025-10-30 14:45,71661
S7702,大众朗逸,49177,空调滤芯+空气滤芯更换,2024-03-12 11:06,39177
S7703,本田思域,68428,变速箱油更换,2024-06-25 16:01,58428
S7704,比亚迪汉,55358,全车检查+轮胎换位,2024-06-12 16:19,45358
S7705,宝马3系,104855,大保养(机油+三滤+刹车油),2024-06-26 13:14,94855
S7706,福特蒙迪欧,36549,刹车油+刹车片更换,2025-07-24 16:08,26549
S7707,吉利星越L,145527,机油+机滤+空调滤芯更换,2025-10-13 09:06,140527
S7708,奥迪A4L,58716,变速箱油+火花塞更换,2025-09-09 17:07,48716
S7709,长城哈弗H6,96284,空气滤芯+燃油滤芯更换,2025-03-06 09:57,91284
S7710,奔驰C级,92483,大保养(机油+三滤+变速箱油),2024-11-09 17:22,82483
S7711,丰田凯美瑞,23887,刹车油+冷却液更换,2025-11-05 15:43,13887
S7712,大众帕萨特,56818,机油+机滤+空气滤芯更换,2024-02-02 08:15,51818
S7713,本田CR-V,50298,变速箱油+刹车油更换,2025-08-13 11:25,40298
S7714,比亚迪宋PLUS,133277,全车检查+空调滤芯更换,2025-11-21 09:35,128277
S7715,宝马5系,90774,大保养(机油+三滤+正时皮带),2024-09-15 13:51,80774
S7716,奥迪Q5L,70286,机油+机滤+火花塞更换,2024-02-23 10:02,65286
S7717,福特锐界,106583,刹车油+刹车片+轮胎更换,2025-06-16 11:45,96583
S7718,吉利博越,123351,机油+机滤+燃油滤芯更换,2025-12-03 15:35,118351
S7719,长城魏派VV7,21689,变速箱油+空调滤芯更换,2025-07-27 13:29,11689
S7720,奔驰E级,117686,大保养(机油+三滤+刹车油),2025-04-29 10:35,107686
S7721,丰田卡罗拉,83287,机油+机滤更换,2025-02-28 15:58,78287
S7722,大众朗逸,29618,空调滤芯+空气滤芯更换,2024-05-17 13:26,19618
S7723,本田思域,81668,变速箱油更换,2024-05-21 17:01,71668
S7724,比亚迪汉,121688,全车检查+轮胎换位,2025-12-07 16:52,111688
S7725,宝马3系,133948,大保养(机油+三滤+刹车油),2025-09-23 17:37,123948
S7726,福特蒙迪欧,127496,刹车油+刹车片更换,2025-11-02 13:29,117496
S7727,吉利星越L,23178,机油+机滤+空调滤芯更换,2024-08-30 14:36,18178
S7728,奥迪A4L,138869,变速箱油+火花塞更换,2024-10-22 08:16,128869
S7729,长城哈弗H6,123932,空气滤芯+燃油滤芯更换,2025-12-01 15:37,118932
S7730,奔驰C级,60130,大保养(机油+三滤+变速箱油),2024-05-27 13:14,50130
S7731,丰田凯美瑞,64656,刹车油+冷却液更换,2024-11-16 16:48,54656
S7732,大众帕萨特,77510,机油+机滤+空气滤芯更换,2025-05-08 10:49,72510
S7733,本田CR-V,146695,变速箱油+刹车油更换,2024-06-24 13:31,136695
S7734,比亚迪宋PLUS,126418,全车检查+空调滤芯更换,2025-08-17 16:58,121418
S7735,宝马5系,114650,大保养(机油+三滤+正时皮带),2024-01-24 08:05,104650
S7736,奥迪Q5L,122691,机油+机滤+火花塞更换,2024-01-14 14:54,117691
S7737,福特锐界,134751,刹车油+刹车片+轮胎更换,2024-03-15 10:21,124751
S7738,吉利博越,125151,机油+机滤+燃油滤芯更换,2024-05-16 17:39,120151
S7739,长城魏派VV7,39357,变速箱油+空调滤芯更换,2024-01-17 13:48,29357
S7740,奔驰E级,115315,大保养(机油+三滤+刹车油),2025-02-02 15:00,105315
S7741,丰田卡罗拉,58140,机油+机滤更换,2025-03-09 10:38,53140
S7742,大众朗逸,58903,空调滤芯+空气滤芯更换,2025-06-18 09:47,48903
S7743,本田思域,124031,变速箱油更换,2024-07-04 13:12,114031
S7744,比亚迪汉,56289,全车检查+轮胎换位,2024-04-24 16:21,46289
S7745,宝马3系,136075,大保养(机油+三滤+刹车油),2024-08-21 11:33,126075
S7746,福特蒙迪欧,49894,刹车油+刹车片更换,2024-02-23 14:20,39894
S7747,吉利星越L,101554,机油+机滤+空调滤芯更换,2024-12-11 10:34,96554
S7748,奥迪A4L,118728,变速箱油+火花塞更换,2024-12-15 10:28,108728
S7749,长城哈弗H6,73765,空气滤芯+燃油滤芯更换,2024-10-07 12:26,68765
S7750,奔驰C级,68335,大保养(机油+三滤+变速箱油),2024-09-19 14:30,58335
S7751,丰田凯美瑞,27024,刹车油+冷却液更换,2024-05-05 11:53,17024
S7752,大众帕萨特,72223,机油+机滤+空气滤芯更换,2025-10-20 09:27,67223
S7753,本田CR-V,29454,变速箱油+刹车油更换,2025-10-09 14:28,19454
S7754,比亚迪宋PLUS,143642,全车检查+空调滤芯更换,2025-03-13 11:26,138642
S7755,宝马5系,122006,大保养(机油+三滤+正时皮带),2025-12-14 12:23,112006
S7756,奥迪Q5L,106552,机油+机滤+火花塞更换,2024-10-24 11:44,101552
S7757,福特锐界,23858,刹车油+刹车片+轮胎更换,2024-01-17 16:36,13858
S7758,吉利博越,82263,机油+机滤+燃油滤芯更换,2024-10-31 08:20,77263
S7759,长城魏派VV7,26853,变速箱油+空调滤芯更换,2024-10-10 11:05,16853
S7760,奔驰E级,41679,大保养(机油+三滤+刹车油),2024-09-29 14:09,31679
S7761,丰田卡罗拉,45417,机油+机滤更换,2024-01-15 11:46,40417
S7762,大众朗逸,101441,空调滤芯+空气滤芯更换,2024-12-02 11:10,91441
S7763,本田思域,63385,变速箱油更换,2025-12-19 17:13,53385
S7764,比亚迪汉,128014,全车检查+轮胎换位,2025-09-22 08:12,118014
S7765,宝马3系,96077,大保养(机油+三滤+刹车油),2024-01-24 08:36,86077
S7766,福特蒙迪欧,26673,刹车油+刹车片更换,2025-12-23 14:01,16673
S7767,吉利星越L,102877,机油+机滤+空调滤芯更换,2025-08-02 09:27,97877
S7768,奥迪A4L,130469,变速箱油+火花塞更换,2025-03-12 15:24,120469
S7769,长城哈弗H6,148104,空气滤芯+燃油滤芯更换,2024-12-25 10:12,143104
S7770,奔驰C级,26975,大保养(机油+三滤+变速箱油),2025-09-11 15:23,16975
S7771,丰田凯美瑞,49233,刹车油+冷却液更换,2024-05-13 08:08,39233
S7772,大众帕萨特,47927,机油+机滤+空气滤芯更换,2025-09-29 17:03,42927
S7773,本田CR-V,139593,变速箱油+刹车油更换,2025-03-06 16:14,129593
S7774,比亚迪宋PLUS,102440,全车检查+空调滤芯更换,2025-04-03 08:37,97440
S7775,宝马5系,41625,大保养(机油+三滤+正时皮带),2025-08-26 09:38,31625
S7776,奥迪Q5L,134588,机油+机滤+火花塞更换,2025-07-23 17:00,129588
S7777,福特锐界,78213,刹车油+刹车片+轮胎更换,2025-01-16 10:23,68213
S7778,吉利博越,83870,机油+机滤+燃油滤芯更换,2025-07-05 11:46,78870
S7779,长城魏派VV7,101515,变速箱油+空调滤芯更换,2024-11-07 12:42,91515
S7780,奔驰E级,139042,大保养(机油+三滤+刹车油),2024-06-19 16:13,129042
S7781,丰田卡罗拉,144458,机油+机滤更换,2024-07-31 09:45,139458
S7782,大众朗逸,55840,空调滤芯+空气滤芯更换,2024-01-30 14:56,45840
S7783,本田思域,24763,变速箱油更换,2024-08-10 16:09,14763
S7784,比亚迪汉,37035,全车检查+轮胎换位,2025-09-17 16:35,27035
S7785,宝马3系,130998,大保养(机油+三滤+刹车油),2025-11-11 09:36,120998
S7786,福特蒙迪欧,113997,刹车油+刹车片更换,2025-08-13 13:47,103997
S7787,吉利星越L,61336,机油+机滤+空调滤芯更换,2025-11-20 09:28,56336
S7788,奥迪A4L,74652,变速箱油+火花塞更换,2024-07-16 12:34,64652
S7789,长城哈弗H6,23935,空气滤芯+燃油滤芯更换,2025-12-28 14:40,18935
S7790,奔驰C级,31399,大保养(机油+三滤+变速箱油),2025-04-18 14:33,21399
S7791,丰田凯美瑞,148088,刹车油+冷却液更换,2025-01-23 10:35,138088
S7792,大众帕萨特,81957,机油+机滤+空气滤芯更换,2025-02-02 14:16,76957
S7793,本田CR-V,30875,变速箱油+刹车油更换,2024-10-15 09:20,20875
S7794,比亚迪宋PLUS,93409,全车检查+空调滤芯更换,2025-08-21 10:37,88409
S7795,宝马5系,147249,大保养(机油+三滤+正时皮带),2024-01-12 10:27,137249
S7796,奥迪Q5L,73937,机油+机滤+火花塞更换,2024-10-26 15:53,68937
S7797,福特锐界,118694,刹车油+刹车片+轮胎更换,2024-01-28 12:19,108694
S7798,吉利博越,130746,机油+机滤+燃油滤芯更换,2024-02-03 15:55,125746
S7799,长城魏派VV7,54594,变速箱油+空调滤芯更换,2024-12-23 08:43,44594
S7800,奔驰E级,43563,大保养(机油+三滤+刹车油),2024-09-29 16:08,33563
S7801,丰田卡罗拉,115907,机油+机滤更换,2024-08-16 13:54,110907
S7802,大众朗逸,65539,空调滤芯+空气滤芯更换,2024-07-17 15:49,55539
S7803,本田思域,141102,变速箱油更换,2024-04-30 10:11,131102
S7804,比亚迪汉,22223,全车检查+轮胎换位,2024-07-14 13:39,12223
S7805,宝马3系,95123,大保养(机油+三滤+刹车油),2024-06-04 11:36,85123
S7806,福特蒙迪欧,145648,刹车油+刹车片更换,2024-02-14 11:21,135648
S7807,吉利星越L,35615,机油+机滤+空调滤芯更换,2024-06-07 16:08,30615
S7808,奥迪A4L,126225,变速箱油+火花塞更换,2024-07-02 13:13,116225
S7809,长城哈弗H6,72200,空气滤芯+燃油滤芯更换,2024-05-14 12:58,67200
S7810,奔驰C级,30805,大保养(机油+三滤+变速箱油),2024-02-15 08:28,20805
S7811,丰田凯美瑞,118032,刹车油+冷却液更换,2025-08-31 10:07,108032
S7812,大众帕萨特,40580,机油+机滤+空气滤芯更换,2024-06-29 16:07,35580
S7813,本田CR-V,129401,变速箱油+刹车油更换,2025-09-06 12:33,119401
S7814,比亚迪宋PLUS,64608,全车检查+空调滤芯更换,2025-12-08 15:03,59608
S7815,宝马5系,145604,大保养(机油+三滤+正时皮带),2025-11-18 13:03,135604
S7816,奥迪Q5L,62470,机油+机滤+火花塞更换,2024-05-28 11:19,57470
S7817,福特锐界,69170,刹车油+刹车片+轮胎更换,2025-12-27 09:43,59170
S7818,吉利博越,92548,机油+机滤+燃油滤芯更换,2025-03-12 09:10,87548
S7819,长城魏派VV7,78444,变速箱油+空调滤芯更换,2024-02-02 13:11,68444
S7820,奔驰E级,140460,大保养(机油+三滤+刹车油),2024-01-11 08:21,130460
S7821,丰田卡罗拉,68752,机油+机滤更换,2025-05-11 08:21,63752
S7822,大众朗逸,52337,空调滤芯+空气滤芯更换,2024-07-24 09:51,42337
S7823,本田思域,55688,变速箱油更换,2024-08-06 15:24,45688
S7824,比亚迪汉,31161,全车检查+轮胎换位,2024-12-06 11:39,21161
S7825,宝马3系,72508,大保养(机油+三滤+刹车油),2025-08-29 09:59,62508
S7826,福特蒙迪欧,140559,刹车油+刹车片更换,2024-10-09 17:24,130559
S7827,吉利星越L,86034,机油+机滤+空调滤芯更换,2025-08-21 12:24,81034
S7828,奥迪A4L,40227,变速箱油+火花塞更换,2024-09-21 14:24,30227
S7829,长城哈弗H6,34754,空气滤芯+燃油滤芯更换,2024-11-15 15:58,29754
S7830,奔驰C级,75400,大保养(机油+三滤+变速箱油),2025-03-03 10:12,65400
S7831,丰田凯美瑞,83204,刹车油+冷却液更换,2024-12-30 10:19,73204
S7832,大众帕萨特,76193,机油+机滤+空气滤芯更换,2025-03-18 09:18,71193
S7833,本田CR-V,138630,变速箱油+刹车油更换,2024-03-29 17:52,128630
S7834,比亚迪宋PLUS,94775,全车检查+空调滤芯更换,2025-04-02 11:22,89775
S7835,宝马5系,66345,大保养(机油+三滤+正时皮带),2025-04-24 14:54,56345
S7836,奥迪Q5L,49670,机油+机滤+火花塞更换,2025-04-24 09:27,44670
S7837,福特锐界,144966,刹车油+刹车片+轮胎更换,2025-02-09 11:51,134966
S7838,吉利博越,35043,机油+机滤+燃油滤芯更换,2024-03-26 15:53,30043
S7839,长城魏派VV7,62507,变速箱油+空调滤芯更换,2024-05-13 16:48,52507
S7840,奔驰E级,48870,大保养(机油+三滤+刹车油),2024-05-03 10:36,38870
S7841,丰田卡罗拉,146920,机油+机滤更换,2025-08-27 12:00,141920
S7842,大众朗逸,31152,空调滤芯+空气滤芯更换,2025-02-11 14:13,21152
S7843,本田思域,30370,变速箱油更换,2025-05-08 14:31,20370
S7844,比亚迪汉,108464,全车检查+轮胎换位,2025-12-18 12:53,98464
S7845,宝马3系,118029,大保养(机油+三滤+刹车油),2025-11-28 17:17,108029
S7846,福特蒙迪欧,120289,刹车油+刹车片更换,2024-12-28 14:38,110289
S7847,吉利星越L,140254,机油+机滤+空调滤芯更换,2025-09-09 17:05,135254
S7848,奥迪A4L,56921,变速箱油+火花塞更换,2024-04-03 13:56,46921
S7849,长城哈弗H6,140135,空气滤芯+燃油滤芯更换,2024-02-05 08:56,135135
S7850,奔驰C级,45619,大保养(机油+三滤+变速箱油),2025-12-20 12:14,35619
S7851,丰田凯美瑞,97291,刹车油+冷却液更换,2025-09-22 15:41,87291
S7852,大众帕萨特,85712,机油+机滤+空气滤芯更换,2024-01-14 16:12,80712
S7853,本田CR-V,120279,变速箱油+刹车油更换,2025-05-29 12:07,110279
S7854,比亚迪宋PLUS,104099,全车检查+空调滤芯更换,2024-12-15 15:54,99099
S7855,宝马5系,121336,大保养(机油+三滤+正时皮带),2024-03-24 13:48,111336
S7856,奥迪Q5L,29764,机油+机滤+火花塞更换,2025-10-29 16:39,24764
S7857,福特锐界,42459,刹车油+刹车片+轮胎更换,2024-08-27 14:28,32459
S7858,吉利博越,125346,机油+机滤+燃油滤芯更换,2024-04-02 08:01,120346
S7859,长城魏派VV7,34703,变速箱油+空调滤芯更换,2024-04-09 15:45,24703
S7860,奔驰E级,108709,大保养(机油+三滤+刹车油),2024-07-31 14:23,98709
S7861,丰田卡罗拉,113208,机油+机滤更换,2024-01-08 11:20,108208
S7862,大众朗逸,49701,空调滤芯+空气滤芯更换,2024-12-04 11:09,39701
S7863,本田思域,80645,变速箱油更换,2024-08-28 09:26,70645
S7864,比亚迪汉,64603,全车检查+轮胎换位,2025-06-02 12:30,54603
S7865,宝马3系,90923,大保养(机油+三滤+刹车油),2025-12-19 17:58,80923
S7866,福特蒙迪欧,103366,刹车油+刹车片更换,2025-03-14 10:04,93366
S7867,吉利星越L,138157,机油+机滤+空调滤芯更换,2024-06-14 09:13,133157
S7868,奥迪A4L,21161,变速箱油+火花塞更换,2025-10-05 14:52,11161
S7869,长城哈弗H6,72455,空气滤芯+燃油滤芯更换,2025-06-04 11:04,67455
S7870,奔驰C级,93676,大保养(机油+三滤+变速箱油),2024-08-12 13:16,83676
S7871,丰田凯美瑞,129896,刹车油+冷却液更换,2024-03-08 16:58,119896
S7872,大众帕萨特,45281,机油+机滤+空气滤芯更换,2025-11-23 14:31,40281
S7873,本田CR-V,75326,变速箱油+刹车油更换,2024-03-15 08:34,65326
S7874,比亚迪宋PLUS,47739,全车检查+空调滤芯更换,2025-04-22 17:06,42739
S7875,宝马5系,61532,大保养(机油+三滤+正时皮带),2025-03-02 08:36,51532
S7876,奥迪Q5L,120816,机油+机滤+火花塞更换,2025-07-15 08:24,115816
S7877,福特锐界,101845,刹车油+刹车片+轮胎更换,2024-08-14 13:15,91845
S7878,吉利博越,63302,机油+机滤+燃油滤芯更换,2025-05-22 15:51,58302
S7879,长城魏派VV7,42075,变速箱油+空调滤芯更换,2024-06-14 12:46,32075
S7880,奔驰E级,103361,大保养(机油+三滤+刹车油),2025-11-12 10:21,93361
S7881,丰田卡罗拉,136096,机油+机滤更换,2025-09-27 14:26,131096
S7882,大众朗逸,149421,空调滤芯+空气滤芯更换,2025-04-14 16:02,139421
S7883,本田思域,99777,变速箱油更换,2024-03-29 17:40,89777
S7884,比亚迪汉,129597,全车检查+轮胎换位,2024-09-16 17:39,119597
S7885,宝马3系,113481,大保养(机油+三滤+刹车油),2025-06-21 15:20,103481
S7886,福特蒙迪欧,99692,刹车油+刹车片更换,2024-05-13 11:33,89692
S7887,吉利星越L,79953,机油+机滤+空调滤芯更换,2024-08-06 17:17,74953
S7888,奥迪A4L,147615,变速箱油+火花塞更换,2024-08-31 13:21,137615
S7889,长城哈弗H6,126540,空气滤芯+燃油滤芯更换,2025-05-31 14:35,121540
S7890,奔驰C级,143732,大保养(机油+三滤+变速箱油),2025-06-03 11:50,133732
S7891,丰田凯美瑞,126338,刹车油+冷却液更换,2024-04-20 17:18,116338
S7892,大众帕萨特,45159,机油+机滤+空气滤芯更换,2024-03-27 11:19,40159
S7893,本田CR-V,27919,变速箱油+刹车油更换,2025-01-08 12:30,17919
S7894,比亚迪宋PLUS,107069,全车检查+空调滤芯更换,2025-04-16 16:58,102069
S7895,宝马5系,36948,大保养(机油+三滤+正时皮带),2024-03-22 08:14,26948
S7896,奥迪Q5L,91312,机油+机滤+火花塞更换,2025-09-08 10:36,86312
S7897,福特锐界,38762,刹车油+刹车片+轮胎更换,2025-11-22 16:05,28762
S7898,吉利博越,76498,机油+机滤+燃油滤芯更换,2025-08-24 09:17,71498
S7899,长城魏派VV7,105298,变速箱油+空调滤芯更换,2025-11-17 10:51,95298
S7900,奔驰E级,40343,大保养(机油+三滤+刹车油),2025-07-19 10:18,30343
S7901,丰田卡罗拉,39225,机油+机滤更换,2024-09-08 10:58,34225
S7902,大众朗逸,145831,空调滤芯+空气滤芯更换,2025-09-17 08:06,135831
S7903,本田思域,88136,变速箱油更换,2025-04-27 14:40,78136
S7904,比亚迪汉,73276,全车检查+轮胎换位,2024-01-20 16:12,63276
S7905,宝马3系,61851,大保养(机油+三滤+刹车油),2024-11-08 16:47,51851
S7906,福特蒙迪欧,100678,刹车油+刹车片更换,2024-06-24 14:44,90678
S7907,吉利星越L,94742,机油+机滤+空调滤芯更换,2025-03-27 15:56,89742
S7908,奥迪A4L,138959,变速箱油+火花塞更换,2024-12-15 09:19,128959
S7909,长城哈弗H6,35671,空气滤芯+燃油滤芯更换,2025-04-09 10:37,30671
S7910,奔驰C级,105222,大保养(机油+三滤+变速箱油),2025-05-05 13:25,95222
S7911,丰田凯美瑞,128758,刹车油+冷却液更换,2024-03-10 14:15,118758
S7912,大众帕萨特,23325,机油+机滤+空气滤芯更换,2024-01-26 08:54,18325
S7913,本田CR-V,126344,变速箱油+刹车油更换,2024-03-06 17:45,116344
S7914,比亚迪宋PLUS,132438,全车检查+空调滤芯更换,2025-06-04 16:54,127438
S7915,宝马5系,72051,大保养(机油+三滤+正时皮带),2024-06-12 14:04,62051
S7916,奥迪Q5L,77833,机油+机滤+火花塞更换,2024-11-26 15:13,72833
S7917,福特锐界,51136,刹车油+刹车片+轮胎更换,2024-09-03 11:04,41136
S7918,吉利博越,82768,机油+机滤+燃油滤芯更换,2025-08-17 16:05,77768
S7919,长城魏派VV7,79976,变速箱油+空调滤芯更换,2025-06-25 16:43,69976
S7920,奔驰E级,69919,大保养(机油+三滤+刹车油),2024-09-05 14:41,59919
S7921,丰田卡罗拉,20186,机油+机滤更换,2024-01-23 14:13,15186
S7922,大众朗逸,56362,空调滤芯+空气滤芯更换,2025-10-26 13:04,46362
S7923,本田思域,32259,变速箱油更换,2024-03-22 09:20,22259
S7924,比亚迪汉,115374,全车检查+轮胎换位,2024-05-25 15:57,105374
S7925,宝马3系,68232,大保养(机油+三滤+刹车油),2024-02-09 10:52,58232
S7926,福特蒙迪欧,88419,刹车油+刹车片更换,2025-10-10 10:28,78419
S7927,吉利星越L,81035,机油+机滤+空调滤芯更换,2024-03-07 08:48,76035
S7928,奥迪A4L,123805,变速箱油+火花塞更换,2025-12-10 13:00,113805
S7929,长城哈弗H6,108987,空气滤芯+燃油滤芯更换,2024-05-01 09:07,103987
S7930,奔驰C级,51020,大保养(机油+三滤+变速箱油),2024-02-09 15:16,41020
S7931,丰田凯美瑞,91506,刹车油+冷却液更换,2025-06-13 11:08,81506
S7932,大众帕萨特,108627,机油+机滤+空气滤芯更换,2024-04-17 13:17,103627
S7933,本田CR-V,137288,变速箱油+刹车油更换,2024-04-14 17:19,127288
S7934,比亚迪宋PLUS,73020,全车检查+空调滤芯更换,2024-11-14 09:35,68020
S7935,宝马5系,149303,大保养(机油+三滤+正时皮带),2025-12-15 14:21,139303
S7936,奥迪Q5L,142974,机油+机滤+火花塞更换,2025-03-22 11:18,137974
S7937,福特锐界,112395,刹车油+刹车片+轮胎更换,2024-01-21 17:50,102395
S7938,吉利博越,95612,机油+机滤+燃油滤芯更换,2025-12-16 09:52,90612
S7939,长城魏派VV7,69147,变速箱油+空调滤芯更换,2024-04-07 09:11,59147
S7940,奔驰E级,113663,大保养(机油+三滤+刹车油),2024-04-07 10:09,103663
S7941,丰田卡罗拉,46936,机油+机滤更换,2024-12-01 13:36,41936
S7942,大众朗逸,128858,空调滤芯+空气滤芯更换,2025-10-03 14:28,118858
S7943,本田思域,129843,变速箱油更换,2025-01-21 15:50,119843
S7944,比亚迪汉,71912,全车检查+轮胎换位,2024-06-13 09:01,61912
S7945,宝马3系,148040,大保养(机油+三滤+刹车油),2024-12-27 14:54,138040
S7946,福特蒙迪欧,98534,刹车油+刹车片更换,2025-02-16 11:20,88534
S7947,吉利星越L,62776,机油+机滤+空调滤芯更换,2024-06-17 10:51,57776
S7948,奥迪A4L,86249,变速箱油+火花塞更换,2024-11-22 10:24,76249
S7949,长城哈弗H6,95813,空气滤芯+燃油滤芯更换,2024-02-14 17:41,90813
S7950,奔驰C级,91381,大保养(机油+三滤+变速箱油),2025-12-07 15:11,81381
S7951,丰田凯美瑞,149755,刹车油+冷却液更换,2025-12-18 16:15,139755
S7952,大众帕萨特,69296,机油+机滤+空气滤芯更换,2025-01-04 08:04,64296
S7953,本田CR-V,68315,变速箱油+刹车油更换,2025-10-26 08:53,58315
S7954,比亚迪宋PLUS,28618,全车检查+空调滤芯更换,2024-02-04 17:52,23618
S7955,宝马5系,87940,大保养(机油+三滤+正时皮带),2024-05-04 09:47,77940
S7956,奥迪Q5L,66656,机油+机滤+火花塞更换,2024-06-04 12:15,61656
S7957,福特锐界,51993,刹车油+刹车片+轮胎更换,2025-12-12 09:12,41993
S7958,吉利博越,20799,机油+机滤+燃油滤芯更换,2025-08-29 15:05,15799
S7959,长城魏派VV7,41093,变速箱油+空调滤芯更换,2025-09-30 09:29,31093
S7960,奔驰E级,87801,大保养(机油+三滤+刹车油),2024-07-15 17:42,77801
S7961,丰田卡罗拉,145402,机油+机滤更换,2024-02-10 10:38,140402
S7962,大众朗逸,24007,空调滤芯+空气滤芯更换,2025-03-29 17:56,14007
S7963,本田思域,47606,变速箱油更换,2024-11-24 08:31,37606
S7964,比亚迪汉,141902,全车检查+轮胎换位,2025-09-09 16:48,131902
S7965,宝马3系,123513,大保养(机油+三滤+刹车油),2024-07-19 14:59,113513
S7966,福特蒙迪欧,116404,刹车油+刹车片更换,2025-08-28 14:53,106404
S7967,吉利星越L,49686,机油+机滤+空调滤芯更换,2025-11-15 10:05,44686
S7968,奥迪A4L,66724,变速箱油+火花塞更换,2025-12-23 10:38,56724
S7969,长城哈弗H6,38798,空气滤芯+燃油滤芯更换,2024-10-22 17:25,33798
S7970,奔驰C级,73104,大保养(机油+三滤+变速箱油),2024-01-30 17:38,63104
S7971,丰田凯美瑞,28955,刹车油+冷却液更换,2024-08-29 16:30,18955
S7972,大众帕萨特,48365,机油+机滤+空气滤芯更换,2024-02-22 09:07,43365
S7973,本田CR-V,115723,变速箱油+刹车油更换,2025-07-24 15:09,105723
S7974,比亚迪宋PLUS,46247,全车检查+空调滤芯更换,2025-08-08 17:07,41247
S7975,宝马5系,105073,大保养(机油+三滤+正时皮带),2024-03-31 10:37,95073
S7976,奥迪Q5L,149493,机油+机滤+火花塞更换,2024-02-03 15:17,144493
S7977,福特锐界,140960,刹车油+刹车片+轮胎更换,2025-01-16 08:19,130960
S7978,吉利博越,45702,机油+机滤+燃油滤芯更换,2025-01-09 11:05,40702
S7979,长城魏派VV7,88999,变速箱油+空调滤芯更换,2025-11-27 11:29,78999
S7980,奔驰E级,41091,大保养(机油+三滤+刹车油),2025-10-20 14:31,31091
S7981,丰田卡罗拉,141429,机油+机滤更换,2025-12-24 12:35,136429
S7982,大众朗逸,23069,空调滤芯+空气滤芯更换,2025-07-22 10:33,13069
S7983,本田思域,81449,变速箱油更换,2024-08-14 12:47,71449
S7984,比亚迪汉,146044,全车检查+轮胎换位,2025-09-21 09:37,136044
S7985,宝马3系,77872,大保养(机油+三滤+刹车油),2024-08-12 10:00,67872
S7986,福特蒙迪欧,33934,刹车油+刹车片更换,2024-03-01 16:07,23934
S7987,吉利星越L,128843,机油+机滤+空调滤芯更换,2024-04-10 13:22,123843
S7988,奥迪A4L,87132,变速箱油+火花塞更换,2025-07-26 09:55,77132
S7989,长城哈弗H6,81587,空气滤芯+燃油滤芯更换,2025-12-10 10:32,76587
S7990,奔驰C级,124953,大保养(机油+三滤+变速箱油),2024-01-23 12:08,114953
S7991,丰田凯美瑞,25865,刹车油+冷却液更换,2025-10-07 17:47,15865
S7992,大众帕萨特,106476,机油+机滤+空气滤芯更换,2024-07-29 14:41,101476
S7993,本田CR-V,124335,变速箱油+刹车油更换,2025-10-29 08:44,114335
S7994,比亚迪宋PLUS,115624,全车检查+空调滤芯更换,2024-12-03 08:26,110624
S7995,宝马5系,57926,大保养(机油+三滤+正时皮带),2024-12-26 09:31,47926
S7996,奥迪Q5L,32509,机油+机滤+火花塞更换,2025-08-14 14:45,27509
S7997,福特锐界,47746,刹车油+刹车片+轮胎更换,2025-06-05 09:11,37746
S7998,吉利博越,29754,机油+机滤+燃油滤芯更换,2024-03-19 09:10,24754
S7999,长城魏派VV7,58636,变速箱油+空调滤芯更换,2024-02-19 12:28,48636
S8000,奔驰E级,67754,大保养(机油+三滤+刹车油),2024-10-28 08:44,57754
S8001,丰田卡罗拉,126095,机油+机滤更换,2024-10-16 15:02,121095
S8002,大众朗逸,130749,空调滤芯+空气滤芯更换,2025-08-18 11:26,120749
S8003,本田思域,97968,变速箱油更换,2024-12-15 13:25,87968
S8004,比亚迪汉,68351,全车检查+轮胎换位,2025-11-19 15:09,58351
S8005,宝马3系,79459,大保养(机油+三滤+刹车油),2025-06-24 13:21,69459
S8006,福特蒙迪欧,148350,刹车油+刹车片更换,2025-01-15 15:08,138350
S8007,吉利星越L,41470,机油+机滤+空调滤芯更换,2025-05-18 11:00,36470
S8008,奥迪A4L,72967,变速箱油+火花塞更换,2024-04-19 14:54,62967
S8009,长城哈弗H6,87093,空气滤芯+燃油滤芯更换,2024-10-12 16:06,82093
S8010,奔驰C级,112312,大保养(机油+三滤+变速箱油),2025-09-06 08:52,102312
S8011,丰田凯美瑞,124556,刹车油+冷却液更换,2025-09-19 16:44,114556
S8012,大众帕萨特,83514,机油+机滤+空气滤芯更换,2024-04-22 09:24,78514
S8013,本田CR-V,125166,变速箱油+刹车油更换,2025-04-30 14:32,115166
S8014,比亚迪宋PLUS,121463,全车检查+空调滤芯更换,2024-01-20 08:13,116463
S8015,宝马5系,49060,大保养(机油+三滤+正时皮带),2025-06-18 11:49,39060
S8016,奥迪Q5L,114431,机油+机滤+火花塞更换,2024-03-29 12:57,109431
S8017,福特锐界,92713,刹车油+刹车片+轮胎更换,2024-03-13 16:56,82713
S8018,吉利博越,137254,机油+机滤+燃油滤芯更换,2024-03-20 17:55,132254
S8019,长城魏派VV7,71759,变速箱油+空调滤芯更换,2024-02-04 12:50,61759
S8020,奔驰E级,130983,大保养(机油+三滤+刹车油),2025-12-25 16:29,120983
S8021,丰田卡罗拉,70683,机油+机滤更换,2025-07-04 10:51,65683
S8022,大众朗逸,21091,空调滤芯+空气滤芯更换,2024-09-04 17:20,11091
S8023,本田思域,32055,变速箱油更换,2025-08-03 13:39,22055
S8024,比亚迪汉,53380,全车检查+轮胎换位,2024-09-08 15:39,43380
S8025,宝马3系,65705,大保养(机油+三滤+刹车油),2024-04-30 17:52,55705
S8026,福特蒙迪欧,103283,刹车油+刹车片更换,2024-04-07 17:16,93283
S8027,吉利星越L,78876,机油+机滤+空调滤芯更换,2025-07-25 17:31,73876
S8028,奥迪A4L,65756,变速箱油+火花塞更换,2024-05-12 16:28,55756
S8029,长城哈弗H6,65513,空气滤芯+燃油滤芯更换,2025-02-19 16:56,60513
S8030,奔驰C级,138246,大保养(机油+三滤+变速箱油),2024-10-12 15:49,128246
S8031,丰田凯美瑞,134920,刹车油+冷却液更换,2025-03-06 15:47,124920
S8032,大众帕萨特,37489,机油+机滤+空气滤芯更换,2025-11-10 09:55,32489
S8033,本田CR-V,105511,变速箱油+刹车油更换,2024-02-05 12:03,95511
S8034,比亚迪宋PLUS,106308,全车检查+空调滤芯更换,2024-03-26 11:38,101308
S8035,宝马5系,81411,大保养(机油+三滤+正时皮带),2024-09-30 15:15,71411
S8036,奥迪Q5L,29101,机油+机滤+火花塞更换,2025-04-11 11:32,24101
S8037,福特锐界,120279,刹车油+刹车片+轮胎更换,2025-01-05 10:28,110279
S8038,吉利博越,133691,机油+机滤+燃油滤芯更换,2025-02-18 14:56,128691
S8039,长城魏派VV7,101282,变速箱油+空调滤芯更换,2024-07-22 10:04,91282
S8040,奔驰E级,101886,大保养(机油+三滤+刹车油),2025-10-14 15:26,91886
S8041,丰田卡罗拉,83238,机油+机滤更换,2024-05-12 16:11,78238
S8042,大众朗逸,109412,空调滤芯+空气滤芯更换,2025-08-09 15:04,99412
S8043,本田思域,122777,变速箱油更换,2025-01-03 08:46,112777
S8044,比亚迪汉,57724,全车检查+轮胎换位,2024-01-24 12:12,47724
S8045,宝马3系,80817,大保养(机油+三滤+刹车油),2024-01-29 15:36,70817
S8046,福特蒙迪欧,126819,刹车油+刹车片更换,2024-05-12 15:27,116819
S8047,吉利星越L,32062,机油+机滤+空调滤芯更换,2024-08-14 14:48,27062
S8048,奥迪A4L,141679,变速箱油+火花塞更换,2024-01-07 16:42,131679
S8049,长城哈弗H6,120883,空气滤芯+燃油滤芯更换,2024-09-29 17:50,115883
S8050,奔驰C级,98642,大保养(机油+三滤+变速箱油),2025-09-05 15:35,88642
S8051,丰田凯美瑞,46369,刹车油+冷却液更换,2024-03-19 13:52,36369
S8052,大众帕萨特,101412,机油+机滤+空气滤芯更换,2024-08-16 12:02,96412
S8053,本田CR-V,48281,变速箱油+刹车油更换,2024-03-08 10:28,38281
S8054,比亚迪宋PLUS,69892,全车检查+空调滤芯更换,2024-11-10 15:45,64892
S8055,宝马5系,31566,大保养(机油+三滤+正时皮带),2025-11-06 12:58,21566
S8056,奥迪Q5L,122107,机油+机滤+火花塞更换,2025-03-22 15:51,117107
S8057,福特锐界,37411,刹车油+刹车片+轮胎更换,2024-07-09 14:13,27411
S8058,吉利博越,118785,机油+机滤+燃油滤芯更换,2024-03-29 11:10,113785
S8059,长城魏派VV7,126912,变速箱油+空调滤芯更换,2024-06-18 15:34,116912
S8060,奔驰E级,97586,大保养(机油+三滤+刹车油),2024-06-18 11:55,87586
S8061,丰田卡罗拉,46810,机油+机滤更换,2024-01-30 12:35,41810
S8062,大众朗逸,27793,空调滤芯+空气滤芯更换,2024-07-16 11:05,17793
S8063,本田思域,71927,变速箱油更换,2024-04-06 13:57,61927
S8064,比亚迪汉,45155,全车检查+轮胎换位,2025-05-05 10:37,35155
S8065,宝马3系,61856,大保养(机油+三滤+刹车油),2025-03-22 09:30,51856
S8066,福特蒙迪欧,132318,刹车油+刹车片更换,2025-07-16 16:04,122318
S8067,吉利星越L,32374,机油+机滤+空调滤芯更换,2025-02-14 10:06,27374
S8068,奥迪A4L,83199,变速箱油+火花塞更换,2025-11-03 10:05,73199
S8069,长城哈弗H6,40153,空气滤芯+燃油滤芯更换,2025-07-02 14:34,35153
S8070,奔驰C级,44575,大保养(机油+三滤+变速箱油),2025-12-02 12:06,34575
S8071,丰田凯美瑞,46470,刹车油+冷却液更换,2024-09-18 14:23,36470
S8072,大众帕萨特,102167,机油+机滤+空气滤芯更换,2024-05-02 09:30,97167
S8073,本田CR-V,111839,变速箱油+刹车油更换,2025-05-17 16:41,101839
S8074,比亚迪宋PLUS,32028,全车检查+空调滤芯更换,2024-05-03 15:55,27028
S8075,宝马5系,54506,大保养(机油+三滤+正时皮带),2025-02-17 11:22,44506
S8076,奥迪Q5L,69281,机油+机滤+火花塞更换,2025-02-08 16:07,64281
S8077,福特锐界,83304,刹车油+刹车片+轮胎更换,2025-02-19 16:59,73304
S8078,吉利博越,51101,机油+机滤+燃油滤芯更换,2024-08-10 09:11,46101
S8079,长城魏派VV7,65309,变速箱油+空调滤芯更换,2025-06-25 08:38,55309
S8080,奔驰E级,56363,大保养(机油+三滤+刹车油),2025-01-08 11:57,46363
S8081,丰田卡罗拉,140621,机油+机滤更换,2024-01-06 14:58,135621
S8082,大众朗逸,43042,空调滤芯+空气滤芯更换,2024-06-28 13:40,33042
S8083,本田思域,143067,变速箱油更换,2024-05-22 12:50,133067
S8084,比亚迪汉,96246,全车检查+轮胎换位,2025-12-21 13:34,86246
S8085,宝马3系,59715,大保养(机油+三滤+刹车油),2025-04-16 13:59,49715
S8086,福特蒙迪欧,66897,刹车油+刹车片更换,2024-12-05 08:44,56897
S8087,吉利星越L,109461,机油+机滤+空调滤芯更换,2025-09-06 15:42,104461
S8088,奥迪A4L,137774,变速箱油+火花塞更换,2025-08-20 08:30,127774
S8089,长城哈弗H6,145097,空气滤芯+燃油滤芯更换,2025-03-08 17:26,140097
S8090,奔驰C级,71631,大保养(机油+三滤+变速箱油),2024-09-09 09:10,61631
S8091,丰田凯美瑞,136811,刹车油+冷却液更换,2025-10-31 08:32,126811
S8092,大众帕萨特,28720,机油+机滤+空气滤芯更换,2025-04-13 17:41,23720
S8093,本田CR-V,53086,变速箱油+刹车油更换,2025-09-06 09:27,43086
S8094,比亚迪宋PLUS,147006,全车检查+空调滤芯更换,2025-03-25 13:49,142006
S8095,宝马5系,84714,大保养(机油+三滤+正时皮带),2024-10-21 14:54,74714
S8096,奥迪Q5L,20617,机油+机滤+火花塞更换,2024-03-06 08:43,15617
S8097,福特锐界,46837,刹车油+刹车片+轮胎更换,2024-01-24 10:51,36837
S8098,吉利博越,63387,机油+机滤+燃油滤芯更换,2024-12-03 17:39,58387
S8099,长城魏派VV7,28287,变速箱油+空调滤芯更换,2024-11-29 11:17,18287
S8100,奔驰E级,148170,大保养(机油+三滤+刹车油),2025-12-01 14:01,138170
S8101,丰田卡罗拉,134303,机油+机滤更换,2024-09-27 14:00,129303
S8102,大众朗逸,61914,空调滤芯+空气滤芯更换,2024-01-13 09:03,51914
S8103,本田思域,78860,变速箱油更换,2025-06-14 14:46,68860
S8104,比亚迪汉,20043,全车检查+轮胎换位,2025-08-17 11:31,10043
S8105,宝马3系,94401,大保养(机油+三滤+刹车油),2024-12-18 14:25,84401
S8106,福特蒙迪欧,106187,刹车油+刹车片更换,2025-07-10 11:37,96187
S8107,吉利星越L,31605,机油+机滤+空调滤芯更换,2025-03-24 11:36,26605
S8108,奥迪A4L,137733,变速箱油+火花塞更换,2025-07-13 17:17,127733
S8109,长城哈弗H6,20073,空气滤芯+燃油滤芯更换,2025-02-12 17:51,15073
S8110,奔驰C级,44059,大保养(机油+三滤+变速箱油),2024-04-12 08:47,34059
S8111,丰田凯美瑞,69575,刹车油+冷却液更换,2025-08-08 13:42,59575
S8112,大众帕萨特,35104,机油+机滤+空气滤芯更换,2024-07-01 13:03,30104
S8113,本田CR-V,34165,变速箱油+刹车油更换,2025-08-04 14:13,24165
S8114,比亚迪宋PLUS,103510,全车检查+空调滤芯更换,2025-08-06 08:59,98510
S8115,宝马5系,98454,大保养(机油+三滤+正时皮带),2024-11-29 15:54,88454
S8116,奥迪Q5L,146886,机油+机滤+火花塞更换,2024-04-17 14:58,141886
S8117,福特锐界,85513,刹车油+刹车片+轮胎更换,2024-01-03 10:59,75513
S8118,吉利博越,135860,机油+机滤+燃油滤芯更换,2024-08-07 13:22,130860
S8119,长城魏派VV7,50590,变速箱油+空调滤芯更换,2024-11-23 10:33,40590
S8120,奔驰E级,40608,大保养(机油+三滤+刹车油),2025-09-25 08:19,30608
S8121,丰田卡罗拉,139845,机油+机滤更换,2024-01-19 17:55,134845
S8122,大众朗逸,125331,空调滤芯+空气滤芯更换,2024-08-05 09:29,115331
S8123,本田思域,129916,变速箱油更换,2025-12-30 10:19,119916
S8124,比亚迪汉,37309,全车检查+轮胎换位,2025-12-17 09:04,27309
S8125,宝马3系,140468,大保养(机油+三滤+刹车油),2024-08-14 15:55,130468
S8126,福特蒙迪欧,131332,刹车油+刹车片更换,2024-04-24 12:59,121332
S8127,吉利星越L,139135,机油+机滤+空调滤芯更换,2025-01-06 10:25,134135
S8128,奥迪A4L,123159,变速箱油+火花塞更换,2024-09-24 14:49,113159
S8129,长城哈弗H6,114976,空气滤芯+燃油滤芯更换,2025-08-29 12:34,109976
S8130,奔驰C级,149075,大保养(机油+三滤+变速箱油),2025-08-22 11:30,139075
S8131,丰田凯美瑞,69361,刹车油+冷却液更换,2025-02-04 10:40,59361
S8132,大众帕萨特,105286,机油+机滤+空气滤芯更换,2025-10-23 11:57,100286
S8133,本田CR-V,54046,变速箱油+刹车油更换,2024-05-23 17:48,44046
S8134,比亚迪宋PLUS,111420,全车检查+空调滤芯更换,2025-05-07 14:49,106420
S8135,宝马5系,106157,大保养(机油+三滤+正时皮带),2024-05-11 15:27,96157
S8136,奥迪Q5L,106827,机油+机滤+火花塞更换,2025-04-18 11:54,101827
S8137,福特锐界,86072,刹车油+刹车片+轮胎更换,2024-07-10 14:05,76072
S8138,吉利博越,23967,机油+机滤+燃油滤芯更换,2025-06-21 14:34,18967
S8139,长城魏派VV7,101386,变速箱油+空调滤芯更换,2024-10-02 09:47,91386
S8140,奔驰E级,81736,大保养(机油+三滤+刹车油),2024-03-19 12:23,71736
S8141,丰田卡罗拉,129648,机油+机滤更换,2024-01-28 12:53,124648
S8142,大众朗逸,35436,空调滤芯+空气滤芯更换,2024-01-31 10:27,25436
S8143,本田思域,43713,变速箱油更换,2024-02-14 13:55,33713
S8144,比亚迪汉,118424,全车检查+轮胎换位,2025-11-12 17:31,108424
S8145,宝马3系,141543,大保养(机油+三滤+刹车油),2025-08-02 08:07,131543
S8146,福特蒙迪欧,60902,刹车油+刹车片更换,2024-09-03 09:44,50902
S8147,吉利星越L,127186,机油+机滤+空调滤芯更换,2024-11-05 11:35,122186
S8148,奥迪A4L,54879,变速箱油+火花塞更换,2024-01-07 13:06,44879
S8149,长城哈弗H6,50973,空气滤芯+燃油滤芯更换,2024-05-04 14:01,45973
S8150,奔驰C级,149566,大保养(机油+三滤+变速箱油),2025-02-22 14:29,139566
S8151,丰田凯美瑞,56492,刹车油+冷却液更换,2024-02-08 09:57,46492
S8152,大众帕萨特,127399,机油+机滤+空气滤芯更换,2025-05-02 09:33,122399
S8153,本田CR-V,36242,变速箱油+刹车油更换,2025-08-08 12:52,26242
S8154,比亚迪宋PLUS,61458,全车检查+空调滤芯更换,2025-10-26 16:09,56458
S8155,宝马5系,99494,大保养(机油+三滤+正时皮带),2025-04-13 16:14,89494
S8156,奥迪Q5L,141827,机油+机滤+火花塞更换,2025-11-06 17:35,136827
S8157,福特锐界,25561,刹车油+刹车片+轮胎更换,2024-11-23 08:43,15561
S8158,吉利博越,24162,机油+机滤+燃油滤芯更换,2025-03-24 11:14,19162
S8159,长城魏派VV7,74002,变速箱油+空调滤芯更换,2024-05-30 09:27,64002
S8160,奔驰E级,142697,大保养(机油+三滤+刹车油),2025-10-29 15:17,132697
S8161,丰田卡罗拉,95546,机油+机滤更换,2024-08-11 14:19,90546
S8162,大众朗逸,145453,空调滤芯+空气滤芯更换,2025-06-23 12:54,135453
S8163,本田思域,57257,变速箱油更换,2024-08-04 15:46,47257
S8164,比亚迪汉,121474,全车检查+轮胎换位,2025-09-20 15:46,111474
S8165,宝马3系,126832,大保养(机油+三滤+刹车油),2025-06-27 11:59,116832
S8166,福特蒙迪欧,24803,刹车油+刹车片更换,2025-03-22 11:42,14803
S8167,吉利星越L,56768,机油+机滤+空调滤芯更换,2024-07-03 15:37,51768
S8168,奥迪A4L,131370,变速箱油+火花塞更换,2024-08-28 16:12,121370
S8169,长城哈弗H6,56857,空气滤芯+燃油滤芯更换,2025-03-07 12:34,51857
S8170,奔驰C级,122054,大保养(机油+三滤+变速箱油),2024-12-28 12:56,112054
S8171,丰田凯美瑞,146340,刹车油+冷却液更换,2024-03-29 12:13,136340
S8172,大众帕萨特,135194,机油+机滤+空气滤芯更换,2024-08-01 10:45,130194
S8173,本田CR-V,104310,变速箱油+刹车油更换,2024-12-06 15:29,94310
S8174,比亚迪宋PLUS,20323,全车检查+空调滤芯更换,2024-01-13 17:08,15323
S8175,宝马5系,111750,大保养(机油+三滤+正时皮带),2025-08-19 16:51,101750
S8176,奥迪Q5L,147579,机油+机滤+火花塞更换,2024-12-04 09:08,142579
S8177,福特锐界,47160,刹车油+刹车片+轮胎更换,2024-01-30 09:52,37160
S8178,吉利博越,81204,机油+机滤+燃油滤芯更换,2024-10-02 14:44,76204
S8179,长城魏派VV7,71501,变速箱油+空调滤芯更换,2025-04-27 16:12,61501
S8180,奔驰E级,84610,大保养(机油+三滤+刹车油),2025-11-02 10:21,74610
S8181,丰田卡罗拉,34372,机油+机滤更换,2024-05-26 09:43,29372
S8182,大众朗逸,57798,空调滤芯+空气滤芯更换,2024-01-24 13:46,47798
S8183,本田思域,83446,变速箱油更换,2025-09-07 17:08,73446
S8184,比亚迪汉,114058,全车检查+轮胎换位,2025-03-03 10:09,104058
S8185,宝马3系,76996,大保养(机油+三滤+刹车油),2025-03-21 11:01,66996
S8186,福特蒙迪欧,41889,刹车油+刹车片更换,2024-08-03 12:40,31889
S8187,吉利星越L,25364,机油+机滤+空调滤芯更换,2025-02-10 14:48,20364
S8188,奥迪A4L,29545,变速箱油+火花塞更换,2024-04-01 13:51,19545
S8189,长城哈弗H6,130274,空气滤芯+燃油滤芯更换,2025-05-03 10:40,125274
S8190,奔驰C级,24673,大保养(机油+三滤+变速箱油),2024-10-23 17:43,14673
S8191,丰田凯美瑞,105034,刹车油+冷却液更换,2025-03-05 11:28,95034
S8192,大众帕萨特,83429,机油+机滤+空气滤芯更换,2025-06-12 13:17,78429
S8193,本田CR-V,129978,变速箱油+刹车油更换,2025-05-10 09:21,119978
S8194,比亚迪宋PLUS,83272,全车检查+空调滤芯更换,2024-09-02 16:23,78272
S8195,宝马5系,73246,大保养(机油+三滤+正时皮带),2024-01-08 11:11,63246
S8196,奥迪Q5L,42254,机油+机滤+火花塞更换,2024-12-02 14:14,37254
S8197,福特锐界,74228,刹车油+刹车片+轮胎更换,2025-01-28 12:46,64228
S8198,吉利博越,43573,机油+机滤+燃油滤芯更换,2025-08-20 16:27,38573
S8199,长城魏派VV7,137901,变速箱油+空调滤芯更换,2024-02-02 10:05,127901
S8200,奔驰E级,69701,大保养(机油+三滤+刹车油),2024-03-04 13:13,59701
S8201,丰田卡罗拉,136882,机油+机滤更换,2025-08-24 11:32,131882
S8202,大众朗逸,90133,空调滤芯+空气滤芯更换,2025-08-13 17:31,80133
S8203,本田思域,58904,变速箱油更换,2024-11-29 15:44,48904
S8204,比亚迪汉,106366,全车检查+轮胎换位,2024-04-23 15:18,96366
S8205,宝马3系,31719,大保养(机油+三滤+刹车油),2025-10-07 08:29,21719
S8206,福特蒙迪欧,144205,刹车油+刹车片更换,2025-09-25 13:34,134205
S8207,吉利星越L,23255,机油+机滤+空调滤芯更换,2024-03-16 14:40,18255
S8208,奥迪A4L,143924,变速箱油+火花塞更换,2024-09-30 14:49,133924
S8209,长城哈弗H6,71899,空气滤芯+燃油滤芯更换,2024-01-11 16:13,66899
S8210,奔驰C级,76734,大保养(机油+三滤+变速箱油),2025-09-26 13:27,66734
S8211,丰田凯美瑞,113744,刹车油+冷却液更换,2024-12-22 10:47,103744
S8212,大众帕萨特,109983,机油+机滤+空气滤芯更换,2024-11-15 17:28,104983
S8213,本田CR-V,98752,变速箱油+刹车油更换,2025-05-11 10:52,88752
S8214,比亚迪宋PLUS,129870,全车检查+空调滤芯更换,2025-09-14 11:15,124870
S8215,宝马5系,140495,大保养(机油+三滤+正时皮带),2024-07-12 17:03,130495
S8216,奥迪Q5L,117508,机油+机滤+火花塞更换,2024-01-30 16:06,112508
S8217,福特锐界,137028,刹车油+刹车片+轮胎更换,2025-02-19 15:06,127028
S8218,吉利博越,135164,机油+机滤+燃油滤芯更换,2024-05-18 08:02,130164
S8219,长城魏派VV7,37442,变速箱油+空调滤芯更换,2024-06-09 13:06,27442
S8220,奔驰E级,97648,大保养(机油+三滤+刹车油),2024-02-03 12:07,87648
S8221,丰田卡罗拉,111733,机油+机滤更换,2024-09-18 08:34,106733
S8222,大众朗逸,65575,空调滤芯+空气滤芯更换,2024-03-16 11:22,55575
S8223,本田思域,109518,变速箱油更换,2024-02-20 09:57,99518
S8224,比亚迪汉,118244,全车检查+轮胎换位,2024-12-17 15:04,108244
S8225,宝马3系,109632,大保养(机油+三滤+刹车油),2025-02-27 15:55,99632
S8226,福特蒙迪欧,110087,刹车油+刹车片更换,2025-07-21 15:24,100087
S8227,吉利星越L,80053,机油+机滤+空调滤芯更换,2025-08-30 15:24,75053
S8228,奥迪A4L,146152,变速箱油+火花塞更换,2024-11-25 10:24,136152
S8229,长城哈弗H6,40601,空气滤芯+燃油滤芯更换,2025-09-23 17:13,35601
S8230,奔驰C级,118231,大保养(机油+三滤+变速箱油),2024-05-06 15:44,108231
S8231,丰田凯美瑞,129142,刹车油+冷却液更换,2024-07-11 08:12,119142
S8232,大众帕萨特,25622,机油+机滤+空气滤芯更换,2025-12-11 15:10,20622
S8233,本田CR-V,72678,变速箱油+刹车油更换,2025-09-12 13:25,62678
S8234,比亚迪宋PLUS,128399,全车检查+空调滤芯更换,2025-11-11 13:22,123399
S8235,宝马5系,142355,大保养(机油+三滤+正时皮带),2025-09-08 10:53,132355
S8236,奥迪Q5L,49053,机油+机滤+火花塞更换,2024-08-29 12:51,44053
S8237,福特锐界,50508,刹车油+刹车片+轮胎更换,2025-03-16 13:12,40508
S8238,吉利博越,52616,机油+机滤+燃油滤芯更换,2025-08-28 09:23,47616
S8239,长城魏派VV7,126493,变速箱油+空调滤芯更换,2024-06-19 14:21,116493
S8240,奔驰E级,120783,大保养(机油+三滤+刹车油),2025-09-06 11:19,110783
S8241,丰田卡罗拉,49788,机油+机滤更换,2024-06-20 10:29,44788
S8242,大众朗逸,100794,空调滤芯+空气滤芯更换,2024-12-06 17:56,90794
S8243,本田思域,130985,变速箱油更换,2024-05-28 09:01,120985
S8244,比亚迪汉,133758,全车检查+轮胎换位,2025-03-23 14:07,123758
S8245,宝马3系,49865,大保养(机油+三滤+刹车油),2025-04-05 17:24,39865
S8246,福特蒙迪欧,146417,刹车油+刹车片更换,2024-10-28 16:46,136417
S8247,吉利星越L,112876,机油+机滤+空调滤芯更换,2025-06-19 10:02,107876
S8248,奥迪A4L,51681,变速箱油+火花塞更换,2024-02-16 12:27,41681
S8249,长城哈弗H6,128793,空气滤芯+燃油滤芯更换,2025-09-18 15:47,123793
S8250,奔驰C级,92791,大保养(机油+三滤+变速箱油),2025-08-09 11:45,82791
S8251,丰田凯美瑞,73187,刹车油+冷却液更换,2025-08-01 08:43,63187
S8252,大众帕萨特,107667,机油+机滤+空气滤芯更换,2024-12-01 11:46,102667
S8253,本田CR-V,103000,变速箱油+刹车油更换,2025-09-17 17:01,93000
S8254,比亚迪宋PLUS,24845,全车检查+空调滤芯更换,2025-11-11 09:53,19845
S8255,宝马5系,89560,大保养(机油+三滤+正时皮带),2024-09-04 11:50,79560
S8256,奥迪Q5L,82307,机油+机滤+火花塞更换,2024-02-28 12:26,77307
S8257,福特锐界,117451,刹车油+刹车片+轮胎更换,2024-04-10 10:04,107451
S8258,吉利博越,114087,机油+机滤+燃油滤芯更换,2024-11-30 11:16,109087
S8259,长城魏派VV7,130941,变速箱油+空调滤芯更换,2024-04-24 11:25,120941
S8260,奔驰E级,46385,大保养(机油+三滤+刹车油),2024-04-15 11:46,36385
S8261,丰田卡罗拉,52070,机油+机滤更换,2025-05-24 12:37,47070
S8262,大众朗逸,90877,空调滤芯+空气滤芯更换,2025-02-04 11:47,80877
S8263,本田思域,131807,变速箱油更换,2024-08-07 14:30,121807
S8264,比亚迪汉,138244,全车检查+轮胎换位,2024-02-21 16:40,128244
S8265,宝马3系,71449,大保养(机油+三滤+刹车油),2024-02-18 08:55,61449
S8266,福特蒙迪欧,25992,刹车油+刹车片更换,2024-02-28 12:26,15992
S8267,吉利星越L,104507,机油+机滤+空调滤芯更换,2025-07-27 10:19,99507
S8268,奥迪A4L,66849,变速箱油+火花塞更换,2025-11-15 14:14,56849
S8269,长城哈弗H6,43946,空气滤芯+燃油滤芯更换,2024-03-20 10:17,38946
S8270,奔驰C级,35180,大保养(机油+三滤+变速箱油),2025-08-14 08:28,25180
S8271,丰田凯美瑞,99334,刹车油+冷却液更换,2025-03-19 17:41,89334
S8272,大众帕萨特,97878,机油+机滤+空气滤芯更换,2024-12-02 15:37,92878
S8273,本田CR-V,102297,变速箱油+刹车油更换,2024-08-07 11:41,92297
S8274,比亚迪宋PLUS,114994,全车检查+空调滤芯更换,2025-10-13 08:50,109994
S8275,宝马5系,50967,大保养(机油+三滤+正时皮带),2025-07-18 11:56,40967
S8276,奥迪Q5L,88888,机油+机滤+火花塞更换,2024-01-25 13:39,83888
S8277,福特锐界,123776,刹车油+刹车片+轮胎更换,2024-04-26 17:29,113776
S8278,吉利博越,131352,机油+机滤+燃油滤芯更换,2025-02-09 10:11,126352
S8279,长城魏派VV7,100269,变速箱油+空调滤芯更换,2025-08-11 11:43,90269
S8280,奔驰E级,64675,大保养(机油+三滤+刹车油),2025-04-23 16:24,54675
S8281,丰田卡罗拉,96602,机油+机滤更换,2025-05-03 09:27,91602
S8282,大众朗逸,79391,空调滤芯+空气滤芯更换,2024-05-19 16:03,69391
S8283,本田思域,46530,变速箱油更换,2025-10-27 12:57,36530
S8284,比亚迪汉,48896,全车检查+轮胎换位,2025-05-29 13:54,38896
S8285,宝马3系,139919,大保养(机油+三滤+刹车油),2025-03-02 12:49,129919
S8286,福特蒙迪欧,68689,刹车油+刹车片更换,2025-12-25 15:20,58689
S8287,吉利星越L,120055,机油+机滤+空调滤芯更换,2024-05-24 08:09,115055
S8288,奥迪A4L,51965,变速箱油+火花塞更换,2025-05-07 12:11,41965
S8289,长城哈弗H6,113592,空气滤芯+燃油滤芯更换,2024-05-10 16:57,108592
S8290,奔驰C级,74878,大保养(机油+三滤+变速箱油),2024-04-10 08:38,64878
S8291,丰田凯美瑞,79151,刹车油+冷却液更换,2025-05-19 17:54,69151
S8292,大众帕萨特,119355,机油+机滤+空气滤芯更换,2024-04-16 13:51,114355
S8293,本田CR-V,20183,变速箱油+刹车油更换,2024-07-05 12:41,10183
S8294,比亚迪宋PLUS,139246,全车检查+空调滤芯更换,2025-11-03 10:47,134246
S8295,宝马5系,36764,大保养(机油+三滤+正时皮带),2024-01-26 16:27,26764
S8296,奥迪Q5L,146384,机油+机滤+火花塞更换,2025-02-07 10:43,141384
S8297,福特锐界,104787,刹车油+刹车片+轮胎更换,2024-09-27 11:00,94787
S8298,吉利博越,65366,机油+机滤+燃油滤芯更换,2024-01-01 13:45,60366
S8299,长城魏派VV7,126144,变速箱油+空调滤芯更换,2025-03-13 09:45,116144
S8300,奔驰E级,42617,大保养(机油+三滤+刹车油),2025-11-09 11:46,32617
S8301,丰田卡罗拉,49770,机油+机滤更换,2024-01-27 12:42,44770
S8302,大众朗逸,28093,空调滤芯+空气滤芯更换,2025-07-22 15:04,18093
S8303,本田思域,38156,变速箱油更换,2024-06-29 10:01,28156
S8304,比亚迪汉,149673,全车检查+轮胎换位,2025-05-14 14:34,139673
S8305,宝马3系,67405,大保养(机油+三滤+刹车油),2024-10-12 17:39,57405
S8306,福特蒙迪欧,45525,刹车油+刹车片更换,2024-01-29 16:42,35525
S8307,吉利星越L,117969,机油+机滤+空调滤芯更换,2024-06-16 15:56,112969
S8308,奥迪A4L,31063,变速箱油+火花塞更换,2025-01-12 13:51,21063
S8309,长城哈弗H6,148013,空气滤芯+燃油滤芯更换,2025-05-13 14:43,143013
S8310,奔驰C级,91770,大保养(机油+三滤+变速箱油),2025-01-24 10:56,81770
S8311,丰田凯美瑞,97836,刹车油+冷却液更换,2025-08-20 17:10,87836
S8312,大众帕萨特,78376,机油+机滤+空气滤芯更换,2024-07-06 13:24,73376
S8313,本田CR-V,122024,变速箱油+刹车油更换,2025-03-25 10:41,112024
S8314,比亚迪宋PLUS,54632,全车检查+空调滤芯更换,2025-04-05 17:47,49632
S8315,宝马5系,61851,大保养(机油+三滤+正时皮带),2025-03-20 13:06,51851
S8316,奥迪Q5L,59857,机油+机滤+火花塞更换,2024-07-29 09:27,54857
S8317,福特锐界,64815,刹车油+刹车片+轮胎更换,2025-08-27 09:37,54815
S8318,吉利博越,55571,机油+机滤+燃油滤芯更换,2025-08-13 08:39,50571
S8319,长城魏派VV7,58055,变速箱油+空调滤芯更换,2024-04-12 09:31,48055
S8320,奔驰E级,57175,大保养(机油+三滤+刹车油),2025-02-05 16:56,47175
S8321,丰田卡罗拉,148348,机油+机滤更换,2025-03-19 16:52,143348
S8322,大众朗逸,124573,空调滤芯+空气滤芯更换,2024-10-23 16:56,114573
S8323,本田思域,123313,变速箱油更换,2025-03-09 16:14,113313
S8324,比亚迪汉,57804,全车检查+轮胎换位,2025-05-06 13:41,47804
S8325,宝马3系,130374,大保养(机油+三滤+刹车油),2024-07-27 13:40,120374
S8326,福特蒙迪欧,145665,刹车油+刹车片更换,2025-02-20 13:28,135665
S8327,吉利星越L,31418,机油+机滤+空调滤芯更换,2024-07-03 09:15,26418
S8328,奥迪A4L,25976,变速箱油+火花塞更换,2024-10-13 15:49,15976
S8329,长城哈弗H6,107832,空气滤芯+燃油滤芯更换,2024-02-20 11:30,102832
S8330,奔驰C级,53066,大保养(机油+三滤+变速箱油),2025-08-17 14:26,43066
S8331,丰田凯美瑞,44049,刹车油+冷却液更换,2025-11-18 15:08,34049
S8332,大众帕萨特,87960,机油+机滤+空气滤芯更换,2025-11-29 10:51,82960
S8333,本田CR-V,136548,变速箱油+刹车油更换,2024-12-01 09:52,126548
S8334,比亚迪宋PLUS,24074,全车检查+空调滤芯更换,2024-07-25 09:34,19074
S8335,宝马5系,52543,大保养(机油+三滤+正时皮带),2024-09-15 11:33,42543
S8336,奥迪Q5L,29516,机油+机滤+火花塞更换,2024-08-03 12:24,24516
S8337,福特锐界,95593,刹车油+刹车片+轮胎更换,2024-04-06 09:11,85593
S8338,吉利博越,111344,机油+机滤+燃油滤芯更换,2025-02-15 09:48,106344
S8339,长城魏派VV7,25584,变速箱油+空调滤芯更换,2025-04-30 17:35,15584
S8340,奔驰E级,125253,大保养(机油+三滤+刹车油),2025-08-18 12:29,115253
S8341,丰田卡罗拉,39080,机油+机滤更换,2024-08-19 17:45,34080
S8342,大众朗逸,149949,空调滤芯+空气滤芯更换,2024-03-14 16:06,139949
S8343,本田思域,65899,变速箱油更换,2024-09-15 12:38,55899
S8344,比亚迪汉,129726,全车检查+轮胎换位,2024-02-17 13:30,119726
S8345,宝马3系,25415,大保养(机油+三滤+刹车油),2025-05-27 15:51,15415
S8346,福特蒙迪欧,137969,刹车油+刹车片更换,2024-10-19 17:12,127969
S8347,吉利星越L,145241,机油+机滤+空调滤芯更换,2024-04-08 10:39,140241
S8348,奥迪A4L,136226,变速箱油+火花塞更换,2024-09-16 15:17,126226
S8349,长城哈弗H6,98365,空气滤芯+燃油滤芯更换,2025-04-07 13:59,93365
S8350,奔驰C级,98191,大保养(机油+三滤+变速箱油),2024-10-05 15:29,88191
S8351,丰田凯美瑞,92219,刹车油+冷却液更换,2024-05-31 15:02,82219
S8352,大众帕萨特,57064,机油+机滤+空气滤芯更换,2025-04-01 09:56,52064
S8353,本田CR-V,36691,变速箱油+刹车油更换,2025-11-13 12:18,26691
S8354,比亚迪宋PLUS,43210,全车检查+空调滤芯更换,2024-09-06 15:43,38210
S8355,宝马5系,66635,大保养(机油+三滤+正时皮带),2025-06-01 12:08,56635
S8356,奥迪Q5L,129875,机油+机滤+火花塞更换,2024-10-28 15:59,124875
S8357,福特锐界,122522,刹车油+刹车片+轮胎更换,2024-12-03 11:27,112522
S8358,吉利博越,118802,机油+机滤+燃油滤芯更换,2025-11-12 11:42,113802
S8359,长城魏派VV7,139501,变速箱油+空调滤芯更换,2024-12-17 08:44,129501
S8360,奔驰E级,37292,大保养(机油+三滤+刹车油),2024-10-20 10:41,27292
S8361,丰田卡罗拉,130384,机油+机滤更换,2025-04-13 10:09,125384
S8362,大众朗逸,91553,空调滤芯+空气滤芯更换,2025-11-21 17:56,81553
S8363,本田思域,100753,变速箱油更换,2024-11-12 17:52,90753
S8364,比亚迪汉,104633,全车检查+轮胎换位,2025-04-02 16:08,94633
S8365,宝马3系,57171,大保养(机油+三滤+刹车油),2024-01-29 12:18,47171
S8366,福特蒙迪欧,103498,刹车油+刹车片更换,2025-05-15 13:49,93498
S8367,吉利星越L,72011,机油+机滤+空调滤芯更换,2024-06-25 16:45,67011
S8368,奥迪A4L,127895,变速箱油+火花塞更换,2024-01-28 12:12,117895
S8369,长城哈弗H6,104188,空气滤芯+燃油滤芯更换,2024-09-21 16:24,99188
S8370,奔驰C级,49060,大保养(机油+三滤+变速箱油),2025-09-15 17:47,39060
S8371,丰田凯美瑞,116029,刹车油+冷却液更换,2024-03-14 11:29,106029
S8372,大众帕萨特,42600,机油+机滤+空气滤芯更换,2024-03-25 11:17,37600
S8373,本田CR-V,49385,变速箱油+刹车油更换,2025-05-17 11:45,39385
S8374,比亚迪宋PLUS,55524,全车检查+空调滤芯更换,2025-03-09 15:00,50524
S8375,宝马5系,24717,大保养(机油+三滤+正时皮带),2025-02-08 14:40,14717
S8376,奥迪Q5L,97437,机油+机滤+火花塞更换,2025-05-25 10:39,92437
S8377,福特锐界,123997,刹车油+刹车片+轮胎更换,2024-12-13 15:06,113997
S8378,吉利博越,56543,机油+机滤+燃油滤芯更换,2024-11-04 15:11,51543
S8379,长城魏派VV7,32192,变速箱油+空调滤芯更换,2025-03-06 10:25,22192
S8380,奔驰E级,35754,大保养(机油+三滤+刹车油),2025-08-12 13:56,25754
S8381,丰田卡罗拉,50377,机油+机滤更换,2024-03-21 10:44,45377
S8382,大众朗逸,147177,空调滤芯+空气滤芯更换,2024-04-07 09:49,137177
S8383,本田思域,46414,变速箱油更换,2024-02-25 08:31,36414
S8384,比亚迪汉,108792,全车检查+轮胎换位,2024-03-09 17:37,98792
S8385,宝马3系,95372,大保养(机油+三滤+刹车油),2024-11-05 13:46,85372
S8386,福特蒙迪欧,21318,刹车油+刹车片更换,2025-12-16 11:26,11318
S8387,吉利星越L,83789,机油+机滤+空调滤芯更换,2025-08-09 14:10,78789
S8388,奥迪A4L,61119,变速箱油+火花塞更换,2024-04-10 14:42,51119
S8389,长城哈弗H6,114074,空气滤芯+燃油滤芯更换,2024-10-07 17:51,109074
S8390,奔驰C级,90131,大保养(机油+三滤+变速箱油),2024-07-08 08:37,80131
S8391,丰田凯美瑞,72373,刹车油+冷却液更换,2024-05-07 17:03,62373
S8392,大众帕萨特,107382,机油+机滤+空气滤芯更换,2025-12-12 17:44,102382
S8393,本田CR-V,80396,变速箱油+刹车油更换,2025-06-12 13:31,70396
S8394,比亚迪宋PLUS,143250,全车检查+空调滤芯更换,2025-04-18 15:22,138250
S8395,宝马5系,90533,大保养(机油+三滤+正时皮带),2025-09-25 08:11,80533
S8396,奥迪Q5L,147625,机油+机滤+火花塞更换,2024-10-07 17:47,142625
S8397,福特锐界,111966,刹车油+刹车片+轮胎更换,2024-04-04 17:26,101966
S8398,吉利博越,117093,机油+机滤+燃油滤芯更换,2024-01-29 16:56,112093
S8399,长城魏派VV7,29003,变速箱油+空调滤芯更换,2024-01-25 13:36,19003
S8400,奔驰E级,97629,大保养(机油+三滤+刹车油),2024-02-23 15:47,87629
S8401,丰田卡罗拉,63649,机油+机滤更换,2025-04-23 09:31,58649
S8402,大众朗逸,51264,空调滤芯+空气滤芯更换,2025-03-13 12:15,41264
S8403,本田思域,44164,变速箱油更换,2024-03-02 15:36,34164
S8404,比亚迪汉,36705,全车检查+轮胎换位,2024-06-04 09:47,26705
S8405,宝马3系,128428,大保养(机油+三滤+刹车油),2025-09-07 09:26,118428
S8406,福特蒙迪欧,46123,刹车油+刹车片更换,2025-04-25 13:01,36123
S8407,吉利星越L,136498,机油+机滤+空调滤芯更换,2024-08-29 16:49,131498
S8408,奥迪A4L,57650,变速箱油+火花塞更换,2024-09-22 13:52,47650
S8409,长城哈弗H6,112755,空气滤芯+燃油滤芯更换,2024-09-23 12:03,107755
S8410,奔驰C级,42967,大保养(机油+三滤+变速箱油),2025-03-07 09:22,32967
S8411,丰田凯美瑞,132426,刹车油+冷却液更换,2024-02-09 16:32,122426
S8412,大众帕萨特,88650,机油+机滤+空气滤芯更换,2024-08-24 13:01,83650
S8413,本田CR-V,97940,变速箱油+刹车油更换,2025-02-24 11:29,87940
S8414,比亚迪宋PLUS,98147,全车检查+空调滤芯更换,2025-10-15 11:22,93147
S8415,宝马5系,132687,大保养(机油+三滤+正时皮带),2024-04-29 17:44,122687
S8416,奥迪Q5L,77956,机油+机滤+火花塞更换,2025-12-24 15:47,72956
S8417,福特锐界,75244,刹车油+刹车片+轮胎更换,2024-11-24 15:23,65244
S8418,吉利博越,32635,机油+机滤+燃油滤芯更换,2025-12-07 08:43,27635
S8419,长城魏派VV7,41655,变速箱油+空调滤芯更换,2024-12-07 13:26,31655
S8420,奔驰E级,149626,大保养(机油+三滤+刹车油),2024-03-19 11:54,139626
S8421,丰田卡罗拉,142954,机油+机滤更换,2024-04-20 09:54,137954
S8422,大众朗逸,41419,空调滤芯+空气滤芯更换,2024-04-24 11:30,31419
S8423,本田思域,111036,变速箱油更换,2025-07-14 13:55,101036
S8424,比亚迪汉,36586,全车检查+轮胎换位,2025-08-29 13:36,26586
S8425,宝马3系,55211,大保养(机油+三滤+刹车油),2024-11-24 08:09,45211
S8426,福特蒙迪欧,59080,刹车油+刹车片更换,2024-08-21 11:36,49080
S8427,吉利星越L,94760,机油+机滤+空调滤芯更换,2025-09-05 15:56,89760
S8428,奥迪A4L,29814,变速箱油+火花塞更换,2025-10-06 14:44,19814
S8429,长城哈弗H6,32250,空气滤芯+燃油滤芯更换,2024-06-27 15:08,27250
S8430,奔驰C级,77861,大保养(机油+三滤+变速箱油),2025-11-17 12:56,67861
S8431,丰田凯美瑞,144877,刹车油+冷却液更换,2025-03-12 16:52,134877
S8432,大众帕萨特,23829,机油+机滤+空气滤芯更换,2025-08-26 14:07,18829
S8433,本田CR-V,77180,变速箱油+刹车油更换,2024-11-01 12:35,67180
S8434,比亚迪宋PLUS,83316,全车检查+空调滤芯更换,2024-05-26 17:43,78316
S8435,宝马5系,49982,大保养(机油+三滤+正时皮带),2025-05-29 14:12,39982
S8436,奥迪Q5L,97925,机油+机滤+火花塞更换,2025-02-06 15:53,92925
S8437,福特锐界,63047,刹车油+刹车片+轮胎更换,2025-03-15 15:23,53047
S8438,吉利博越,23183,机油+机滤+燃油滤芯更换,2024-08-11 09:55,18183
S8439,长城魏派VV7,122818,变速箱油+空调滤芯更换,2025-12-08 15:50,112818
S8440,奔驰E级,94034,大保养(机油+三滤+刹车油),2024-03-17 16:12,84034
S8441,丰田卡罗拉,81147,机油+机滤更换,2024-07-31 13:02,76147
S8442,大众朗逸,91734,空调滤芯+空气滤芯更换,2025-10-19 14:58,81734
S8443,本田思域,51337,变速箱油更换,2024-03-26 08:01,41337
S8444,比亚迪汉,138748,全车检查+轮胎换位,2025-05-05 09:54,128748
S8445,宝马3系,32345,大保养(机油+三滤+刹车油),2025-10-19 15:28,22345
S8446,福特蒙迪欧,114916,刹车油+刹车片更换,2025-10-16 10:38,104916
S8447,吉利星越L,126957,机油+机滤+空调滤芯更换,2024-01-13 13:01,121957
S8448,奥迪A4L,78755,变速箱油+火花塞更换,2024-03-04 09:27,68755
S8449,长城哈弗H6,93635,空气滤芯+燃油滤芯更换,2024-07-07 14:39,88635
S8450,奔驰C级,23743,大保养(机油+三滤+变速箱油),2024-09-17 10:35,13743
S8451,丰田凯美瑞,113723,刹车油+冷却液更换,2025-09-07 08:03,103723
S8452,大众帕萨特,32972,机油+机滤+空气滤芯更换,2025-07-06 14:36,27972
S8453,本田CR-V,87435,变速箱油+刹车油更换,2025-04-24 13:55,77435
S8454,比亚迪宋PLUS,85612,全车检查+空调滤芯更换,2025-09-05 14:01,80612
S8455,宝马5系,71475,大保养(机油+三滤+正时皮带),2024-07-29 08:10,61475
S8456,奥迪Q5L,99463,机油+机滤+火花塞更换,2024-02-02 14:50,94463
S8457,福特锐界,98761,刹车油+刹车片+轮胎更换,2024-09-23 08:43,88761
S8458,吉利博越,125734,机油+机滤+燃油滤芯更换,2025-12-08 12:28,120734
S8459,长城魏派VV7,74431,变速箱油+空调滤芯更换,2024-02-15 13:49,64431
S8460,奔驰E级,117738,大保养(机油+三滤+刹车油),2024-06-14 12:24,107738
S8461,丰田卡罗拉,129172,机油+机滤更换,2024-10-31 13:51,124172
S8462,大众朗逸,109499,空调滤芯+空气滤芯更换,2024-05-05 16:47,99499
S8463,本田思域,28373,变速箱油更换,2024-03-20 10:56,18373
S8464,比亚迪汉,28800,全车检查+轮胎换位,2024-04-11 15:19,18800
S8465,宝马3系,53055,大保养(机油+三滤+刹车油),2025-10-13 16:30,43055
S8466,福特蒙迪欧,96120,刹车油+刹车片更换,2025-02-14 08:48,86120
S8467,吉利星越L,94675,机油+机滤+空调滤芯更换,2024-02-26 15:35,89675
S8468,奥迪A4L,100164,变速箱油+火花塞更换,2025-06-06 16:32,90164
S8469,长城哈弗H6,37894,空气滤芯+燃油滤芯更换,2025-08-23 14:39,32894
S8470,奔驰C级,51871,大保养(机油+三滤+变速箱油),2025-03-20 09:42,41871
S8471,丰田凯美瑞,90145,刹车油+冷却液更换,2024-05-01 15:16,80145
S8472,大众帕萨特,85823,机油+机滤+空气滤芯更换,2025-05-15 09:09,80823
S8473,本田CR-V,56149,变速箱油+刹车油更换,2024-08-01 09:13,46149
S8474,比亚迪宋PLUS,103827,全车检查+空调滤芯更换,2025-01-22 10:17,98827
S8475,宝马5系,59902,大保养(机油+三滤+正时皮带),2024-08-21 14:37,49902
S8476,奥迪Q5L,46863,机油+机滤+火花塞更换,2024-01-23 11:24,41863
S8477,福特锐界,28493,刹车油+刹车片+轮胎更换,2025-07-31 17:37,18493
S8478,吉利博越,26919,机油+机滤+燃油滤芯更换,2024-01-08 13:14,21919
S8479,长城魏派VV7,133000,变速箱油+空调滤芯更换,2025-04-07 15:19,123000
S8480,奔驰E级,61674,大保养(机油+三滤+刹车油),2025-08-25 09:56,51674
S8481,丰田卡罗拉,24665,机油+机滤更换,2025-10-02 15:36,19665
S8482,大众朗逸,34944,空调滤芯+空气滤芯更换,2024-07-07 12:16,24944
S8483,本田思域,55846,变速箱油更换,2025-09-25 08:40,45846
S8484,比亚迪汉,76595,全车检查+轮胎换位,2024-02-19 10:52,66595
S8485,宝马3系,131921,大保养(机油+三滤+刹车油),2024-02-06 15:06,121921
S8486,福特蒙迪欧,78261,刹车油+刹车片更换,2024-09-29 10:31,68261
S8487,吉利星越L,54264,机油+机滤+空调滤芯更换,2025-11-26 15:49,49264
S8488,奥迪A4L,43918,变速箱油+火花塞更换,2025-11-06 15:29,33918
S8489,长城哈弗H6,105047,空气滤芯+燃油滤芯更换,2024-04-03 17:58,100047
S8490,奔驰C级,26657,大保养(机油+三滤+变速箱油),2024-04-10 15:25,16657
S8491,丰田凯美瑞,82082,刹车油+冷却液更换,2025-12-07 08:55,72082
S8492,大众帕萨特,42285,机油+机滤+空气滤芯更换,2024-01-08 13:30,37285
S8493,本田CR-V,126333,变速箱油+刹车油更换,2025-03-03 17:43,116333
S8494,比亚迪宋PLUS,126374,全车检查+空调滤芯更换,2025-03-04 10:32,121374
S8495,宝马5系,50295,大保养(机油+三滤+正时皮带),2024-12-22 16:50,40295
S8496,奥迪Q5L,39569,机油+机滤+火花塞更换,2025-09-30 12:34,34569
S8497,福特锐界,71192,刹车油+刹车片+轮胎更换,2025-02-10 12:43,61192
S8498,吉利博越,65873,机油+机滤+燃油滤芯更换,2024-11-02 10:10,60873
S8499,长城魏派VV7,99009,变速箱油+空调滤芯更换,2025-03-26 14:29,89009
S8500,奔驰E级,140746,大保养(机油+三滤+刹车油),2024-03-16 14:01,130746
S8501,丰田卡罗拉,57376,机油+机滤更换,2025-06-07 14:11,52376
S8502,大众朗逸,140542,空调滤芯+空气滤芯更换,2025-02-08 14:24,130542
S8503,本田思域,128336,变速箱油更换,2025-10-17 08:38,118336
S8504,比亚迪汉,115289,全车检查+轮胎换位,2025-06-21 11:38,105289
S8505,宝马3系,138255,大保养(机油+三滤+刹车油),2024-10-02 13:18,128255
S8506,福特蒙迪欧,106697,刹车油+刹车片更换,2025-01-15 11:55,96697
S8507,吉利星越L,70828,机油+机滤+空调滤芯更换,2025-08-20 12:22,65828
S8508,奥迪A4L,62500,变速箱油+火花塞更换,2024-06-16 09:44,52500
S8509,长城哈弗H6,134571,空气滤芯+燃油滤芯更换,2024-07-29 17:57,129571
S8510,奔驰C级,145468,大保养(机油+三滤+变速箱油),2025-08-05 09:36,135468
S8511,丰田凯美瑞,98712,刹车油+冷却液更换,2024-09-25 17:27,88712
S8512,大众帕萨特,50697,机油+机滤+空气滤芯更换,2025-02-09 14:17,45697
S8513,本田CR-V,41572,变速箱油+刹车油更换,2025-03-31 14:47,31572
S8514,比亚迪宋PLUS,52733,全车检查+空调滤芯更换,2025-02-13 08:08,47733
S8515,宝马5系,43361,大保养(机油+三滤+正时皮带),2024-04-27 17:02,33361
S8516,奥迪Q5L,34633,机油+机滤+火花塞更换,2025-06-22 11:10,29633
S8517,福特锐界,66666,刹车油+刹车片+轮胎更换,2025-06-28 14:07,56666
S8518,吉利博越,77860,机油+机滤+燃油滤芯更换,2025-01-07 13:37,72860
S8519,长城魏派VV7,99756,变速箱油+空调滤芯更换,2025-11-28 09:53,89756
S8520,奔驰E级,95466,大保养(机油+三滤+刹车油),2025-12-09 16:51,85466
S8521,丰田卡罗拉,28206,机油+机滤更换,2024-07-12 12:24,23206
S8522,大众朗逸,137027,空调滤芯+空气滤芯更换,2025-09-24 16:13,127027
S8523,本田思域,121824,变速箱油更换,2024-10-13 17:35,111824
S8524,比亚迪汉,117542,全车检查+轮胎换位,2024-04-06 08:28,107542
S8525,宝马3系,148919,大保养(机油+三滤+刹车油),2025-12-02 14:22,138919
S8526,福特蒙迪欧,129446,刹车油+刹车片更换,2025-05-15 10:58,119446
S8527,吉利星越L,107722,机油+机滤+空调滤芯更换,2025-04-30 12:11,102722
S8528,奥迪A4L,68823,变速箱油+火花塞更换,2025-06-07 17:11,58823
S8529,长城哈弗H6,142756,空气滤芯+燃油滤芯更换,2025-03-08 12:35,137756
S8530,奔驰C级,57851,大保养(机油+三滤+变速箱油),2025-03-08 13:47,47851
S8531,丰田凯美瑞,66604,刹车油+冷却液更换,2025-05-20 10:57,56604
S8532,大众帕萨特,20393,机油+机滤+空气滤芯更换,2025-02-25 17:04,15393
S8533,本田CR-V,115516,变速箱油+刹车油更换,2024-10-06 13:31,105516
S8534,比亚迪宋PLUS,143525,全车检查+空调滤芯更换,2025-04-26 15:12,138525
S8535,宝马5系,26261,大保养(机油+三滤+正时皮带),2024-10-16 13:40,16261
S8536,奥迪Q5L,124321,机油+机滤+火花塞更换,2024-09-24 12:26,119321
S8537,福特锐界,126763,刹车油+刹车片+轮胎更换,2025-02-22 13:04,116763
S8538,吉利博越,81398,机油+机滤+燃油滤芯更换,2024-01-17 11:07,76398
S8539,长城魏派VV7,107660,变速箱油+空调滤芯更换,2024-09-22 14:11,97660
S8540,奔驰E级,102978,大保养(机油+三滤+刹车油),2024-06-05 17:44,92978
S8541,丰田卡罗拉,135674,机油+机滤更换,2024-02-27 11:34,130674
S8542,大众朗逸,117569,空调滤芯+空气滤芯更换,2025-06-16 17:21,107569
S8543,本田思域,66363,变速箱油更换,2024-08-18 08:22,56363
S8544,比亚迪汉,121360,全车检查+轮胎换位,2025-09-09 12:20,111360
S8545,宝马3系,146244,大保养(机油+三滤+刹车油),2025-05-08 13:53,136244
S8546,福特蒙迪欧,25976,刹车油+刹车片更换,2024-07-07 09:22,15976
S8547,吉利星越L,106399,机油+机滤+空调滤芯更换,2024-07-22 17:19,101399
S8548,奥迪A4L,96590,变速箱油+火花塞更换,2025-01-24 15:22,86590
S8549,长城哈弗H6,70292,空气滤芯+燃油滤芯更换,2025-05-05 12:27,65292
S8550,奔驰C级,90241,大保养(机油+三滤+变速箱油),2025-05-10 12:21,80241
S8551,丰田凯美瑞,93445,刹车油+冷却液更换,2024-09-29 08:11,83445
S8552,大众帕萨特,109166,机油+机滤+空气滤芯更换,2025-06-26 11:57,104166
S8553,本田CR-V,28468,变速箱油+刹车油更换,2024-04-25 11:41,18468
S8554,比亚迪宋PLUS,116880,全车检查+空调滤芯更换,2024-05-05 15:16,111880
S8555,宝马5系,32947,大保养(机油+三滤+正时皮带),2025-09-29 16:26,22947
S8556,奥迪Q5L,92508,机油+机滤+火花塞更换,2025-10-14 08:55,87508
S8557,福特锐界,110862,刹车油+刹车片+轮胎更换,2024-02-24 16:57,100862
S8558,吉利博越,82072,机油+机滤+燃油滤芯更换,2024-02-11 10:03,77072
S8559,长城魏派VV7,48984,变速箱油+空调滤芯更换,2025-02-27 11:21,38984
S8560,奔驰E级,82297,大保养(机油+三滤+刹车油),2024-12-31 15:31,72297
S8561,丰田卡罗拉,130751,机油+机滤更换,2025-10-09 12:26,125751
S8562,大众朗逸,118601,空调滤芯+空气滤芯更换,2024-06-24 16:52,108601
S8563,本田思域,43915,变速箱油更换,2025-01-30 12:08,33915
S8564,比亚迪汉,115232,全车检查+轮胎换位,2024-10-06 14:28,105232
S8565,宝马3系,143620,大保养(机油+三滤+刹车油),2025-07-20 12:19,133620
S8566,福特蒙迪欧,47446,刹车油+刹车片更换,2024-06-05 15:14,37446
S8567,吉利星越L,71515,机油+机滤+空调滤芯更换,2025-03-11 17:45,66515
S8568,奥迪A4L,37832,变速箱油+火花塞更换,2024-05-01 09:12,27832
S8569,长城哈弗H6,102894,空气滤芯+燃油滤芯更换,2024-05-18 10:35,97894
S8570,奔驰C级,40064,大保养(机油+三滤+变速箱油),2025-08-25 08:07,30064
S8571,丰田凯美瑞,101937,刹车油+冷却液更换,2025-09-02 09:52,91937
S8572,大众帕萨特,107171,机油+机滤+空气滤芯更换,2025-04-26 08:52,102171
S8573,本田CR-V,52603,变速箱油+刹车油更换,2024-02-11 10:08,42603
S8574,比亚迪宋PLUS,112905,全车检查+空调滤芯更换,2025-05-16 13:56,107905
S8575,宝马5系,96345,大保养(机油+三滤+正时皮带),2025-04-08 09:11,86345
S8576,奥迪Q5L,60020,机油+机滤+火花塞更换,2024-02-04 11:08,55020
S8577,福特锐界,26703,刹车油+刹车片+轮胎更换,2025-07-23 09:56,16703
S8578,吉利博越,82684,机油+机滤+燃油滤芯更换,2025-06-20 13:40,77684
S8579,长城魏派VV7,112731,变速箱油+空调滤芯更换,2025-06-13 16:43,102731
S8580,奔驰E级,112345,大保养(机油+三滤+刹车油),2025-11-22 12:09,102345
S8581,丰田卡罗拉,132978,机油+机滤更换,2025-02-03 09:02,127978
S8582,大众朗逸,96881,空调滤芯+空气滤芯更换,2024-03-17 09:14,86881
S8583,本田思域,58008,变速箱油更换,2024-04-07 10:46,48008
S8584,比亚迪汉,77951,全车检查+轮胎换位,2024-06-02 12:58,67951
S8585,宝马3系,112504,大保养(机油+三滤+刹车油),2024-08-01 12:23,102504
S8586,福特蒙迪欧,108804,刹车油+刹车片更换,2024-07-01 14:43,98804
S8587,吉利星越L,49768,机油+机滤+空调滤芯更换,2024-08-28 17:47,44768
S8588,奥迪A4L,56645,变速箱油+火花塞更换,2025-04-16 12:28,46645
S8589,长城哈弗H6,37266,空气滤芯+燃油滤芯更换,2024-09-25 08:02,32266
S8590,奔驰C级,118062,大保养(机油+三滤+变速箱油),2024-08-08 17:05,108062
S8591,丰田凯美瑞,133023,刹车油+冷却液更换,2025-06-30 15:57,123023
S8592,大众帕萨特,140402,机油+机滤+空气滤芯更换,2025-08-25 17:23,135402
S8593,本田CR-V,115885,变速箱油+刹车油更换,2024-08-22 17:46,105885
S8594,比亚迪宋PLUS,56359,全车检查+空调滤芯更换,2025-06-28 13:49,51359
S8595,宝马5系,33571,大保养(机油+三滤+正时皮带),2025-04-18 11:01,23571
S8596,奥迪Q5L,85506,机油+机滤+火花塞更换,2024-02-05 10:47,80506
S8597,福特锐界,65848,刹车油+刹车片+轮胎更换,2025-12-25 13:05,55848
S8598,吉利博越,84568,机油+机滤+燃油滤芯更换,2025-11-18 10:31,79568
S8599,长城魏派VV7,147432,变速箱油+空调滤芯更换,2024-09-29 11:58,137432
S8600,奔驰E级,87430,大保养(机油+三滤+刹车油),2025-01-28 14:54,77430
S8601,丰田卡罗拉,61257,机油+机滤更换,2024-04-10 15:43,56257
S8602,大众朗逸,132198,空调滤芯+空气滤芯更换,2025-11-04 14:08,122198
S8603,本田思域,118917,变速箱油更换,2025-10-22 13:04,108917
S8604,比亚迪汉,98547,全车检查+轮胎换位,2025-01-08 16:13,88547
S8605,宝马3系,132669,大保养(机油+三滤+刹车油),2024-11-07 17:47,122669
S8606,福特蒙迪欧,121355,刹车油+刹车片更换,2025-05-31 09:02,111355
S8607,吉利星越L,47220,机油+机滤+空调滤芯更换,2024-07-22 08:36,42220
S8608,奥迪A4L,71639,变速箱油+火花塞更换,2025-06-23 17:01,61639
S8609,长城哈弗H6,20745,空气滤芯+燃油滤芯更换,2024-12-18 11:36,15745
S8610,奔驰C级,137745,大保养(机油+三滤+变速箱油),2024-02-15 10:34,127745
S8611,丰田凯美瑞,142669,刹车油+冷却液更换,2024-07-02 12:19,132669
S8612,大众帕萨特,121844,机油+机滤+空气滤芯更换,2024-06-25 14:11,116844
S8613,本田CR-V,54009,变速箱油+刹车油更换,2024-08-04 15:40,44009
S8614,比亚迪宋PLUS,38663,全车检查+空调滤芯更换,2025-08-14 14:37,33663
S8615,宝马5系,69716,大保养(机油+三滤+正时皮带),2024-08-10 14:56,59716
S8616,奥迪Q5L,49800,机油+机滤+火花塞更换,2024-02-07 09:05,44800
S8617,福特锐界,65197,刹车油+刹车片+轮胎更换,2025-12-09 11:04,55197
S8618,吉利博越,81035,机油+机滤+燃油滤芯更换,2025-07-08 14:47,76035
S8619,长城魏派VV7,22019,变速箱油+空调滤芯更换,2025-07-21 08:57,12019
S8620,奔驰E级,81641,大保养(机油+三滤+刹车油),2025-10-06 13:30,71641
S8621,丰田卡罗拉,119318,机油+机滤更换,2025-12-15 14:41,114318
S8622,大众朗逸,91637,空调滤芯+空气滤芯更换,2024-12-17 11:26,81637
S8623,本田思域,129656,变速箱油更换,2024-09-02 08:16,119656
S8624,比亚迪汉,115997,全车检查+轮胎换位,2025-01-12 10:43,105997
S8625,宝马3系,99140,大保养(机油+三滤+刹车油),2024-08-26 15:57,89140
S8626,福特蒙迪欧,49738,刹车油+刹车片更换,2025-05-02 14:00,39738
S8627,吉利星越L,114212,机油+机滤+空调滤芯更换,2024-06-01 17:53,109212
S8628,奥迪A4L,84031,变速箱油+火花塞更换,2024-12-07 13:59,74031
S8629,长城哈弗H6,31171,空气滤芯+燃油滤芯更换,2025-03-27 11:00,26171
S8630,奔驰C级,20352,大保养(机油+三滤+变速箱油),2024-08-01 11:12,10352
S8631,丰田凯美瑞,40054,刹车油+冷却液更换,2024-02-13 17:37,30054
S8632,大众帕萨特,106483,机油+机滤+空气滤芯更换,2024-07-05 11:33,101483
S8633,本田CR-V,97624,变速箱油+刹车油更换,2024-02-21 16:07,87624
S8634,比亚迪宋PLUS,50349,全车检查+空调滤芯更换,2024-03-21 17:25,45349
S8635,宝马5系,70673,大保养(机油+三滤+正时皮带),2025-02-11 17:24,60673
S8636,奥迪Q5L,97203,机油+机滤+火花塞更换,2024-02-20 09:14,92203
S8637,福特锐界,25801,刹车油+刹车片+轮胎更换,2025-09-06 15:49,15801
S8638,吉利博越,80861,机油+机滤+燃油滤芯更换,2024-12-16 10:34,75861
S8639,长城魏派VV7,72716,变速箱油+空调滤芯更换,2024-12-08 12:26,62716
S8640,奔驰E级,102852,大保养(机油+三滤+刹车油),2025-01-03 12:13,92852
S8641,丰田卡罗拉,149035,机油+机滤更换,2025-12-23 13:36,144035
S8642,大众朗逸,43914,空调滤芯+空气滤芯更换,2025-02-04 09:13,33914
S8643,本田思域,55784,变速箱油更换,2025-12-05 17:45,45784
S8644,比亚迪汉,54633,全车检查+轮胎换位,2025-09-29 12:38,44633
S8645,宝马3系,94550,大保养(机油+三滤+刹车油),2025-02-03 14:21,84550
S8646,福特蒙迪欧,97501,刹车油+刹车片更换,2025-06-07 17:18,87501
S8647,吉利星越L,38042,机油+机滤+空调滤芯更换,2024-12-31 11:20,33042
S8648,奥迪A4L,30962,变速箱油+火花塞更换,2024-03-19 09:38,20962
S8649,长城哈弗H6,41904,空气滤芯+燃油滤芯更换,2024-10-16 16:44,36904
S8650,奔驰C级,32191,大保养(机油+三滤+变速箱油),2024-11-16 15:46,22191
S8651,丰田凯美瑞,41387,刹车油+冷却液更换,2025-12-05 15:40,31387
S8652,大众帕萨特,142586,机油+机滤+空气滤芯更换,2025-04-18 12:17,137586
S8653,本田CR-V,45867,变速箱油+刹车油更换,2025-03-01 12:59,35867
S8654,比亚迪宋PLUS,50225,全车检查+空调滤芯更换,2024-10-05 13:47,45225
S8655,宝马5系,28359,大保养(机油+三滤+正时皮带),2025-05-24 17:09,18359
S8656,奥迪Q5L,147625,机油+机滤+火花塞更换,2024-12-31 11:31,142625
S8657,福特锐界,108479,刹车油+刹车片+轮胎更换,2025-03-08 17:27,98479
S8658,吉利博越,22567,机油+机滤+燃油滤芯更换,2025-07-04 09:39,17567
S8659,长城魏派VV7,40668,变速箱油+空调滤芯更换,2025-02-21 13:05,30668
S8660,奔驰E级,59481,大保养(机油+三滤+刹车油),2025-09-18 15:11,49481
S8661,丰田卡罗拉,60692,机油+机滤更换,2024-02-13 12:07,55692
S8662,大众朗逸,59109,空调滤芯+空气滤芯更换,2025-06-03 09:37,49109
S8663,本田思域,145525,变速箱油更换,2024-11-25 10:43,135525
S8664,比亚迪汉,127944,全车检查+轮胎换位,2024-04-06 16:32,117944
S8665,宝马3系,89206,大保养(机油+三滤+刹车油),2025-01-07 14:40,79206
S8666,福特蒙迪欧,115566,刹车油+刹车片更换,2024-04-07 17:46,105566
S8667,吉利星越L,63552,机油+机滤+空调滤芯更换,2024-05-02 14:25,58552
S8668,奥迪A4L,26888,变速箱油+火花塞更换,2025-05-14 17:32,16888
S8669,长城哈弗H6,88321,空气滤芯+燃油滤芯更换,2025-05-30 15:26,83321
S8670,奔驰C级,113242,大保养(机油+三滤+变速箱油),2024-02-08 14:08,103242
S8671,丰田凯美瑞,24827,刹车油+冷却液更换,2024-06-01 12:03,14827
S8672,大众帕萨特,84646,机油+机滤+空气滤芯更换,2025-11-03 12:48,79646
S8673,本田CR-V,139133,变速箱油+刹车油更换,2024-04-04 13:36,129133
S8674,比亚迪宋PLUS,45477,全车检查+空调滤芯更换,2025-07-28 09:51,40477
S8675,宝马5系,74489,大保养(机油+三滤+正时皮带),2025-09-28 10:43,64489
S8676,奥迪Q5L,96840,机油+机滤+火花塞更换,2024-03-15 16:45,91840
S8677,福特锐界,27428,刹车油+刹车片+轮胎更换,2024-12-25 09:21,17428
S8678,吉利博越,44021,机油+机滤+燃油滤芯更换,2024-07-20 17:08,39021
S8679,长城魏派VV7,109211,变速箱油+空调滤芯更换,2025-05-26 08:44,99211
S8680,奔驰E级,145334,大保养(机油+三滤+刹车油),2025-12-18 14:18,135334
S8681,丰田卡罗拉,147907,机油+机滤更换,2025-02-15 15:41,142907
S8682,大众朗逸,147340,空调滤芯+空气滤芯更换,2024-07-01 13:14,137340
S8683,本田思域,75633,变速箱油更换,2024-09-18 14:59,65633
S8684,比亚迪汉,30434,全车检查+轮胎换位,2024-06-26 10:34,20434
S8685,宝马3系,73419,大保养(机油+三滤+刹车油),2025-09-20 11:15,63419
S8686,福特蒙迪欧,85752,刹车油+刹车片更换,2024-12-20 13:23,75752
S8687,吉利星越L,81150,机油+机滤+空调滤芯更换,2025-01-26 16:48,76150
S8688,奥迪A4L,128332,变速箱油+火花塞更换,2025-10-18 08:43,118332
S8689,长城哈弗H6,114657,空气滤芯+燃油滤芯更换,2024-11-02 11:57,109657
S8690,奔驰C级,111529,大保养(机油+三滤+变速箱油),2025-03-06 12:06,101529
S8691,丰田凯美瑞,119428,刹车油+冷却液更换,2025-03-19 13:28,109428
S8692,大众帕萨特,127866,机油+机滤+空气滤芯更换,2024-04-12 14:46,122866
S8693,本田CR-V,63122,变速箱油+刹车油更换,2024-01-15 11:39,53122
S8694,比亚迪宋PLUS,42691,全车检查+空调滤芯更换,2024-08-16 09:48,37691
S8695,宝马5系,143582,大保养(机油+三滤+正时皮带),2025-08-18 13:25,133582
S8696,奥迪Q5L,39324,机油+机滤+火花塞更换,2025-12-05 16:43,34324
S8697,福特锐界,23707,刹车油+刹车片+轮胎更换,2024-01-03 17:01,13707
S8698,吉利博越,34964,机油+机滤+燃油滤芯更换,2024-04-04 14:00,29964
S8699,长城魏派VV7,80660,变速箱油+空调滤芯更换,2025-03-11 13:43,70660
S8700,奔驰E级,141610,大保养(机油+三滤+刹车油),2025-03-24 15:59,131610
S8701,丰田卡罗拉,145604,机油+机滤更换,2024-06-05 13:34,140604
S8702,大众朗逸,120230,空调滤芯+空气滤芯更换,2025-09-07 09:10,110230
S8703,本田思域,37338,变速箱油更换,2024-12-15 13:22,27338
S8704,比亚迪汉,50827,全车检查+轮胎换位,2025-04-24 12:43,40827
S8705,宝马3系,133086,大保养(机油+三滤+刹车油),2025-09-28 16:12,123086
S8706,福特蒙迪欧,113918,刹车油+刹车片更换,2025-04-30 08:23,103918
S8707,吉利星越L,22554,机油+机滤+空调滤芯更换,2025-09-01 09:22,17554
S8708,奥迪A4L,71489,变速箱油+火花塞更换,2024-01-21 11:42,61489
S8709,长城哈弗H6,44954,空气滤芯+燃油滤芯更换,2024-04-15 17:41,39954
S8710,奔驰C级,89384,大保养(机油+三滤+变速箱油),2024-02-27 16:46,79384
S8711,丰田凯美瑞,40631,刹车油+冷却液更换,2024-12-20 10:09,30631
S8712,大众帕萨特,145218,机油+机滤+空气滤芯更换,2024-09-30 14:58,140218
S8713,本田CR-V,119940,变速箱油+刹车油更换,2025-07-20 08:35,109940
S8714,比亚迪宋PLUS,128513,全车检查+空调滤芯更换,2025-11-14 10:42,123513
S8715,宝马5系,50613,大保养(机油+三滤+正时皮带),2024-08-27 16:38,40613
S8716,奥迪Q5L,135587,机油+机滤+火花塞更换,2024-09-09 13:05,130587
S8717,福特锐界,109067,刹车油+刹车片+轮胎更换,2025-12-13 17:52,99067
S8718,吉利博越,93553,机油+机滤+燃油滤芯更换,2025-11-24 16:38,88553
S8719,长城魏派VV7,27772,变速箱油+空调滤芯更换,2024-11-28 14:28,17772
S8720,奔驰E级,144873,大保养(机油+三滤+刹车油),2024-08-02 16:36,134873
S8721,丰田卡罗拉,90445,机油+机滤更换,2025-01-26 11:32,85445
S8722,大众朗逸,40468,空调滤芯+空气滤芯更换,2024-10-17 08:56,30468
S8723,本田思域,75484,变速箱油更换,2025-01-22 11:41,65484
S8724,比亚迪汉,93006,全车检查+轮胎换位,2024-11-15 12:36,83006
S8725,宝马3系,131986,大保养(机油+三滤+刹车油),2025-04-01 08:33,121986
S8726,福特蒙迪欧,83968,刹车油+刹车片更换,2025-03-11 11:29,73968
S8727,吉利星越L,61146,机油+机滤+空调滤芯更换,2025-01-18 13:06,56146
S8728,奥迪A4L,89083,变速箱油+火花塞更换,2025-04-12 17:29,79083
S8729,长城哈弗H6,148427,空气滤芯+燃油滤芯更换,2025-01-05 17:26,143427
S8730,奔驰C级,96350,大保养(机油+三滤+变速箱油),2024-12-17 14:41,86350
S8731,丰田凯美瑞,87949,刹车油+冷却液更换,2024-06-10 13:16,77949
S8732,大众帕萨特,28531,机油+机滤+空气滤芯更换,2025-12-26 17:00,23531
S8733,本田CR-V,148743,变速箱油+刹车油更换,2024-03-09 09:33,138743
S8734,比亚迪宋PLUS,145074,全车检查+空调滤芯更换,2025-02-21 14:12,140074
S8735,宝马5系,124947,大保养(机油+三滤+正时皮带),2024-11-28 09:11,114947
S8736,奥迪Q5L,82815,机油+机滤+火花塞更换,2024-10-12 14:23,77815
S8737,福特锐界,64752,刹车油+刹车片+轮胎更换,2024-10-21 08:17,54752
S8738,吉利博越,70244,机油+机滤+燃油滤芯更换,2024-03-24 17:58,65244
S8739,长城魏派VV7,78101,变速箱油+空调滤芯更换,2025-10-15 15:22,68101
S8740,奔驰E级,142682,大保养(机油+三滤+刹车油),2024-05-09 10:30,132682
S8741,丰田卡罗拉,35798,机油+机滤更换,2025-09-11 17:22,30798
S8742,大众朗逸,59068,空调滤芯+空气滤芯更换,2025-09-13 13:20,49068
S8743,本田思域,118538,变速箱油更换,2024-09-06 09:13,108538
S8744,比亚迪汉,118948,全车检查+轮胎换位,2024-09-14 10:30,108948
S8745,宝马3系,87221,大保养(机油+三滤+刹车油),2024-01-16 08:56,77221
S8746,福特蒙迪欧,37087,刹车油+刹车片更换,2024-09-10 13:50,27087
S8747,吉利星越L,126906,机油+机滤+空调滤芯更换,2024-10-18 16:57,121906
S8748,奥迪A4L,142789,变速箱油+火花塞更换,2024-11-20 15:05,132789
S8749,长城哈弗H6,102934,空气滤芯+燃油滤芯更换,2024-11-20 15:10,97934
S8750,奔驰C级,25603,大保养(机油+三滤+变速箱油),2024-12-15 10:14,15603
S8751,丰田凯美瑞,93877,刹车油+冷却液更换,2024-06-28 10:17,83877
S8752,大众帕萨特,133693,机油+机滤+空气滤芯更换,2025-05-07 16:21,128693
S8753,本田CR-V,77143,变速箱油+刹车油更换,2025-10-22 12:50,67143
S8754,比亚迪宋PLUS,86067,全车检查+空调滤芯更换,2024-09-30 12:00,81067
S8755,宝马5系,88084,大保养(机油+三滤+正时皮带),2024-07-20 16:08,78084
S8756,奥迪Q5L,75355,机油+机滤+火花塞更换,2024-08-13 08:23,70355
S8757,福特锐界,84958,刹车油+刹车片+轮胎更换,2024-11-23 11:10,74958
S8758,吉利博越,137302,机油+机滤+燃油滤芯更换,2025-04-28 17:02,132302
S8759,长城魏派VV7,125923,变速箱油+空调滤芯更换,2025-01-08 14:49,115923
S8760,奔驰E级,30060,大保养(机油+三滤+刹车油),2024-08-02 10:37,20060
S8761,丰田卡罗拉,110816,机油+机滤更换,2025-06-18 08:54,105816
S8762,大众朗逸,78186,空调滤芯+空气滤芯更换,2024-04-15 09:33,68186
S8763,本田思域,100986,变速箱油更换,2025-09-11 09:35,90986
S8764,比亚迪汉,75620,全车检查+轮胎换位,2025-07-26 10:20,65620
S8765,宝马3系,29841,大保养(机油+三滤+刹车油),2025-11-16 14:46,19841
S8766,福特蒙迪欧,134010,刹车油+刹车片更换,2025-08-20 10:29,124010
S8767,吉利星越L,36157,机油+机滤+空调滤芯更换,2025-10-11 09:16,31157
S8768,奥迪A4L,142405,变速箱油+火花塞更换,2024-10-27 17:40,132405
S8769,长城哈弗H6,22130,空气滤芯+燃油滤芯更换,2025-10-18 10:31,17130
S8770,奔驰C级,39785,大保养(机油+三滤+变速箱油),2025-02-03 14:08,29785
S8771,丰田凯美瑞,93041,刹车油+冷却液更换,2025-09-14 11:11,83041
S8772,大众帕萨特,130276,机油+机滤+空气滤芯更换,2024-04-21 13:07,125276
S8773,本田CR-V,103071,变速箱油+刹车油更换,2024-05-26 13:00,93071
S8774,比亚迪宋PLUS,22336,全车检查+空调滤芯更换,2024-05-02 17:07,17336
S8775,宝马5系,62626,大保养(机油+三滤+正时皮带),2025-08-29 17:20,52626
S8776,奥迪Q5L,38877,机油+机滤+火花塞更换,2025-04-02 08:10,33877
S8777,福特锐界,21265,刹车油+刹车片+轮胎更换,2024-05-17 12:41,11265
S8778,吉利博越,149428,机油+机滤+燃油滤芯更换,2025-05-21 11:39,144428
S8779,长城魏派VV7,77722,变速箱油+空调滤芯更换,2025-06-12 08:36,67722
S8780,奔驰E级,34547,大保养(机油+三滤+刹车油),2025-07-03 15:10,24547
S8781,丰田卡罗拉,92553,机油+机滤更换,2024-05-20 10:27,87553
S8782,大众朗逸,32027,空调滤芯+空气滤芯更换,2025-02-18 13:03,22027
S8783,本田思域,69113,变速箱油更换,2024-11-02 08:59,59113
S8784,比亚迪汉,59570,全车检查+轮胎换位,2025-08-31 09:12,49570
S8785,宝马3系,135450,大保养(机油+三滤+刹车油),2025-07-27 09:26,125450
S8786,福特蒙迪欧,95595,刹车油+刹车片更换,2025-07-18 12:49,85595
S8787,吉利星越L,34900,机油+机滤+空调滤芯更换,2024-11-03 09:05,29900
S8788,奥迪A4L,120088,变速箱油+火花塞更换,2025-06-03 15:41,110088
S8789,长城哈弗H6,83036,空气滤芯+燃油滤芯更换,2025-10-21 11:31,78036
S8790,奔驰C级,124137,大保养(机油+三滤+变速箱油),2025-12-01 12:53,114137
S8791,丰田凯美瑞,71425,刹车油+冷却液更换,2025-10-09 15:22,61425
S8792,大众帕萨特,108812,机油+机滤+空气滤芯更换,2024-12-06 09:15,103812
S8793,本田CR-V,74456,变速箱油+刹车油更换,2025-03-06 14:50,64456
S8794,比亚迪宋PLUS,90735,全车检查+空调滤芯更换,2024-08-21 08:17,85735
S8795,宝马5系,46606,大保养(机油+三滤+正时皮带),2025-07-05 15:51,36606
S8796,奥迪Q5L,107707,机油+机滤+火花塞更换,2024-03-30 13:39,102707
S8797,福特锐界,29848,刹车油+刹车片+轮胎更换,2024-03-15 10:40,19848
S8798,吉利博越,134444,机油+机滤+燃油滤芯更换,2025-06-22 12:27,129444
S8799,长城魏派VV7,125317,变速箱油+空调滤芯更换,2024-02-18 17:51,115317
S8800,奔驰E级,26769,大保养(机油+三滤+刹车油),2025-07-01 12:58,16769
S8801,丰田卡罗拉,60882,机油+机滤更换,2024-12-05 14:33,55882
S8802,大众朗逸,41081,空调滤芯+空气滤芯更换,2025-09-16 09:17,31081
S8803,本田思域,53958,变速箱油更换,2025-01-26 08:23,43958
S8804,比亚迪汉,47276,全车检查+轮胎换位,2024-12-08 16:09,37276
S8805,宝马3系,55941,大保养(机油+三滤+刹车油),2025-11-12 15:31,45941
S8806,福特蒙迪欧,65895,刹车油+刹车片更换,2024-06-27 10:59,55895
S8807,吉利星越L,35933,机油+机滤+空调滤芯更换,2024-06-10 11:02,30933
S8808,奥迪A4L,54063,变速箱油+火花塞更换,2024-09-01 13:00,44063
S8809,长城哈弗H6,135638,空气滤芯+燃油滤芯更换,2025-12-22 17:53,130638
S8810,奔驰C级,102540,大保养(机油+三滤+变速箱油),2024-03-15 12:21,92540
S8811,丰田凯美瑞,70725,刹车油+冷却液更换,2025-05-20 09:09,60725
S8812,大众帕萨特,88587,机油+机滤+空气滤芯更换,2024-04-05 12:35,83587
S8813,本田CR-V,134979,变速箱油+刹车油更换,2025-06-04 15:22,124979
S8814,比亚迪宋PLUS,82817,全车检查+空调滤芯更换,2024-09-15 13:17,77817
S8815,宝马5系,61152,大保养(机油+三滤+正时皮带),2025-06-25 16:50,51152
S8816,奥迪Q5L,143275,机油+机滤+火花塞更换,2025-06-13 15:34,138275
S8817,福特锐界,59239,刹车油+刹车片+轮胎更换,2024-10-05 15:22,49239
S8818,吉利博越,66105,机油+机滤+燃油滤芯更换,2024-04-05 08:58,61105
S8819,长城魏派VV7,140496,变速箱油+空调滤芯更换,2025-03-04 09:32,130496
S8820,奔驰E级,99119,大保养(机油+三滤+刹车油),2025-01-21 13:26,89119
S8821,丰田卡罗拉,44781,机油+机滤更换,2024-04-03 08:18,39781
S8822,大众朗逸,80853,空调滤芯+空气滤芯更换,2025-05-10 13:02,70853
S8823,本田思域,102332,变速箱油更换,2025-01-07 10:44,92332
S8824,比亚迪汉,102080,全车检查+轮胎换位,2025-11-01 12:56,92080
S8825,宝马3系,47984,大保养(机油+三滤+刹车油),2024-09-23 14:24,37984
S8826,福特蒙迪欧,100851,刹车油+刹车片更换,2024-08-15 10:28,90851
S8827,吉利星越L,138901,机油+机滤+空调滤芯更换,2025-04-08 17:46,133901
S8828,奥迪A4L,100049,变速箱油+火花塞更换,2024-01-07 16:27,90049
S8829,长城哈弗H6,109272,空气滤芯+燃油滤芯更换,2024-09-16 15:50,104272
S8830,奔驰C级,93981,大保养(机油+三滤+变速箱油),2024-02-25 09:36,83981
S8831,丰田凯美瑞,58741,刹车油+冷却液更换,2025-08-25 14:39,48741
S8832,大众帕萨特,70150,机油+机滤+空气滤芯更换,2025-11-11 13:19,65150
S8833,本田CR-V,138675,变速箱油+刹车油更换,2024-10-30 13:40,128675
S8834,比亚迪宋PLUS,139846,全车检查+空调滤芯更换,2024-10-25 09:10,134846
S8835,宝马5系,77109,大保养(机油+三滤+正时皮带),2025-04-29 11:35,67109
S8836,奥迪Q5L,50655,机油+机滤+火花塞更换,2024-01-27 09:01,45655
S8837,福特锐界,46961,刹车油+刹车片+轮胎更换,2024-01-20 13:26,36961
S8838,吉利博越,94012,机油+机滤+燃油滤芯更换,2025-01-11 11:46,89012
S8839,长城魏派VV7,130445,变速箱油+空调滤芯更换,2024-10-10 11:49,120445
S8840,奔驰E级,45972,大保养(机油+三滤+刹车油),2024-07-24 14:49,35972
S8841,丰田卡罗拉,61336,机油+机滤更换,2024-11-29 16:19,56336
S8842,大众朗逸,85109,空调滤芯+空气滤芯更换,2025-10-14 15:54,75109
S8843,本田思域,52345,变速箱油更换,2024-09-12 14:47,42345
S8844,比亚迪汉,101367,全车检查+轮胎换位,2025-04-18 08:35,91367
S8845,宝马3系,131352,大保养(机油+三滤+刹车油),2024-01-08 13:23,121352
S8846,福特蒙迪欧,82277,刹车油+刹车片更换,2024-02-25 14:28,72277
S8847,吉利星越L,86942,机油+机滤+空调滤芯更换,2024-12-21 08:59,81942
S8848,奥迪A4L,112235,变速箱油+火花塞更换,2025-10-06 10:20,102235
S8849,长城哈弗H6,68477,空气滤芯+燃油滤芯更换,2024-06-06 09:10,63477
S8850,奔驰C级,48629,大保养(机油+三滤+变速箱油),2025-07-02 15:25,38629
S8851,丰田凯美瑞,53052,刹车油+冷却液更换,2024-10-22 12:50,43052
S8852,大众帕萨特,62521,机油+机滤+空气滤芯更换,2025-06-18 15:48,57521
S8853,本田CR-V,73308,变速箱油+刹车油更换,2024-12-22 09:09,63308
S8854,比亚迪宋PLUS,70543,全车检查+空调滤芯更换,2025-01-07 17:55,65543
S8855,宝马5系,128013,大保养(机油+三滤+正时皮带),2025-12-27 09:26,118013
S8856,奥迪Q5L,82118,机油+机滤+火花塞更换,2024-11-21 08:19,77118
S8857,福特锐界,88119,刹车油+刹车片+轮胎更换,2025-05-18 14:48,78119
S8858,吉利博越,88621,机油+机滤+燃油滤芯更换,2024-11-01 15:59,83621
S8859,长城魏派VV7,57734,变速箱油+空调滤芯更换,2024-07-27 17:14,47734
S8860,奔驰E级,136033,大保养(机油+三滤+刹车油),2025-04-02 09:07,126033
S8861,丰田卡罗拉,96200,机油+机滤更换,2024-05-03 17:44,91200
S8862,大众朗逸,66583,空调滤芯+空气滤芯更换,2025-12-28 09:44,56583
S8863,本田思域,90686,变速箱油更换,2025-10-26 10:21,80686
S8864,比亚迪汉,66423,全车检查+轮胎换位,2024-02-07 11:53,56423
S8865,宝马3系,96973,大保养(机油+三滤+刹车油),2024-12-08 17:49,86973
S8866,福特蒙迪欧,80378,刹车油+刹车片更换,2024-06-01 17:15,70378
S8867,吉利星越L,44564,机油+机滤+空调滤芯更换,2025-06-23 16:27,39564
S8868,奥迪A4L,43731,变速箱油+火花塞更换,2024-12-03 15:54,33731
S8869,长城哈弗H6,79166,空气滤芯+燃油滤芯更换,2025-05-17 10:01,74166
S8870,奔驰C级,79138,大保养(机油+三滤+变速箱油),2024-06-04 13:54,69138
S8871,丰田凯美瑞,56595,刹车油+冷却液更换,2025-01-07 13:31,46595
S8872,大众帕萨特,99410,机油+机滤+空气滤芯更换,2025-09-23 11:07,94410
S8873,本田CR-V,144288,变速箱油+刹车油更换,2024-04-25 15:11,134288
S8874,比亚迪宋PLUS,124403,全车检查+空调滤芯更换,2024-07-04 08:18,119403
S8875,宝马5系,113279,大保养(机油+三滤+正时皮带),2025-05-20 15:21,103279
S8876,奥迪Q5L,122413,机油+机滤+火花塞更换,2025-03-31 10:34,117413
S8877,福特锐界,43023,刹车油+刹车片+轮胎更换,2024-05-07 12:09,33023
S8878,吉利博越,27829,机油+机滤+燃油滤芯更换,2024-07-10 11:42,22829
S8879,长城魏派VV7,114461,变速箱油+空调滤芯更换,2024-11-16 12:02,104461
S8880,奔驰E级,102753,大保养(机油+三滤+刹车油),2025-04-09 15:33,92753
S8881,丰田卡罗拉,37612,机油+机滤更换,2024-04-19 12:30,32612
S8882,大众朗逸,62994,空调滤芯+空气滤芯更换,2024-11-02 12:10,52994
S8883,本田思域,148858,变速箱油更换,2024-12-30 09:06,138858
S8884,比亚迪汉,116447,全车检查+轮胎换位,2024-01-26 10:54,106447
S8885,宝马3系,116411,大保养(机油+三滤+刹车油),2025-03-17 11:31,106411
S8886,福特蒙迪欧,37339,刹车油+刹车片更换,2025-03-06 10:49,27339
S8887,吉利星越L,27391,机油+机滤+空调滤芯更换,2025-10-05 09:17,22391
S8888,奥迪A4L,92187,变速箱油+火花塞更换,2025-01-10 17:17,82187
S8889,长城哈弗H6,95139,空气滤芯+燃油滤芯更换,2025-08-08 08:00,90139
S8890,奔驰C级,44161,大保养(机油+三滤+变速箱油),2025-03-31 09:43,34161
S8891,丰田凯美瑞,72749,刹车油+冷却液更换,2024-01-14 15:58,62749
S8892,大众帕萨特,62544,机油+机滤+空气滤芯更换,2025-09-08 13:43,57544
S8893,本田CR-V,91446,变速箱油+刹车油更换,2025-12-24 09:22,81446
S8894,比亚迪宋PLUS,71611,全车检查+空调滤芯更换,2025-01-28 17:39,66611
S8895,宝马5系,96847,大保养(机油+三滤+正时皮带),2025-11-06 15:16,86847
S8896,奥迪Q5L,28681,机油+机滤+火花塞更换,2025-11-19 11:25,23681
S8897,福特锐界,114968,刹车油+刹车片+轮胎更换,2024-05-19 15:37,104968
S8898,吉利博越,94105,机油+机滤+燃油滤芯更换,2024-06-21 15:17,89105
S8899,长城魏派VV7,123397,变速箱油+空调滤芯更换,2024-06-14 11:25,113397
S8900,奔驰E级,58260,大保养(机油+三滤+刹车油),2025-01-10 10:33,48260
S8901,丰田卡罗拉,92621,机油+机滤更换,2024-04-07 15:02,87621
S8902,大众朗逸,38869,空调滤芯+空气滤芯更换,2024-05-27 12:44,28869
S8903,本田思域,58586,变速箱油更换,2024-06-10 14:00,48586
S8904,比亚迪汉,30066,全车检查+轮胎换位,2024-12-19 17:25,20066
S8905,宝马3系,25322,大保养(机油+三滤+刹车油),2025-04-15 17:31,15322
S8906,福特蒙迪欧,145616,刹车油+刹车片更换,2024-11-20 11:36,135616
S8907,吉利星越L,65990,机油+机滤+空调滤芯更换,2025-02-19 16:17,60990
S8908,奥迪A4L,29618,变速箱油+火花塞更换,2025-11-07 10:02,19618
S8909,长城哈弗H6,86072,空气滤芯+燃油滤芯更换,2025-08-06 14:17,81072
S8910,奔驰C级,107706,大保养(机油+三滤+变速箱油),2025-04-01 15:04,97706
S8911,丰田凯美瑞,78513,刹车油+冷却液更换,2024-01-09 14:21,68513
S8912,大众帕萨特,40462,机油+机滤+空气滤芯更换,2025-07-01 11:15,35462
S8913,本田CR-V,128263,变速箱油+刹车油更换,2025-01-18 11:29,118263
S8914,比亚迪宋PLUS,147838,全车检查+空调滤芯更换,2024-05-09 15:14,142838
S8915,宝马5系,95953,大保养(机油+三滤+正时皮带),2024-06-05 17:55,85953
S8916,奥迪Q5L,126110,机油+机滤+火花塞更换,2025-11-17 10:58,121110
S8917,福特锐界,102119,刹车油+刹车片+轮胎更换,2025-11-05 16:06,92119
S8918,吉利博越,79188,机油+机滤+燃油滤芯更换,2024-07-16 13:24,74188
S8919,长城魏派VV7,72543,变速箱油+空调滤芯更换,2024-07-13 15:31,62543
S8920,奔驰E级,63397,大保养(机油+三滤+刹车油),2025-01-25 08:19,53397
S8921,丰田卡罗拉,21404,机油+机滤更换,2025-03-17 12:44,16404
S8922,大众朗逸,32926,空调滤芯+空气滤芯更换,2025-02-23 15:22,22926
S8923,本田思域,119991,变速箱油更换,2025-05-13 10:22,109991
S8924,比亚迪汉,56970,全车检查+轮胎换位,2025-02-24 15:17,46970
S8925,宝马3系,149489,大保养(机油+三滤+刹车油),2025-05-09 12:41,139489
S8926,福特蒙迪欧,106956,刹车油+刹车片更换,2025-06-04 16:23,96956
S8927,吉利星越L,136450,机油+机滤+空调滤芯更换,2024-11-25 12:48,131450
S8928,奥迪A4L,21435,变速箱油+火花塞更换,2025-02-09 09:37,11435
S8929,长城哈弗H6,86378,空气滤芯+燃油滤芯更换,2024-12-06 15:01,81378
S8930,奔驰C级,134822,大保养(机油+三滤+变速箱油),2025-01-28 12:30,124822
S8931,丰田凯美瑞,99273,刹车油+冷却液更换,2024-03-12 14:20,89273
S8932,大众帕萨特,116733,机油+机滤+空气滤芯更换,2024-03-22 17:43,111733
S8933,本田CR-V,145648,变速箱油+刹车油更换,2025-07-30 12:26,135648
S8934,比亚迪宋PLUS,98401,全车检查+空调滤芯更换,2025-08-12 17:44,93401
S8935,宝马5系,24585,大保养(机油+三滤+正时皮带),2024-11-17 15:20,14585
S8936,奥迪Q5L,47600,机油+机滤+火花塞更换,2024-05-11 09:29,42600
S8937,福特锐界,42553,刹车油+刹车片+轮胎更换,2025-09-14 12:15,32553
S8938,吉利博越,72131,机油+机滤+燃油滤芯更换,2024-08-23 15:42,67131
S8939,长城魏派VV7,43790,变速箱油+空调滤芯更换,2025-09-09 09:05,33790
S8940,奔驰E级,29654,大保养(机油+三滤+刹车油),2024-05-22 14:15,19654
S8941,丰田卡罗拉,45498,机油+机滤更换,2024-03-15 17:02,40498
S8942,大众朗逸,117089,空调滤芯+空气滤芯更换,2024-02-25 16:59,107089
S8943,本田思域,79110,变速箱油更换,2025-06-09 14:53,69110
S8944,比亚迪汉,38046,全车检查+轮胎换位,2024-05-12 10:35,28046
S8945,宝马3系,81944,大保养(机油+三滤+刹车油),2024-07-15 13:53,71944
S8946,福特蒙迪欧,120925,刹车油+刹车片更换,2024-05-05 12:53,110925
S8947,吉利星越L,111594,机油+机滤+空调滤芯更换,2025-02-15 14:07,106594
S8948,奥迪A4L,112120,变速箱油+火花塞更换,2025-03-13 13:32,102120
S8949,长城哈弗H6,116595,空气滤芯+燃油滤芯更换,2024-09-15 10:05,111595
S8950,奔驰C级,133092,大保养(机油+三滤+变速箱油),2024-07-12 08:10,123092
S8951,丰田凯美瑞,114524,刹车油+冷却液更换,2025-10-24 16:50,104524
S8952,大众帕萨特,72366,机油+机滤+空气滤芯更换,2025-04-14 15:06,67366
S8953,本田CR-V,31987,变速箱油+刹车油更换,2024-11-24 14:43,21987
S8954,比亚迪宋PLUS,44731,全车检查+空调滤芯更换,2025-04-23 17:24,39731
S8955,宝马5系,73064,大保养(机油+三滤+正时皮带),2024-09-30 13:11,63064
S8956,奥迪Q5L,27367,机油+机滤+火花塞更换,2025-04-29 16:45,22367
S8957,福特锐界,70293,刹车油+刹车片+轮胎更换,2025-02-24 13:06,60293
S8958,吉利博越,53357,机油+机滤+燃油滤芯更换,2024-10-30 08:52,48357
S8959,长城魏派VV7,23333,变速箱油+空调滤芯更换,2025-01-09 17:12,13333
S8960,奔驰E级,69269,大保养(机油+三滤+刹车油),2024-11-27 17:59,59269
S8961,丰田卡罗拉,35917,机油+机滤更换,2024-10-21 13:01,30917
S8962,大众朗逸,39000,空调滤芯+空气滤芯更换,2025-07-08 09:39,29000
S8963,本田思域,83861,变速箱油更换,2024-03-07 17:13,73861
S8964,比亚迪汉,106359,全车检查+轮胎换位,2025-01-21 13:45,96359
S8965,宝马3系,137810,大保养(机油+三滤+刹车油),2024-12-29 13:00,127810
S8966,福特蒙迪欧,129213,刹车油+刹车片更换,2025-01-15 15:09,119213
S8967,吉利星越L,61257,机油+机滤+空调滤芯更换,2024-02-11 13:57,56257
S8968,奥迪A4L,137115,变速箱油+火花塞更换,2025-06-08 09:52,127115
S8969,长城哈弗H6,63543,空气滤芯+燃油滤芯更换,2024-04-08 12:16,58543
S8970,奔驰C级,85060,大保养(机油+三滤+变速箱油),2025-02-02 13:31,75060
S8971,丰田凯美瑞,94904,刹车油+冷却液更换,2024-03-25 13:24,84904
S8972,大众帕萨特,100554,机油+机滤+空气滤芯更换,2025-10-17 14:19,95554
S8973,本田CR-V,105806,变速箱油+刹车油更换,2024-11-15 08:40,95806
S8974,比亚迪宋PLUS,65098,全车检查+空调滤芯更换,2025-04-24 10:00,60098
S8975,宝马5系,100820,大保养(机油+三滤+正时皮带),2025-01-09 10:30,90820
S8976,奥迪Q5L,41122,机油+机滤+火花塞更换,2025-12-04 08:45,36122
S8977,福特锐界,128441,刹车油+刹车片+轮胎更换,2025-10-15 12:57,118441
S8978,吉利博越,53277,机油+机滤+燃油滤芯更换,2025-03-08 08:57,48277
S8979,长城魏派VV7,88896,变速箱油+空调滤芯更换,2025-07-26 13:01,78896
S8980,奔驰E级,60103,大保养(机油+三滤+刹车油),2025-01-27 13:44,50103
S8981,丰田卡罗拉,28261,机油+机滤更换,2025-05-14 12:28,23261
S8982,大众朗逸,78125,空调滤芯+空气滤芯更换,2025-02-01 08:59,68125
S8983,本田思域,61575,变速箱油更换,2024-07-11 15:14,51575
S8984,比亚迪汉,79922,全车检查+轮胎换位,2025-01-11 13:54,69922
S8985,宝马3系,120673,大保养(机油+三滤+刹车油),2024-11-22 11:10,110673
S8986,福特蒙迪欧,97510,刹车油+刹车片更换,2025-02-22 12:26,87510
S8987,吉利星越L,46994,机油+机滤+空调滤芯更换,2025-05-09 11:23,41994
S8988,奥迪A4L,97599,变速箱油+火花塞更换,2024-08-05 14:34,87599
S8989,长城哈弗H6,140271,空气滤芯+燃油滤芯更换,2024-04-07 10:34,135271
S8990,奔驰C级,105139,大保养(机油+三滤+变速箱油),2024-05-20 11:33,95139
S8991,丰田凯美瑞,112967,刹车油+冷却液更换,2025-09-03 10:10,102967
S8992,大众帕萨特,52444,机油+机滤+空气滤芯更换,2025-08-30 09:15,47444
S8993,本田CR-V,141252,变速箱油+刹车油更换,2024-07-09 12:26,131252
S8994,比亚迪宋PLUS,49834,全车检查+空调滤芯更换,2024-10-02 08:41,44834
S8995,宝马5系,95869,大保养(机油+三滤+正时皮带),2024-03-25 16:40,85869
S8996,奥迪Q5L,22089,机油+机滤+火花塞更换,2024-03-18 14:25,17089
S8997,福特锐界,147307,刹车油+刹车片+轮胎更换,2024-08-04 16:18,137307
S8998,吉利博越,68998,机油+机滤+燃油滤芯更换,2025-06-04 08:36,63998
S8999,长城魏派VV7,27102,变速箱油+空调滤芯更换,2024-08-23 10:33,17102
S9000,奔驰E级,134983,大保养(机油+三滤+刹车油),2025-12-26 08:51,124983
S9001,丰田卡罗拉,70412,机油+机滤更换,2025-05-04 10:32,65412
S9002,大众朗逸,122595,空调滤芯+空气滤芯更换,2025-07-19 15:31,112595
S9003,本田思域,68806,变速箱油更换,2024-08-10 16:03,58806
S9004,比亚迪汉,106151,全车检查+轮胎换位,2025-05-31 12:30,96151
S9005,宝马3系,30120,大保养(机油+三滤+刹车油),2025-10-11 08:26,20120
S9006,福特蒙迪欧,26515,刹车油+刹车片更换,2025-05-28 13:12,16515
S9007,吉利星越L,39791,机油+机滤+空调滤芯更换,2025-02-18 16:55,34791
S9008,奥迪A4L,68641,变速箱油+火花塞更换,2024-02-16 15:06,58641
S9009,长城哈弗H6,81346,空气滤芯+燃油滤芯更换,2025-12-18 08:57,76346
S9010,奔驰C级,84570,大保养(机油+三滤+变速箱油),2025-07-20 08:40,74570
S9011,丰田凯美瑞,41831,刹车油+冷却液更换,2025-04-19 14:16,31831
S9012,大众帕萨特,34209,机油+机滤+空气滤芯更换,2025-09-22 12:00,29209
S9013,本田CR-V,75690,变速箱油+刹车油更换,2024-10-15 08:42,65690
S9014,比亚迪宋PLUS,25563,全车检查+空调滤芯更换,2025-03-12 09:12,20563
S9015,宝马5系,138384,大保养(机油+三滤+正时皮带),2025-07-19 10:51,128384
S9016,奥迪Q5L,35462,机油+机滤+火花塞更换,2025-02-21 16:10,30462
S9017,福特锐界,68879,刹车油+刹车片+轮胎更换,2024-08-04 14:58,58879
S9018,吉利博越,93930,机油+机滤+燃油滤芯更换,2024-06-05 11:52,88930
S9019,长城魏派VV7,110463,变速箱油+空调滤芯更换,2025-10-03 09:21,100463
S9020,奔驰E级,148917,大保养(机油+三滤+刹车油),2025-02-22 15:39,138917
S9021,丰田卡罗拉,64538,机油+机滤更换,2024-08-13 15:31,59538
S9022,大众朗逸,120053,空调滤芯+空气滤芯更换,2024-12-20 09:34,110053
S9023,本田思域,114670,变速箱油更换,2025-07-27 08:02,104670
S9024,比亚迪汉,92215,全车检查+轮胎换位,2024-02-18 17:55,82215
S9025,宝马3系,122290,大保养(机油+三滤+刹车油),2025-07-14 17:54,112290
S9026,福特蒙迪欧,128059,刹车油+刹车片更换,2025-09-25 08:34,118059
S9027,吉利星越L,54120,机油+机滤+空调滤芯更换,2025-04-20 13:13,49120
S9028,奥迪A4L,110741,变速箱油+火花塞更换,2024-07-22 15:41,100741
S9029,长城哈弗H6,108406,空气滤芯+燃油滤芯更换,2024-06-26 13:47,103406
S9030,奔驰C级,67290,大保养(机油+三滤+变速箱油),2024-03-29 09:48,57290
S9031,丰田凯美瑞,122943,刹车油+冷却液更换,2024-03-01 08:02,112943
S9032,大众帕萨特,34843,机油+机滤+空气滤芯更换,2024-07-29 09:22,29843
S9033,本田CR-V,33876,变速箱油+刹车油更换,2024-02-25 16:54,23876
S9034,比亚迪宋PLUS,115490,全车检查+空调滤芯更换,2024-08-15 17:03,110490
S9035,宝马5系,98906,大保养(机油+三滤+正时皮带),2025-06-10 11:10,88906
S9036,奥迪Q5L,40039,机油+机滤+火花塞更换,2025-07-30 14:21,35039
S9037,福特锐界,31830,刹车油+刹车片+轮胎更换,2025-03-17 11:58,21830
S9038,吉利博越,55571,机油+机滤+燃油滤芯更换,2025-09-19 14:20,50571
S9039,长城魏派VV7,48085,变速箱油+空调滤芯更换,2024-05-16 11:03,38085
S9040,奔驰E级,85320,大保养(机油+三滤+刹车油),2025-08-31 17:56,75320
S9041,丰田卡罗拉,51371,机油+机滤更换,2025-03-22 09:46,46371
S9042,大众朗逸,148189,空调滤芯+空气滤芯更换,2024-12-11 08:22,138189
S9043,本田思域,130020,变速箱油更换,2025-08-30 09:04,120020
S9044,比亚迪汉,74390,全车检查+轮胎换位,2025-05-31 14:02,64390
S9045,宝马3系,117227,大保养(机油+三滤+刹车油),2024-05-16 15:41,107227
S9046,福特蒙迪欧,75020,刹车油+刹车片更换,2025-02-17 16:19,65020
S9047,吉利星越L,119981,机油+机滤+空调滤芯更换,2024-06-11 16:20,114981
S9048,奥迪A4L,40394,变速箱油+火花塞更换,2024-10-18 16:39,30394
S9049,长城哈弗H6,51213,空气滤芯+燃油滤芯更换,2025-12-18 15:10,46213
S9050,奔驰C级,117607,大保养(机油+三滤+变速箱油),2025-07-11 10:50,107607
S9051,丰田凯美瑞,131479,刹车油+冷却液更换,2025-01-24 12:32,121479
S9052,大众帕萨特,42841,机油+机滤+空气滤芯更换,2025-06-11 10:40,37841
S9053,本田CR-V,135995,变速箱油+刹车油更换,2024-03-14 09:59,125995
S9054,比亚迪宋PLUS,23194,全车检查+空调滤芯更换,2025-04-29 17:00,18194
S9055,宝马5系,42578,大保养(机油+三滤+正时皮带),2024-09-17 15:00,32578
S9056,奥迪Q5L,64789,机油+机滤+火花塞更换,2024-09-18 09:33,59789
S9057,福特锐界,29845,刹车油+刹车片+轮胎更换,2024-02-11 11:53,19845
S9058,吉利博越,117201,机油+机滤+燃油滤芯更换,2025-12-16 09:15,112201
S9059,长城魏派VV7,117370,变速箱油+空调滤芯更换,2024-02-13 16:31,107370
S9060,奔驰E级,149867,大保养(机油+三滤+刹车油),2024-04-08 09:22,139867
S9061,丰田卡罗拉,52231,机油+机滤更换,2024-08-30 13:01,47231
S9062,大众朗逸,138663,空调滤芯+空气滤芯更换,2025-04-17 11:50,128663
S9063,本田思域,39706,变速箱油更换,2025-08-03 12:46,29706
S9064,比亚迪汉,20328,全车检查+轮胎换位,2024-03-21 14:33,10328
S9065,宝马3系,110019,大保养(机油+三滤+刹车油),2025-10-01 11:18,100019
S9066,福特蒙迪欧,28668,刹车油+刹车片更换,2024-11-12 15:03,18668
S9067,吉利星越L,128895,机油+机滤+空调滤芯更换,2024-02-17 17:08,123895
S9068,奥迪A4L,103814,变速箱油+火花塞更换,2024-02-19 13:08,93814
S9069,长城哈弗H6,53785,空气滤芯+燃油滤芯更换,2024-10-06 13:37,48785
S9070,奔驰C级,83596,大保养(机油+三滤+变速箱油),2024-09-15 14:54,73596
S9071,丰田凯美瑞,95879,刹车油+冷却液更换,2025-03-06 10:45,85879
S9072,大众帕萨特,125340,机油+机滤+空气滤芯更换,2024-07-22 10:04,120340
S9073,本田CR-V,136663,变速箱油+刹车油更换,2024-09-18 13:26,126663
S9074,比亚迪宋PLUS,91954,全车检查+空调滤芯更换,2025-01-11 16:27,86954
S9075,宝马5系,21349,大保养(机油+三滤+正时皮带),2024-07-11 17:28,11349
S9076,奥迪Q5L,144591,机油+机滤+火花塞更换,2024-10-07 13:38,139591
S9077,福特锐界,71849,刹车油+刹车片+轮胎更换,2024-06-13 12:03,61849
S9078,吉利博越,135971,机油+机滤+燃油滤芯更换,2024-04-27 17:34,130971
S9079,长城魏派VV7,119154,变速箱油+空调滤芯更换,2024-02-10 09:24,109154
S9080,奔驰E级,117512,大保养(机油+三滤+刹车油),2025-11-14 14:45,107512
S9081,丰田卡罗拉,51063,机油+机滤更换,2025-07-02 13:31,46063
S9082,大众朗逸,126457,空调滤芯+空气滤芯更换,2024-08-14 14:19,116457
S9083,本田思域,34209,变速箱油更换,2024-10-24 17:00,24209
S9084,比亚迪汉,25784,全车检查+轮胎换位,2024-12-14 16:58,15784
S9085,宝马3系,81041,大保养(机油+三滤+刹车油),2024-11-05 10:55,71041
S9086,福特蒙迪欧,42258,刹车油+刹车片更换,2024-11-22 15:05,32258
S9087,吉利星越L,76377,机油+机滤+空调滤芯更换,2024-08-15 12:11,71377
S9088,奥迪A4L,135087,变速箱油+火花塞更换,2025-08-27 11:35,125087
S9089,长城哈弗H6,117973,空气滤芯+燃油滤芯更换,2025-05-01 17:28,112973
S9090,奔驰C级,99038,大保养(机油+三滤+变速箱油),2025-03-10 08:16,89038
S9091,丰田凯美瑞,22197,刹车油+冷却液更换,2024-06-22 10:15,12197
S9092,大众帕萨特,31488,机油+机滤+空气滤芯更换,2025-10-30 11:34,26488
S9093,本田CR-V,109832,变速箱油+刹车油更换,2025-03-20 08:01,99832
S9094,比亚迪宋PLUS,111830,全车检查+空调滤芯更换,2025-01-19 14:33,106830
S9095,宝马5系,50766,大保养(机油+三滤+正时皮带),2025-12-05 15:58,40766
S9096,奥迪Q5L,118110,机油+机滤+火花塞更换,2024-01-14 13:22,113110
S9097,福特锐界,85639,刹车油+刹车片+轮胎更换,2024-06-21 12:45,75639
S9098,吉利博越,90693,机油+机滤+燃油滤芯更换,2025-02-12 17:02,85693
S9099,长城魏派VV7,88241,变速箱油+空调滤芯更换,2025-10-25 13:44,78241
S9100,奔驰E级,75338,大保养(机油+三滤+刹车油),2025-09-20 09:48,65338
S9101,丰田卡罗拉,39478,机油+机滤更换,2025-07-09 17:38,34478
S9102,大众朗逸,42392,空调滤芯+空气滤芯更换,2025-02-23 08:42,32392
S9103,本田思域,132674,变速箱油更换,2024-01-25 10:48,122674
S9104,比亚迪汉,61363,全车检查+轮胎换位,2024-03-02 16:05,51363
S9105,宝马3系,46585,大保养(机油+三滤+刹车油),2025-01-13 15:54,36585
S9106,福特蒙迪欧,74987,刹车油+刹车片更换,2024-08-25 12:45,64987
S9107,吉利星越L,130939,机油+机滤+空调滤芯更换,2024-06-28 14:20,125939
S9108,奥迪A4L,21023,变速箱油+火花塞更换,2024-11-20 08:55,11023
S9109,长城哈弗H6,71413,空气滤芯+燃油滤芯更换,2025-10-25 16:29,66413
S9110,奔驰C级,77634,大保养(机油+三滤+变速箱油),2024-03-22 12:11,67634
S9111,丰田凯美瑞,146693,刹车油+冷却液更换,2024-03-04 10:15,136693
S9112,大众帕萨特,122285,机油+机滤+空气滤芯更换,2025-06-15 11:35,117285
S9113,本田CR-V,131409,变速箱油+刹车油更换,2024-01-19 12:28,121409
S9114,比亚迪宋PLUS,26329,全车检查+空调滤芯更换,2024-04-02 16:23,21329
S9115,宝马5系,132336,大保养(机油+三滤+正时皮带),2024-02-22 12:44,122336
S9116,奥迪Q5L,131227,机油+机滤+火花塞更换,2024-10-13 08:31,126227
S9117,福特锐界,62206,刹车油+刹车片+轮胎更换,2024-06-07 13:42,52206
S9118,吉利博越,148576,机油+机滤+燃油滤芯更换,2024-10-14 13:41,143576
S9119,长城魏派VV7,71478,变速箱油+空调滤芯更换,2024-06-27 08:58,61478
S9120,奔驰E级,85988,大保养(机油+三滤+刹车油),2025-04-29 11:19,75988
S9121,丰田卡罗拉,93941,机油+机滤更换,2025-03-25 09:34,88941
S9122,大众朗逸,128631,空调滤芯+空气滤芯更换,2025-08-30 11:40,118631
S9123,本田思域,73132,变速箱油更换,2025-08-31 09:31,63132
S9124,比亚迪汉,83099,全车检查+轮胎换位,2025-04-17 10:00,73099
S9125,宝马3系,69985,大保养(机油+三滤+刹车油),2025-12-29 08:54,59985
S9126,福特蒙迪欧,135696,刹车油+刹车片更换,2025-03-24 14:24,125696
S9127,吉利星越L,42474,机油+机滤+空调滤芯更换,2024-10-09 14:54,37474
S9128,奥迪A4L,69199,变速箱油+火花塞更换,2025-09-09 15:38,59199
S9129,长城哈弗H6,91558,空气滤芯+燃油滤芯更换,2024-07-14 16:49,86558
S9130,奔驰C级,83798,大保养(机油+三滤+变速箱油),2025-07-31 15:43,73798
S9131,丰田凯美瑞,123036,刹车油+冷却液更换,2025-01-10 16:34,113036
S9132,大众帕萨特,149150,机油+机滤+空气滤芯更换,2025-11-18 14:29,144150
S9133,本田CR-V,41218,变速箱油+刹车油更换,2025-12-09 12:15,31218
S9134,比亚迪宋PLUS,61758,全车检查+空调滤芯更换,2025-12-29 10:14,56758
S9135,宝马5系,25325,大保养(机油+三滤+正时皮带),2025-10-29 10:08,15325
S9136,奥迪Q5L,137610,机油+机滤+火花塞更换,2025-02-21 09:18,132610
S9137,福特锐界,45866,刹车油+刹车片+轮胎更换,2024-05-29 10:24,35866
S9138,吉利博越,141287,机油+机滤+燃油滤芯更换,2024-04-19 12:08,136287
S9139,长城魏派VV7,47971,变速箱油+空调滤芯更换,2024-09-09 12:25,37971
S9140,奔驰E级,46563,大保养(机油+三滤+刹车油),2024-05-30 10:42,36563
S9141,丰田卡罗拉,45695,机油+机滤更换,2024-09-18 11:13,40695
S9142,大众朗逸,26098,空调滤芯+空气滤芯更换,2024-06-19 12:03,16098
S9143,本田思域,22118,变速箱油更换,2024-11-13 11:40,12118
S9144,比亚迪汉,28824,全车检查+轮胎换位,2024-02-21 12:52,18824
S9145,宝马3系,123900,大保养(机油+三滤+刹车油),2024-04-07 16:11,113900
S9146,福特蒙迪欧,146688,刹车油+刹车片更换,2025-03-27 17:47,136688
S9147,吉利星越L,51395,机油+机滤+空调滤芯更换,2025-03-30 10:38,46395
S9148,奥迪A4L,50872,变速箱油+火花塞更换,2025-03-30 17:07,40872
S9149,长城哈弗H6,143605,空气滤芯+燃油滤芯更换,2024-12-20 17:00,138605
S9150,奔驰C级,82598,大保养(机油+三滤+变速箱油),2025-10-22 16:16,72598
S9151,丰田凯美瑞,127491,刹车油+冷却液更换,2024-10-22 12:41,117491
S9152,大众帕萨特,87469,机油+机滤+空气滤芯更换,2024-07-23 10:12,82469
S9153,本田CR-V,42565,变速箱油+刹车油更换,2024-08-20 13:35,32565
S9154,比亚迪宋PLUS,141880,全车检查+空调滤芯更换,2024-06-18 08:44,136880
S9155,宝马5系,100523,大保养(机油+三滤+正时皮带),2025-05-22 15:22,90523
S9156,奥迪Q5L,89915,机油+机滤+火花塞更换,2025-10-14 10:26,84915
S9157,福特锐界,145533,刹车油+刹车片+轮胎更换,2024-08-21 10:12,135533
S9158,吉利博越,88014,机油+机滤+燃油滤芯更换,2024-10-25 14:09,83014
S9159,长城魏派VV7,81085,变速箱油+空调滤芯更换,2024-05-08 13:03,71085
S9160,奔驰E级,118423,大保养(机油+三滤+刹车油),2025-04-30 13:23,108423
S9161,丰田卡罗拉,98466,机油+机滤更换,2024-01-24 14:06,93466
S9162,大众朗逸,87135,空调滤芯+空气滤芯更换,2024-07-26 10:15,77135
S9163,本田思域,99110,变速箱油更换,2024-07-31 17:51,89110
S9164,比亚迪汉,147780,全车检查+轮胎换位,2024-07-25 08:04,137780
S9165,宝马3系,99386,大保养(机油+三滤+刹车油),2025-06-24 09:06,89386
S9166,福特蒙迪欧,136006,刹车油+刹车片更换,2024-10-02 15:06,126006
S9167,吉利星越L,65296,机油+机滤+空调滤芯更换,2025-01-28 14:24,60296
S9168,奥迪A4L,103081,变速箱油+火花塞更换,2025-12-11 12:34,93081
S9169,长城哈弗H6,134857,空气滤芯+燃油滤芯更换,2025-01-31 13:58,129857
S9170,奔驰C级,86359,大保养(机油+三滤+变速箱油),2024-12-17 17:57,76359
S9171,丰田凯美瑞,104835,刹车油+冷却液更换,2024-06-13 16:09,94835
S9172,大众帕萨特,122157,机油+机滤+空气滤芯更换,2024-09-12 12:52,117157
S9173,本田CR-V,63768,变速箱油+刹车油更换,2025-02-14 16:44,53768
S9174,比亚迪宋PLUS,115884,全车检查+空调滤芯更换,2024-02-15 08:33,110884
S9175,宝马5系,124439,大保养(机油+三滤+正时皮带),2024-05-03 17:47,114439
S9176,奥迪Q5L,60923,机油+机滤+火花塞更换,2025-03-20 15:42,55923
S9177,福特锐界,55599,刹车油+刹车片+轮胎更换,2024-04-10 10:32,45599
S9178,吉利博越,140067,机油+机滤+燃油滤芯更换,2025-10-31 16:00,135067
S9179,长城魏派VV7,46131,变速箱油+空调滤芯更换,2025-10-25 10:09,36131
S9180,奔驰E级,124172,大保养(机油+三滤+刹车油),2024-08-12 17:19,114172
S9181,丰田卡罗拉,89935,机油+机滤更换,2024-12-08 11:05,84935
S9182,大众朗逸,52702,空调滤芯+空气滤芯更换,2025-02-16 17:54,42702
S9183,本田思域,114085,变速箱油更换,2024-11-30 12:27,104085
S9184,比亚迪汉,53655,全车检查+轮胎换位,2025-05-06 09:06,43655
S9185,宝马3系,77368,大保养(机油+三滤+刹车油),2025-05-08 11:54,67368
S9186,福特蒙迪欧,34798,刹车油+刹车片更换,2024-09-20 17:15,24798
S9187,吉利星越L,27794,机油+机滤+空调滤芯更换,2025-08-01 14:03,22794
S9188,奥迪A4L,72576,变速箱油+火花塞更换,2024-07-29 16:25,62576
S9189,长城哈弗H6,116689,空气滤芯+燃油滤芯更换,2025-12-22 16:02,111689
S9190,奔驰C级,21968,大保养(机油+三滤+变速箱油),2024-05-15 15:21,11968
S9191,丰田凯美瑞,117377,刹车油+冷却液更换,2025-05-24 16:05,107377
S9192,大众帕萨特,91535,机油+机滤+空气滤芯更换,2024-01-01 16:47,86535
S9193,本田CR-V,116368,变速箱油+刹车油更换,2025-08-04 15:12,106368
S9194,比亚迪宋PLUS,133839,全车检查+空调滤芯更换,2025-03-17 11:44,128839
S9195,宝马5系,134222,大保养(机油+三滤+正时皮带),2025-07-25 08:28,124222
S9196,奥迪Q5L,44442,机油+机滤+火花塞更换,2025-01-13 12:14,39442
S9197,福特锐界,104177,刹车油+刹车片+轮胎更换,2024-09-23 11:52,94177
S9198,吉利博越,83697,机油+机滤+燃油滤芯更换,2025-03-04 16:18,78697
S9199,长城魏派VV7,138906,变速箱油+空调滤芯更换,2024-06-04 13:56,128906
S9200,奔驰E级,128265,大保养(机油+三滤+刹车油),2025-06-11 17:12,118265
S9201,丰田卡罗拉,81649,机油+机滤更换,2025-05-26 13:07,76649
S9202,大众朗逸,37362,空调滤芯+空气滤芯更换,2025-11-23 12:59,27362
S9203,本田思域,117141,变速箱油更换,2024-07-01 12:51,107141
S9204,比亚迪汉,100706,全车检查+轮胎换位,2025-07-19 10:00,90706
S9205,宝马3系,61680,大保养(机油+三滤+刹车油),2024-12-11 14:15,51680
S9206,福特蒙迪欧,28293,刹车油+刹车片更换,2024-03-07 15:04,18293
S9207,吉利星越L,33652,机油+机滤+空调滤芯更换,2024-08-07 16:49,28652
S9208,奥迪A4L,133456,变速箱油+火花塞更换,2024-02-07 08:17,123456
S9209,长城哈弗H6,67765,空气滤芯+燃油滤芯更换,2024-08-18 16:33,62765
S9210,奔驰C级,124817,大保养(机油+三滤+变速箱油),2025-11-29 08:06,114817
S9211,丰田凯美瑞,62236,刹车油+冷却液更换,2025-10-29 11:51,52236
S9212,大众帕萨特,23552,机油+机滤+空气滤芯更换,2024-07-05 15:28,18552
S9213,本田CR-V,110037,变速箱油+刹车油更换,2025-08-28 16:56,100037
S9214,比亚迪宋PLUS,57170,全车检查+空调滤芯更换,2024-12-06 09:10,52170
S9215,宝马5系,149558,大保养(机油+三滤+正时皮带),2025-02-01 17:35,139558
S9216,奥迪Q5L,131656,机油+机滤+火花塞更换,2024-08-26 11:57,126656
S9217,福特锐界,129032,刹车油+刹车片+轮胎更换,2025-09-30 12:48,119032
S9218,吉利博越,43251,机油+机滤+燃油滤芯更换,2024-04-30 13:52,38251
S9219,长城魏派VV7,95008,变速箱油+空调滤芯更换,2025-01-19 10:19,85008
S9220,奔驰E级,32604,大保养(机油+三滤+刹车油),2024-10-01 09:23,22604
S9221,丰田卡罗拉,49501,机油+机滤更换,2024-03-11 13:26,44501
S9222,大众朗逸,34426,空调滤芯+空气滤芯更换,2024-07-31 12:53,24426
S9223,本田思域,102533,变速箱油更换,2024-07-14 16:38,92533
S9224,比亚迪汉,133460,全车检查+轮胎换位,2024-12-26 10:04,123460
S9225,宝马3系,120760,大保养(机油+三滤+刹车油),2025-03-26 08:18,110760
S9226,福特蒙迪欧,36062,刹车油+刹车片更换,2024-04-01 13:23,26062
S9227,吉利星越L,54487,机油+机滤+空调滤芯更换,2025-04-09 15:39,49487
S9228,奥迪A4L,89458,变速箱油+火花塞更换,2025-05-07 08:43,79458
S9229,长城哈弗H6,117823,空气滤芯+燃油滤芯更换,2024-06-15 16:53,112823
S9230,奔驰C级,26086,大保养(机油+三滤+变速箱油),2025-09-16 13:44,16086
S9231,丰田凯美瑞,27622,刹车油+冷却液更换,2024-09-22 11:54,17622
S9232,大众帕萨特,91386,机油+机滤+空气滤芯更换,2024-10-05 08:21,86386
S9233,本田CR-V,144653,变速箱油+刹车油更换,2025-09-07 12:07,134653
S9234,比亚迪宋PLUS,106490,全车检查+空调滤芯更换,2024-09-12 14:07,101490
S9235,宝马5系,52332,大保养(机油+三滤+正时皮带),2024-02-27 12:53,42332
S9236,奥迪Q5L,119555,机油+机滤+火花塞更换,2024-04-09 17:27,114555
S9237,福特锐界,53939,刹车油+刹车片+轮胎更换,2024-10-02 12:48,43939
S9238,吉利博越,78563,机油+机滤+燃油滤芯更换,2024-11-12 10:48,73563
S9239,长城魏派VV7,129661,变速箱油+空调滤芯更换,2024-03-11 17:41,119661
S9240,奔驰E级,84737,大保养(机油+三滤+刹车油),2024-04-11 16:52,74737
S9241,丰田卡罗拉,83031,机油+机滤更换,2024-06-25 09:59,78031
S9242,大众朗逸,32235,空调滤芯+空气滤芯更换,2025-07-14 08:42,22235
S9243,本田思域,42116,变速箱油更换,2025-09-10 14:30,32116
S9244,比亚迪汉,45247,全车检查+轮胎换位,2024-06-20 16:20,35247
S9245,宝马3系,140847,大保养(机油+三滤+刹车油),2024-10-27 16:20,130847
S9246,福特蒙迪欧,113732,刹车油+刹车片更换,2024-12-19 13:10,103732
S9247,吉利星越L,128409,机油+机滤+空调滤芯更换,2024-02-06 08:33,123409
S9248,奥迪A4L,134164,变速箱油+火花塞更换,2025-11-29 13:04,124164
S9249,长城哈弗H6,86151,空气滤芯+燃油滤芯更换,2025-04-22 10:35,81151
S9250,奔驰C级,144903,大保养(机油+三滤+变速箱油),2024-10-12 11:14,134903
S9251,丰田凯美瑞,29353,刹车油+冷却液更换,2025-12-06 14:19,19353
S9252,大众帕萨特,144317,机油+机滤+空气滤芯更换,2025-08-22 17:27,139317
S9253,本田CR-V,117033,变速箱油+刹车油更换,2025-09-05 12:22,107033
S9254,比亚迪宋PLUS,54574,全车检查+空调滤芯更换,2025-12-15 09:07,49574
S9255,宝马5系,77312,大保养(机油+三滤+正时皮带),2024-03-26 10:19,67312
S9256,奥迪Q5L,105616,机油+机滤+火花塞更换,2025-02-14 14:32,100616
S9257,福特锐界,42243,刹车油+刹车片+轮胎更换,2025-12-01 14:05,32243
S9258,吉利博越,127083,机油+机滤+燃油滤芯更换,2025-01-16 14:32,122083
S9259,长城魏派VV7,48128,变速箱油+空调滤芯更换,2025-05-17 09:07,38128
S9260,奔驰E级,91794,大保养(机油+三滤+刹车油),2024-05-20 14:46,81794
S9261,丰田卡罗拉,99215,机油+机滤更换,2025-04-16 10:57,94215
S9262,大众朗逸,117013,空调滤芯+空气滤芯更换,2025-09-07 11:09,107013
S9263,本田思域,149577,变速箱油更换,2024-09-23 11:39,139577
S9264,比亚迪汉,55273,全车检查+轮胎换位,2025-07-31 13:35,45273
S9265,宝马3系,77033,大保养(机油+三滤+刹车油),2025-06-20 17:50,67033
S9266,福特蒙迪欧,134469,刹车油+刹车片更换,2025-01-03 14:37,124469
S9267,吉利星越L,45027,机油+机滤+空调滤芯更换,2025-07-08 10:38,40027
S9268,奥迪A4L,122073,变速箱油+火花塞更换,2025-04-18 13:40,112073
S9269,长城哈弗H6,131144,空气滤芯+燃油滤芯更换,2025-03-10 16:43,126144
S9270,奔驰C级,143466,大保养(机油+三滤+变速箱油),2024-05-11 16:10,133466
S9271,丰田凯美瑞,94250,刹车油+冷却液更换,2025-03-12 10:07,84250
S9272,大众帕萨特,53292,机油+机滤+空气滤芯更换,2024-04-22 17:45,48292
S9273,本田CR-V,22978,变速箱油+刹车油更换,2024-05-11 10:18,12978
S9274,比亚迪宋PLUS,38088,全车检查+空调滤芯更换,2024-12-26 16:15,33088
S9275,宝马5系,119003,大保养(机油+三滤+正时皮带),2024-10-28 10:55,109003
S9276,奥迪Q5L,120757,机油+机滤+火花塞更换,2025-12-06 14:30,115757
S9277,福特锐界,64719,刹车油+刹车片+轮胎更换,2025-05-28 15:25,54719
S9278,吉利博越,135509,机油+机滤+燃油滤芯更换,2025-07-11 16:51,130509
S9279,长城魏派VV7,95895,变速箱油+空调滤芯更换,2025-04-18 13:04,85895
S9280,奔驰E级,77653,大保养(机油+三滤+刹车油),2024-12-25 09:02,67653
S9281,丰田卡罗拉,29070,机油+机滤更换,2024-03-12 14:15,24070
S9282,大众朗逸,20738,空调滤芯+空气滤芯更换,2024-07-17 15:25,10738
S9283,本田思域,87407,变速箱油更换,2024-05-04 09:18,77407
S9284,比亚迪汉,110196,全车检查+轮胎换位,2025-03-05 10:34,100196
S9285,宝马3系,48584,大保养(机油+三滤+刹车油),2024-03-29 13:13,38584
S9286,福特蒙迪欧,115048,刹车油+刹车片更换,2025-03-03 16:44,105048
S9287,吉利星越L,25921,机油+机滤+空调滤芯更换,2025-06-05 14:41,20921
S9288,奥迪A4L,102881,变速箱油+火花塞更换,2024-06-19 14:34,92881
S9289,长城哈弗H6,146666,空气滤芯+燃油滤芯更换,2025-02-27 09:38,141666
S9290,奔驰C级,148749,大保养(机油+三滤+变速箱油),2024-01-08 15:19,138749
S9291,丰田凯美瑞,44395,刹车油+冷却液更换,2025-05-24 11:26,34395
S9292,大众帕萨特,49719,机油+机滤+空气滤芯更换,2024-10-31 17:54,44719
S9293,本田CR-V,53854,变速箱油+刹车油更换,2024-03-26 17:46,43854
S9294,比亚迪宋PLUS,35828,全车检查+空调滤芯更换,2025-02-02 14:20,30828
S9295,宝马5系,82678,大保养(机油+三滤+正时皮带),2025-03-13 08:46,72678
S9296,奥迪Q5L,94964,机油+机滤+火花塞更换,2025-12-02 12:19,89964
S9297,福特锐界,148810,刹车油+刹车片+轮胎更换,2025-01-23 15:22,138810
S9298,吉利博越,75393,机油+机滤+燃油滤芯更换,2024-01-16 11:50,70393
S9299,长城魏派VV7,83941,变速箱油+空调滤芯更换,2025-03-29 13:47,73941
S9300,奔驰E级,90641,大保养(机油+三滤+刹车油),2024-09-24 08:43,80641
S9301,丰田卡罗拉,45387,机油+机滤更换,2025-01-16 08:41,40387
S9302,大众朗逸,48129,空调滤芯+空气滤芯更换,2024-12-29 13:46,38129
S9303,本田思域,73879,变速箱油更换,2024-07-16 16:26,63879
S9304,比亚迪汉,43517,全车检查+轮胎换位,2024-12-30 10:54,33517
S9305,宝马3系,74302,大保养(机油+三滤+刹车油),2024-11-25 08:12,64302
S9306,福特蒙迪欧,136375,刹车油+刹车片更换,2025-07-29 12:43,126375
S9307,吉利星越L,121024,机油+机滤+空调滤芯更换,2025-09-07 13:20,116024
S9308,奥迪A4L,108069,变速箱油+火花塞更换,2024-02-13 14:29,98069
S9309,长城哈弗H6,143468,空气滤芯+燃油滤芯更换,2025-07-25 12:09,138468
S9310,奔驰C级,135329,大保养(机油+三滤+变速箱油),2025-04-17 17:27,125329
S9311,丰田凯美瑞,26806,刹车油+冷却液更换,2024-10-28 15:04,16806
S9312,大众帕萨特,53904,机油+机滤+空气滤芯更换,2025-03-22 15:16,48904
S9313,本田CR-V,139677,变速箱油+刹车油更换,2024-08-21 17:59,129677
S9314,比亚迪宋PLUS,138069,全车检查+空调滤芯更换,2025-05-13 08:27,133069
S9315,宝马5系,73700,大保养(机油+三滤+正时皮带),2025-04-30 16:09,63700
S9316,奥迪Q5L,48186,机油+机滤+火花塞更换,2025-10-23 08:25,43186
S9317,福特锐界,97756,刹车油+刹车片+轮胎更换,2024-04-01 13:26,87756
S9318,吉利博越,34581,机油+机滤+燃油滤芯更换,2024-07-09 17:25,29581
S9319,长城魏派VV7,144563,变速箱油+空调滤芯更换,2025-02-17 12:33,134563
S9320,奔驰E级,127515,大保养(机油+三滤+刹车油),2024-01-11 14:22,117515
S9321,丰田卡罗拉,73079,机油+机滤更换,2025-04-29 14:43,68079
S9322,大众朗逸,105465,空调滤芯+空气滤芯更换,2024-07-23 11:23,95465
S9323,本田思域,28360,变速箱油更换,2025-07-04 12:14,18360
S9324,比亚迪汉,105611,全车检查+轮胎换位,2024-02-01 10:25,95611
S9325,宝马3系,130145,大保养(机油+三滤+刹车油),2024-11-28 17:55,120145
S9326,福特蒙迪欧,124264,刹车油+刹车片更换,2024-03-21 17:30,114264
S9327,吉利星越L,75613,机油+机滤+空调滤芯更换,2024-01-03 15:52,70613
S9328,奥迪A4L,109480,变速箱油+火花塞更换,2024-12-03 15:02,99480
S9329,长城哈弗H6,27964,空气滤芯+燃油滤芯更换,2024-03-08 14:35,22964
S9330,奔驰C级,29839,大保养(机油+三滤+变速箱油),2025-03-24 13:06,19839
S9331,丰田凯美瑞,88618,刹车油+冷却液更换,2024-07-03 10:12,78618
S9332,大众帕萨特,101754,机油+机滤+空气滤芯更换,2024-09-04 15:34,96754
S9333,本田CR-V,52708,变速箱油+刹车油更换,2025-11-23 12:36,42708
S9334,比亚迪宋PLUS,125532,全车检查+空调滤芯更换,2024-11-07 08:17,120532
S9335,宝马5系,85315,大保养(机油+三滤+正时皮带),2024-10-17 10:16,75315
S9336,奥迪Q5L,140756,机油+机滤+火花塞更换,2024-07-12 08:54,135756
S9337,福特锐界,111054,刹车油+刹车片+轮胎更换,2025-10-04 16:29,101054
S9338,吉利博越,72779,机油+机滤+燃油滤芯更换,2024-07-04 14:40,67779
S9339,长城魏派VV7,78936,变速箱油+空调滤芯更换,2024-12-02 16:38,68936
S9340,奔驰E级,107424,大保养(机油+三滤+刹车油),2024-05-25 16:51,97424
S9341,丰田卡罗拉,86333,机油+机滤更换,2025-10-21 11:56,81333
S9342,大众朗逸,62737,空调滤芯+空气滤芯更换,2024-09-01 08:44,52737
S9343,本田思域,69155,变速箱油更换,2025-08-01 16:43,59155
S9344,比亚迪汉,126809,全车检查+轮胎换位,2025-04-05 08:55,116809
S9345,宝马3系,136057,大保养(机油+三滤+刹车油),2024-02-15 08:21,126057
S9346,福特蒙迪欧,50149,刹车油+刹车片更换,2025-03-04 08:26,40149
S9347,吉利星越L,85268,机油+机滤+空调滤芯更换,2024-04-07 15:36,80268
S9348,奥迪A4L,22965,变速箱油+火花塞更换,2025-04-14 13:12,12965
S9349,长城哈弗H6,143919,空气滤芯+燃油滤芯更换,2024-11-18 08:36,138919
S9350,奔驰C级,59697,大保养(机油+三滤+变速箱油),2024-12-27 09:05,49697
S9351,丰田凯美瑞,84495,刹车油+冷却液更换,2025-10-20 16:08,74495
S9352,大众帕萨特,126208,机油+机滤+空气滤芯更换,2024-08-06 17:42,121208
S9353,本田CR-V,101112,变速箱油+刹车油更换,2024-06-26 09:49,91112
S9354,比亚迪宋PLUS,33334,全车检查+空调滤芯更换,2025-07-13 16:48,28334
S9355,宝马5系,60662,大保养(机油+三滤+正时皮带),2025-09-21 15:15,50662
S9356,奥迪Q5L,118061,机油+机滤+火花塞更换,2025-03-18 10:47,113061
S9357,福特锐界,84440,刹车油+刹车片+轮胎更换,2024-10-20 13:37,74440
S9358,吉利博越,61412,机油+机滤+燃油滤芯更换,2024-06-25 11:16,56412
S9359,长城魏派VV7,92549,变速箱油+空调滤芯更换,2025-01-17 17:45,82549
S9360,奔驰E级,141081,大保养(机油+三滤+刹车油),2024-09-01 08:58,131081
S9361,丰田卡罗拉,110940,机油+机滤更换,2024-05-05 13:02,105940
S9362,大众朗逸,69121,空调滤芯+空气滤芯更换,2025-02-19 11:15,59121
S9363,本田思域,25085,变速箱油更换,2024-12-03 16:39,15085
S9364,比亚迪汉,27703,全车检查+轮胎换位,2025-04-23 08:25,17703
S9365,宝马3系,125723,大保养(机油+三滤+刹车油),2024-06-21 08:05,115723
S9366,福特蒙迪欧,109680,刹车油+刹车片更换,2024-10-13 17:29,99680
S9367,吉利星越L,72797,机油+机滤+空调滤芯更换,2025-11-14 10:23,67797
S9368,奥迪A4L,62466,变速箱油+火花塞更换,2024-12-17 15:18,52466
S9369,长城哈弗H6,72993,空气滤芯+燃油滤芯更换,2024-09-05 12:31,67993
S9370,奔驰C级,80251,大保养(机油+三滤+变速箱油),2025-09-22 09:28,70251
S9371,丰田凯美瑞,140672,刹车油+冷却液更换,2025-06-02 09:48,130672
S9372,大众帕萨特,134806,机油+机滤+空气滤芯更换,2025-03-05 17:32,129806
S9373,本田CR-V,132735,变速箱油+刹车油更换,2024-11-01 11:01,122735
S9374,比亚迪宋PLUS,47036,全车检查+空调滤芯更换,2025-07-18 15:37,42036
S9375,宝马5系,92198,大保养(机油+三滤+正时皮带),2025-05-04 11:41,82198
S9376,奥迪Q5L,49211,机油+机滤+火花塞更换,2024-11-07 16:48,44211
S9377,福特锐界,45885,刹车油+刹车片+轮胎更换,2024-12-02 12:05,35885
S9378,吉利博越,53878,机油+机滤+燃油滤芯更换,2024-10-12 17:23,48878
S9379,长城魏派VV7,89298,变速箱油+空调滤芯更换,2025-07-15 15:42,79298
S9380,奔驰E级,40147,大保养(机油+三滤+刹车油),2024-08-27 10:32,30147
S9381,丰田卡罗拉,50663,机油+机滤更换,2025-09-14 16:42,45663
S9382,大众朗逸,95021,空调滤芯+空气滤芯更换,2024-05-26 16:03,85021
S9383,本田思域,46459,变速箱油更换,2024-03-30 08:26,36459
S9384,比亚迪汉,81203,全车检查+轮胎换位,2025-10-24 16:07,71203
S9385,宝马3系,23176,大保养(机油+三滤+刹车油),2024-09-09 13:51,13176
S9386,福特蒙迪欧,90281,刹车油+刹车片更换,2025-09-28 16:32,80281
S9387,吉利星越L,123778,机油+机滤+空调滤芯更换,2024-06-08 14:15,118778
S9388,奥迪A4L,44259,变速箱油+火花塞更换,2024-11-10 11:57,34259
S9389,长城哈弗H6,109575,空气滤芯+燃油滤芯更换,2025-09-03 09:09,104575
S9390,奔驰C级,25271,大保养(机油+三滤+变速箱油),2024-05-19 17:23,15271
S9391,丰田凯美瑞,114647,刹车油+冷却液更换,2024-12-05 15:49,104647
S9392,大众帕萨特,88459,机油+机滤+空气滤芯更换,2024-02-29 17:37,83459
S9393,本田CR-V,100614,变速箱油+刹车油更换,2024-12-01 12:59,90614
S9394,比亚迪宋PLUS,116432,全车检查+空调滤芯更换,2024-06-13 13:53,111432
S9395,宝马5系,89091,大保养(机油+三滤+正时皮带),2024-12-07 08:17,79091
S9396,奥迪Q5L,43781,机油+机滤+火花塞更换,2025-02-03 10:40,38781
S9397,福特锐界,121712,刹车油+刹车片+轮胎更换,2024-06-04 09:33,111712
S9398,吉利博越,24883,机油+机滤+燃油滤芯更换,2024-11-14 10:21,19883
S9399,长城魏派VV7,38665,变速箱油+空调滤芯更换,2024-10-11 08:51,28665
S9400,奔驰E级,101392,大保养(机油+三滤+刹车油),2025-12-23 12:27,91392
S9401,丰田卡罗拉,54822,机油+机滤更换,2025-01-30 14:25,49822
S9402,大众朗逸,128008,空调滤芯+空气滤芯更换,2025-05-22 10:01,118008
S9403,本田思域,124710,变速箱油更换,2025-01-13 09:44,114710
S9404,比亚迪汉,70512,全车检查+轮胎换位,2025-11-30 09:39,60512
S9405,宝马3系,142766,大保养(机油+三滤+刹车油),2024-01-22 09:00,132766
S9406,福特蒙迪欧,72116,刹车油+刹车片更换,2025-01-11 11:02,62116
S9407,吉利星越L,142961,机油+机滤+空调滤芯更换,2025-10-29 12:55,137961
S9408,奥迪A4L,32000,变速箱油+火花塞更换,2025-04-19 10:19,22000
S9409,长城哈弗H6,80778,空气滤芯+燃油滤芯更换,2024-12-27 10:25,75778
S9410,奔驰C级,61359,大保养(机油+三滤+变速箱油),2024-05-04 10:46,51359
S9411,丰田凯美瑞,73983,刹车油+冷却液更换,2024-05-01 17:20,63983
S9412,大众帕萨特,82236,机油+机滤+空气滤芯更换,2025-08-03 13:36,77236
S9413,本田CR-V,44762,变速箱油+刹车油更换,2025-08-20 17:11,34762
S9414,比亚迪宋PLUS,124544,全车检查+空调滤芯更换,2025-09-28 13:53,119544
S9415,宝马5系,31332,大保养(机油+三滤+正时皮带),2025-05-20 12:10,21332
S9416,奥迪Q5L,100839,机油+机滤+火花塞更换,2024-05-25 17:01,95839
S9417,福特锐界,44521,刹车油+刹车片+轮胎更换,2024-03-31 12:05,34521
S9418,吉利博越,133651,机油+机滤+燃油滤芯更换,2025-01-13 12:17,128651
S9419,长城魏派VV7,51385,变速箱油+空调滤芯更换,2025-03-13 17:47,41385
S9420,奔驰E级,80695,大保养(机油+三滤+刹车油),2025-07-09 08:38,70695
S9421,丰田卡罗拉,57561,机油+机滤更换,2025-10-07 16:48,52561
S9422,大众朗逸,26845,空调滤芯+空气滤芯更换,2024-09-25 14:33,16845
S9423,本田思域,122185,变速箱油更换,2024-11-10 09:34,112185
S9424,比亚迪汉,139524,全车检查+轮胎换位,2024-01-22 15:13,129524
S9425,宝马3系,128386,大保养(机油+三滤+刹车油),2025-07-30 12:00,118386
S9426,福特蒙迪欧,103361,刹车油+刹车片更换,2025-12-03 17:06,93361
S9427,吉利星越L,76277,机油+机滤+空调滤芯更换,2025-11-22 11:21,71277
S9428,奥迪A4L,64126,变速箱油+火花塞更换,2025-03-26 15:05,54126
S9429,长城哈弗H6,149141,空气滤芯+燃油滤芯更换,2024-12-06 14:18,144141
S9430,奔驰C级,44222,大保养(机油+三滤+变速箱油),2024-04-29 08:31,34222
S9431,丰田凯美瑞,106911,刹车油+冷却液更换,2025-12-14 09:03,96911
S9432,大众帕萨特,41177,机油+机滤+空气滤芯更换,2024-04-01 08:28,36177
S9433,本田CR-V,95767,变速箱油+刹车油更换,2025-12-19 14:33,85767
S9434,比亚迪宋PLUS,61670,全车检查+空调滤芯更换,2024-05-22 12:05,56670
S9435,宝马5系,72726,大保养(机油+三滤+正时皮带),2025-02-18 16:27,62726
S9436,奥迪Q5L,97005,机油+机滤+火花塞更换,2025-07-18 13:04,92005
S9437,福特锐界,33243,刹车油+刹车片+轮胎更换,2025-11-19 14:33,23243
S9438,吉利博越,71348,机油+机滤+燃油滤芯更换,2025-08-10 13:43,66348
S9439,长城魏派VV7,51204,变速箱油+空调滤芯更换,2025-05-09 17:56,41204
S9440,奔驰E级,23670,大保养(机油+三滤+刹车油),2025-01-09 14:02,13670
S9441,丰田卡罗拉,30078,机油+机滤更换,2025-03-08 17:29,25078
S9442,大众朗逸,80899,空调滤芯+空气滤芯更换,2024-07-31 10:45,70899
S9443,本田思域,87953,变速箱油更换,2024-04-30 13:21,77953
S9444,比亚迪汉,27325,全车检查+轮胎换位,2024-02-09 15:59,17325
S9445,宝马3系,65075,大保养(机油+三滤+刹车油),2024-08-28 17:05,55075
S9446,福特蒙迪欧,43777,刹车油+刹车片更换,2024-03-08 14:40,33777
S9447,吉利星越L,37543,机油+机滤+空调滤芯更换,2024-01-28 14:54,32543
S9448,奥迪A4L,43803,变速箱油+火花塞更换,2025-04-24 10:40,33803
S9449,长城哈弗H6,50351,空气滤芯+燃油滤芯更换,2024-10-06 17:37,45351
S9450,奔驰C级,81845,大保养(机油+三滤+变速箱油),2024-02-04 12:50,71845
S9451,丰田凯美瑞,141751,刹车油+冷却液更换,2024-12-16 16:35,131751
S9452,大众帕萨特,78398,机油+机滤+空气滤芯更换,2024-05-18 08:55,73398
S9453,本田CR-V,24257,变速箱油+刹车油更换,2025-06-10 15:21,14257
S9454,比亚迪宋PLUS,28213,全车检查+空调滤芯更换,2024-06-22 17:00,23213
S9455,宝马5系,49883,大保养(机油+三滤+正时皮带),2024-06-16 17:44,39883
S9456,奥迪Q5L,71387,机油+机滤+火花塞更换,2025-12-29 08:16,66387
S9457,福特锐界,131465,刹车油+刹车片+轮胎更换,2025-06-22 08:35,121465
S9458,吉利博越,98755,机油+机滤+燃油滤芯更换,2025-04-25 12:53,93755
S9459,长城魏派VV7,131816,变速箱油+空调滤芯更换,2024-06-07 10:50,121816
S9460,奔驰E级,145604,大保养(机油+三滤+刹车油),2025-04-21 09:46,135604
S9461,丰田卡罗拉,57188,机油+机滤更换,2024-03-23 14:50,52188
S9462,大众朗逸,47426,空调滤芯+空气滤芯更换,2024-03-16 15:38,37426
S9463,本田思域,50345,变速箱油更换,2024-08-01 14:12,40345
S9464,比亚迪汉,93578,全车检查+轮胎换位,2024-09-26 13:36,83578
S9465,宝马3系,42946,大保养(机油+三滤+刹车油),2024-04-10 16:22,32946
S9466,福特蒙迪欧,68763,刹车油+刹车片更换,2024-01-31 17:18,58763
S9467,吉利星越L,114719,机油+机滤+空调滤芯更换,2025-06-23 14:15,109719
S9468,奥迪A4L,39178,变速箱油+火花塞更换,2024-04-25 09:55,29178
S9469,长城哈弗H6,136507,空气滤芯+燃油滤芯更换,2025-11-19 09:01,131507
S9470,奔驰C级,128207,大保养(机油+三滤+变速箱油),2025-12-13 09:28,118207
S9471,丰田凯美瑞,70495,刹车油+冷却液更换,2025-02-10 17:27,60495
S9472,大众帕萨特,29793,机油+机滤+空气滤芯更换,2024-11-10 08:24,24793
S9473,本田CR-V,117242,变速箱油+刹车油更换,2025-08-05 08:22,107242
S9474,比亚迪宋PLUS,146989,全车检查+空调滤芯更换,2025-06-04 16:53,141989
S9475,宝马5系,140719,大保养(机油+三滤+正时皮带),2024-01-18 10:09,130719
S9476,奥迪Q5L,107705,机油+机滤+火花塞更换,2024-02-10 10:09,102705
S9477,福特锐界,22135,刹车油+刹车片+轮胎更换,2024-03-07 08:03,12135
S9478,吉利博越,57112,机油+机滤+燃油滤芯更换,2024-03-29 12:08,52112
S9479,长城魏派VV7,26928,变速箱油+空调滤芯更换,2024-07-17 15:05,16928
S9480,奔驰E级,46627,大保养(机油+三滤+刹车油),2024-06-23 12:35,36627
S9481,丰田卡罗拉,147629,机油+机滤更换,2025-04-20 13:35,142629
S9482,大众朗逸,111622,空调滤芯+空气滤芯更换,2024-10-29 12:48,101622
S9483,本田思域,118379,变速箱油更换,2025-09-09 17:34,108379
S9484,比亚迪汉,29123,全车检查+轮胎换位,2025-06-29 10:31,19123
S9485,宝马3系,60291,大保养(机油+三滤+刹车油),2024-03-19 16:41,50291
S9486,福特蒙迪欧,46686,刹车油+刹车片更换,2025-11-16 14:48,36686
S9487,吉利星越L,122332,机油+机滤+空调滤芯更换,2025-05-12 14:00,117332
S9488,奥迪A4L,124795,变速箱油+火花塞更换,2025-12-04 15:41,114795
S9489,长城哈弗H6,134772,空气滤芯+燃油滤芯更换,2025-10-04 10:19,129772
S9490,奔驰C级,25509,大保养(机油+三滤+变速箱油),2025-08-31 10:20,15509
S9491,丰田凯美瑞,112162,刹车油+冷却液更换,2025-04-05 08:46,102162
S9492,大众帕萨特,115156,机油+机滤+空气滤芯更换,2024-09-08 11:08,110156
S9493,本田CR-V,122205,变速箱油+刹车油更换,2025-09-12 12:02,112205
S9494,比亚迪宋PLUS,43423,全车检查+空调滤芯更换,2025-07-15 12:38,38423
S9495,宝马5系,124102,大保养(机油+三滤+正时皮带),2024-03-17 17:58,114102
S9496,奥迪Q5L,123221,机油+机滤+火花塞更换,2025-01-22 16:17,118221
S9497,福特锐界,119520,刹车油+刹车片+轮胎更换,2025-05-20 09:37,109520
S9498,吉利博越,20473,机油+机滤+燃油滤芯更换,2025-10-09 15:39,15473
S9499,长城魏派VV7,34395,变速箱油+空调滤芯更换,2025-03-15 11:56,24395
S9500,奔驰E级,98012,大保养(机油+三滤+刹车油),2024-03-13 11:27,88012
S9501,丰田卡罗拉,146775,机油+机滤更换,2024-07-12 08:12,141775
S9502,大众朗逸,124160,空调滤芯+空气滤芯更换,2024-05-21 15:22,114160
S9503,本田思域,149271,变速箱油更换,2024-12-01 08:34,139271
S9504,比亚迪汉,43737,全车检查+轮胎换位,2025-11-14 11:10,33737
S9505,宝马3系,23232,大保养(机油+三滤+刹车油),2025-11-21 09:12,13232
S9506,福特蒙迪欧,21817,刹车油+刹车片更换,2025-01-20 17:45,11817
S9507,吉利星越L,126024,机油+机滤+空调滤芯更换,2024-03-25 11:42,121024
S9508,奥迪A4L,30208,变速箱油+火花塞更换,2025-10-06 12:23,20208
S9509,长城哈弗H6,77659,空气滤芯+燃油滤芯更换,2025-09-13 17:21,72659
S9510,奔驰C级,132552,大保养(机油+三滤+变速箱油),2024-11-03 15:18,122552
S9511,丰田凯美瑞,58229,刹车油+冷却液更换,2024-08-27 11:28,48229
S9512,大众帕萨特,94233,机油+机滤+空气滤芯更换,2024-05-27 11:13,89233
S9513,本田CR-V,27631,变速箱油+刹车油更换,2025-05-19 14:09,17631
S9514,比亚迪宋PLUS,53022,全车检查+空调滤芯更换,2024-11-24 08:09,48022
S9515,宝马5系,87602,大保养(机油+三滤+正时皮带),2024-04-12 14:02,77602
S9516,奥迪Q5L,147910,机油+机滤+火花塞更换,2025-12-10 17:14,142910
S9517,福特锐界,136674,刹车油+刹车片+轮胎更换,2025-03-14 14:19,126674
S9518,吉利博越,72904,机油+机滤+燃油滤芯更换,2024-08-08 14:33,67904
S9519,长城魏派VV7,143926,变速箱油+空调滤芯更换,2024-03-29 09:01,133926
S9520,奔驰E级,126545,大保养(机油+三滤+刹车油),2024-01-12 15:19,116545
S9521,丰田卡罗拉,77001,机油+机滤更换,2024-11-30 14:32,72001
S9522,大众朗逸,29026,空调滤芯+空气滤芯更换,2025-07-15 12:48,19026
S9523,本田思域,63515,变速箱油更换,2025-02-02 10:52,53515
S9524,比亚迪汉,64364,全车检查+轮胎换位,2024-09-04 12:29,54364
S9525,宝马3系,50125,大保养(机油+三滤+刹车油),2024-06-27 14:12,40125
S9526,福特蒙迪欧,36241,刹车油+刹车片更换,2024-02-19 15:10,26241
S9527,吉利星越L,92581,机油+机滤+空调滤芯更换,2024-09-23 10:03,87581
S9528,奥迪A4L,33974,变速箱油+火花塞更换,2024-03-16 16:36,23974
S9529,长城哈弗H6,88053,空气滤芯+燃油滤芯更换,2025-01-11 11:01,83053
S9530,奔驰C级,137622,大保养(机油+三滤+变速箱油),2025-11-09 08:43,127622
S9531,丰田凯美瑞,80789,刹车油+冷却液更换,2024-10-19 14:01,70789
S9532,大众帕萨特,42020,机油+机滤+空气滤芯更换,2025-02-03 11:28,37020
S9533,本田CR-V,51152,变速箱油+刹车油更换,2024-05-02 09:28,41152
S9534,比亚迪宋PLUS,122836,全车检查+空调滤芯更换,2024-03-08 17:28,117836
S9535,宝马5系,25908,大保养(机油+三滤+正时皮带),2025-07-04 10:11,15908
S9536,奥迪Q5L,70666,机油+机滤+火花塞更换,2024-06-06 11:52,65666
S9537,福特锐界,144880,刹车油+刹车片+轮胎更换,2024-01-05 10:43,134880
S9538,吉利博越,103422,机油+机滤+燃油滤芯更换,2024-08-19 11:26,98422
S9539,长城魏派VV7,28236,变速箱油+空调滤芯更换,2025-01-10 11:29,18236
S9540,奔驰E级,47964,大保养(机油+三滤+刹车油),2025-11-01 11:03,37964
S9541,丰田卡罗拉,39658,机油+机滤更换,2024-06-19 15:34,34658
S9542,大众朗逸,40987,空调滤芯+空气滤芯更换,2024-06-24 11:56,30987
S9543,本田思域,147847,变速箱油更换,2025-05-22 09:37,137847
S9544,比亚迪汉,125415,全车检查+轮胎换位,2024-03-23 17:46,115415
S9545,宝马3系,34259,大保养(机油+三滤+刹车油),2024-10-26 14:43,24259
S9546,福特蒙迪欧,141880,刹车油+刹车片更换,2024-02-08 09:10,131880
S9547,吉利星越L,65763,机油+机滤+空调滤芯更换,2024-02-16 11:19,60763
S9548,奥迪A4L,135764,变速箱油+火花塞更换,2025-11-19 09:18,125764
S9549,长城哈弗H6,116845,空气滤芯+燃油滤芯更换,2024-07-11 17:04,111845
S9550,奔驰C级,78973,大保养(机油+三滤+变速箱油),2024-02-01 15:52,68973
S9551,丰田凯美瑞,29902,刹车油+冷却液更换,2025-02-18 15:10,19902
S9552,大众帕萨特,77846,机油+机滤+空气滤芯更换,2025-12-18 14:34,72846
S9553,本田CR-V,148513,变速箱油+刹车油更换,2025-12-22 17:46,138513
S9554,比亚迪宋PLUS,142819,全车检查+空调滤芯更换,2025-01-09 08:16,137819
S9555,宝马5系,149933,大保养(机油+三滤+正时皮带),2025-09-21 16:49,139933
S9556,奥迪Q5L,127292,机油+机滤+火花塞更换,2025-10-09 14:37,122292
S9557,福特锐界,20857,刹车油+刹车片+轮胎更换,2024-10-16 11:25,10857
S9558,吉利博越,75712,机油+机滤+燃油滤芯更换,2024-08-07 08:36,70712
S9559,长城魏派VV7,96481,变速箱油+空调滤芯更换,2025-04-02 09:01,86481
S9560,奔驰E级,39918,大保养(机油+三滤+刹车油),2024-12-06 10:50,29918
S9561,丰田卡罗拉,84114,机油+机滤更换,2024-10-29 10:58,79114
S9562,大众朗逸,126880,空调滤芯+空气滤芯更换,2025-11-08 10:05,116880
S9563,本田思域,135266,变速箱油更换,2025-08-14 17:49,125266
S9564,比亚迪汉,43387,全车检查+轮胎换位,2025-01-14 09:10,33387
S9565,宝马3系,44531,大保养(机油+三滤+刹车油),2024-11-13 17:17,34531
S9566,福特蒙迪欧,29244,刹车油+刹车片更换,2025-05-19 14:56,19244
S9567,吉利星越L,46017,机油+机滤+空调滤芯更换,2024-05-09 11:40,41017
S9568,奥迪A4L,83476,变速箱油+火花塞更换,2025-06-28 17:11,73476
S9569,长城哈弗H6,58494,空气滤芯+燃油滤芯更换,2025-04-02 15:49,53494
S9570,奔驰C级,112882,大保养(机油+三滤+变速箱油),2025-06-02 11:45,102882
S9571,丰田凯美瑞,35308,刹车油+冷却液更换,2024-02-27 11:12,25308
S9572,大众帕萨特,114492,机油+机滤+空气滤芯更换,2025-03-02 17:54,109492
S9573,本田CR-V,140033,变速箱油+刹车油更换,2024-04-09 13:31,130033
S9574,比亚迪宋PLUS,77648,全车检查+空调滤芯更换,2025-07-25 14:48,72648
S9575,宝马5系,95681,大保养(机油+三滤+正时皮带),2025-04-08 09:25,85681
S9576,奥迪Q5L,25702,机油+机滤+火花塞更换,2024-04-22 16:00,20702
S9577,福特锐界,103466,刹车油+刹车片+轮胎更换,2025-12-13 08:01,93466
S9578,吉利博越,74005,机油+机滤+燃油滤芯更换,2025-10-25 16:36,69005
S9579,长城魏派VV7,120285,变速箱油+空调滤芯更换,2025-03-24 10:26,110285
S9580,奔驰E级,34769,大保养(机油+三滤+刹车油),2025-10-18 13:48,24769
S9581,丰田卡罗拉,40150,机油+机滤更换,2025-05-06 11:23,35150
S9582,大众朗逸,117200,空调滤芯+空气滤芯更换,2025-04-21 14:17,107200
S9583,本田思域,75964,变速箱油更换,2025-07-06 13:53,65964
S9584,比亚迪汉,89598,全车检查+轮胎换位,2024-04-04 08:20,79598
S9585,宝马3系,78268,大保养(机油+三滤+刹车油),2025-09-25 11:16,68268
S9586,福特蒙迪欧,81893,刹车油+刹车片更换,2025-03-18 09:00,71893
S9587,吉利星越L,38692,机油+机滤+空调滤芯更换,2025-03-30 10:00,33692
S9588,奥迪A4L,20198,变速箱油+火花塞更换,2024-12-17 16:47,10198
S9589,长城哈弗H6,117591,空气滤芯+燃油滤芯更换,2025-02-07 13:28,112591
S9590,奔驰C级,135785,大保养(机油+三滤+变速箱油),2024-05-23 10:01,125785
S9591,丰田凯美瑞,46256,刹车油+冷却液更换,2024-04-17 11:22,36256
S9592,大众帕萨特,147757,机油+机滤+空气滤芯更换,2025-05-31 12:10,142757
S9593,本田CR-V,146007,变速箱油+刹车油更换,2025-06-06 09:57,136007
S9594,比亚迪宋PLUS,126312,全车检查+空调滤芯更换,2025-06-24 13:06,121312
S9595,宝马5系,94345,大保养(机油+三滤+正时皮带),2024-02-15 08:32,84345
S9596,奥迪Q5L,31955,机油+机滤+火花塞更换,2025-08-01 12:34,26955
S9597,福特锐界,20033,刹车油+刹车片+轮胎更换,2024-01-11 10:27,10033
S9598,吉利博越,22730,机油+机滤+燃油滤芯更换,2024-06-05 17:17,17730
S9599,长城魏派VV7,41824,变速箱油+空调滤芯更换,2024-10-26 12:56,31824
S9600,奔驰E级,112283,大保养(机油+三滤+刹车油),2024-12-15 15:07,102283
S9601,丰田卡罗拉,141257,机油+机滤更换,2025-09-22 09:09,136257
S9602,大众朗逸,92234,空调滤芯+空气滤芯更换,2024-06-08 11:37,82234
S9603,本田思域,74974,变速箱油更换,2025-05-29 13:28,64974
S9604,比亚迪汉,29853,全车检查+轮胎换位,2025-09-05 17:29,19853
S9605,宝马3系,40654,大保养(机油+三滤+刹车油),2025-12-13 10:13,30654
S9606,福特蒙迪欧,135534,刹车油+刹车片更换,2024-10-31 15:14,125534
S9607,吉利星越L,136038,机油+机滤+空调滤芯更换,2025-02-12 16:32,131038
S9608,奥迪A4L,134668,变速箱油+火花塞更换,2024-11-05 10:21,124668
S9609,长城哈弗H6,70462,空气滤芯+燃油滤芯更换,2025-04-09 13:37,65462
S9610,奔驰C级,82936,大保养(机油+三滤+变速箱油),2025-07-14 17:37,72936
S9611,丰田凯美瑞,138050,刹车油+冷却液更换,2024-08-27 12:25,128050
S9612,大众帕萨特,126758,机油+机滤+空气滤芯更换,2025-09-14 13:48,121758
S9613,本田CR-V,58389,变速箱油+刹车油更换,2024-12-16 11:31,48389
S9614,比亚迪宋PLUS,101085,全车检查+空调滤芯更换,2024-08-20 13:51,96085
S9615,宝马5系,67063,大保养(机油+三滤+正时皮带),2025-09-07 13:25,57063
S9616,奥迪Q5L,67420,机油+机滤+火花塞更换,2024-05-20 08:26,62420
S9617,福特锐界,40249,刹车油+刹车片+轮胎更换,2025-10-25 16:02,30249
S9618,吉利博越,57051,机油+机滤+燃油滤芯更换,2025-04-08 13:55,52051
S9619,长城魏派VV7,129122,变速箱油+空调滤芯更换,2025-03-10 12:33,119122
S9620,奔驰E级,31511,大保养(机油+三滤+刹车油),2024-05-06 13:18,21511
S9621,丰田卡罗拉,52567,机油+机滤更换,2024-04-23 09:24,47567
S9622,大众朗逸,59425,空调滤芯+空气滤芯更换,2024-08-01 10:50,49425
S9623,本田思域,86211,变速箱油更换,2025-12-10 10:11,76211
S9624,比亚迪汉,130453,全车检查+轮胎换位,2024-10-07 09:01,120453
S9625,宝马3系,66103,大保养(机油+三滤+刹车油),2024-01-22 14:31,56103
S9626,福特蒙迪欧,85935,刹车油+刹车片更换,2024-10-11 10:06,75935
S9627,吉利星越L,88523,机油+机滤+空调滤芯更换,2025-12-24 14:58,83523
S9628,奥迪A4L,88435,变速箱油+火花塞更换,2024-10-09 17:03,78435
S9629,长城哈弗H6,43235,空气滤芯+燃油滤芯更换,2024-06-21 10:07,38235
S9630,奔驰C级,90601,大保养(机油+三滤+变速箱油),2024-10-29 09:50,80601
S9631,丰田凯美瑞,72941,刹车油+冷却液更换,2025-09-08 15:51,62941
S9632,大众帕萨特,44962,机油+机滤+空气滤芯更换,2024-06-05 09:21,39962
S9633,本田CR-V,69211,变速箱油+刹车油更换,2025-03-29 17:26,59211
S9634,比亚迪宋PLUS,22022,全车检查+空调滤芯更换,2024-01-18 14:59,17022
S9635,宝马5系,147076,大保养(机油+三滤+正时皮带),2024-03-08 10:28,137076
S9636,奥迪Q5L,55369,机油+机滤+火花塞更换,2025-01-25 10:37,50369
S9637,福特锐界,70294,刹车油+刹车片+轮胎更换,2025-05-06 16:02,60294
S9638,吉利博越,87579,机油+机滤+燃油滤芯更换,2024-05-04 09:26,82579
S9639,长城魏派VV7,61099,变速箱油+空调滤芯更换,2025-09-28 15:54,51099
S9640,奔驰E级,124110,大保养(机油+三滤+刹车油),2024-02-16 09:24,114110
S9641,丰田卡罗拉,127796,机油+机滤更换,2025-03-06 08:41,122796
S9642,大众朗逸,109702,空调滤芯+空气滤芯更换,2024-03-16 08:43,99702
S9643,本田思域,143848,变速箱油更换,2025-12-05 12:00,133848
S9644,比亚迪汉,54232,全车检查+轮胎换位,2024-10-04 14:30,44232
S9645,宝马3系,87722,大保养(机油+三滤+刹车油),2025-11-15 14:45,77722
S9646,福特蒙迪欧,146509,刹车油+刹车片更换,2024-05-03 12:43,136509
S9647,吉利星越L,136783,机油+机滤+空调滤芯更换,2024-02-29 10:35,131783
S9648,奥迪A4L,121696,变速箱油+火花塞更换,2024-11-16 13:16,111696
S9649,长城哈弗H6,38439,空气滤芯+燃油滤芯更换,2025-03-11 09:06,33439
S9650,奔驰C级,67609,大保养(机油+三滤+变速箱油),2025-07-05 17:43,57609
S9651,丰田凯美瑞,57746,刹车油+冷却液更换,2024-04-24 09:34,47746
S9652,大众帕萨特,74545,机油+机滤+空气滤芯更换,2025-04-16 15:52,69545
S9653,本田CR-V,94695,变速箱油+刹车油更换,2025-10-04 16:32,84695
S9654,比亚迪宋PLUS,112155,全车检查+空调滤芯更换,2025-02-20 14:31,107155
S9655,宝马5系,51731,大保养(机油+三滤+正时皮带),2025-03-10 17:13,41731
S9656,奥迪Q5L,121612,机油+机滤+火花塞更换,2025-03-14 13:53,116612
S9657,福特锐界,147752,刹车油+刹车片+轮胎更换,2024-01-06 15:58,137752
S9658,吉利博越,42868,机油+机滤+燃油滤芯更换,2025-02-10 12:16,37868
S9659,长城魏派VV7,50740,变速箱油+空调滤芯更换,2024-12-13 13:53,40740
S9660,奔驰E级,100969,大保养(机油+三滤+刹车油),2024-08-27 14:39,90969
S9661,丰田卡罗拉,68023,机油+机滤更换,2025-04-14 15:09,63023
S9662,大众朗逸,47217,空调滤芯+空气滤芯更换,2025-04-29 15:47,37217
S9663,本田思域,72275,变速箱油更换,2024-01-10 12:28,62275
S9664,比亚迪汉,54134,全车检查+轮胎换位,2024-11-26 13:04,44134
S9665,宝马3系,91169,大保养(机油+三滤+刹车油),2024-07-22 13:03,81169
S9666,福特蒙迪欧,85145,刹车油+刹车片更换,2025-02-23 15:50,75145
S9667,吉利星越L,72025,机油+机滤+空调滤芯更换,2024-05-28 17:22,67025
S9668,奥迪A4L,52684,变速箱油+火花塞更换,2024-06-07 13:46,42684
S9669,长城哈弗H6,105785,空气滤芯+燃油滤芯更换,2024-10-02 09:12,100785
S9670,奔驰C级,138672,大保养(机油+三滤+变速箱油),2024-04-01 16:22,128672
S9671,丰田凯美瑞,124474,刹车油+冷却液更换,2025-05-24 13:40,114474
S9672,大众帕萨特,69901,机油+机滤+空气滤芯更换,2025-07-29 16:24,64901
S9673,本田CR-V,43730,变速箱油+刹车油更换,2024-10-29 10:39,33730
S9674,比亚迪宋PLUS,76277,全车检查+空调滤芯更换,2025-09-15 15:28,71277
S9675,宝马5系,50797,大保养(机油+三滤+正时皮带),2024-08-11 09:15,40797
S9676,奥迪Q5L,70418,机油+机滤+火花塞更换,2024-03-26 14:01,65418
S9677,福特锐界,45600,刹车油+刹车片+轮胎更换,2025-01-23 11:15,35600
S9678,吉利博越,72094,机油+机滤+燃油滤芯更换,2024-11-27 14:27,67094
S9679,长城魏派VV7,110801,变速箱油+空调滤芯更换,2025-05-14 17:45,100801
S9680,奔驰E级,115139,大保养(机油+三滤+刹车油),2024-09-29 13:17,105139
S9681,丰田卡罗拉,63972,机油+机滤更换,2024-07-04 14:17,58972
S9682,大众朗逸,61560,空调滤芯+空气滤芯更换,2024-08-29 09:54,51560
S9683,本田思域,21120,变速箱油更换,2025-10-11 13:34,11120
S9684,比亚迪汉,121432,全车检查+轮胎换位,2025-08-08 17:29,111432
S9685,宝马3系,132389,大保养(机油+三滤+刹车油),2024-02-03 13:46,122389
S9686,福特蒙迪欧,27139,刹车油+刹车片更换,2025-06-18 12:15,17139
S9687,吉利星越L,92853,机油+机滤+空调滤芯更换,2024-07-28 09:32,87853
S9688,奥迪A4L,103857,变速箱油+火花塞更换,2024-10-08 11:24,93857
S9689,长城哈弗H6,62273,空气滤芯+燃油滤芯更换,2024-01-30 12:26,57273
S9690,奔驰C级,27093,大保养(机油+三滤+变速箱油),2024-03-27 14:44,17093
S9691,丰田凯美瑞,133580,刹车油+冷却液更换,2025-10-18 14:05,123580
S9692,大众帕萨特,45540,机油+机滤+空气滤芯更换,2024-02-17 09:22,40540
S9693,本田CR-V,120245,变速箱油+刹车油更换,2024-04-14 10:33,110245
S9694,比亚迪宋PLUS,71041,全车检查+空调滤芯更换,2024-03-04 11:49,66041
S9695,宝马5系,62152,大保养(机油+三滤+正时皮带),2025-12-27 17:31,52152
S9696,奥迪Q5L,82310,机油+机滤+火花塞更换,2025-01-26 13:49,77310
S9697,福特锐界,22093,刹车油+刹车片+轮胎更换,2025-03-14 15:54,12093
S9698,吉利博越,76191,机油+机滤+燃油滤芯更换,2025-12-06 12:12,71191
S9699,长城魏派VV7,34164,变速箱油+空调滤芯更换,2024-08-04 14:08,24164
S9700,奔驰E级,95744,大保养(机油+三滤+刹车油),2025-12-06 14:16,85744
S9701,丰田卡罗拉,149439,机油+机滤更换,2025-05-08 12:55,144439
S9702,大众朗逸,122521,空调滤芯+空气滤芯更换,2025-05-27 14:04,112521
S9703,本田思域,72262,变速箱油更换,2025-09-13 14:09,62262
S9704,比亚迪汉,143971,全车检查+轮胎换位,2025-08-15 16:34,133971
S9705,宝马3系,68924,大保养(机油+三滤+刹车油),2024-03-21 17:12,58924
S9706,福特蒙迪欧,21562,刹车油+刹车片更换,2025-04-04 15:51,11562
S9707,吉利星越L,83971,机油+机滤+空调滤芯更换,2024-08-14 10:11,78971
S9708,奥迪A4L,144665,变速箱油+火花塞更换,2025-10-10 09:17,134665
S9709,长城哈弗H6,33397,空气滤芯+燃油滤芯更换,2024-02-20 09:56,28397
S9710,奔驰C级,124018,大保养(机油+三滤+变速箱油),2024-03-12 16:48,114018
S9711,丰田凯美瑞,117209,刹车油+冷却液更换,2024-08-29 14:49,107209
S9712,大众帕萨特,123683,机油+机滤+空气滤芯更换,2024-03-22 16:32,118683
S9713,本田CR-V,134116,变速箱油+刹车油更换,2025-05-20 12:09,124116
S9714,比亚迪宋PLUS,136297,全车检查+空调滤芯更换,2025-12-12 12:12,131297
S9715,宝马5系,81522,大保养(机油+三滤+正时皮带),2025-01-13 15:40,71522
S9716,奥迪Q5L,90700,机油+机滤+火花塞更换,2024-11-28 08:52,85700
S9717,福特锐界,99797,刹车油+刹车片+轮胎更换,2024-03-22 14:07,89797
S9718,吉利博越,130146,机油+机滤+燃油滤芯更换,2024-03-15 13:49,125146
S9719,长城魏派VV7,125764,变速箱油+空调滤芯更换,2024-09-04 08:26,115764
S9720,奔驰E级,76909,大保养(机油+三滤+刹车油),2024-03-01 13:39,66909
S9721,丰田卡罗拉,98904,机油+机滤更换,2025-05-01 13:22,93904
S9722,大众朗逸,41686,空调滤芯+空气滤芯更换,2024-02-04 17:50,31686
S9723,本田思域,81322,变速箱油更换,2025-07-19 08:20,71322
S9724,比亚迪汉,34189,全车检查+轮胎换位,2025-07-06 14:41,24189
S9725,宝马3系,123084,大保养(机油+三滤+刹车油),2024-03-25 13:51,113084
S9726,福特蒙迪欧,78084,刹车油+刹车片更换,2024-09-23 10:11,68084
S9727,吉利星越L,57599,机油+机滤+空调滤芯更换,2025-11-30 10:04,52599
S9728,奥迪A4L,124243,变速箱油+火花塞更换,2025-06-22 16:33,114243
S9729,长城哈弗H6,21158,空气滤芯+燃油滤芯更换,2024-02-25 12:58,16158
S9730,奔驰C级,26947,大保养(机油+三滤+变速箱油),2025-12-23 13:04,16947
S9731,丰田凯美瑞,90417,刹车油+冷却液更换,2024-09-11 17:57,80417
S9732,大众帕萨特,65509,机油+机滤+空气滤芯更换,2024-09-29 08:17,60509
S9733,本田CR-V,142230,变速箱油+刹车油更换,2025-10-04 10:24,132230
S9734,比亚迪宋PLUS,39388,全车检查+空调滤芯更换,2025-05-15 12:33,34388
S9735,宝马5系,99374,大保养(机油+三滤+正时皮带),2025-07-03 14:25,89374
S9736,奥迪Q5L,23500,机油+机滤+火花塞更换,2024-05-25 12:59,18500
S9737,福特锐界,77785,刹车油+刹车片+轮胎更换,2025-07-23 17:53,67785
S9738,吉利博越,39626,机油+机滤+燃油滤芯更换,2025-11-18 14:59,34626
S9739,长城魏派VV7,95008,变速箱油+空调滤芯更换,2024-12-19 10:30,85008
S9740,奔驰E级,85924,大保养(机油+三滤+刹车油),2025-11-05 10:07,75924
S9741,丰田卡罗拉,89745,机油+机滤更换,2024-12-09 10:30,84745
S9742,大众朗逸,29450,空调滤芯+空气滤芯更换,2025-10-29 10:49,19450
S9743,本田思域,76276,变速箱油更换,2024-07-16 08:58,66276
S9744,比亚迪汉,32419,全车检查+轮胎换位,2025-07-28 09:08,22419
S9745,宝马3系,97514,大保养(机油+三滤+刹车油),2024-08-13 16:16,87514
S9746,福特蒙迪欧,140272,刹车油+刹车片更换,2025-08-29 14:58,130272
S9747,吉利星越L,55866,机油+机滤+空调滤芯更换,2024-11-11 08:41,50866
S9748,奥迪A4L,38453,变速箱油+火花塞更换,2024-07-08 09:39,28453
S9749,长城哈弗H6,140547,空气滤芯+燃油滤芯更换,2025-09-25 13:28,135547
S9750,奔驰C级,43829,大保养(机油+三滤+变速箱油),2024-05-04 15:32,33829
S9751,丰田凯美瑞,138499,刹车油+冷却液更换,2024-06-22 08:56,128499
S9752,大众帕萨特,100891,机油+机滤+空气滤芯更换,2024-11-14 17:03,95891
S9753,本田CR-V,22308,变速箱油+刹车油更换,2024-08-17 15:10,12308
S9754,比亚迪宋PLUS,55482,全车检查+空调滤芯更换,2025-01-07 09:22,50482
S9755,宝马5系,139000,大保养(机油+三滤+正时皮带),2025-11-16 16:53,129000
S9756,奥迪Q5L,45451,机油+机滤+火花塞更换,2024-06-04 08:12,40451
S9757,福特锐界,86826,刹车油+刹车片+轮胎更换,2024-12-22 10:56,76826
S9758,吉利博越,83012,机油+机滤+燃油滤芯更换,2025-04-01 12:47,78012
S9759,长城魏派VV7,126019,变速箱油+空调滤芯更换,2025-11-03 13:41,116019
S9760,奔驰E级,88781,大保养(机油+三滤+刹车油),2024-10-12 14:59,78781
S9761,丰田卡罗拉,143370,机油+机滤更换,2024-12-29 14:46,138370
S9762,大众朗逸,107880,空调滤芯+空气滤芯更换,2025-01-29 17:56,97880
S9763,本田思域,97207,变速箱油更换,2024-07-10 14:24,87207
S9764,比亚迪汉,103329,全车检查+轮胎换位,2024-12-14 13:21,93329
S9765,宝马3系,126053,大保养(机油+三滤+刹车油),2025-03-02 16:01,116053
S9766,福特蒙迪欧,107873,刹车油+刹车片更换,2024-10-05 15:20,97873
S9767,吉利星越L,138763,机油+机滤+空调滤芯更换,2025-05-30 10:30,133763
S9768,奥迪A4L,101216,变速箱油+火花塞更换,2025-05-27 15:59,91216
S9769,长城哈弗H6,98180,空气滤芯+燃油滤芯更换,2024-09-07 08:34,93180
S9770,奔驰C级,25709,大保养(机油+三滤+变速箱油),2025-07-20 15:07,15709
S9771,丰田凯美瑞,106112,刹车油+冷却液更换,2025-03-31 10:16,96112
S9772,大众帕萨特,124861,机油+机滤+空气滤芯更换,2024-12-21 10:51,119861
S9773,本田CR-V,106749,变速箱油+刹车油更换,2025-12-19 12:53,96749
S9774,比亚迪宋PLUS,69338,全车检查+空调滤芯更换,2024-09-01 17:13,64338
S9775,宝马5系,81297,大保养(机油+三滤+正时皮带),2025-09-03 17:59,71297
S9776,奥迪Q5L,36263,机油+机滤+火花塞更换,2024-01-02 16:25,31263
S9777,福特锐界,94590,刹车油+刹车片+轮胎更换,2024-08-14 12:57,84590
S9778,吉利博越,135116,机油+机滤+燃油滤芯更换,2024-07-08 14:20,130116
S9779,长城魏派VV7,65787,变速箱油+空调滤芯更换,2024-06-02 13:35,55787
S9780,奔驰E级,104781,大保养(机油+三滤+刹车油),2025-07-21 15:13,94781
S9781,丰田卡罗拉,59486,机油+机滤更换,2025-08-21 15:54,54486
S9782,大众朗逸,73923,空调滤芯+空气滤芯更换,2025-01-20 13:05,63923
S9783,本田思域,67918,变速箱油更换,2025-03-15 08:59,57918
S9784,比亚迪汉,125544,全车检查+轮胎换位,2024-02-05 17:35,115544
S9785,宝马3系,39827,大保养(机油+三滤+刹车油),2024-07-26 16:30,29827
S9786,福特蒙迪欧,118942,刹车油+刹车片更换,2025-05-16 08:50,108942
S9787,吉利星越L,75920,机油+机滤+空调滤芯更换,2025-08-31 13:50,70920
S9788,奥迪A4L,39213,变速箱油+火花塞更换,2024-04-01 12:11,29213
S9789,长城哈弗H6,26300,空气滤芯+燃油滤芯更换,2025-11-28 13:07,21300
S9790,奔驰C级,86760,大保养(机油+三滤+变速箱油),2025-02-18 12:20,76760
S9791,丰田凯美瑞,79042,刹车油+冷却液更换,2024-02-03 17:20,69042
S9792,大众帕萨特,108557,机油+机滤+空气滤芯更换,2025-12-07 15:16,103557
S9793,本田CR-V,142738,变速箱油+刹车油更换,2025-12-06 14:49,132738
S9794,比亚迪宋PLUS,91628,全车检查+空调滤芯更换,2024-02-22 16:29,86628
S9795,宝马5系,122338,大保养(机油+三滤+正时皮带),2024-04-14 16:44,112338
S9796,奥迪Q5L,56687,机油+机滤+火花塞更换,2024-12-22 14:11,51687
S9797,福特锐界,44696,刹车油+刹车片+轮胎更换,2025-11-14 14:11,34696
S9798,吉利博越,91557,机油+机滤+燃油滤芯更换,2025-02-07 13:05,86557
S9799,长城魏派VV7,133774,变速箱油+空调滤芯更换,2025-04-19 16:40,123774
S9800,奔驰E级,36730,大保养(机油+三滤+刹车油),2025-06-08 08:21,26730
S9801,丰田卡罗拉,34986,机油+机滤更换,2025-03-18 12:30,29986
S9802,大众朗逸,69859,空调滤芯+空气滤芯更换,2024-05-01 11:07,59859
S9803,本田思域,65436,变速箱油更换,2024-09-30 11:19,55436
S9804,比亚迪汉,43108,全车检查+轮胎换位,2025-09-03 17:40,33108
S9805,宝马3系,73392,大保养(机油+三滤+刹车油),2024-06-02 12:22,63392
S9806,福特蒙迪欧,59843,刹车油+刹车片更换,2024-01-26 13:10,49843
S9807,吉利星越L,101165,机油+机滤+空调滤芯更换,2024-08-17 10:02,96165
S9808,奥迪A4L,43701,变速箱油+火花塞更换,2025-07-26 10:36,33701
S9809,长城哈弗H6,119785,空气滤芯+燃油滤芯更换,2024-06-25 16:13,114785
S9810,奔驰C级,21879,大保养(机油+三滤+变速箱油),2024-01-11 13:14,11879
S9811,丰田凯美瑞,66438,刹车油+冷却液更换,2025-12-02 17:02,56438
S9812,大众帕萨特,46136,机油+机滤+空气滤芯更换,2024-05-07 17:24,41136
S9813,本田CR-V,75457,变速箱油+刹车油更换,2025-10-10 14:53,65457
S9814,比亚迪宋PLUS,61494,全车检查+空调滤芯更换,2025-03-18 12:56,56494
S9815,宝马5系,125508,大保养(机油+三滤+正时皮带),2025-08-22 17:04,115508
S9816,奥迪Q5L,131658,机油+机滤+火花塞更换,2025-11-04 11:36,126658
S9817,福特锐界,46929,刹车油+刹车片+轮胎更换,2024-03-08 11:40,36929
S9818,吉利博越,72884,机油+机滤+燃油滤芯更换,2025-10-29 12:01,67884
S9819,长城魏派VV7,52752,变速箱油+空调滤芯更换,2025-09-11 13:25,42752
S9820,奔驰E级,128623,大保养(机油+三滤+刹车油),2025-02-05 12:28,118623
S9821,丰田卡罗拉,61755,机油+机滤更换,2025-03-29 14:03,56755
S9822,大众朗逸,58603,空调滤芯+空气滤芯更换,2024-06-21 10:15,48603
S9823,本田思域,144751,变速箱油更换,2024-03-06 14:58,134751
S9824,比亚迪汉,137935,全车检查+轮胎换位,2024-07-15 14:26,127935
S9825,宝马3系,61043,大保养(机油+三滤+刹车油),2024-06-13 10:09,51043
S9826,福特蒙迪欧,54266,刹车油+刹车片更换,2024-08-09 16:51,44266
S9827,吉利星越L,26198,机油+机滤+空调滤芯更换,2024-06-07 16:34,21198
S9828,奥迪A4L,98734,变速箱油+火花塞更换,2024-07-02 10:34,88734
S9829,长城哈弗H6,72905,空气滤芯+燃油滤芯更换,2024-11-29 11:29,67905
S9830,奔驰C级,52657,大保养(机油+三滤+变速箱油),2025-08-15 15:33,42657
S9831,丰田凯美瑞,137315,刹车油+冷却液更换,2024-07-02 09:49,127315
S9832,大众帕萨特,134473,机油+机滤+空气滤芯更换,2025-12-17 16:01,129473
S9833,本田CR-V,111366,变速箱油+刹车油更换,2025-10-08 13:08,101366
S9834,比亚迪宋PLUS,53999,全车检查+空调滤芯更换,2025-01-29 16:54,48999
S9835,宝马5系,44813,大保养(机油+三滤+正时皮带),2024-09-17 17:56,34813
S9836,奥迪Q5L,38372,机油+机滤+火花塞更换,2024-12-20 12:19,33372
S9837,福特锐界,74025,刹车油+刹车片+轮胎更换,2024-02-14 17:20,64025
S9838,吉利博越,76396,机油+机滤+燃油滤芯更换,2024-07-22 17:44,71396
S9839,长城魏派VV7,118905,变速箱油+空调滤芯更换,2025-10-09 08:37,108905
S9840,奔驰E级,116193,大保养(机油+三滤+刹车油),2024-01-24 14:21,106193
S9841,丰田卡罗拉,36986,机油+机滤更换,2024-02-08 13:58,31986
S9842,大众朗逸,97400,空调滤芯+空气滤芯更换,2025-10-29 08:35,87400
S9843,本田思域,45000,变速箱油更换,2025-11-22 17:53,35000
S9844,比亚迪汉,136373,全车检查+轮胎换位,2025-09-16 10:47,126373
S9845,宝马3系,37317,大保养(机油+三滤+刹车油),2024-02-23 12:03,27317
S9846,福特蒙迪欧,91717,刹车油+刹车片更换,2025-11-26 09:00,81717
S9847,吉利星越L,65850,机油+机滤+空调滤芯更换,2024-03-10 17:42,60850
S9848,奥迪A4L,129160,变速箱油+火花塞更换,2025-03-07 16:58,119160
S9849,长城哈弗H6,101490,空气滤芯+燃油滤芯更换,2025-01-02 09:42,96490
S9850,奔驰C级,82301,大保养(机油+三滤+变速箱油),2025-12-07 12:25,72301
S9851,丰田凯美瑞,78004,刹车油+冷却液更换,2024-08-31 16:07,68004
S9852,大众帕萨特,134677,机油+机滤+空气滤芯更换,2024-01-11 11:59,129677
S9853,本田CR-V,146055,变速箱油+刹车油更换,2025-07-12 11:12,136055
S9854,比亚迪宋PLUS,141956,全车检查+空调滤芯更换,2024-03-27 16:31,136956
S9855,宝马5系,128573,大保养(机油+三滤+正时皮带),2024-11-27 10:31,118573
S9856,奥迪Q5L,29432,机油+机滤+火花塞更换,2025-01-27 17:14,24432
S9857,福特锐界,141076,刹车油+刹车片+轮胎更换,2024-06-01 12:59,131076
S9858,吉利博越,43376,机油+机滤+燃油滤芯更换,2024-09-07 17:02,38376
S9859,长城魏派VV7,80864,变速箱油+空调滤芯更换,2024-12-21 17:20,70864
S9860,奔驰E级,28869,大保养(机油+三滤+刹车油),2025-03-15 17:33,18869
S9861,丰田卡罗拉,110220,机油+机滤更换,2025-02-02 13:58,105220
S9862,大众朗逸,58992,空调滤芯+空气滤芯更换,2025-09-24 08:51,48992
S9863,本田思域,35737,变速箱油更换,2024-04-29 08:42,25737
S9864,比亚迪汉,139878,全车检查+轮胎换位,2024-11-01 12:56,129878
S9865,宝马3系,120304,大保养(机油+三滤+刹车油),2024-12-12 16:48,110304
S9866,福特蒙迪欧,92479,刹车油+刹车片更换,2025-03-17 12:12,82479
S9867,吉利星越L,100748,机油+机滤+空调滤芯更换,2025-09-25 11:37,95748
S9868,奥迪A4L,107271,变速箱油+火花塞更换,2024-06-29 17:25,97271
S9869,长城哈弗H6,76494,空气滤芯+燃油滤芯更换,2024-01-30 09:02,71494
S9870,奔驰C级,131605,大保养(机油+三滤+变速箱油),2025-06-08 10:44,121605
S9871,丰田凯美瑞,103876,刹车油+冷却液更换,2024-12-12 09:34,93876
S9872,大众帕萨特,105705,机油+机滤+空气滤芯更换,2024-09-24 17:57,100705
S9873,本田CR-V,49028,变速箱油+刹车油更换,2025-10-10 13:57,39028
S9874,比亚迪宋PLUS,83103,全车检查+空调滤芯更换,2025-05-05 16:32,78103
S9875,宝马5系,114844,大保养(机油+三滤+正时皮带),2025-07-04 15:03,104844
S9876,奥迪Q5L,29884,机油+机滤+火花塞更换,2024-05-04 10:49,24884
S9877,福特锐界,130191,刹车油+刹车片+轮胎更换,2025-07-19 16:36,120191
S9878,吉利博越,40411,机油+机滤+燃油滤芯更换,2024-12-23 12:36,35411
S9879,长城魏派VV7,37417,变速箱油+空调滤芯更换,2025-11-09 08:56,27417
S9880,奔驰E级,56723,大保养(机油+三滤+刹车油),2025-01-03 08:17,46723
S9881,丰田卡罗拉,30030,机油+机滤更换,2025-04-04 17:16,25030
S9882,大众朗逸,127116,空调滤芯+空气滤芯更换,2025-05-10 10:02,117116
S9883,本田思域,149812,变速箱油更换,2024-04-16 12:49,139812
S9884,比亚迪汉,48842,全车检查+轮胎换位,2024-02-27 17:00,38842
S9885,宝马3系,36565,大保养(机油+三滤+刹车油),2024-07-05 14:58,26565
S9886,福特蒙迪欧,112418,刹车油+刹车片更换,2024-06-07 12:24,102418
S9887,吉利星越L,132570,机油+机滤+空调滤芯更换,2025-12-09 08:19,127570
S9888,奥迪A4L,104711,变速箱油+火花塞更换,2025-09-10 08:21,94711
S9889,长城哈弗H6,140695,空气滤芯+燃油滤芯更换,2024-03-18 12:21,135695
S9890,奔驰C级,108743,大保养(机油+三滤+变速箱油),2025-12-14 14:06,98743
S9891,丰田凯美瑞,103496,刹车油+冷却液更换,2024-02-04 11:06,93496
S9892,大众帕萨特,43499,机油+机滤+空气滤芯更换,2025-03-01 15:33,38499
S9893,本田CR-V,74150,变速箱油+刹车油更换,2024-10-27 09:04,64150
S9894,比亚迪宋PLUS,36760,全车检查+空调滤芯更换,2024-05-14 15:43,31760
S9895,宝马5系,73536,大保养(机油+三滤+正时皮带),2024-12-16 14:19,63536
S9896,奥迪Q5L,24984,机油+机滤+火花塞更换,2025-02-21 17:55,19984
S9897,福特锐界,95072,刹车油+刹车片+轮胎更换,2024-10-22 08:40,85072
S9898,吉利博越,37523,机油+机滤+燃油滤芯更换,2024-02-05 11:47,32523
S9899,长城魏派VV7,64570,变速箱油+空调滤芯更换,2025-02-23 09:29,54570
S9900,奔驰E级,73397,大保养(机油+三滤+刹车油),2025-11-05 13:21,63397
S9901,丰田卡罗拉,100762,机油+机滤更换,2024-01-02 16:59,95762
S9902,大众朗逸,128299,空调滤芯+空气滤芯更换,2025-03-07 09:10,118299
S9903,本田思域,54071,变速箱油更换,2025-05-17 13:49,44071
S9904,比亚迪汉,136208,全车检查+轮胎换位,2024-10-12 13:37,126208
S9905,宝马3系,36671,大保养(机油+三滤+刹车油),2024-05-02 11:57,26671
S9906,福特蒙迪欧,142540,刹车油+刹车片更换,2025-04-06 14:17,132540
S9907,吉利星越L,78091,机油+机滤+空调滤芯更换,2024-04-09 12:39,73091
S9908,奥迪A4L,101275,变速箱油+火花塞更换,2025-01-05 12:22,91275
S9909,长城哈弗H6,73087,空气滤芯+燃油滤芯更换,2024-01-25 17:40,68087
S9910,奔驰C级,88663,大保养(机油+三滤+变速箱油),2025-03-19 16:29,78663
S9911,丰田凯美瑞,126668,刹车油+冷却液更换,2024-03-14 11:17,116668
S9912,大众帕萨特,71313,机油+机滤+空气滤芯更换,2025-05-09 17:35,66313
S9913,本田CR-V,23836,变速箱油+刹车油更换,2024-07-05 13:56,13836
S9914,比亚迪宋PLUS,127546,全车检查+空调滤芯更换,2025-10-28 11:05,122546
S9915,宝马5系,61515,大保养(机油+三滤+正时皮带),2025-10-24 10:10,51515
S9916,奥迪Q5L,98636,机油+机滤+火花塞更换,2024-07-26 13:16,93636
S9917,福特锐界,106362,刹车油+刹车片+轮胎更换,2025-05-15 10:20,96362
S9918,吉利博越,72049,机油+机滤+燃油滤芯更换,2025-08-02 09:58,67049
S9919,长城魏派VV7,77380,变速箱油+空调滤芯更换,2024-07-09 17:19,67380
S9920,奔驰E级,145683,大保养(机油+三滤+刹车油),2025-02-06 08:47,135683
S9921,丰田卡罗拉,95688,机油+机滤更换,2025-06-20 11:32,90688
S9922,大众朗逸,109511,空调滤芯+空气滤芯更换,2024-02-21 16:29,99511
S9923,本田思域,27780,变速箱油更换,2024-05-13 13:25,17780
S9924,比亚迪汉,84585,全车检查+轮胎换位,2024-11-20 08:40,74585
S9925,宝马3系,143478,大保养(机油+三滤+刹车油),2025-05-27 17:40,133478
S9926,福特蒙迪欧,104440,刹车油+刹车片更换,2024-12-04 14:36,94440
S9927,吉利星越L,54025,机油+机滤+空调滤芯更换,2025-10-28 17:59,49025
S9928,奥迪A4L,28383,变速箱油+火花塞更换,2024-10-04 17:07,18383
S9929,长城哈弗H6,59793,空气滤芯+燃油滤芯更换,2024-12-08 08:40,54793
S9930,奔驰C级,106810,大保养(机油+三滤+变速箱油),2025-04-04 15:45,96810
S9931,丰田凯美瑞,97034,刹车油+冷却液更换,2025-02-20 17:59,87034
S9932,大众帕萨特,106562,机油+机滤+空气滤芯更换,2024-12-13 10:45,101562
S9933,本田CR-V,102373,变速箱油+刹车油更换,2024-08-20 15:10,92373
S9934,比亚迪宋PLUS,142900,全车检查+空调滤芯更换,2025-01-09 15:15,137900
S9935,宝马5系,32211,大保养(机油+三滤+正时皮带),2025-11-06 09:20,22211
S9936,奥迪Q5L,94478,机油+机滤+火花塞更换,2025-10-28 13:44,89478
S9937,福特锐界,50060,刹车油+刹车片+轮胎更换,2025-11-14 12:00,40060
S9938,吉利博越,43166,机油+机滤+燃油滤芯更换,2025-10-31 09:40,38166
S9939,长城魏派VV7,108817,变速箱油+空调滤芯更换,2024-07-26 09:29,98817
S9940,奔驰E级,24363,大保养(机油+三滤+刹车油),2025-07-16 15:17,14363
S9941,丰田卡罗拉,62250,机油+机滤更换,2025-12-14 17:35,57250
S9942,大众朗逸,94022,空调滤芯+空气滤芯更换,2024-02-16 17:08,84022
S9943,本田思域,30027,变速箱油更换,2025-01-30 14:13,20027
S9944,比亚迪汉,26374,全车检查+轮胎换位,2024-06-15 10:08,16374
S9945,宝马3系,47858,大保养(机油+三滤+刹车油),2025-03-10 10:44,37858
S9946,福特蒙迪欧,121744,刹车油+刹车片更换,2025-05-17 15:16,111744
S9947,吉利星越L,123847,机油+机滤+空调滤芯更换,2024-06-13 15:53,118847
S9948,奥迪A4L,33393,变速箱油+火花塞更换,2025-06-23 17:58,23393
S9949,长城哈弗H6,113515,空气滤芯+燃油滤芯更换,2024-03-15 16:42,108515
S9950,奔驰C级,149317,大保养(机油+三滤+变速箱油),2025-07-10 08:02,139317
S9951,丰田凯美瑞,31080,刹车油+冷却液更换,2024-01-07 17:50,21080
S9952,大众帕萨特,40023,机油+机滤+空气滤芯更换,2025-10-01 08:54,35023
S9953,本田CR-V,82238,变速箱油+刹车油更换,2024-06-14 08:24,72238
S9954,比亚迪宋PLUS,34315,全车检查+空调滤芯更换,2024-06-15 09:10,29315
S9955,宝马5系,130630,大保养(机油+三滤+正时皮带),2025-09-16 08:43,120630
S9956,奥迪Q5L,91529,机油+机滤+火花塞更换,2024-09-30 16:26,86529
S9957,福特锐界,98276,刹车油+刹车片+轮胎更换,2024-02-15 13:20,88276
S9958,吉利博越,124052,机油+机滤+燃油滤芯更换,2024-08-11 12:24,119052
S9959,长城魏派VV7,29378,变速箱油+空调滤芯更换,2024-07-13 09:07,19378
S9960,奔驰E级,144054,大保养(机油+三滤+刹车油),2025-12-04 15:56,134054
S9961,丰田卡罗拉,65289,机油+机滤更换,2025-06-10 15:10,60289
S9962,大众朗逸,104882,空调滤芯+空气滤芯更换,2024-08-17 08:58,94882
S9963,本田思域,29744,变速箱油更换,2025-09-16 15:26,19744
S9964,比亚迪汉,63915,全车检查+轮胎换位,2024-09-26 08:45,53915
S9965,宝马3系,84556,大保养(机油+三滤+刹车油),2025-07-20 08:17,74556
S9966,福特蒙迪欧,58360,刹车油+刹车片更换,2025-01-24 15:59,48360
S9967,吉利星越L,127509,机油+机滤+空调滤芯更换,2024-03-15 14:02,122509
S9968,奥迪A4L,44721,变速箱油+火花塞更换,2024-03-08 13:01,34721
S9969,长城哈弗H6,128681,空气滤芯+燃油滤芯更换,2024-01-29 09:22,123681
S9970,奔驰C级,28950,大保养(机油+三滤+变速箱油),2025-04-19 13:54,18950
S9971,丰田凯美瑞,45434,刹车油+冷却液更换,2025-12-29 14:51,35434
S9972,大众帕萨特,37104,机油+机滤+空气滤芯更换,2025-01-05 15:19,32104
S9973,本田CR-V,42601,变速箱油+刹车油更换,2025-02-02 14:22,32601
S9974,比亚迪宋PLUS,79266,全车检查+空调滤芯更换,2024-10-05 16:00,74266
S9975,宝马5系,108847,大保养(机油+三滤+正时皮带),2025-04-26 10:44,98847
S9976,奥迪Q5L,61631,机油+机滤+火花塞更换,2025-03-29 11:28,56631
S9977,福特锐界,93958,刹车油+刹车片+轮胎更换,2024-11-11 08:28,83958
S9978,吉利博越,26829,机油+机滤+燃油滤芯更换,2025-03-01 17:05,21829
S9979,长城魏派VV7,36058,变速箱油+空调滤芯更换,2024-07-21 11:56,26058
S9980,奔驰E级,78125,大保养(机油+三滤+刹车油),2025-11-17 13:06,68125
S9981,丰田卡罗拉,127346,机油+机滤更换,2024-06-12 09:19,122346
S9982,大众朗逸,124991,空调滤芯+空气滤芯更换,2025-09-20 14:33,114991
S9983,本田思域,137210,变速箱油更换,2025-03-18 17:38,127210
S9984,比亚迪汉,137824,全车检查+轮胎换位,2025-07-27 12:25,127824
S9985,宝马3系,96801,大保养(机油+三滤+刹车油),2024-07-13 14:17,86801
S9986,福特蒙迪欧,44210,刹车油+刹车片更换,2025-09-04 08:00,34210
S9987,吉利星越L,44420,机油+机滤+空调滤芯更换,2025-04-10 16:08,39420
S9988,奥迪A4L,91160,变速箱油+火花塞更换,2024-06-25 16:12,81160
S9989,长城哈弗H6,134547,空气滤芯+燃油滤芯更换,2024-10-01 14:44,129547
S9990,奔驰C级,101709,大保养(机油+三滤+变速箱油),2025-04-26 13:48,91709
S9991,丰田凯美瑞,43108,刹车油+冷却液更换,2024-03-19 17:50,33108
S9992,大众帕萨特,136536,机油+机滤+空气滤芯更换,2024-02-25 16:13,131536
S9993,本田CR-V,22107,变速箱油+刹车油更换,2024-02-09 10:49,12107
S9994,比亚迪宋PLUS,42144,全车检查+空调滤芯更换,2025-02-25 10:22,37144
S9995,宝马5系,143922,大保养(机油+三滤+正时皮带),2024-03-15 12:57,133922
S9996,奥迪Q5L,86115,机油+机滤+火花塞更换,2025-11-22 08:51,81115
S9997,福特锐界,30912,刹车油+刹车片+轮胎更换,2024-03-14 13:04,20912
S9998,吉利博越,106679,机油+机滤+燃油滤芯更换,2024-02-12 11:19,101679
S9999,长城魏派VV7,52321,变速箱油+空调滤芯更换,2024-07-22 14:59,42321
S10000,奔驰E级,36584,大保养(机油+三滤+刹车油),2024-11-11 09:48,26584
